Date,BAB
12/1/1930,99.88627398
12/2/1930,99.11961667
12/3/1930,99.05024581
12/4/1930,100.4952512
12/5/1930,101.2281689
12/6/1930,100.7148087
12/8/1930,101.618004
12/9/1930,101.0238332
12/10/1930,101.3086636
12/11/1930,100.9716977
12/12/1930,100.9328167
12/13/1930,100.9696787
12/15/1930,101.2771201
12/16/1930,101.5249264
12/17/1930,99.39598862
12/18/1930,98.53620929
12/19/1930,98.54014938
12/20/1930,97.88334471
12/22/1930,98.13919545
12/23/1930,99.32614635
12/24/1930,98.73763237
12/26/1930,100.706472
12/27/1930,100.7118884
12/29/1930,101.0825821
12/30/1930,100.0193679
12/31/1930,99.56225755
1/2/1931,97.41421155
1/3/1931,95.81006603
1/5/1931,96.40176361
1/6/1931,95.63211416
1/7/1931,97.34556706
1/8/1931,96.64529249
1/9/1931,96.6302853
1/10/1931,97.61329668
1/12/1931,96.40196357
1/13/1931,96.3604281
1/14/1931,97.04958864
1/15/1931,96.081799
1/16/1931,96.28722393
1/17/1931,97.22346812
1/19/1931,97.2356184
1/20/1931,96.96330377
1/21/1931,96.93552785
1/22/1931,96.16020255
1/23/1931,95.9716186
1/24/1931,96.82116532
1/26/1931,97.00734395
1/27/1931,97.52253419
1/28/1931,97.42776433
1/29/1931,96.91165582
1/30/1931,97.07401456
1/31/1931,97.6619242
2/2/1931,96.70011784
2/3/1931,97.786884
2/4/1931,96.87099642
2/5/1931,97.46036619
2/6/1931,97.19996897
2/7/1931,97.37104899
2/9/1931,97.85294
2/10/1931,97.28608989
2/11/1931,96.11724125
2/13/1931,95.94134509
2/14/1931,96.42114984
2/16/1931,95.55175684
2/17/1931,95.48472313
2/18/1931,95.81930506
2/19/1931,94.66694373
2/20/1931,92.20793437
2/21/1931,91.01478655
2/24/1931,90.32811546
2/25/1931,90.6878729
2/26/1931,90.28991628
2/27/1931,90.0517705
2/28/1931,90.61277386
3/2/1931,90.76163967
3/3/1931,90.61146098
3/4/1931,90.62635948
3/5/1931,90.26794807
3/6/1931,90.183517
3/7/1931,90.55834535
3/9/1931,90.16003839
3/10/1931,90.18686699
3/11/1931,90.61037953
3/12/1931,90.93436294
3/13/1931,92.0007988
3/14/1931,91.74916242
3/16/1931,90.81190973
3/17/1931,90.73135845
3/18/1931,90.55760829
3/19/1931,89.58903789
3/20/1931,90.38950263
3/21/1931,90.44692186
3/23/1931,90.51335596
3/24/1931,91.08314647
3/25/1931,90.5622018
3/26/1931,90.38086871
3/27/1931,91.42735433
3/28/1931,91.50905027
3/30/1931,92.45522347
3/31/1931,92.9662248
4/1/1931,92.11483339
4/2/1931,91.92388596
4/4/1931,91.84336029
4/6/1931,91.09081386
4/7/1931,92.70421858
4/8/1931,92.82918639
4/9/1931,92.7157318
4/10/1931,92.44008736
4/11/1931,92.29964527
4/13/1931,91.68864237
4/14/1931,92.37417985
4/15/1931,91.85209587
4/16/1931,93.28299699
4/17/1931,93.70019587
4/18/1931,94.0115991
4/20/1931,93.49090761
4/21/1931,94.03478959
4/22/1931,94.11169661
4/23/1931,93.27909905
4/24/1931,93.62430317
4/25/1931,93.78859033
4/27/1931,93.42136308
4/28/1931,93.97923239
4/29/1931,93.01555698
4/30/1931,91.62865852
5/1/1931,91.78240597
5/2/1931,91.41153049
5/4/1931,92.29708027
5/5/1931,91.54857306
5/6/1931,91.63787396
5/7/1931,92.55891757
5/8/1931,91.37607135
5/9/1931,90.9800184
5/11/1931,91.29216104
5/12/1931,91.89257695
5/13/1931,91.66160267
5/14/1931,91.84730444
5/15/1931,91.54165376
5/16/1931,91.3940967
5/18/1931,91.17227428
5/19/1931,91.74156903
5/20/1931,90.92871395
5/21/1931,91.08711656
5/22/1931,91.68966872
5/23/1931,91.25852429
5/25/1931,91.57434821
5/26/1931,90.79616553
5/27/1931,91.4087028
5/28/1931,91.1763516
5/29/1931,91.35120374
6/1/1931,91.74284051
6/2/1931,91.56385064
6/3/1931,91.35905781
6/4/1931,91.04152128
6/5/1931,90.4623536
6/6/1931,90.89889902
6/8/1931,90.08997971
6/9/1931,90.20019008
6/10/1931,90.64169575
6/11/1931,90.22593598
6/12/1931,90.75480926
6/13/1931,90.59740239
6/15/1931,89.79754233
6/16/1931,89.55286097
6/17/1931,90.24877447
6/18/1931,90.46732925
6/19/1931,90.53153831
6/20/1931,89.99329418
6/22/1931,89.0149376
6/23/1931,88.01255425
6/24/1931,85.13605743
6/25/1931,85.0601636
6/26/1931,82.2686391
6/27/1931,81.19742844
6/29/1931,82.46904121
6/30/1931,83.5323738
7/1/1931,82.79965915
7/2/1931,83.19757928
7/3/1931,82.29770706
7/6/1931,83.56459077
7/7/1931,85.11214754
7/8/1931,85.70027974
7/9/1931,85.65389275
7/10/1931,84.61443465
7/11/1931,85.01430883
7/13/1931,85.85971929
7/14/1931,86.14317424
7/15/1931,86.54747964
7/16/1931,86.0677872
7/17/1931,85.63343355
7/18/1931,85.31515795
7/20/1931,85.1653636
7/21/1931,84.44114198
7/22/1931,84.85374717
7/23/1931,85.28594264
7/24/1931,85.68320004
7/25/1931,85.54324705
7/27/1931,85.21333687
7/28/1931,84.91388606
7/29/1931,85.40510717
7/30/1931,84.86638289
7/31/1931,84.68203295
8/1/1931,84.8104737
8/3/1931,85.72913874
8/4/1931,84.52261206
8/5/1931,85.63919874
8/6/1931,84.8417765
8/7/1931,84.95093945
8/8/1931,85.34438455
8/10/1931,85.77398975
8/11/1931,85.42210348
8/12/1931,85.228647
8/13/1931,84.95633458
8/14/1931,84.83190821
8/15/1931,84.56754045
8/17/1931,85.01379173
8/18/1931,84.86292383
8/19/1931,84.59734015
8/20/1931,84.148993
8/21/1931,85.38557387
8/22/1931,85.70586185
8/24/1931,85.44868032
8/25/1931,85.25415767
8/26/1931,85.74570519
8/27/1931,85.10928687
8/28/1931,85.11016538
8/29/1931,84.93692417
8/31/1931,85.42240236
9/1/1931,85.48843578
9/2/1931,85.76660451
9/3/1931,85.94298895
9/4/1931,86.5229792
9/8/1931,86.80556084
9/9/1931,86.5410333
9/10/1931,86.88520302
9/11/1931,86.34893186
9/12/1931,86.43886435
9/14/1931,85.95160541
9/15/1931,86.59163328
9/16/1931,86.47536688
9/17/1931,87.20386001
9/18/1931,85.57129463
9/19/1931,85.7740936
9/21/1931,84.65354466
9/22/1931,84.25417368
9/23/1931,84.0194422
9/24/1931,82.66986016
9/25/1931,81.97625635
9/26/1931,82.03661314
9/28/1931,82.37186051
9/29/1931,81.66319296
9/30/1931,81.34117289
10/1/1931,80.46546405
10/2/1931,79.09032478
10/3/1931,78.99123227
10/5/1931,77.90519098
10/6/1931,77.50332453
10/7/1931,76.0779226
10/8/1931,74.77676453
10/9/1931,74.60821412
10/10/1931,74.39578122
10/13/1931,74.64807424
10/14/1931,75.95337289
10/15/1931,75.91623915
10/16/1931,75.98795822
10/17/1931,76.34153554
10/19/1931,76.40675579
10/20/1931,75.83129637
10/21/1931,76.14410669
10/22/1931,77.00799056
10/23/1931,75.78200672
10/24/1931,75.5243376
10/26/1931,76.27593067
10/27/1931,76.4412414
10/28/1931,76.60093472
10/29/1931,76.67827055
10/30/1931,76.56525244
10/31/1931,76.96525232
11/2/1931,76.52821044
11/4/1931,76.00155083
11/5/1931,76.3212124
11/6/1931,75.28552889
11/7/1931,74.18618491
11/9/1931,74.11277151
11/10/1931,75.16564774
11/11/1931,76.01731711
11/12/1931,75.86773818
11/13/1931,76.88817962
11/14/1931,77.30688219
11/16/1931,76.38017319
11/17/1931,75.96714353
11/18/1931,77.07511625
11/19/1931,77.17909708
11/20/1931,77.29791813
11/21/1931,77.93172666
11/23/1931,78.76071994
11/24/1931,78.22586667
11/25/1931,78.46451391
11/27/1931,78.50804747
11/28/1931,77.59556783
11/30/1931,77.47406823
12/1/1931,78.73946559
12/2/1931,80.35995564
12/3/1931,79.72472846
12/4/1931,80.07624473
12/5/1931,80.60278341
12/7/1931,79.52087633
12/8/1931,79.79486463
12/9/1931,79.16812248
12/10/1931,78.87753502
12/11/1931,78.32919064
12/12/1931,77.98597761
12/14/1931,77.5724494
12/15/1931,76.14347781
12/16/1931,75.58248301
12/17/1931,74.45172645
12/18/1931,72.6106998
12/19/1931,74.05097388
12/21/1931,73.88248279
12/22/1931,74.35656497
12/23/1931,74.56902341
12/24/1931,75.11711654
12/28/1931,75.84358001
12/29/1931,75.24327816
12/30/1931,75.00318575
12/31/1931,74.95788323
1/2/1932,74.84733377
1/4/1932,74.78259404
1/5/1932,74.08381581
1/6/1932,73.6160477
1/7/1932,71.24627051
1/8/1932,71.20995436
1/9/1932,71.0075705
1/11/1932,69.56550975
1/12/1932,70.18505636
1/13/1932,69.77161182
1/14/1932,68.52683394
1/15/1932,68.47156217
1/16/1932,69.43776592
1/18/1932,69.46322018
1/19/1932,70.11717127
1/20/1932,69.61205768
1/21/1932,68.10211084
1/22/1932,69.52028765
1/23/1932,70.48832883
1/25/1932,69.12291498
1/26/1932,68.7792286
1/27/1932,69.50847124
1/28/1932,71.91430732
1/29/1932,70.21393418
1/30/1932,72.65715347
2/1/1932,70.86880105
2/2/1932,72.8333939
2/3/1932,71.24635206
2/4/1932,73.66930603
2/5/1932,73.49753728
2/6/1932,73.50689061
2/8/1932,73.84462325
2/9/1932,73.73150518
2/10/1932,73.27638733
2/11/1932,72.46632664
2/13/1932,71.30458941
2/15/1932,72.47235717
2/16/1932,72.2120355
2/17/1932,72.08678404
2/18/1932,72.08599008
2/19/1932,71.12593502
2/20/1932,72.68229774
2/23/1932,73.55024314
2/24/1932,72.96877183
2/25/1932,72.42749512
2/26/1932,72.3389095
2/27/1932,72.03879322
2/29/1932,73.14447233
3/1/1932,71.91872669
3/2/1932,72.55937255
3/3/1932,72.46959266
3/4/1932,72.84618284
3/5/1932,72.69757844
3/7/1932,72.08233756
3/8/1932,72.97260034
3/9/1932,73.26601117
3/10/1932,74.33420261
3/11/1932,74.66811688
3/12/1932,74.17830656
3/14/1932,74.99256994
3/15/1932,75.12598412
3/16/1932,76.07326312
3/17/1932,74.96530634
3/18/1932,76.53556238
3/19/1932,75.92081354
3/21/1932,76.83450489
3/22/1932,76.21413034
3/23/1932,75.56094058
3/24/1932,75.95070422
3/26/1932,76.02648076
3/28/1932,75.88035962
3/29/1932,76.86149146
3/30/1932,75.31222223
3/31/1932,75.88329802
4/1/1932,77.32916994
4/2/1932,79.59605482
4/4/1932,77.39153563
4/5/1932,78.57740433
4/6/1932,79.57211936
4/7/1932,78.24406966
4/8/1932,79.28437294
4/9/1932,78.46215645
4/11/1932,75.5921533
4/12/1932,75.77695633
4/13/1932,76.14778195
4/14/1932,76.0399431
4/15/1932,74.99253463
4/16/1932,75.80037183
4/18/1932,74.62513424
4/19/1932,74.2875982
4/20/1932,72.86688272
4/21/1932,71.86176464
4/22/1932,72.95821465
4/23/1932,72.62134677
4/25/1932,73.03391148
4/26/1932,72.14569757
4/27/1932,71.84341188
4/28/1932,72.1282136
4/29/1932,71.72949552
4/30/1932,72.54404458
5/2/1932,72.21892055
5/3/1932,72.99489529
5/4/1932,74.05278201
5/5/1932,73.95555082
5/6/1932,72.92418268
5/7/1932,72.4022534
5/9/1932,73.99292021
5/10/1932,72.57411829
5/11/1932,72.61718429
5/12/1932,72.35651015
5/13/1932,72.73827188
5/14/1932,72.79955327
5/16/1932,73.22599592
5/17/1932,73.46509298
5/18/1932,73.79895863
5/19/1932,73.09062582
5/20/1932,73.47799652
5/21/1932,73.75994962
5/23/1932,73.91744591
5/24/1932,74.21515506
5/25/1932,74.56497521
5/26/1932,72.98385369
5/27/1932,75.69130177
5/28/1932,75.31909112
5/31/1932,73.37791535
6/1/1932,70.99858611
6/2/1932,71.23858361
6/3/1932,71.02951735
6/4/1932,68.65978704
6/6/1932,68.99340081
6/7/1932,69.26503523
6/8/1932,68.63628727
6/9/1932,69.76094596
6/10/1932,67.78344696
6/11/1932,66.3598871
6/13/1932,67.27818201
6/14/1932,67.10584929
6/15/1932,66.69715917
6/16/1932,66.43871555
6/17/1932,68.47764342
6/18/1932,68.58233062
6/20/1932,67.74885543
6/21/1932,67.62351603
6/22/1932,68.67190461
6/23/1932,69.54540893
6/24/1932,69.35801669
6/25/1932,69.00784682
6/27/1932,70.71930997
6/28/1932,70.39396464
6/29/1932,70.51919197
6/30/1932,71.20451802
7/1/1932,73.20642466
7/5/1932,70.35666042
7/6/1932,70.09925822
7/7/1932,69.86198064
7/8/1932,69.32101541
7/9/1932,68.70931318
7/11/1932,69.01786885
7/12/1932,68.15975846
7/13/1932,68.34111804
7/14/1932,66.69352212
7/15/1932,67.56418589
7/16/1932,67.36071011
7/18/1932,67.56643603
7/19/1932,68.20282685
7/20/1932,66.29981738
7/21/1932,65.0522341
7/22/1932,64.7544942
7/23/1932,65.04553087
7/25/1932,63.08142086
7/26/1932,64.90995651
7/27/1932,63.57142487
7/28/1932,60.87396142
7/29/1932,58.37249498
7/30/1932,57.25529895
8/1/1932,56.24394438
8/2/1932,57.71743545
8/3/1932,55.72657645
8/4/1932,56.25951291
8/5/1932,55.65961607
8/6/1932,55.3943683
8/8/1932,54.52251085
8/9/1932,54.40866997
8/10/1932,53.51717281
8/11/1932,52.30005041
8/12/1932,56.88459166
8/13/1932,57.09790087
8/15/1932,55.15476388
8/16/1932,53.34228112
8/17/1932,55.23353589
8/18/1932,55.14014167
8/19/1932,55.2787225
8/20/1932,54.55005289
8/22/1932,53.13994051
8/23/1932,51.8327396
8/24/1932,50.41536866
8/25/1932,50.42064096
8/26/1932,48.2130273
8/27/1932,46.8928873
8/29/1932,47.79386755
8/30/1932,48.82401158
8/31/1932,49.93900906
9/1/1932,49.75366738
9/2/1932,50.48384437
9/3/1932,49.07292654
9/6/1932,49.94786676
9/7/1932,49.6603406
9/8/1932,50.81246609
9/9/1932,51.0103027
9/10/1932,51.87640069
9/12/1932,53.88990165
9/13/1932,54.2773796
9/14/1932,56.00210953
9/15/1932,54.65911609
9/16/1932,55.15031043
9/17/1932,55.66431432
9/19/1932,55.61610431
9/20/1932,54.65744425
9/21/1932,51.96233656
9/22/1932,54.06114441
9/23/1932,53.49313844
9/24/1932,52.15597042
9/26/1932,53.32202154
9/27/1932,52.89992087
9/28/1932,52.85483509
9/29/1932,52.91609616
9/30/1932,52.40483357
10/1/1932,52.14499181
10/3/1932,52.99972788
10/4/1932,52.77888807
10/5/1932,54.60935708
10/6/1932,54.93259329
10/7/1932,55.6480348
10/8/1932,56.67187678
10/10/1932,57.02056374
10/11/1932,56.16401996
10/13/1932,57.08430731
10/14/1932,56.13161508
10/15/1932,55.75513781
10/17/1932,55.5541614
10/18/1932,55.99573555
10/19/1932,55.82038395
10/20/1932,55.08156334
10/21/1932,55.63035882
10/22/1932,55.86410342
10/24/1932,55.51439834
10/25/1932,55.94824862
10/26/1932,55.25476512
10/27/1932,55.49916089
10/28/1932,55.06654636
10/29/1932,55.47563418
10/31/1932,55.61309178
11/1/1932,56.36796565
11/2/1932,56.95881438
11/3/1932,57.12870722
11/4/1932,56.2499721
11/5/1932,55.99910664
11/7/1932,54.51339009
11/9/1932,54.88322536
11/10/1932,53.23754615
11/11/1932,52.88616214
11/12/1932,52.15455557
11/14/1932,53.21840146
11/15/1932,53.61846366
11/16/1932,54.79355525
11/17/1932,55.39448631
11/18/1932,55.68033138
11/19/1932,55.10077556
11/21/1932,55.03486393
11/22/1932,55.20985392
11/23/1932,56.12110619
11/25/1932,56.5324497
11/26/1932,56.45365736
11/28/1932,56.46002993
11/29/1932,56.82755243
11/30/1932,57.74548733
12/1/1932,57.24920929
12/2/1932,58.27008909
12/3/1932,58.84382462
12/5/1932,58.07232688
12/6/1932,57.18280495
12/7/1932,56.49716535
12/8/1932,56.59078106
12/9/1932,56.95116718
12/10/1932,57.26951396
12/12/1932,57.13463887
12/13/1932,57.71739714
12/14/1932,57.20278376
12/15/1932,57.53182344
12/16/1932,58.47653375
12/17/1932,58.15840103
12/19/1932,58.10806722
12/20/1932,58.41393471
12/21/1932,58.91186347
12/22/1932,59.07500318
12/23/1932,59.54188191
12/24/1932,58.85349695
12/27/1932,59.28587613
12/28/1932,57.85079294
12/29/1932,57.74665381
12/30/1932,57.414878
12/31/1932,56.62053411
1/3/1933,57.64881267
1/4/1933,55.65825338
1/5/1933,54.96653538
1/6/1933,54.63481943
1/9/1933,54.47306289
1/10/1933,53.06055229
1/11/1933,52.48411946
1/12/1933,52.75098345
1/13/1933,54.8641927
1/14/1933,55.0078416
1/16/1933,55.38208634
1/17/1933,56.28647611
1/18/1933,56.82579462
1/19/1933,56.00503928
1/20/1933,55.76756192
1/21/1933,56.27818639
1/23/1933,55.56183777
1/24/1933,56.15307772
1/25/1933,56.6256613
1/26/1933,56.30399065
1/27/1933,55.93588179
1/28/1933,56.52575597
1/30/1933,56.22066428
1/31/1933,56.76320594
2/1/1933,57.84633017
2/2/1933,57.49255794
2/3/1933,57.72617857
2/4/1933,57.50473886
2/6/1933,57.27746658
2/7/1933,57.16863967
2/8/1933,56.78504052
2/9/1933,55.52603063
2/10/1933,56.66089741
2/11/1933,56.46555307
2/14/1933,57.58282353
2/15/1933,57.99580067
2/16/1933,58.47440169
2/17/1933,57.9037972
2/18/1933,57.87462035
2/20/1933,58.12572349
2/21/1933,58.15288687
2/23/1933,59.44453905
2/24/1933,58.66364256
2/25/1933,59.1580553
2/27/1933,59.71496953
2/28/1933,58.84747365
3/1/1933,58.31215426
3/2/1933,58.80625231
3/3/1933,56.59952672
3/15/1933,53.13312499
3/16/1933,52.83546611
3/17/1933,53.40034349
3/18/1933,55.10750613
3/20/1933,56.061964
3/21/1933,57.95574501
3/22/1933,57.21671076
3/23/1933,56.40485503
3/24/1933,57.0858963
3/25/1933,57.40175732
3/27/1933,57.91624768
3/28/1933,57.93790761
3/29/1933,58.66345223
3/30/1933,59.21251055
3/31/1933,59.80124614
4/1/1933,59.49376052
4/3/1933,59.5261836
4/4/1933,58.80462142
4/5/1933,59.724412
4/6/1933,58.89683046
4/7/1933,59.37650651
4/8/1933,58.55998876
4/10/1933,56.78687618
4/11/1933,56.87432359
4/12/1933,58.84377046
4/13/1933,58.22492228
4/15/1933,58.27401075
4/17/1933,59.14186478
4/18/1933,58.3303456
4/19/1933,57.26825499
4/20/1933,56.46381586
4/21/1933,58.32282535
4/22/1933,56.6781273
4/24/1933,57.87504435
4/25/1933,58.32512556
4/26/1933,57.47448433
4/27/1933,58.36656584
4/28/1933,57.66692721
4/29/1933,55.77571095
5/1/1933,56.44900311
5/2/1933,56.10802037
5/3/1933,55.82507113
5/4/1933,55.30250528
5/5/1933,56.05498637
5/6/1933,56.92639613
5/8/1933,57.25754564
5/9/1933,57.33256278
5/10/1933,56.82227532
5/11/1933,57.95203669
5/12/1933,57.75775629
5/13/1933,58.5489668
5/15/1933,58.49649372
5/16/1933,57.82007412
5/17/1933,58.53106687
5/18/1933,58.99287299
5/19/1933,61.32534571
5/20/1933,61.98966753
5/22/1933,60.97379426
5/23/1933,59.74291971
5/24/1933,60.75964855
5/25/1933,63.43736799
5/26/1933,63.2579739
5/27/1933,64.30571735
5/29/1933,65.33938503
5/31/1933,66.27568077
6/1/1933,65.06652724
6/2/1933,63.87507809
6/3/1933,64.20593191
6/5/1933,65.46422566
6/6/1933,67.52549551
6/7/1933,69.08133805
6/8/1933,69.37164724
6/9/1933,70.45314808
6/10/1933,72.03168828
6/12/1933,71.88781341
6/13/1933,73.1329822
6/14/1933,70.46337214
6/15/1933,71.88883856
6/16/1933,70.24235504
6/17/1933,70.22650245
6/19/1933,71.43317123
6/20/1933,71.25220976
6/21/1933,72.46640377
6/22/1933,73.19206422
6/23/1933,71.73621168
6/24/1933,72.93263202
6/26/1933,72.17156407
6/27/1933,73.64417295
6/28/1933,74.02771274
6/29/1933,73.64479748
6/30/1933,74.10891623
7/1/1933,72.89465179
7/3/1933,72.55758934
7/5/1933,72.42343026
7/6/1933,72.11108619
7/7/1933,71.47034013
7/8/1933,72.07579843
7/10/1933,72.15531479
7/11/1933,73.04654169
7/12/1933,73.22670666
7/13/1933,73.28943265
7/14/1933,73.42068742
7/15/1933,73.59199857
7/17/1933,73.75386978
7/18/1933,74.44421895
7/19/1933,75.35307561
7/20/1933,76.42736234
7/21/1933,75.56459491
7/22/1933,73.26502864
7/24/1933,72.31234021
7/25/1933,72.62688741
7/26/1933,71.81683627
7/27/1933,72.12806606
7/28/1933,72.44171969
7/31/1933,72.41372495
8/1/1933,71.07346665
8/2/1933,71.62504497
8/3/1933,72.13172224
8/4/1933,72.94321256
8/7/1933,72.69114837
8/8/1933,71.54655561
8/9/1933,71.35200723
8/10/1933,72.74688313
8/11/1933,72.53025463
8/14/1933,72.12409252
8/15/1933,71.69954694
8/16/1933,72.58763656
8/17/1933,71.37244201
8/18/1933,72.60404259
8/21/1933,71.9700661
8/22/1933,72.04513603
8/23/1933,72.64944554
8/24/1933,72.01418994
8/25/1933,71.65297833
8/28/1933,71.59329991
8/29/1933,72.32488829
8/30/1933,72.58053763
8/31/1933,73.08342781
9/1/1933,73.13695831
9/5/1933,73.8575231
9/6/1933,73.79210611
9/7/1933,73.78165633
9/8/1933,74.15700503
9/9/1933,73.7677008
9/11/1933,72.8823052
9/12/1933,72.67260184
9/13/1933,72.76105302
9/14/1933,73.13751324
9/15/1933,74.37367248
9/16/1933,73.98575553
9/18/1933,74.78293596
9/19/1933,74.58123273
9/20/1933,75.69082802
9/21/1933,76.59242508
9/22/1933,75.56411411
9/23/1933,75.47116175
9/25/1933,75.86292453
9/26/1933,75.8195681
9/27/1933,75.64207072
9/28/1933,75.44837065
9/29/1933,75.75964358
9/30/1933,75.51519841
10/2/1933,75.7973572
10/3/1933,75.89516168
10/4/1933,73.4365007
10/5/1933,74.07325639
10/6/1933,74.90009562
10/7/1933,75.24579244
10/9/1933,75.1141375
10/10/1933,75.02091775
10/11/1933,75.47777897
10/13/1933,76.1663521
10/14/1933,77.09848599
10/16/1933,78.55330661
10/17/1933,76.76506825
10/18/1933,77.31577346
10/19/1933,77.85005948
10/20/1933,76.24632476
10/21/1933,76.61799767
10/23/1933,75.24895965
10/24/1933,74.81126599
10/25/1933,73.32826535
10/26/1933,74.60217164
10/27/1933,74.00560892
10/28/1933,74.35244398
10/30/1933,75.16315782
10/31/1933,74.92664341
11/1/1933,74.46501665
11/2/1933,73.95968591
11/3/1933,72.99197333
11/4/1933,73.21125775
11/6/1933,73.65454329
11/8/1933,72.57213503
11/9/1933,72.10510333
11/10/1933,72.72156128
11/11/1933,71.75945766
11/13/1933,72.17604583
11/14/1933,72.86690138
11/15/1933,73.44103159
11/16/1933,71.99783096
11/17/1933,73.15396445
11/18/1933,72.88286763
11/20/1933,72.03548428
11/21/1933,72.69471822
11/22/1933,73.42707564
11/23/1933,73.64543522
11/24/1933,73.03215783
11/25/1933,74.18230686
11/27/1933,75.11453039
11/28/1933,74.78516984
11/29/1933,74.85656307
12/1/1933,74.86251583
12/2/1933,75.09308828
12/4/1933,75.23142425
12/5/1933,74.27945568
12/6/1933,74.63310394
12/7/1933,74.37935465
12/8/1933,74.40487905
12/9/1933,73.80213127
12/11/1933,73.43777307
12/12/1933,73.81258178
12/13/1933,75.49948612
12/14/1933,75.40352147
12/15/1933,76.30430788
12/16/1933,76.31054169
12/18/1933,76.3021675
12/19/1933,76.39432804
12/20/1933,76.79679
12/21/1933,76.77804466
12/22/1933,74.59705674
12/23/1933,75.52190701
12/26/1933,75.9247257
12/27/1933,75.64349001
12/28/1933,75.05033613
12/29/1933,75.2263658
12/30/1933,75.46608658
1/2/1934,74.76116914
1/3/1934,75.14234128
1/4/1934,75.85412569
1/5/1934,76.43867422
1/6/1934,75.79134438
1/8/1934,76.26302095
1/9/1934,76.65545973
1/10/1934,75.75276891
1/11/1934,76.19498124
1/12/1934,76.32077639
1/13/1934,75.83186962
1/15/1934,73.00603294
1/16/1934,73.72046301
1/17/1934,74.55685688
1/18/1934,74.94751957
1/19/1934,74.30063136
1/20/1934,74.87848802
1/22/1934,75.26886486
1/23/1934,76.29114285
1/24/1934,75.72050412
1/25/1934,76.39651213
1/26/1934,76.624784
1/27/1934,76.51326601
1/29/1934,74.93545295
1/30/1934,75.53196517
1/31/1934,76.98048477
2/1/1934,77.3821336
2/2/1934,77.38000317
2/3/1934,77.33583626
2/5/1934,77.1280313
2/6/1934,77.31468089
2/7/1934,79.0626398
2/8/1934,78.34428567
2/9/1934,78.86727222
2/10/1934,78.4530508
2/13/1934,78.50112279
2/14/1934,77.43802005
2/15/1934,76.24636062
2/16/1934,76.93995203
2/17/1934,76.11521296
2/19/1934,76.9282456
2/20/1934,77.04789227
2/21/1934,77.88961833
2/23/1934,79.35021645
2/24/1934,79.2301313
2/26/1934,79.75192922
2/27/1934,78.64421741
2/28/1934,79.29023483
3/1/1934,78.61095262
3/2/1934,77.69535371
3/3/1934,77.72384989
3/5/1934,77.84593429
3/6/1934,78.84075152
3/7/1934,79.40848698
3/8/1934,79.11778121
3/9/1934,79.09597078
3/10/1934,79.36265601
3/12/1934,79.6524444
3/13/1934,80.43308713
3/14/1934,80.67091955
3/15/1934,81.59893163
3/16/1934,81.40442942
3/17/1934,81.65288463
3/19/1934,82.05160232
3/20/1934,80.98624461
3/21/1934,81.45845141
3/22/1934,80.80512794
3/23/1934,81.6632412
3/24/1934,81.25765233
3/26/1934,81.3604065
3/27/1934,81.21357338
3/28/1934,81.71382137
3/29/1934,80.93160542
3/31/1934,80.69528937
4/2/1934,81.40217743
4/3/1934,81.35919423
4/4/1934,81.46398139
4/5/1934,81.88532972
4/6/1934,82.83362071
4/7/1934,82.94709477
4/9/1934,82.25495382
4/10/1934,82.10432402
4/11/1934,83.01351123
4/12/1934,83.24764391
4/13/1934,84.32789058
4/14/1934,84.24408812
4/16/1934,84.6049088
4/17/1934,84.49466642
4/18/1934,86.32760052
4/19/1934,86.54377627
4/20/1934,86.7553209
4/21/1934,87.35882703
4/23/1934,87.69680099
4/24/1934,87.74662564
4/25/1934,87.70537783
4/26/1934,88.31611971
4/27/1934,88.06356558
4/28/1934,88.3559696
4/30/1934,88.43777218
5/1/1934,87.49271887
5/2/1934,88.39607627
5/3/1934,88.5579224
5/4/1934,88.7593823
5/5/1934,88.66233722
5/7/1934,89.20357928
5/8/1934,87.50532725
5/9/1934,88.89096921
5/10/1934,88.98443195
5/11/1934,89.20862104
5/12/1934,89.1849837
5/14/1934,87.809568
5/15/1934,87.72737556
5/16/1934,88.0412237
5/17/1934,86.21857252
5/18/1934,87.2477449
5/19/1934,87.55755793
5/21/1934,87.21729431
5/22/1934,88.16857758
5/23/1934,88.29831815
5/24/1934,88.28293107
5/25/1934,87.80341497
5/26/1934,87.90623516
5/28/1934,87.35142932
5/29/1934,87.58725633
5/31/1934,88.41058586
6/1/1934,88.74385768
6/2/1934,88.63671567
6/4/1934,88.22138279
6/5/1934,87.21863548
6/6/1934,87.20838317
6/7/1934,87.78601557
6/8/1934,86.24923475
6/9/1934,86.31862289
6/11/1934,87.2238462
6/12/1934,86.7250013
6/13/1934,87.49438187
6/14/1934,88.36601122
6/15/1934,87.82368412
6/16/1934,86.97229663
6/18/1934,87.21027978
6/19/1934,88.5405732
6/20/1934,89.06289758
6/21/1934,88.83425832
6/22/1934,89.91121944
6/23/1934,89.62353876
6/25/1934,90.60163623
6/26/1934,90.16515292
6/27/1934,90.72078608
6/28/1934,90.24492488
6/29/1934,91.45354774
6/30/1934,91.63674815
7/2/1934,91.64789412
7/3/1934,91.44676966
7/5/1934,90.53740225
7/6/1934,90.86981711
7/7/1934,90.6993605
7/9/1934,91.20830062
7/10/1934,90.49279088
7/11/1934,90.69587719
7/12/1934,92.09992187
7/13/1934,92.11379957
7/14/1934,92.88620153
7/16/1934,93.13063828
7/17/1934,93.6437471
7/18/1934,93.05253565
7/19/1934,93.98539133
7/20/1934,95.21633365
7/21/1934,95.42452236
7/23/1934,96.97705622
7/24/1934,96.28954324
7/25/1934,95.29380064
7/26/1934,96.22435497
7/27/1934,94.40989138
7/28/1934,95.16135411
7/30/1934,95.30852995
7/31/1934,94.35162281
8/1/1934,93.51875709
8/2/1934,93.50415998
8/3/1934,94.20688833
8/4/1934,94.70084384
8/6/1934,94.94101373
8/7/1934,94.88794396
8/8/1934,94.12403847
8/9/1934,92.46026975
8/10/1934,92.46603333
8/11/1934,93.48866308
8/13/1934,92.63776265
8/14/1934,93.54552717
8/15/1934,92.44961346
8/16/1934,92.68254084
8/17/1934,93.23573973
8/18/1934,94.29276463
8/20/1934,94.29970401
8/21/1934,92.52298034
8/22/1934,91.32962718
8/23/1934,91.11975248
8/24/1934,89.47245377
8/25/1934,88.57954821
8/27/1934,90.67430937
8/28/1934,90.72306124
8/29/1934,90.7480499
8/30/1934,91.77449414
8/31/1934,91.78872838
9/1/1934,91.83738496
9/4/1934,92.81333824
9/5/1934,91.36725988
9/6/1934,92.88444723
9/7/1934,93.98115189
9/8/1934,93.34957727
9/10/1934,94.29092602
9/11/1934,94.61459834
9/12/1934,94.19317075
9/13/1934,94.53126955
9/14/1934,95.44625325
9/15/1934,95.87994539
9/17/1934,94.80555078
9/18/1934,94.41928732
9/19/1934,94.10439711
9/20/1934,93.52265353
9/21/1934,93.11162864
9/22/1934,92.4900089
9/24/1934,93.17013985
9/25/1934,91.63259391
9/26/1934,92.25865989
9/27/1934,92.70012551
9/28/1934,93.3377908
9/29/1934,93.98293772
10/1/1934,94.13782074
10/2/1934,94.62464417
10/3/1934,94.56314091
10/4/1934,94.26324953
10/5/1934,93.58300737
10/6/1934,93.58007085
10/8/1934,94.41040241
10/9/1934,95.09858762
10/10/1934,94.50936986
10/11/1934,93.46094865
10/13/1934,93.99059889
10/15/1934,94.84128735
10/16/1934,94.34233296
10/17/1934,95.07542502
10/18/1934,95.96986313
10/19/1934,96.55266514
10/20/1934,96.07743149
10/22/1934,96.32202828
10/23/1934,96.83607632
10/24/1934,95.68959037
10/25/1934,97.18104599
10/26/1934,97.74344856
10/27/1934,98.001071
10/29/1934,97.93385066
10/30/1934,98.02379764
10/31/1934,98.737059
11/1/1934,99.45991666
11/2/1934,98.48944119
11/3/1934,98.46434549
11/5/1934,98.01119473
11/7/1934,98.23723415
11/8/1934,99.01463116
11/9/1934,97.40834448
11/10/1934,97.92549474
11/13/1934,98.49526575
11/14/1934,99.16144977
11/15/1934,99.28432358
11/16/1934,100.5870017
11/17/1934,99.62268735
11/19/1934,100.2837494
11/20/1934,100.7686255
11/21/1934,101.8331459
11/22/1934,102.7113124
11/23/1934,102.7818984
11/24/1934,102.7809449
11/26/1934,103.2348426
11/27/1934,103.6474012
11/28/1934,103.6627629
11/30/1934,104.5875189
12/1/1934,104.78554
12/3/1934,105.2064536
12/4/1934,104.5133394
12/5/1934,104.3818687
12/6/1934,105.0204796
12/7/1934,105.7137769
12/8/1934,105.4646925
12/10/1934,105.7178838
12/11/1934,106.540317
12/12/1934,106.8205497
12/13/1934,106.8131312
12/14/1934,106.676498
12/15/1934,106.3805136
12/17/1934,105.5068143
12/18/1934,105.7175944
12/19/1934,106.3275658
12/20/1934,106.3590269
12/21/1934,107.179451
12/22/1934,107.4125348
12/24/1934,106.3874307
12/26/1934,107.2799785
12/27/1934,106.2609625
12/28/1934,105.0624771
12/29/1934,105.3312435
12/31/1934,104.3193012
1/2/1935,103.9133097
1/3/1935,104.8719753
1/4/1935,104.2206709
1/5/1935,104.1087935
1/7/1935,103.9201095
1/8/1935,104.3610175
1/9/1935,104.6340916
1/10/1935,106.314494
1/11/1935,106.9863515
1/12/1935,106.7393253
1/14/1935,106.6613855
1/15/1935,106.7799178
1/16/1935,106.95695
1/17/1935,106.861981
1/18/1935,106.1985404
1/19/1935,106.1145961
1/21/1935,105.9411793
1/22/1935,107.0489649
1/23/1935,106.9441878
1/24/1935,107.2598368
1/25/1935,106.8940199
1/26/1935,106.7752685
1/28/1935,107.7162557
1/29/1935,107.569831
1/30/1935,107.7458861
1/31/1935,107.2818061
2/1/1935,107.220269
2/2/1935,106.6312102
2/4/1935,106.9615255
2/5/1935,107.4501929
2/6/1935,108.3428844
2/7/1935,108.0211924
2/8/1935,107.9464286
2/9/1935,107.5148611
2/11/1935,107.7203767
2/13/1935,108.6085933
2/14/1935,109.1110168
2/15/1935,108.8375163
2/16/1935,109.505983
2/18/1935,108.0428062
2/19/1935,109.5150701
2/20/1935,110.5290736
2/21/1935,112.4482739
2/23/1935,113.466895
2/25/1935,113.0692299
2/26/1935,115.2948705
2/27/1935,115.466123
2/28/1935,115.3963722
3/1/1935,115.4445505
3/2/1935,116.0410484
3/4/1935,115.5366397
3/5/1935,116.2373006
3/6/1935,117.4293967
3/7/1935,117.1994948
3/8/1935,117.1949318
3/9/1935,116.7913404
3/11/1935,117.4838729
3/12/1935,117.8552864
3/13/1935,117.6708125
3/14/1935,117.9604982
3/15/1935,117.2072761
3/16/1935,117.0938639
3/18/1935,116.7388596
3/19/1935,116.1391401
3/20/1935,115.7443273
3/21/1935,114.3291075
3/22/1935,113.1589455
3/23/1935,114.7740672
3/25/1935,115.6604823
3/26/1935,115.5037785
3/27/1935,115.9313509
3/28/1935,115.6819062
3/29/1935,116.9214529
3/30/1935,116.8221445
4/1/1935,118.4498747
4/2/1935,118.6816677
4/3/1935,118.8177
4/4/1935,118.2704882
4/5/1935,115.2258337
4/6/1935,114.1982233
4/8/1935,115.2755045
4/9/1935,115.4219058
4/10/1935,115.6891722
4/11/1935,117.4371329
4/12/1935,116.9135943
4/13/1935,115.6315192
4/15/1935,116.3234718
4/16/1935,116.3464922
4/17/1935,117.660176
4/18/1935,117.0199327
4/20/1935,117.62688
4/22/1935,117.801325
4/23/1935,117.9274264
4/24/1935,117.9207597
4/25/1935,117.6383371
4/26/1935,117.8349308
4/27/1935,117.1985979
4/29/1935,118.1911511
4/30/1935,120.2572255
5/1/1935,120.2836071
5/2/1935,121.2338522
5/3/1935,120.6401551
5/4/1935,120.6947719
5/6/1935,120.028047
5/7/1935,120.8038395
5/8/1935,120.359825
5/9/1935,119.7597059
5/10/1935,119.9257383
5/11/1935,119.8600023
5/13/1935,120.5914065
5/14/1935,122.5544866
5/15/1935,123.4993613
5/16/1935,121.5746717
5/17/1935,122.021521
5/18/1935,121.8841271
5/20/1935,121.9142743
5/21/1935,121.7057354
5/22/1935,122.1522748
5/23/1935,121.9972574
5/24/1935,122.5793337
5/25/1935,124.3578119
5/27/1935,124.5671787
5/28/1935,124.3044774
5/29/1935,123.1690101
5/31/1935,123.3089682
6/1/1935,122.4059314
6/3/1935,122.4814632
6/4/1935,122.178606
6/5/1935,122.7884486
6/6/1935,124.1933615
6/7/1935,124.1073568
6/8/1935,123.7197569
6/10/1935,124.1918614
6/11/1935,125.1501163
6/12/1935,125.7640833
6/13/1935,126.3882038
6/14/1935,126.1441537
6/15/1935,126.4156197
6/17/1935,126.9500992
6/18/1935,126.5899763
6/19/1935,127.9934563
6/20/1935,127.3339286
6/21/1935,127.7133457
6/22/1935,126.7057201
6/24/1935,127.1213923
6/25/1935,127.2139394
6/26/1935,127.8072146
6/27/1935,127.6576099
6/28/1935,127.6360336
6/29/1935,128.0578478
7/1/1935,128.2441048
7/2/1935,128.2084168
7/3/1935,127.9265404
7/5/1935,128.1229544
7/6/1935,128.3175922
7/8/1935,128.6962329
7/9/1935,129.2968959
7/10/1935,129.1420703
7/11/1935,129.2849595
7/12/1935,128.9677347
7/13/1935,128.8325128
7/15/1935,128.6086044
7/16/1935,128.7670512
7/17/1935,128.5315355
7/18/1935,128.8896277
7/19/1935,129.0476279
7/20/1935,128.8012397
7/22/1935,129.0977917
7/23/1935,129.7917249
7/24/1935,128.8417776
7/25/1935,130.0112377
7/26/1935,129.4084369
7/27/1935,128.1899856
7/29/1935,127.5166161
7/30/1935,128.1925303
7/31/1935,127.2723087
8/1/1935,127.6238711
8/2/1935,127.0525903
8/3/1935,126.6943323
8/5/1935,124.7417105
8/6/1935,124.29429
8/7/1935,125.1008375
8/8/1935,125.3428197
8/9/1935,124.1591603
8/10/1935,123.8636348
8/12/1935,122.8581781
8/13/1935,122.1216862
8/14/1935,121.7509282
8/15/1935,122.3538036
8/16/1935,121.5837581
8/17/1935,120.8577369
8/19/1935,121.7409979
8/20/1935,120.8211154
8/21/1935,120.1866299
8/22/1935,120.1531291
8/23/1935,120.0209469
8/24/1935,122.2427308
8/26/1935,121.608637
8/27/1935,122.8700495
8/28/1935,123.2786142
8/29/1935,123.5164271
8/30/1935,124.4009038
8/31/1935,123.5103121
9/3/1935,123.5037748
9/4/1935,123.3455649
9/5/1935,123.6393388
9/6/1935,122.5245216
9/7/1935,122.6010735
9/9/1935,122.818827
9/10/1935,122.4982291
9/11/1935,122.899327
9/12/1935,123.2307661
9/13/1935,124.5705896
9/14/1935,124.7522162
9/16/1935,124.2691151
9/17/1935,124.5627569
9/18/1935,124.4148086
9/19/1935,125.1285341
9/20/1935,124.6811389
9/21/1935,124.1162459
9/23/1935,124.198189
9/24/1935,124.3158523
9/25/1935,124.731083
9/26/1935,124.4612241
9/27/1935,125.3036337
9/28/1935,125.885678
9/30/1935,125.9635787
10/1/1935,126.6482228
10/2/1935,126.2767406
10/3/1935,125.497884
10/4/1935,125.3018476
10/5/1935,124.6065457
10/7/1935,124.5773407
10/8/1935,124.8441027
10/9/1935,124.8307347
10/10/1935,125.4218763
10/11/1935,127.0254212
10/14/1935,127.2142996
10/15/1935,127.7403945
10/16/1935,128.7575398
10/17/1935,128.8029678
10/18/1935,129.3753701
10/19/1935,128.937407
10/21/1935,129.0436465
10/22/1935,128.1836803
10/23/1935,128.670605
10/24/1935,128.9379618
10/25/1935,128.863672
10/26/1935,128.398104
10/28/1935,127.7103985
10/29/1935,127.7909531
10/30/1935,128.0672324
10/31/1935,128.2102599
11/1/1935,127.7121259
11/2/1935,127.7704069
11/4/1935,127.4497136
11/6/1935,128.1287498
11/7/1935,129.7558698
11/8/1935,129.6868191
11/9/1935,129.6691448
11/12/1935,130.2630819
11/13/1935,130.0870107
11/14/1935,129.5767209
11/15/1935,129.6128335
11/16/1935,129.8215692
11/18/1935,129.8847605
11/19/1935,129.5451264
11/20/1935,129.685319
11/21/1935,126.9332117
11/22/1935,126.8403898
11/23/1935,125.4176212
11/25/1935,125.6620963
11/26/1935,125.065767
11/27/1935,124.7732074
11/29/1935,125.5679393
11/30/1935,125.0161037
12/2/1935,124.9658371
12/3/1935,124.2178845
12/4/1935,123.7038942
12/5/1935,124.1913946
12/6/1935,124.3552108
12/7/1935,124.2840324
12/9/1935,124.9367806
12/10/1935,125.4081334
12/11/1935,126.2831072
12/12/1935,126.856022
12/13/1935,126.7184062
12/14/1935,126.6334541
12/16/1935,126.7956435
12/17/1935,126.7036667
12/18/1935,126.9637296
12/19/1935,127.3717633
12/20/1935,127.661926
12/21/1935,127.9782027
12/23/1935,128.0716593
12/24/1935,127.3252141
12/26/1935,127.2184377
12/27/1935,128.0810781
12/28/1935,127.9740025
12/30/1935,127.9087086
12/31/1935,128.0214303
1/2/1936,127.1984831
1/3/1936,126.9428403
1/4/1936,126.2042162
1/6/1936,127.9946528
1/7/1936,126.1347114
1/8/1936,126.4545963
1/9/1936,126.3892493
1/10/1936,126.0117008
1/11/1936,126.1920597
1/13/1936,126.7701248
1/14/1936,126.8543597
1/15/1936,126.6293581
1/16/1936,125.4976348
1/17/1936,125.1670154
1/18/1936,126.241875
1/20/1936,126.2577559
1/21/1936,126.2110488
1/22/1936,125.0232882
1/23/1936,125.4301816
1/24/1936,126.6579026
1/25/1936,125.8546165
1/27/1936,125.2507751
1/28/1936,125.4890077
1/29/1936,125.2720812
1/30/1936,125.6887848
1/31/1936,124.1620357
2/1/1936,124.7930889
2/3/1936,123.8056961
2/4/1936,124.801914
2/5/1936,125.074331
2/6/1936,125.7273948
2/7/1936,125.519368
2/8/1936,125.4466818
2/10/1936,125.07329
2/11/1936,124.7254069
2/13/1936,124.6439695
2/14/1936,125.4210338
2/15/1936,124.8673202
2/17/1936,125.4830272
2/18/1936,124.5827341
2/19/1936,125.7769767
2/20/1936,124.871008
2/21/1936,125.2113297
2/24/1936,125.2489786
2/25/1936,125.3036969
2/26/1936,125.164881
2/27/1936,124.6989795
2/28/1936,125.3748281
2/29/1936,125.5112939
3/2/1936,125.1423183
3/3/1936,125.7857402
3/4/1936,126.7365467
3/5/1936,127.2365627
3/6/1936,127.1119995
3/7/1936,126.957368
3/9/1936,127.3351211
3/10/1936,126.3815637
3/11/1936,127.2301369
3/12/1936,126.8737404
3/13/1936,125.8658108
3/14/1936,125.7484937
3/16/1936,125.3761586
3/17/1936,125.175106
3/18/1936,126.4881615
3/19/1936,126.5547891
3/20/1936,126.8132572
3/21/1936,126.4597902
3/23/1936,126.5149481
3/24/1936,126.8031938
3/25/1936,126.9484323
3/26/1936,126.7492312
3/27/1936,126.5364359
3/28/1936,126.7574033
3/30/1936,126.9384873
3/31/1936,127.150397
4/1/1936,127.9179975
4/2/1936,127.7342083
4/3/1936,128.1299797
4/4/1936,127.8144634
4/6/1936,127.7267817
4/7/1936,128.5856869
4/8/1936,128.5576533
4/9/1936,128.4779782
4/11/1936,127.5459968
4/13/1936,127.6001417
4/14/1936,127.7533611
4/15/1936,127.8776015
4/16/1936,128.2590619
4/17/1936,128.3969007
4/18/1936,127.8575148
4/20/1936,127.3472559
4/21/1936,127.0664312
4/22/1936,127.4500332
4/23/1936,127.4982851
4/24/1936,127.3063411
4/25/1936,128.4219389
4/27/1936,128.148122
4/28/1936,127.2592248
4/29/1936,127.3269301
4/30/1936,126.5350509
5/1/1936,126.8512787
5/2/1936,127.2892877
5/4/1936,127.155573
5/5/1936,127.4895567
5/6/1936,127.2378946
5/7/1936,127.6299593
5/8/1936,128.678519
5/9/1936,128.2989086
5/11/1936,128.8900066
5/12/1936,128.9669134
5/13/1936,128.5031004
5/14/1936,127.8036209
5/15/1936,128.3389391
5/16/1936,128.2904337
5/18/1936,128.5501713
5/19/1936,128.4965835
5/20/1936,128.7172213
5/21/1936,128.5954827
5/22/1936,128.8038926
5/23/1936,127.8206402
5/25/1936,128.1110165
5/26/1936,128.2307019
5/27/1936,127.9852311
5/28/1936,129.3407035
5/29/1936,129.3038232
6/1/1936,129.7141216
6/2/1936,129.4926078
6/3/1936,129.2324589
6/4/1936,129.8460156
6/5/1936,129.7009594
6/6/1936,129.6672111
6/8/1936,128.9825155
6/9/1936,128.9897732
6/10/1936,129.3319481
6/11/1936,128.989113
6/12/1936,129.5757653
6/13/1936,129.4496583
6/15/1936,129.2779629
6/16/1936,128.7059432
6/17/1936,128.8947485
6/18/1936,128.8962811
6/19/1936,129.5645778
6/20/1936,129.2361318
6/22/1936,129.2473774
6/23/1936,129.7417493
6/24/1936,129.2597362
6/25/1936,130.1750844
6/26/1936,129.9271378
6/27/1936,130.2210358
6/29/1936,131.0318027
6/30/1936,131.0945792
7/1/1936,131.2356141
7/2/1936,132.3290063
7/3/1936,132.2235182
7/6/1936,133.0377466
7/7/1936,132.8626466
7/8/1936,132.5986483
7/9/1936,132.8911028
7/10/1936,132.5555438
7/11/1936,133.2543162
7/13/1936,133.3342687
7/14/1936,132.9995729
7/15/1936,133.0227723
7/16/1936,133.0330214
7/17/1936,133.5388485
7/18/1936,133.2838084
7/20/1936,133.701034
7/21/1936,133.0959355
7/22/1936,133.2706031
7/23/1936,133.5772495
7/24/1936,133.5199129
7/25/1936,133.9755625
7/27/1936,133.2450324
7/28/1936,134.0602042
7/29/1936,134.657163
7/30/1936,134.1398907
7/31/1936,134.4574702
8/1/1936,134.2293072
8/3/1936,134.4541883
8/4/1936,134.6436507
8/5/1936,134.561948
8/6/1936,134.4739825
8/7/1936,134.3258488
8/8/1936,134.1116429
8/10/1936,135.0355034
8/11/1936,135.6534824
8/12/1936,135.8006201
8/13/1936,136.1785201
8/14/1936,135.768185
8/15/1936,135.6215429
8/17/1936,136.3361128
8/18/1936,136.4314411
8/19/1936,136.4200327
8/20/1936,136.1745555
8/21/1936,136.2728538
8/22/1936,135.8475488
8/24/1936,136.1192392
8/25/1936,136.1682203
8/26/1936,136.9939733
8/27/1936,136.1880485
8/28/1936,136.0450899
8/29/1936,135.4850503
8/31/1936,135.5528984
9/1/1936,135.7413124
9/2/1936,135.8021183
9/3/1936,135.9722649
9/4/1936,135.8113064
9/5/1936,135.9415946
9/8/1936,135.9887929
9/9/1936,136.2252986
9/10/1936,137.0144944
9/11/1936,137.0709627
9/12/1936,137.2084772
9/14/1936,137.6848911
9/15/1936,136.7918232
9/16/1936,137.834163
9/17/1936,137.2611826
9/18/1936,137.3319782
9/19/1936,136.6675615
9/21/1936,137.5624684
9/22/1936,137.7797442
9/23/1936,138.4342543
9/24/1936,137.7671976
9/25/1936,138.0314537
9/26/1936,137.1694058
9/28/1936,137.2442298
9/29/1936,138.4384912
9/30/1936,139.0497776
10/1/1936,139.7411999
10/2/1936,139.3561834
10/3/1936,139.2681134
10/5/1936,139.5752967
10/6/1936,139.2906734
10/7/1936,139.3241745
10/8/1936,139.3360368
10/9/1936,140.1752474
10/10/1936,140.3441412
10/13/1936,141.6469312
10/14/1936,142.137631
10/15/1936,142.2112665
10/16/1936,142.0919937
10/17/1936,141.8360775
10/19/1936,143.2969984
10/20/1936,142.9385481
10/21/1936,143.1562481
10/22/1936,143.4201566
10/23/1936,144.6942682
10/24/1936,144.3315923
10/26/1936,144.0382198
10/27/1936,143.9620342
10/28/1936,144.4359718
10/29/1936,144.2116562
10/30/1936,145.1750281
10/31/1936,144.4184621
11/2/1936,145.1801223
11/4/1936,144.8012137
11/5/1936,144.1257526
11/6/1936,145.7789156
11/7/1936,145.7831596
11/9/1936,147.0723238
11/10/1936,147.7048243
11/12/1936,149.5410145
11/13/1936,150.5145153
11/14/1936,150.0649774
11/16/1936,149.8939912
11/17/1936,149.9271248
11/18/1936,150.4443041
11/19/1936,150.5101658
11/20/1936,150.1342098
11/21/1936,149.1445936
11/23/1936,149.6353032
11/24/1936,148.1229768
11/25/1936,149.050785
11/27/1936,148.5912697
11/28/1936,148.3735412
11/30/1936,148.2722073
12/1/1936,148.1418579
12/2/1936,147.0009035
12/3/1936,146.3097352
12/4/1936,146.8220185
12/5/1936,145.6615382
12/7/1936,145.7915798
12/8/1936,145.64807
12/9/1936,143.9900581
12/10/1936,143.2556083
12/11/1936,142.7912438
12/12/1936,142.5387773
12/14/1936,141.6356693
12/15/1936,142.1018705
12/16/1936,142.1619142
12/17/1936,142.2516145
12/18/1936,142.9276633
12/19/1936,142.5086582
12/21/1936,143.0016114
12/22/1936,141.6994372
12/23/1936,141.2511839
12/24/1936,141.4494756
12/28/1936,141.2563237
12/29/1936,140.5021536
12/30/1936,140.0789599
12/31/1936,140.6375323
1/2/1937,140.8925222
1/4/1937,140.312934
1/5/1937,140.2606007
1/6/1937,140.1882205
1/7/1937,138.5302987
1/8/1937,138.8928821
1/9/1937,139.1942327
1/11/1937,138.5309408
1/12/1937,137.8459496
1/13/1937,137.8867414
1/14/1937,138.2162189
1/15/1937,138.0260066
1/16/1937,137.524689
1/18/1937,138.2531029
1/19/1937,139.0824432
1/20/1937,138.3942071
1/21/1937,137.4841473
1/22/1937,137.4817462
1/23/1937,137.8731801
1/25/1937,138.6749877
1/26/1937,139.3989452
1/27/1937,138.493935
1/28/1937,139.0252348
1/29/1937,138.5948734
1/30/1937,138.5594046
2/1/1937,139.0743925
2/2/1937,138.9544007
2/3/1937,138.9572613
2/4/1937,139.7858583
2/5/1937,139.77309
2/6/1937,139.197469
2/8/1937,138.3576399
2/9/1937,137.9857353
2/10/1937,137.4694626
2/11/1937,137.491755
2/13/1937,137.9529141
2/15/1937,137.9386169
2/16/1937,137.322819
2/17/1937,136.8861578
2/18/1937,136.3182208
2/19/1937,136.0788565
2/20/1937,135.6774398
2/23/1937,136.6981245
2/24/1937,135.2199413
2/25/1937,135.9131109
2/26/1937,136.3240223
2/27/1937,137.213069
3/1/1937,137.0695673
3/2/1937,136.5687412
3/3/1937,135.5718622
3/4/1937,135.9867602
3/5/1937,135.1842023
3/6/1937,134.6570194
3/8/1937,134.4140088
3/9/1937,134.1391189
3/10/1937,133.129041
3/11/1937,133.5592243
3/12/1937,132.4695765
3/13/1937,132.5341825
3/15/1937,132.0227072
3/16/1937,130.8456235
3/17/1937,130.7405757
3/18/1937,131.1198118
3/19/1937,131.1924624
3/20/1937,131.0784076
3/22/1937,132.2893901
3/23/1937,130.2872448
3/24/1937,130.28361
3/25/1937,130.7345583
3/27/1937,130.3963607
3/29/1937,130.9152984
3/30/1937,129.3399567
3/31/1937,129.9604862
4/1/1937,130.5723831
4/2/1937,130.8036321
4/3/1937,130.4013795
4/5/1937,130.5744805
4/6/1937,131.1889668
4/7/1937,131.3629429
4/8/1937,130.1130147
4/9/1937,129.9489074
4/10/1937,131.2237047
4/12/1937,130.8881048
4/13/1937,130.8263673
4/14/1937,131.3474112
4/15/1937,131.6425777
4/16/1937,132.0922789
4/17/1937,132.293085
4/19/1937,131.9504495
4/20/1937,131.5666559
4/21/1937,131.1619074
4/22/1937,131.5361582
4/23/1937,131.3864237
4/24/1937,131.1839528
4/26/1937,131.6470683
4/27/1937,130.8314425
4/28/1937,130.7553153
4/29/1937,130.9402935
4/30/1937,130.62773
5/1/1937,130.8642101
5/3/1937,131.2382458
5/4/1937,130.817622
5/5/1937,131.5980086
5/6/1937,130.7440638
5/7/1937,130.8437091
5/8/1937,131.4689454
5/10/1937,132.1971076
5/11/1937,132.2051536
5/12/1937,132.1941538
5/13/1937,133.0269043
5/14/1937,131.8536924
5/15/1937,131.7090939
5/17/1937,132.0885289
5/18/1937,130.6354321
5/19/1937,131.005125
5/20/1937,130.7008934
5/21/1937,131.2754332
5/22/1937,131.1361847
5/24/1937,131.2968612
5/25/1937,131.5059206
5/26/1937,131.5628168
5/27/1937,132.0574814
5/28/1937,132.1316582
6/1/1937,131.1647024
6/2/1937,131.5548817
6/3/1937,131.252381
6/4/1937,130.3095389
6/5/1937,131.0740002
6/7/1937,131.5276877
6/8/1937,130.7173788
6/9/1937,131.2341294
6/10/1937,131.1213925
6/11/1937,131.2547118
6/12/1937,131.357464
6/14/1937,130.7171525
6/15/1937,130.7704145
6/16/1937,131.3105104
6/17/1937,130.2488387
6/18/1937,130.9186695
6/19/1937,130.7843042
6/21/1937,131.2773129
6/22/1937,131.6719766
6/23/1937,131.1805277
6/24/1937,131.2362999
6/25/1937,131.9563133
6/26/1937,131.7338662
6/28/1937,131.5393541
6/29/1937,131.3983252
6/30/1937,130.5222753
7/1/1937,130.5744846
7/2/1937,129.9779129
7/6/1937,128.4695887
7/7/1937,129.0136117
7/8/1937,128.348498
7/9/1937,129.8955784
7/10/1937,130.1650617
7/12/1937,128.9353056
7/13/1937,129.230953
7/14/1937,130.6537865
7/15/1937,130.8221749
7/16/1937,131.3782164
7/17/1937,131.8384435
7/19/1937,130.882561
7/20/1937,130.9602961
7/21/1937,131.677064
7/22/1937,131.1325773
7/23/1937,131.145275
7/24/1937,130.9256098
7/26/1937,130.4575059
7/27/1937,131.233383
7/28/1937,131.4677985
7/29/1937,131.3539319
7/30/1937,131.2681958
7/31/1937,130.5657543
8/2/1937,130.2815469
8/3/1937,131.051416
8/4/1937,130.7510996
8/5/1937,131.0815818
8/6/1937,131.565848
8/7/1937,131.5189309
8/9/1937,130.9918118
8/10/1937,130.9391302
8/11/1937,130.8520585
8/12/1937,131.122402
8/13/1937,130.3344651
8/14/1937,131.0761043
8/16/1937,131.5559942
8/17/1937,131.3166744
8/18/1937,131.6710418
8/19/1937,132.2279056
8/20/1937,131.820231
8/21/1937,131.4304218
8/23/1937,131.5813392
8/24/1937,131.4398406
8/25/1937,131.7130958
8/26/1937,131.9260617
8/27/1937,132.0648678
8/28/1937,132.0010423
8/30/1937,131.4156872
8/31/1937,132.1693258
9/1/1937,132.8366615
9/2/1937,131.6988668
9/3/1937,131.9711367
9/4/1937,131.558624
9/7/1937,132.883009
9/8/1937,131.3585607
9/9/1937,129.8783338
9/10/1937,130.9619101
9/11/1937,129.5822453
9/13/1937,128.419901
9/14/1937,128.7199808
9/15/1937,129.0661185
9/16/1937,129.0529308
9/17/1937,129.3968428
9/18/1937,129.852049
9/20/1937,129.2771769
9/21/1937,128.8444893
9/22/1937,128.7787446
9/23/1937,128.6243945
9/24/1937,128.5344358
9/25/1937,128.431551
9/27/1937,126.2854369
9/28/1937,127.0006114
9/29/1937,127.3617525
9/30/1937,128.5442649
10/1/1937,128.2129946
10/2/1937,128.3505175
10/4/1937,128.441191
10/5/1937,128.8870137
10/6/1937,126.9727308
10/7/1937,128.1472682
10/8/1937,129.2317824
10/9/1937,129.5955967
10/11/1937,130.1579178
10/13/1937,129.0811594
10/14/1937,129.748365
10/15/1937,129.6183475
10/16/1937,129.6958762
10/18/1937,128.7621487
10/19/1937,122.2158837
10/20/1937,122.0313604
10/21/1937,123.3028519
10/22/1937,124.5268007
10/23/1937,125.5423808
10/25/1937,123.2295355
10/26/1937,125.2963052
10/27/1937,126.0016341
10/28/1937,124.1692293
10/29/1937,123.8860432
10/30/1937,124.4809896
11/1/1937,125.32697
11/3/1937,126.7218636
11/4/1937,125.5391351
11/5/1937,125.7726228
11/6/1937,126.3324937
11/8/1937,125.452233
11/9/1937,124.9417571
11/10/1937,122.6514199
11/12/1937,124.2447357
11/13/1937,123.7052727
11/15/1937,125.5604305
11/16/1937,124.0464467
11/17/1937,125.0985807
11/18/1937,124.6190111
11/19/1937,124.825574
11/20/1937,123.1194251
11/22/1937,123.4382016
11/23/1937,121.5097956
11/24/1937,121.3067414
11/26/1937,119.7364169
11/27/1937,119.3809969
11/29/1937,120.4044862
11/30/1937,120.2451415
12/1/1937,121.4793149
12/2/1937,120.7057644
12/3/1937,121.1445842
12/4/1937,121.4469094
12/6/1937,122.0842686
12/7/1937,120.7021214
12/8/1937,120.9744024
12/9/1937,122.7195473
12/10/1937,122.3559641
12/11/1937,121.4576259
12/13/1937,122.5874638
12/14/1937,122.3912287
12/15/1937,122.5238909
12/16/1937,122.5971778
12/17/1937,123.5615307
12/18/1937,123.1889686
12/20/1937,122.4899504
12/21/1937,122.2848261
12/22/1937,124.2328185
12/23/1937,124.7545908
12/24/1937,124.1931377
12/27/1937,124.5816315
12/28/1937,123.756796
12/29/1937,123.5077337
12/30/1937,123.5450799
12/31/1937,124.1300409
1/3/1938,124.5361252
1/4/1938,124.3207371
1/5/1938,124.8946236
1/6/1938,122.8488002
1/7/1938,124.5421318
1/8/1938,123.3667195
1/10/1938,121.860252
1/11/1938,123.3610317
1/12/1938,124.0510425
1/13/1938,125.2046059
1/14/1938,125.0084145
1/15/1938,124.2203348
1/17/1938,126.1247799
1/18/1938,126.5739375
1/19/1938,127.2439013
1/20/1938,126.8764346
1/21/1938,127.6643515
1/22/1938,127.533681
1/24/1938,127.1349409
1/25/1938,127.7224321
1/26/1938,127.9488543
1/27/1938,129.4532348
1/28/1938,128.5555114
1/29/1938,128.8841732
1/31/1938,127.3167991
2/1/1938,127.053879
2/2/1938,127.8296931
2/3/1938,128.326101
2/4/1938,127.5964371
2/5/1938,126.7730869
2/7/1938,127.3020889
2/8/1938,126.9931086
2/9/1938,126.8467942
2/10/1938,126.4613537
2/11/1938,127.4730756
2/14/1938,127.6117344
2/15/1938,127.5253434
2/16/1938,128.1285914
2/17/1938,126.4384179
2/18/1938,127.5093711
2/19/1938,127.5010775
2/21/1938,126.8700225
2/23/1938,125.4822747
2/24/1938,127.1624307
2/25/1938,126.9806176
2/26/1938,127.3200124
2/28/1938,127.59302
3/1/1938,127.2458066
3/2/1938,128.4954366
3/3/1938,127.9092412
3/4/1938,128.2330442
3/5/1938,128.1649698
3/7/1938,128.5840954
3/8/1938,128.0014488
3/9/1938,128.3980527
3/10/1938,129.2736483
3/11/1938,129.3280494
3/12/1938,129.3542881
3/14/1938,129.2104374
3/15/1938,128.8825829
3/16/1938,129.5620753
3/17/1938,130.2569485
3/18/1938,130.8739848
3/19/1938,130.1879878
3/21/1938,129.6095448
3/22/1938,129.379372
3/23/1938,128.9026313
3/24/1938,129.0043784
3/25/1938,128.8973085
3/26/1938,128.3518896
3/28/1938,127.9922799
3/29/1938,126.9876482
3/30/1938,127.0241906
3/31/1938,126.9153404
4/1/1938,122.7000554
4/2/1938,121.2530616
4/4/1938,119.6799708
4/5/1938,119.5983101
4/6/1938,122.2108642
4/7/1938,122.6183626
4/8/1938,120.8065576
4/9/1938,117.921245
4/11/1938,118.6525042
4/12/1938,118.1287199
4/13/1938,119.8878566
4/14/1938,119.439981
4/16/1938,117.7619481
4/18/1938,120.4853521
4/19/1938,122.1582597
4/20/1938,122.7495544
4/21/1938,122.0951929
4/22/1938,120.0587017
4/23/1938,121.5625691
4/25/1938,122.7225722
4/26/1938,123.5381194
4/27/1938,123.6704984
4/28/1938,124.4129377
4/29/1938,123.7055578
4/30/1938,124.8130313
5/2/1938,124.9249619
5/3/1938,124.5442248
5/4/1938,124.5065903
5/5/1938,125.203636
5/6/1938,123.6921403
5/7/1938,123.9446446
5/9/1938,122.1928204
5/10/1938,123.6248537
5/11/1938,122.7445025
5/12/1938,123.8306295
5/13/1938,124.1200363
5/14/1938,124.4018983
5/16/1938,125.212244
5/17/1938,125.3690197
5/18/1938,125.2596383
5/19/1938,127.1044046
5/20/1938,126.6951602
5/21/1938,127.5193723
5/23/1938,127.2690563
5/24/1938,128.1981294
5/25/1938,128.332424
5/26/1938,129.3979503
5/27/1938,128.9701031
5/28/1938,127.8046497
5/31/1938,128.0721064
6/1/1938,126.7422068
6/2/1938,126.8549423
6/3/1938,127.3772453
6/4/1938,126.5175376
6/6/1938,125.8346587
6/7/1938,126.5600364
6/8/1938,126.5369004
6/9/1938,124.2883988
6/10/1938,125.797502
6/11/1938,125.8884311
6/13/1938,127.0112993
6/14/1938,126.3211229
6/15/1938,127.2261366
6/16/1938,127.4323639
6/17/1938,127.981471
6/18/1938,128.2995769
6/20/1938,125.416562
6/21/1938,124.4622243
6/22/1938,124.2268562
6/23/1938,123.4072005
6/24/1938,123.9210143
6/25/1938,123.2980683
6/27/1938,124.3809578
6/28/1938,125.8123763
6/29/1938,123.5113118
6/30/1938,125.2290958
7/1/1938,123.8285151
7/2/1938,122.8733039
7/5/1938,122.6681277
7/6/1938,121.7245749
7/7/1938,121.4775873
7/8/1938,125.6366262
7/9/1938,122.3527179
7/11/1938,123.3497775
7/12/1938,121.9620563
7/13/1938,123.3238537
7/14/1938,124.6396369
7/15/1938,123.8074617
7/16/1938,123.7911139
7/18/1938,123.1528451
7/19/1938,123.8479043
7/20/1938,125.4831136
7/21/1938,125.2093686
7/22/1938,125.7507833
7/23/1938,125.4423825
7/25/1938,125.9677355
7/26/1938,126.7360086
7/27/1938,128.6725441
7/28/1938,127.5172489
7/29/1938,128.0808989
7/30/1938,128.3043028
8/1/1938,128.9484468
8/2/1938,128.1487539
8/3/1938,129.5173573
8/4/1938,129.1802394
8/5/1938,127.5076011
8/6/1938,126.6337106
8/8/1938,127.4470597
8/9/1938,127.4585525
8/10/1938,128.2449502
8/11/1938,129.444076
8/12/1938,130.0627668
8/13/1938,130.1616792
8/15/1938,130.094806
8/16/1938,129.7996584
8/17/1938,130.3645195
8/18/1938,130.9356608
8/19/1938,129.8254296
8/20/1938,130.2211896
8/22/1938,130.4452226
8/23/1938,128.9632474
8/24/1938,128.3303093
8/25/1938,126.9762788
8/26/1938,127.8894514
8/27/1938,129.0590374
8/29/1938,130.2734005
8/30/1938,129.3326194
8/31/1938,129.0233473
9/1/1938,130.1467697
9/2/1938,129.3906017
9/3/1938,128.1448344
9/6/1938,128.9861243
9/7/1938,127.1124874
9/8/1938,127.8285137
9/9/1938,128.200667
9/10/1938,129.19618
9/12/1938,128.4910075
9/13/1938,132.5415044
9/14/1938,131.2232455
9/15/1938,129.7822421
9/16/1938,131.3078271
9/17/1938,132.0125214
9/19/1938,130.4235294
9/20/1938,128.958421
9/21/1938,128.0135162
9/22/1938,129.1274529
9/23/1938,131.0494726
9/24/1938,129.8605041
9/26/1938,128.9417363
9/27/1938,129.6223379
9/28/1938,127.3453004
9/29/1938,126.5647135
9/30/1938,126.9625701
10/1/1938,126.2191844
10/3/1938,127.17946
10/4/1938,127.076799
10/5/1938,123.9928597
10/6/1938,126.2403542
10/7/1938,126.7867719
10/8/1938,125.4283386
10/10/1938,126.5808234
10/11/1938,127.0450916
10/13/1938,125.9632488
10/14/1938,125.5609531
10/15/1938,124.2707573
10/17/1938,125.4538249
10/18/1938,122.6867465
10/19/1938,124.5524814
10/20/1938,124.3788633
10/21/1938,124.0099155
10/22/1938,121.6381925
10/24/1938,122.0987708
10/25/1938,122.1955115
10/26/1938,122.023113
10/27/1938,122.4984038
10/28/1938,123.1699862
10/29/1938,123.2302614
10/31/1938,122.2179287
11/1/1938,122.0537702
11/2/1938,122.3960894
11/3/1938,121.2974516
11/4/1938,122.2473996
11/5/1938,122.4939779
11/7/1938,121.9836026
11/9/1938,121.5052822
11/10/1938,122.9749108
11/12/1938,122.2013025
11/14/1938,124.1374856
11/15/1938,124.0586727
11/16/1938,125.7125128
11/17/1938,125.2286568
11/18/1938,126.1473236
11/19/1938,125.9296021
11/21/1938,125.4356564
11/22/1938,126.2520337
11/23/1938,125.5970244
11/25/1938,125.5472591
11/26/1938,127.2201558
11/28/1938,127.6848455
11/29/1938,126.7110852
11/30/1938,125.3198265
12/1/1938,126.5294201
12/2/1938,127.3915265
12/3/1938,127.6416407
12/5/1938,128.9703714
12/6/1938,127.3263552
12/7/1938,127.540083
12/8/1938,128.1894214
12/9/1938,128.8401263
12/10/1938,128.2730518
12/12/1938,127.8483485
12/13/1938,127.8261221
12/14/1938,126.8042513
12/15/1938,127.5313699
12/16/1938,127.8539111
12/17/1938,127.869264
12/19/1938,128.1093543
12/20/1938,128.4695281
12/21/1938,128.4853507
12/22/1938,128.2443305
12/23/1938,126.7185575
12/24/1938,126.5746605
12/27/1938,127.3525942
12/28/1938,126.2025672
12/29/1938,125.8663752
12/30/1938,125.7638734
12/31/1938,124.4779647
1/3/1939,125.5501028
1/4/1939,123.4043994
1/5/1939,125.3598969
1/6/1939,124.4733509
1/7/1939,125.0026465
1/9/1939,126.4936429
1/10/1939,125.8416406
1/11/1939,127.0895964
1/12/1939,127.2298543
1/13/1939,127.2591601
1/14/1939,125.6858877
1/16/1939,126.2105592
1/17/1939,126.031912
1/18/1939,125.4936546
1/19/1939,126.0039393
1/20/1939,126.556892
1/21/1939,128.0078248
1/23/1939,129.2027345
1/24/1939,128.456852
1/25/1939,128.6790529
1/26/1939,129.8697348
1/27/1939,129.3005436
1/28/1939,129.9091948
1/30/1939,128.4592397
1/31/1939,127.805365
2/1/1939,128.0471333
2/2/1939,128.161098
2/3/1939,128.6160835
2/4/1939,128.3107491
2/6/1939,128.7234548
2/7/1939,130.5943409
2/8/1939,129.8627768
2/9/1939,130.7565544
2/10/1939,131.2491707
2/11/1939,130.6950342
2/14/1939,131.8451151
2/15/1939,131.5080369
2/16/1939,130.4433046
2/17/1939,131.8069342
2/18/1939,131.3015287
2/20/1939,132.7331567
2/21/1939,133.0053342
2/23/1939,133.1357646
2/24/1939,130.9883202
2/25/1939,130.1964763
2/27/1939,130.7454814
2/28/1939,129.7391288
3/1/1939,130.5534108
3/2/1939,131.2623376
3/3/1939,130.1979623
3/4/1939,130.8312349
3/6/1939,132.7201046
3/7/1939,132.2462415
3/8/1939,131.2252714
3/9/1939,132.7990276
3/10/1939,133.6097921
3/11/1939,134.8987454
3/13/1939,135.5185445
3/14/1939,135.1603227
3/15/1939,136.0904447
3/16/1939,135.9438867
3/17/1939,137.1739595
3/18/1939,136.8591374
3/20/1939,136.4680514
3/21/1939,136.7110427
3/22/1939,137.2852397
3/23/1939,137.227028
3/24/1939,136.8537193
3/25/1939,137.1326214
3/27/1939,137.7868973
3/28/1939,137.8350934
3/29/1939,137.0175159
3/30/1939,138.904236
3/31/1939,140.5738989
4/1/1939,137.3129659
4/3/1939,135.9102981
4/4/1939,135.384047
4/5/1939,135.5127317
4/6/1939,137.015391
4/8/1939,140.0510119
4/10/1939,137.7612064
4/11/1939,135.4454268
4/12/1939,135.3316329
4/13/1939,137.0934406
4/14/1939,138.1641148
4/15/1939,136.2090777
4/17/1939,137.3083475
4/18/1939,138.3200917
4/19/1939,137.7433001
4/20/1939,137.7072266
4/21/1939,138.1092456
4/22/1939,138.7914989
4/24/1939,139.2863068
4/25/1939,138.1326367
4/26/1939,138.5076857
4/27/1939,137.6177716
4/28/1939,138.4162348
4/29/1939,139.0634483
5/1/1939,138.6325922
5/2/1939,138.3033281
5/3/1939,137.0668221
5/4/1939,138.0521162
5/5/1939,139.7601831
5/6/1939,139.5547984
5/8/1939,139.818085
5/9/1939,139.100799
5/10/1939,139.7820006
5/11/1939,140.1168892
5/12/1939,141.1066329
5/13/1939,141.4186327
5/15/1939,141.9413778
5/16/1939,143.5385253
5/17/1939,143.9901707
5/18/1939,144.5908255
5/19/1939,144.309737
5/20/1939,143.7096944
5/22/1939,143.17108
5/23/1939,144.6887397
5/24/1939,143.4921411
5/25/1939,144.4259505
5/26/1939,143.7701524
5/27/1939,143.4907586
5/29/1939,143.284835
5/31/1939,144.2698925
6/1/1939,145.8864015
6/2/1939,145.9729515
6/3/1939,146.147671
6/5/1939,147.0154133
6/6/1939,147.1221956
6/7/1939,147.3479319
6/8/1939,147.9698983
6/9/1939,148.180777
6/10/1939,148.3064826
6/12/1939,148.5099804
6/13/1939,148.8127474
6/14/1939,148.8856615
6/15/1939,150.7598904
6/16/1939,151.4082037
6/17/1939,150.9123356
6/19/1939,151.5915339
6/20/1939,150.4463196
6/21/1939,151.3102978
6/22/1939,151.2825599
6/23/1939,151.6052309
6/24/1939,151.1226661
6/26/1939,152.0124112
6/27/1939,151.065786
6/28/1939,152.8819282
6/29/1939,153.2393846
6/30/1939,152.8510823
7/1/1939,152.116213
7/3/1939,152.0848726
7/5/1939,151.7181421
7/6/1939,152.4359157
7/7/1939,152.3727169
7/8/1939,153.0038202
7/10/1939,153.6252037
7/11/1939,151.6008482
7/12/1939,150.4269176
7/13/1939,149.8133491
7/14/1939,150.7070678
7/15/1939,150.7940565
7/17/1939,146.0487042
7/18/1939,145.4462988
7/19/1939,146.9257936
7/20/1939,148.5255419
7/21/1939,145.8817807
7/22/1939,144.7642372
7/24/1939,144.8562827
7/25/1939,144.9796277
7/26/1939,144.6424344
7/27/1939,144.4313955
7/28/1939,145.2707848
7/29/1939,146.3666959
7/31/1939,147.3252114
8/1/1939,146.9674967
8/2/1939,146.1944779
8/3/1939,145.6905265
8/4/1939,147.1691428
8/5/1939,147.1533523
8/7/1939,148.2483534
8/8/1939,147.6818934
8/9/1939,148.4540318
8/10/1939,149.4811312
8/11/1939,149.2429895
8/12/1939,147.8512632
8/14/1939,148.3491641
8/15/1939,148.3050722
8/16/1939,150.0940743
8/17/1939,150.5018634
8/18/1939,151.8589964
8/19/1939,150.7347713
8/21/1939,151.7401163
8/22/1939,150.8720929
8/23/1939,151.2319778
8/24/1939,149.8639361
8/25/1939,148.9873752
8/26/1939,147.2368025
8/28/1939,147.3001227
8/29/1939,146.9576318
8/30/1939,148.1068291
8/31/1939,147.9323457
9/1/1939,145.9466731
9/2/1939,143.6033339
9/5/1939,133.4006878
9/6/1939,132.1014209
9/7/1939,132.1214709
9/8/1939,130.6128796
9/9/1939,129.335798
9/11/1939,119.2370549
9/12/1939,115.6704968
9/13/1939,116.5012173
9/14/1939,117.7589697
9/15/1939,118.6511701
9/16/1939,120.9198812
9/18/1939,126.9559121
9/19/1939,121.0306286
9/20/1939,119.7712739
9/21/1939,116.8674772
9/22/1939,117.6299204
9/23/1939,117.5400489
9/25/1939,115.7142349
9/26/1939,113.674624
9/27/1939,112.1716094
9/28/1939,114.0485704
9/29/1939,116.2425857
9/30/1939,112.3402481
10/2/1939,113.1607121
10/3/1939,114.2790946
10/4/1939,114.4766358
10/5/1939,114.6716364
10/6/1939,114.6867815
10/7/1939,116.1030729
10/9/1939,116.5010421
10/10/1939,116.0985638
10/11/1939,116.6983841
10/13/1939,116.5756017
10/14/1939,116.9997468
10/16/1939,117.2727968
10/17/1939,115.4176481
10/18/1939,116.8887439
10/19/1939,117.5722807
10/20/1939,118.6656506
10/21/1939,118.575
10/23/1939,119.1207372
10/24/1939,119.4941786
10/25/1939,118.9938879
10/26/1939,120.0062779
10/27/1939,120.3713227
10/28/1939,120.3341827
10/30/1939,120.5010947
10/31/1939,121.1502464
11/1/1939,121.5324362
11/2/1939,121.2857731
11/3/1939,119.764721
11/4/1939,119.7671052
11/6/1939,120.2850525
11/8/1939,121.375312
11/9/1939,122.4952953
11/10/1939,122.5786176
11/13/1939,122.5569431
11/14/1939,122.4451633
11/15/1939,123.3579121
11/16/1939,123.0201692
11/17/1939,124.0992716
11/18/1939,124.3765793
11/20/1939,125.0354858
11/21/1939,125.3533861
11/22/1939,126.0389745
11/24/1939,126.574968
11/25/1939,127.0402115
11/27/1939,127.3766694
11/28/1939,128.1108764
11/29/1939,128.6879255
11/30/1939,129.0826374
12/1/1939,128.0471017
12/2/1939,128.2057496
12/4/1939,129.1373881
12/5/1939,129.2501858
12/6/1939,127.5567099
12/7/1939,127.0724019
12/8/1939,128.0124675
12/9/1939,128.644003
12/11/1939,129.8531323
12/12/1939,129.9465252
12/13/1939,128.8954388
12/14/1939,129.4641826
12/15/1939,129.9030669
12/16/1939,129.9661591
12/18/1939,130.8789254
12/19/1939,130.8644309
12/20/1939,131.5877701
12/21/1939,132.0245107
12/22/1939,132.1386431
12/23/1939,132.7799316
12/26/1939,132.6697128
12/27/1939,133.1810984
12/28/1939,132.8117235
12/29/1939,132.948543
12/30/1939,133.2473419
1/2/1940,131.8603769
1/3/1940,131.5196902
1/4/1940,132.3166438
1/5/1940,133.4535782
1/6/1940,133.370706
1/8/1940,133.651313
1/9/1940,134.1078935
1/10/1940,134.8039226
1/11/1940,135.3382445
1/12/1940,135.7748035
1/13/1940,135.8222365
1/15/1940,136.2077313
1/16/1940,136.4869504
1/17/1940,136.6105789
1/18/1940,137.7104645
1/19/1940,138.1308045
1/20/1940,137.9052726
1/22/1940,138.3583532
1/23/1940,138.6552236
1/24/1940,137.3503827
1/25/1940,137.9113857
1/26/1940,137.7783693
1/27/1940,137.8964196
1/29/1940,138.2246885
1/30/1940,138.3504718
1/31/1940,138.7708554
2/1/1940,139.0972379
2/2/1940,139.125546
2/3/1940,138.8310372
2/5/1940,139.0216534
2/6/1940,138.5250789
2/7/1940,139.0022351
2/8/1940,137.3233014
2/9/1940,137.4711778
2/10/1940,138.1100267
2/13/1940,138.6547657
2/14/1940,138.7714867
2/15/1940,138.6319115
2/16/1940,137.8787379
2/17/1940,137.5221745
2/19/1940,138.0625931
2/20/1940,137.2997966
2/21/1940,137.344885
2/23/1940,138.341514
2/24/1940,138.707418
2/26/1940,139.0889126
2/27/1940,138.1020637
2/28/1940,138.8039001
2/29/1940,138.9462009
3/1/1940,138.6839801
3/2/1940,138.2371201
3/4/1940,138.7394532
3/5/1940,138.6498869
3/6/1940,138.538445
3/7/1940,138.5864762
3/8/1940,139.2665012
3/9/1940,138.8587201
3/11/1940,139.0334685
3/12/1940,139.573528
3/13/1940,140.2794626
3/14/1940,141.323252
3/15/1940,142.5578634
3/16/1940,142.7714836
3/18/1940,142.9239178
3/19/1940,142.0259135
3/20/1940,141.376031
3/21/1940,141.4943923
3/23/1940,141.2770676
3/25/1940,142.2858104
3/26/1940,142.7410184
3/27/1940,141.5726564
3/28/1940,142.4090228
3/29/1940,142.7142686
3/30/1940,141.5669508
4/1/1940,142.0782164
4/2/1940,142.6572551
4/3/1940,140.5751058
4/4/1940,139.463624
4/5/1940,139.550939
4/6/1940,139.2643836
4/8/1940,139.5532229
4/9/1940,139.6739046
4/10/1940,139.8865235
4/11/1940,140.0005907
4/12/1940,140.4831545
4/13/1940,140.8027671
4/15/1940,140.8483479
4/16/1940,141.1916407
4/17/1940,140.2860022
4/18/1940,141.0945323
4/19/1940,140.9155689
4/20/1940,139.9541084
4/22/1940,140.211922
4/23/1940,139.6989304
4/24/1940,140.4459794
4/25/1940,139.9390363
4/26/1940,140.7951533
4/27/1940,140.8869252
4/29/1940,140.9831123
4/30/1940,141.2308596
5/1/1940,141.7647509
5/2/1940,141.3398326
5/3/1940,141.2853599
5/4/1940,141.6943711
5/6/1940,142.2834118
5/7/1940,141.6234385
5/8/1940,141.8900415
5/9/1940,140.9183335
5/10/1940,140.4600741
5/11/1940,139.5232191
5/13/1940,139.5464484
5/14/1940,138.6265806
5/15/1940,137.9798403
5/16/1940,134.3892373
5/17/1940,134.3478397
5/18/1940,133.0288786
5/20/1940,131.201164
5/21/1940,127.7611459
5/22/1940,127.9314731
5/23/1940,127.81727
5/24/1940,126.655281
5/25/1940,126.8255624
5/27/1940,127.1764441
5/28/1940,126.8051123
5/29/1940,127.2415078
5/31/1940,126.7584245
6/1/1940,127.3037242
6/3/1940,127.3554368
6/4/1940,127.4192518
6/5/1940,127.4560936
6/6/1940,128.0067275
6/7/1940,128.3558183
6/8/1940,128.8326767
6/10/1940,128.0338894
6/11/1940,126.821683
6/12/1940,126.3263065
6/13/1940,128.290918
6/14/1940,127.3381588
6/15/1940,128.1932923
6/17/1940,128.4571582
6/18/1940,128.7146805
6/19/1940,129.1668577
6/20/1940,129.5255935
6/21/1940,129.2185106
6/22/1940,128.9231467
6/24/1940,129.6365071
6/25/1940,130.5819872
6/26/1940,130.3658348
6/27/1940,129.8385384
6/28/1940,130.8316363
6/29/1940,131.2168164
7/1/1940,132.0263746
7/2/1940,132.1031213
7/3/1940,132.144418
7/5/1940,132.747627
7/6/1940,132.6776365
7/8/1940,133.652732
7/9/1940,133.2710512
7/10/1940,133.5283873
7/11/1940,133.2464711
7/12/1940,133.7693098
7/13/1940,133.6327932
7/15/1940,133.7238881
7/16/1940,133.3043166
7/17/1940,134.2942187
7/18/1940,135.0459115
7/19/1940,134.8211157
7/20/1940,135.0640561
7/22/1940,135.1149293
7/23/1940,135.7237071
7/24/1940,135.7255
7/25/1940,135.7825789
7/26/1940,134.8324214
7/27/1940,134.6964076
7/29/1940,134.7738594
7/30/1940,133.5972759
7/31/1940,134.3654281
8/1/1940,134.9327483
8/2/1940,135.7417044
8/3/1940,135.2554152
8/5/1940,135.1729143
8/6/1940,136.0026881
8/7/1940,135.7409553
8/8/1940,136.5012357
8/9/1940,135.798746
8/10/1940,135.2184637
8/12/1940,135.6630434
8/13/1940,136.14025
8/14/1940,136.0049424
8/15/1940,135.7698238
8/16/1940,135.7618618
8/17/1940,135.5694401
8/19/1940,135.8052826
8/20/1940,135.3659931
8/21/1940,135.135535
8/22/1940,135.6514341
8/23/1940,135.9814913
8/24/1940,136.2617367
8/26/1940,136.9787445
8/27/1940,136.9809226
8/28/1940,136.2572242
8/29/1940,136.9693331
8/30/1940,136.342397
8/31/1940,135.2292067
9/3/1940,134.7073554
9/4/1940,135.1693311
9/5/1940,134.111456
9/6/1940,135.1226966
9/7/1940,134.7557469
9/9/1940,136.7318205
9/10/1940,136.7801247
9/11/1940,137.325902
9/12/1940,137.0696941
9/13/1940,137.544163
9/14/1940,136.7888921
9/16/1940,136.3489065
9/17/1940,137.2048996
9/18/1940,136.4942544
9/19/1940,136.8081267
9/20/1940,136.7460227
9/21/1940,136.7253852
9/23/1940,135.9369243
9/24/1940,136.6321076
9/25/1940,136.3606918
9/26/1940,137.2746643
9/27/1940,138.1124024
9/28/1940,137.5669686
9/30/1940,136.8842273
10/1/1940,136.0288547
10/2/1940,135.0426104
10/3/1940,135.7414295
10/4/1940,136.1766197
10/5/1940,136.2428034
10/7/1940,136.8538531
10/8/1940,137.6541505
10/9/1940,138.0272337
10/10/1940,137.7965432
10/11/1940,137.1895775
10/14/1940,138.1968146
10/15/1940,137.3314237
10/16/1940,136.7636254
10/17/1940,136.4882209
10/18/1940,136.9560482
10/19/1940,136.7374643
10/21/1940,136.8475978
10/22/1940,136.1145822
10/23/1940,135.7359925
10/24/1940,136.1113816
10/25/1940,135.7991864
10/26/1940,135.3486093
10/28/1940,135.7523072
10/29/1940,135.6648472
10/30/1940,135.3644094
10/31/1940,134.3286504
11/1/1940,134.5362873
11/2/1940,134.7026589
11/4/1940,135.1220612
11/6/1940,137.2518909
11/7/1940,133.8606714
11/8/1940,134.5474652
11/9/1940,132.9497677
11/12/1940,132.7096183
11/13/1940,132.4951621
11/14/1940,132.4784131
11/15/1940,133.6260308
11/16/1940,134.3649687
11/18/1940,134.4895875
11/19/1940,135.0539539
11/20/1940,135.5609224
11/22/1940,135.5370071
11/23/1940,135.2526247
11/25/1940,135.4080061
11/26/1940,136.0251931
11/27/1940,137.1918511
11/28/1940,136.9474726
11/29/1940,136.9519482
11/30/1940,136.7152221
12/2/1940,137.6609463
12/3/1940,138.2351277
12/4/1940,138.2276716
12/5/1940,138.4165308
12/6/1940,138.0268462
12/7/1940,137.744274
12/9/1940,138.1339629
12/10/1940,138.5221135
12/11/1940,138.3550163
12/12/1940,138.1850749
12/13/1940,138.0295967
12/14/1940,138.3813383
12/16/1940,138.6684337
12/17/1940,138.7582247
12/18/1940,139.4339562
12/19/1940,139.6780013
12/20/1940,139.2632654
12/21/1940,139.2860844
12/23/1940,138.9987406
12/24/1940,138.9269095
12/26/1940,139.4205308
12/27/1940,139.7812921
12/28/1940,139.2813866
12/30/1940,139.8828513
12/31/1940,139.2621835
1/2/1941,139.2478748
1/3/1941,138.4603461
1/4/1941,138.1385619
1/6/1941,138.1008281
1/7/1941,138.9832445
1/8/1941,138.8761821
1/9/1941,138.5639145
1/10/1941,137.1093998
1/11/1941,137.2358068
1/13/1941,137.6809904
1/14/1941,138.799915
1/15/1941,138.4795283
1/16/1941,139.3979626
1/17/1941,139.2227422
1/18/1941,139.4184529
1/20/1941,139.6855452
1/21/1941,139.6307355
1/22/1941,139.2021398
1/23/1941,139.1545633
1/24/1941,139.2926173
1/25/1941,139.222846
1/27/1941,138.7901306
1/28/1941,138.9584851
1/29/1941,139.4713619
1/30/1941,139.8359439
1/31/1941,139.6349604
2/1/1941,139.9376132
2/3/1941,140.1835119
2/4/1941,140.1300443
2/5/1941,138.9794453
2/6/1941,139.3083948
2/7/1941,139.7852275
2/8/1941,139.2205351
2/10/1941,139.7781908
2/11/1941,140.4591713
2/13/1941,141.0721723
2/14/1941,141.3095706
2/15/1941,140.9167768
2/17/1941,140.8450697
2/18/1941,140.9494273
2/19/1941,141.402601
2/20/1941,140.1678105
2/21/1941,140.1801277
2/24/1941,140.0408184
2/25/1941,139.4760184
2/26/1941,138.893016
2/27/1941,138.7790715
2/28/1941,138.1249521
3/1/1941,137.9741417
3/3/1941,139.4803948
3/4/1941,139.2396439
3/5/1941,138.9967206
3/6/1941,137.9044296
3/7/1941,138.5428029
3/8/1941,138.7709483
3/10/1941,137.1178174
3/11/1941,137.228952
3/12/1941,137.9065521
3/13/1941,138.1093277
3/14/1941,138.0530763
3/15/1941,137.3964001
3/17/1941,137.3118478
3/18/1941,137.8261592
3/19/1941,138.4284109
3/20/1941,138.4391329
3/21/1941,139.4489444
3/22/1941,139.0623843
3/24/1941,139.7639668
3/25/1941,139.8121354
3/26/1941,139.7750961
3/27/1941,139.1314081
3/28/1941,138.8689716
3/29/1941,139.2594682
3/31/1941,138.7762683
4/1/1941,138.8449214
4/2/1941,139.0287352
4/3/1941,137.490382
4/4/1941,137.2004614
4/5/1941,137.8754847
4/7/1941,138.3870381
4/8/1941,140.0712336
4/9/1941,140.359482
4/10/1941,140.1228682
4/12/1941,140.3783942
4/14/1941,140.6707122
4/15/1941,140.6978606
4/16/1941,140.3376923
4/17/1941,140.0738837
4/18/1941,140.7446174
4/19/1941,141.2619271
4/21/1941,141.0200148
4/22/1941,140.6536991
4/23/1941,139.5646509
4/24/1941,138.9667476
4/25/1941,139.2964568
4/26/1941,138.977951
4/28/1941,138.9417644
4/29/1941,138.5788943
4/30/1941,139.2298101
5/1/1941,138.9238705
5/2/1941,138.3771536
5/3/1941,138.0033236
5/5/1941,137.3390691
5/6/1941,136.7342311
5/7/1941,136.3543236
5/8/1941,137.1704315
5/9/1941,136.7562797
5/10/1941,136.0211001
5/12/1941,136.5690694
5/13/1941,137.1946407
5/14/1941,137.1386885
5/15/1941,138.445379
5/16/1941,138.597401
5/17/1941,138.4383229
5/19/1941,138.6188893
5/20/1941,137.829263
5/21/1941,138.0656956
5/22/1941,138.5670864
5/23/1941,138.6838892
5/24/1941,138.1215994
5/26/1941,138.8643065
5/27/1941,138.080125
5/28/1941,138.2454456
5/29/1941,137.9840931
5/31/1941,137.787813
6/2/1941,138.03801
6/3/1941,138.1029316
6/4/1941,138.4483441
6/5/1941,137.6693384
6/6/1941,137.6394932
6/7/1941,137.3078599
6/9/1941,137.6308705
6/10/1941,137.8662557
6/11/1941,137.6024983
6/12/1941,138.0839808
6/13/1941,138.5142218
6/14/1941,138.1641853
6/16/1941,138.5135662
6/17/1941,138.5164889
6/18/1941,138.7595777
6/19/1941,139.3169894
6/20/1941,139.7102535
6/21/1941,139.3155419
6/23/1941,138.5108679
6/24/1941,139.3780708
6/25/1941,138.78476
6/26/1941,138.4666514
6/27/1941,138.7601834
6/28/1941,139.7193816
6/30/1941,140.1188001
7/1/1941,140.2017644
7/2/1941,140.3717482
7/3/1941,140.8559975
7/5/1941,140.4502103
7/7/1941,139.8680736
7/8/1941,139.3108683
7/9/1941,139.2802305
7/10/1941,139.3203339
7/11/1941,139.5647092
7/12/1941,139.4054019
7/14/1941,139.6995294
7/15/1941,139.3222061
7/16/1941,139.8870987
7/17/1941,139.5036175
7/18/1941,139.1859696
7/19/1941,139.1708837
7/21/1941,137.8717771
7/22/1941,138.6750628
7/23/1941,138.3681378
7/24/1941,138.6708799
7/25/1941,139.3350995
7/26/1941,138.0558238
7/28/1941,136.8285883
7/29/1941,136.5946911
7/30/1941,135.9810985
7/31/1941,135.8068029
8/1/1941,135.4587663
8/2/1941,135.5129841
8/4/1941,135.4568406
8/5/1941,136.0976455
8/6/1941,136.4173058
8/7/1941,136.7921173
8/8/1941,136.9449563
8/9/1941,137.624011
8/11/1941,137.8682703
8/12/1941,137.5971517
8/13/1941,137.1867078
8/14/1941,137.1335204
8/15/1941,137.1741943
8/16/1941,137.0253533
8/18/1941,136.3897578
8/19/1941,136.7424053
8/20/1941,136.5017737
8/21/1941,136.6376892
8/22/1941,136.7196136
8/23/1941,136.5815531
8/25/1941,136.7040552
8/26/1941,136.2710623
8/27/1941,136.6231513
8/28/1941,136.8115683
8/29/1941,137.1530645
8/30/1941,136.8166442
9/2/1941,137.1251726
9/3/1941,137.4345787
9/4/1941,138.0363685
9/5/1941,137.9661708
9/6/1941,137.8337522
9/8/1941,137.4735666
9/9/1941,138.0714625
9/10/1941,137.9138849
9/11/1941,137.5718766
9/12/1941,137.9012528
9/13/1941,137.5827703
9/15/1941,138.1212104
9/16/1941,138.5324021
9/17/1941,138.1550144
9/18/1941,138.268313
9/19/1941,139.2127269
9/20/1941,139.1764467
9/22/1941,139.3452439
9/23/1941,139.7716983
9/24/1941,140.1000538
9/25/1941,140.3968881
9/26/1941,140.0970549
9/27/1941,139.5695211
9/29/1941,139.254339
9/30/1941,139.384461
10/1/1941,139.7839336
10/2/1941,139.9947889
10/3/1941,139.8264332
10/4/1941,139.3808316
10/6/1941,139.2773939
10/7/1941,139.6104451
10/8/1941,139.8904041
10/9/1941,140.0431814
10/10/1941,140.0592293
10/11/1941,139.535644
10/14/1941,140.0580942
10/15/1941,140.3020644
10/16/1941,140.4152271
10/17/1941,140.3500421
10/18/1941,139.550387
10/20/1941,139.5162338
10/21/1941,139.2032946
10/22/1941,139.3229408
10/23/1941,139.2760617
10/24/1941,139.0170303
10/25/1941,139.1379608
10/27/1941,139.1878565
10/28/1941,139.1163102
10/29/1941,139.1085599
10/30/1941,139.1236901
10/31/1941,139.0244989
11/1/1941,138.041725
11/3/1941,138.629028
11/5/1941,138.2933351
11/6/1941,138.673548
11/7/1941,138.9241479
11/8/1941,138.989171
11/10/1941,139.034117
11/12/1941,139.5850848
11/13/1941,139.9307044
11/14/1941,139.9095147
11/15/1941,139.4059594
11/17/1941,139.3768222
11/18/1941,139.957928
11/19/1941,139.4563704
11/21/1941,139.0644319
11/22/1941,139.3573872
11/24/1941,139.7094746
11/25/1941,139.9005183
11/26/1941,140.55537
11/27/1941,140.2147596
11/28/1941,139.9158254
11/29/1941,139.9054474
12/1/1941,140.3286556
12/2/1941,140.5300341
12/3/1941,141.2627772
12/4/1941,141.4166494
12/5/1941,141.7542036
12/6/1941,141.8602517
12/8/1941,141.6556686
12/9/1941,142.2788071
12/10/1941,141.6395633
12/11/1941,140.7083273
12/12/1941,140.9489398
12/13/1941,140.4365081
12/15/1941,140.8078384
12/16/1941,140.8231396
12/17/1941,141.058878
12/18/1941,140.0773984
12/19/1941,140.1139152
12/20/1941,140.1578766
12/22/1941,140.2510601
12/23/1941,140.0685632
12/24/1941,140.5500409
12/26/1941,140.1606769
12/27/1941,139.875505
12/29/1941,140.0569782
12/30/1941,140.6736777
12/31/1941,140.1432872
1/2/1942,136.2840087
1/3/1942,134.3838384
1/5/1942,133.8126882
1/6/1942,134.2839228
1/7/1942,134.0493244
1/8/1942,133.3915576
1/9/1942,132.8827344
1/10/1942,132.353371
1/12/1942,132.45176
1/13/1942,130.9927625
1/14/1942,130.9367412
1/15/1942,130.9881006
1/16/1942,130.8554617
1/17/1942,131.1697729
1/19/1942,130.7512322
1/20/1942,130.1230782
1/21/1942,131.3592278
1/22/1942,130.5133005
1/23/1942,129.5897515
1/24/1942,129.8299415
1/26/1942,128.0201039
1/27/1942,127.1400599
1/28/1942,128.5507938
1/29/1942,126.3444972
1/30/1942,126.99253
1/31/1942,127.6317033
2/2/1942,127.6605323
2/3/1942,127.4731115
2/4/1942,127.3495165
2/5/1942,126.5729886
2/6/1942,126.8558437
2/7/1942,126.5446679
2/9/1942,126.8686429
2/10/1942,127.2526138
2/11/1942,127.3122704
2/13/1942,127.018353
2/14/1942,126.2854596
2/16/1942,126.1957415
2/17/1942,125.9922819
2/18/1942,125.6001847
2/19/1942,125.5801755
2/20/1942,125.0948606
2/21/1942,124.778026
2/24/1942,124.9514025
2/25/1942,124.4553358
2/26/1942,124.5852083
2/27/1942,124.6795552
2/28/1942,124.7426288
3/2/1942,124.907035
3/3/1942,124.6298679
3/4/1942,124.3023069
3/5/1942,124.3097119
3/6/1942,123.9403897
3/7/1942,123.149092
3/9/1942,122.9771484
3/10/1942,122.5011882
3/11/1942,122.2184899
3/12/1942,121.7687742
3/13/1942,121.4455969
3/14/1942,121.1531524
3/16/1942,120.7886177
3/17/1942,120.9460121
3/18/1942,121.3520858
3/19/1942,121.0983886
3/20/1942,121.534787
3/21/1942,120.9938224
3/23/1942,121.2038385
3/24/1942,120.9421789
3/25/1942,121.1984755
3/26/1942,121.1901399
3/27/1942,120.890845
3/28/1942,120.5856893
3/30/1942,120.5227572
3/31/1942,120.4831459
4/1/1942,120.3206049
4/2/1942,119.8868981
4/4/1942,120.3522614
4/6/1942,120.8892022
4/7/1942,120.8969032
4/8/1942,120.965715
4/9/1942,121.1344548
4/10/1942,120.9899014
4/11/1942,120.6231921
4/13/1942,120.5844632
4/14/1942,121.2845155
4/15/1942,120.9787757
4/16/1942,120.715828
4/17/1942,120.2976784
4/18/1942,120.4462202
4/20/1942,120.3163502
4/21/1942,119.782206
4/22/1942,119.7667124
4/23/1942,119.1176042
4/24/1942,118.9699508
4/25/1942,118.2354723
4/27/1942,118.1967122
4/28/1942,118.0567687
4/29/1942,117.5658286
4/30/1942,118.150866
5/1/1942,118.2873188
5/2/1942,118.4641373
5/4/1942,118.6576949
5/5/1942,118.8711452
5/6/1942,118.8166387
5/7/1942,119.1304834
5/8/1942,119.1725724
5/9/1942,119.4349905
5/11/1942,120.0254322
5/12/1942,120.456016
5/13/1942,120.7114433
5/14/1942,120.8013858
5/15/1942,120.6231077
5/16/1942,120.9098708
5/18/1942,121.341065
5/19/1942,121.3827038
5/20/1942,121.6992443
5/21/1942,122.4638002
5/22/1942,122.8059498
5/23/1942,122.6671495
5/25/1942,123.0476663
5/26/1942,122.8258369
5/27/1942,123.3242448
5/28/1942,123.5884196
5/29/1942,123.9954373
6/1/1942,124.3233869
6/2/1942,124.5798921
6/3/1942,125.0524433
6/4/1942,125.9375824
6/5/1942,126.1926318
6/6/1942,126.3519005
6/8/1942,126.9275246
6/9/1942,127.4841145
6/10/1942,127.5038052
6/11/1942,127.6147303
6/12/1942,127.4056412
6/13/1942,127.1381125
6/15/1942,127.2672596
6/16/1942,127.0534988
6/17/1942,127.8405073
6/18/1942,128.1967853
6/19/1942,128.190608
6/20/1942,127.8424252
6/22/1942,127.5459209
6/23/1942,127.5191218
6/24/1942,127.7418234
6/25/1942,127.2063757
6/26/1942,127.0269499
6/27/1942,126.6197666
6/29/1942,126.8899524
6/30/1942,126.8772817
7/1/1942,126.8126616
7/2/1942,126.7325059
7/3/1942,126.5660453
7/6/1942,126.4350564
7/7/1942,126.9754995
7/8/1942,126.7790675
7/9/1942,127.1074161
7/10/1942,127.5471012
7/11/1942,127.5294193
7/13/1942,127.6290776
7/14/1942,127.395646
7/15/1942,127.5467347
7/16/1942,127.561101
7/17/1942,127.8364885
7/18/1942,127.6786775
7/20/1942,128.0515159
7/21/1942,128.3668425
7/22/1942,128.1780715
7/23/1942,128.3888177
7/24/1942,127.7619898
7/25/1942,127.6820039
7/27/1942,127.6483147
7/28/1942,128.1046961
7/29/1942,128.0149975
7/30/1942,127.8525441
7/31/1942,127.6375263
8/1/1942,126.9584964
8/3/1942,126.9383998
8/4/1942,127.2469188
8/5/1942,127.5563916
8/6/1942,127.5425218
8/7/1942,127.6657308
8/8/1942,127.8345791
8/10/1942,127.6397076
8/11/1942,127.6922299
8/12/1942,127.8751181
8/13/1942,127.748462
8/14/1942,127.8000844
8/15/1942,127.7891603
8/17/1942,127.6612487
8/18/1942,127.7026932
8/19/1942,127.5929823
8/20/1942,127.6181786
8/21/1942,127.5033246
8/22/1942,127.6981754
8/24/1942,127.8515708
8/25/1942,128.0970459
8/26/1942,128.4370193
8/27/1942,127.9207997
8/28/1942,127.9584685
8/29/1942,128.1818033
8/31/1942,128.3479946
9/1/1942,128.3694866
9/2/1942,128.3472237
9/3/1942,128.3397831
9/4/1942,128.0929674
9/5/1942,127.7564593
9/8/1942,128.3049375
9/9/1942,128.2148781
9/10/1942,128.5207027
9/11/1942,128.5292425
9/12/1942,128.2999103
9/14/1942,128.0147906
9/15/1942,127.9646079
9/16/1942,127.798418
9/17/1942,127.6308681
9/18/1942,127.7470351
9/19/1942,127.7893806
9/21/1942,127.5784342
9/22/1942,126.8155606
9/23/1942,126.0995758
9/24/1942,125.1876693
9/25/1942,125.1362745
9/26/1942,125.5298431
9/28/1942,125.6679833
9/29/1942,125.9800203
9/30/1942,125.9956376
10/1/1942,125.4796687
10/2/1942,124.2329809
10/3/1942,124.0057187
10/5/1942,123.5875721
10/6/1942,123.7232509
10/7/1942,122.9294539
10/8/1942,122.5419897
10/9/1942,122.488796
10/10/1942,122.1812148
10/13/1942,122.5753806
10/14/1942,122.7929544
10/15/1942,123.3630065
10/16/1942,123.2937076
10/17/1942,123.2252901
10/19/1942,123.0942572
10/20/1942,123.1999477
10/21/1942,123.0472908
10/22/1942,123.1711462
10/23/1942,123.7198992
10/24/1942,123.5720457
10/26/1942,123.0138032
10/27/1942,123.9458601
10/28/1942,124.5491476
10/29/1942,124.470096
10/30/1942,124.0817475
10/31/1942,123.3182074
11/2/1942,122.9841094
11/4/1942,123.7135967
11/5/1942,123.7357897
11/6/1942,123.7744248
11/7/1942,123.6731858
11/9/1942,123.8355984
11/10/1942,123.9508713
11/12/1942,124.3850963
11/13/1942,125.1670964
11/14/1942,124.8748115
11/16/1942,125.135355
11/17/1942,125.527509
11/18/1942,125.7622839
11/19/1942,125.9655915
11/20/1942,125.69185
11/21/1942,125.8847298
11/23/1942,126.4491334
11/24/1942,126.7376932
11/25/1942,127.100457
11/27/1942,127.2415988
11/28/1942,127.3733319
11/30/1942,128.150677
12/1/1942,128.4926045
12/2/1942,128.5672922
12/3/1942,128.1619126
12/4/1942,128.7932246
12/5/1942,128.9139474
12/7/1942,129.6050818
12/8/1942,129.4098232
12/9/1942,129.9016836
12/10/1942,130.3753698
12/11/1942,130.412081
12/12/1942,130.3654507
12/14/1942,130.7832419
12/15/1942,130.7839765
12/16/1942,130.6113025
12/17/1942,130.0406957
12/18/1942,129.9120542
12/19/1942,130.3187594
12/21/1942,130.5449671
12/22/1942,130.8551731
12/23/1942,131.4813471
12/24/1942,131.796686
12/26/1942,131.3514241
12/28/1942,131.4827876
12/29/1942,131.679806
12/30/1942,131.8791177
12/31/1942,131.7474921
1/2/1943,130.4602559
1/4/1943,129.7896024
1/5/1943,129.8211272
1/6/1943,129.3981915
1/7/1943,128.2939377
1/8/1943,128.3438077
1/9/1943,127.4993868
1/11/1943,127.6444595
1/12/1943,127.5725092
1/13/1943,126.8811712
1/14/1943,126.0541763
1/15/1943,126.0210185
1/16/1943,125.829763
1/18/1943,126.0074745
1/19/1943,127.4896854
1/20/1943,126.7350609
1/21/1943,126.277555
1/22/1943,126.6154288
1/23/1943,126.6760493
1/25/1943,126.3932605
1/26/1943,126.7177113
1/27/1943,126.1210497
1/28/1943,125.7395478
1/29/1943,124.4001226
1/30/1943,124.1999284
2/1/1943,123.7631859
2/2/1943,123.8980209
2/3/1943,124.2636972
2/4/1943,123.9412467
2/5/1943,123.6088102
2/6/1943,123.8032719
2/8/1943,123.9811493
2/9/1943,123.6873136
2/10/1943,122.8784814
2/11/1943,122.6569762
2/13/1943,122.0507348
2/15/1943,121.189696
2/16/1943,121.5781515
2/17/1943,121.2906867
2/18/1943,121.9925738
2/19/1943,121.8107359
2/20/1943,121.0514064
2/23/1943,120.3101972
2/24/1943,119.286589
2/25/1943,118.3263921
2/26/1943,117.848985
2/27/1943,116.4428337
3/1/1943,116.3871063
3/2/1943,116.4019923
3/3/1943,115.1816508
3/4/1943,115.6038039
3/5/1943,115.7141767
3/6/1943,115.8778643
3/8/1943,116.1229999
3/9/1943,116.3302637
3/10/1943,116.2718204
3/11/1943,114.9807998
3/12/1943,114.6990495
3/13/1943,114.939569
3/15/1943,115.7218193
3/16/1943,116.8710847
3/17/1943,117.8229227
3/18/1943,117.4040371
3/19/1943,117.8279006
3/20/1943,117.979541
3/22/1943,117.2108186
3/23/1943,117.1840108
3/24/1943,116.9473063
3/25/1943,116.1650725
3/26/1943,116.5178154
3/27/1943,117.1712362
3/29/1943,117.0777579
3/30/1943,117.7006265
3/31/1943,117.6804398
4/1/1943,117.1854407
4/2/1943,117.1154454
4/3/1943,116.9472342
4/5/1943,115.9452124
4/6/1943,116.000639
4/7/1943,116.249307
4/8/1943,116.445117
4/9/1943,118.1815908
4/10/1943,117.7202255
4/12/1943,117.7138078
4/13/1943,117.5340196
4/14/1943,116.6675394
4/15/1943,116.6528183
4/16/1943,116.7137659
4/17/1943,116.6392015
4/19/1943,116.6490273
4/20/1943,116.8165902
4/21/1943,115.9664445
4/22/1943,115.8244026
4/24/1943,115.8346191
4/26/1943,115.9776317
4/27/1943,116.409839
4/28/1943,116.2640115
4/29/1943,115.3016391
4/30/1943,115.7143926
5/1/1943,115.0819077
5/3/1943,114.3678526
5/4/1943,114.6354123
5/5/1943,113.8472246
5/6/1943,113.714316
5/7/1943,114.9816285
5/8/1943,113.8070939
5/10/1943,113.55632
5/11/1943,113.8090279
5/12/1943,114.2610705
5/13/1943,114.4228228
5/14/1943,115.0535586
5/15/1943,114.3651768
5/17/1943,114.0301089
5/18/1943,113.957733
5/19/1943,113.3912152
5/20/1943,113.611579
5/21/1943,113.9624722
5/22/1943,113.8623634
5/24/1943,114.324067
5/25/1943,114.3058172
5/26/1943,114.3791002
5/27/1943,114.5520321
5/28/1943,114.5885233
5/29/1943,114.5358329
6/1/1943,114.9069434
6/2/1943,115.5628713
6/3/1943,115.2970538
6/4/1943,115.4787619
6/5/1943,115.0466053
6/7/1943,115.4980943
6/8/1943,115.8513518
6/9/1943,115.7839825
6/10/1943,115.9544316
6/11/1943,116.2268783
6/12/1943,116.4514461
6/14/1943,117.609797
6/15/1943,117.1948779
6/16/1943,116.9668729
6/17/1943,117.0398577
6/18/1943,117.3164401
6/19/1943,117.5075854
6/21/1943,118.068463
6/22/1943,117.6937452
6/23/1943,117.3857837
6/24/1943,117.598949
6/25/1943,116.9597852
6/26/1943,116.8654743
6/28/1943,116.9793591
6/29/1943,117.3603485
6/30/1943,117.3944652
7/1/1943,117.3693714
7/2/1943,117.636072
7/3/1943,117.8163391
7/6/1943,118.2012615
7/7/1943,118.685184
7/8/1943,118.6844996
7/9/1943,118.3578735
7/10/1943,118.3115806
7/12/1943,118.3182458
7/13/1943,118.3582606
7/14/1943,118.5135697
7/15/1943,119.033045
7/16/1943,119.0122229
7/17/1943,118.9808783
7/19/1943,119.389242
7/20/1943,119.9618823
7/21/1943,119.7942786
7/22/1943,119.3651448
7/23/1943,119.5106362
7/24/1943,119.4905201
7/26/1943,120.5559829
7/27/1943,120.9580625
7/28/1943,119.9658986
7/29/1943,118.9811949
7/30/1943,119.7785965
7/31/1943,120.0283922
8/2/1943,120.3670778
8/3/1943,119.4654435
8/4/1943,119.5656753
8/5/1943,119.9160938
8/6/1943,120.4099145
8/7/1943,120.5285448
8/9/1943,120.5272146
8/10/1943,119.9121137
8/11/1943,119.7752366
8/12/1943,119.6133018
8/13/1943,119.915324
8/14/1943,119.5007333
8/16/1943,119.7502501
8/17/1943,119.9401656
8/18/1943,120.1020424
8/19/1943,120.6055129
8/20/1943,121.0090169
8/21/1943,121.3836779
8/23/1943,121.8147038
8/24/1943,121.5631401
8/25/1943,121.0577156
8/26/1943,121.1136438
8/27/1943,121.3169134
8/28/1943,121.178801
8/30/1943,121.4070543
8/31/1943,120.8518015
9/1/1943,120.3451255
9/2/1943,120.9325936
9/3/1943,121.1171033
9/4/1943,121.2110536
9/7/1943,121.5662876
9/8/1943,122.1076488
9/9/1943,121.0681069
9/10/1943,121.2367715
9/11/1943,121.4787259
9/13/1943,121.8338629
9/14/1943,122.2634385
9/15/1943,121.9502145
9/16/1943,121.6786344
9/17/1943,121.0450469
9/18/1943,120.6378113
9/20/1943,120.6436607
9/21/1943,120.9421612
9/22/1943,121.3329825
9/23/1943,121.8616607
9/24/1943,121.6941264
9/25/1943,121.3902046
9/27/1943,122.2434149
9/28/1943,122.211529
9/29/1943,122.0451489
9/30/1943,122.0867638
10/1/1943,121.854029
10/2/1943,121.799872
10/4/1943,122.2102228
10/5/1943,122.3956716
10/6/1943,122.8887189
10/7/1943,122.8243425
10/8/1943,122.3683724
10/9/1943,121.9632673
10/11/1943,122.2226967
10/13/1943,122.3706368
10/14/1943,122.2667602
10/15/1943,121.9511145
10/16/1943,121.9240258
10/18/1943,122.2292523
10/19/1943,121.8203219
10/20/1943,121.858844
10/21/1943,122.0403371
10/22/1943,122.2984541
10/23/1943,122.1681069
10/25/1943,122.2089967
10/26/1943,122.2728508
10/27/1943,121.6054909
10/28/1943,121.9145789
10/29/1943,122.2270005
10/30/1943,121.9885272
11/1/1943,122.4183516
11/3/1943,123.5467133
11/4/1943,123.9409012
11/5/1943,123.4161887
11/6/1943,123.4323218
11/8/1943,126.0484899
11/9/1943,124.6582953
11/10/1943,124.2650892
11/12/1943,124.5684992
11/13/1943,124.7824536
11/15/1943,124.4523366
11/16/1943,124.5673314
11/17/1943,124.8244542
11/18/1943,124.5732425
11/19/1943,123.5117158
11/20/1943,123.0906315
11/22/1943,123.1081768
11/23/1943,123.5695064
11/24/1943,123.9949967
11/26/1943,124.7378676
11/27/1943,124.5749928
11/29/1943,124.5937711
11/30/1943,124.3630528
12/1/1943,123.3738722
12/2/1943,123.1109138
12/3/1943,123.4910616
12/4/1943,123.3727663
12/6/1943,123.5162971
12/7/1943,123.2179987
12/8/1943,122.4607771
12/9/1943,122.9810264
12/10/1943,122.8554929
12/11/1943,122.8265551
12/13/1943,123.8569484
12/14/1943,124.0111789
12/15/1943,124.024788
12/16/1943,124.0247219
12/17/1943,123.6226578
12/18/1943,123.2795151
12/20/1943,123.3435572
12/21/1943,123.6808937
12/22/1943,123.955463
12/23/1943,123.8968354
12/24/1943,123.6076923
12/27/1943,123.5712265
12/28/1943,124.2444775
12/29/1943,124.0435784
12/30/1943,122.9031454
12/31/1943,123.3029895
1/3/1944,123.4277898
1/4/1944,122.3884442
1/5/1944,122.307309
1/6/1944,122.717448
1/7/1944,122.7700026
1/8/1944,122.8235898
1/10/1944,122.9052489
1/11/1944,122.9845895
1/12/1944,123.6434668
1/13/1944,123.4381172
1/14/1944,122.6933783
1/15/1944,122.2533296
1/17/1944,122.9410888
1/18/1944,123.0833467
1/19/1944,123.3270165
1/20/1944,123.049751
1/21/1944,122.6592586
1/22/1944,122.4981586
1/24/1944,123.1104625
1/25/1944,123.4107698
1/26/1944,124.3357249
1/27/1944,124.5013624
1/28/1944,123.7789817
1/29/1944,123.6642551
1/31/1944,123.3755151
2/1/1944,123.5747795
2/2/1944,123.659049
2/3/1944,123.9388122
2/4/1944,124.1737752
2/5/1944,123.849242
2/7/1944,123.9011289
2/8/1944,123.7456217
2/9/1944,123.9648596
2/10/1944,123.5074148
2/11/1944,123.4794044
2/14/1944,123.4553572
2/15/1944,123.2846454
2/16/1944,123.5877371
2/17/1944,123.1071106
2/18/1944,123.2761242
2/19/1944,123.2263466
2/21/1944,123.1621163
2/23/1944,122.3153227
2/24/1944,122.2232946
2/25/1944,122.4161947
2/26/1944,122.1202604
2/28/1944,122.6013639
2/29/1944,123.6215953
3/1/1944,123.1231082
3/2/1944,122.9130085
3/3/1944,123.2785008
3/4/1944,123.3217152
3/6/1944,122.9124612
3/7/1944,122.7673579
3/8/1944,122.7800286
3/9/1944,123.2451865
3/10/1944,123.0339512
3/11/1944,122.8437135
3/13/1944,122.6089265
3/14/1944,122.8820259
3/15/1944,122.5163271
3/16/1944,122.3666871
3/17/1944,122.4727328
3/18/1944,122.4886416
3/20/1944,122.8278286
3/21/1944,121.7453933
3/22/1944,122.0758058
3/23/1944,122.4554349
3/24/1944,122.0198549
3/25/1944,122.0749971
3/27/1944,122.245449
3/28/1944,123.8204707
3/29/1944,123.415947
3/30/1944,122.5700183
3/31/1944,122.5289423
4/1/1944,122.533715
4/3/1944,122.8830956
4/4/1944,122.7273841
4/5/1944,122.5404245
4/6/1944,122.4684514
4/8/1944,122.5606446
4/10/1944,122.6692256
4/11/1944,122.4955379
4/12/1944,122.8607919
4/13/1944,123.2351094
4/14/1944,123.2146417
4/15/1944,123.213403
4/17/1944,123.6613179
4/18/1944,124.9565622
4/19/1944,124.8851333
4/20/1944,124.082372
4/21/1944,124.0379008
4/22/1944,124.131756
4/24/1944,124.8220986
4/25/1944,124.5018542
4/26/1944,123.7604159
4/27/1944,123.3834209
4/28/1944,123.0861129
4/29/1944,123.0886217
5/1/1944,123.052259
5/2/1944,123.2102844
5/3/1944,123.2963688
5/4/1944,123.5879134
5/5/1944,123.3824796
5/6/1944,123.4239578
5/8/1944,123.4409173
5/9/1944,123.8155506
5/10/1944,123.9032277
5/11/1944,124.2150365
5/12/1944,125.3853055
5/13/1944,125.182749
5/15/1944,125.2421064
5/16/1944,124.8604262
5/17/1944,124.337013
5/18/1944,124.4828507
5/19/1944,124.7268903
5/20/1944,124.5758389
5/22/1944,124.7332025
5/23/1944,124.9035325
5/24/1944,124.9057748
5/25/1944,125.3636406
5/26/1944,125.4441344
5/27/1944,125.1201023
5/29/1944,125.0092924
5/31/1944,124.8063924
6/1/1944,125.2458871
6/2/1944,125.5856964
6/3/1944,125.6298992
6/5/1944,126.3017748
6/6/1944,126.1879973
6/7/1944,126.3765933
6/8/1944,126.3763267
6/9/1944,126.0178776
6/10/1944,125.5164231
6/12/1944,124.4086793
6/13/1944,124.4114198
6/14/1944,124.8086955
6/15/1944,124.0310353
6/16/1944,123.979969
6/17/1944,123.6577951
6/19/1944,123.8262436
6/20/1944,124.2525311
6/21/1944,124.4303825
6/22/1944,124.2361962
6/23/1944,123.8944781
6/24/1944,123.6451926
6/26/1944,122.8603659
6/27/1944,122.8140888
6/28/1944,122.4987904
6/29/1944,122.0498068
6/30/1944,121.5992591
7/1/1944,121.245439
7/3/1944,120.622539
7/5/1944,120.980227
7/6/1944,122.021476
7/7/1944,121.5357247
7/8/1944,121.1110147
7/10/1944,121.418229
7/11/1944,122.0779952
7/12/1944,122.2531389
7/13/1944,122.723116
7/14/1944,123.0357233
7/15/1944,123.2963518
7/17/1944,124.1115337
7/18/1944,124.3932161
7/19/1944,123.3013933
7/20/1944,124.0025408
7/21/1944,124.3565457
7/22/1944,124.8769855
7/24/1944,124.212351
7/25/1944,123.4936405
7/26/1944,123.6739019
7/27/1944,123.6176146
7/28/1944,123.7949262
7/29/1944,123.8545682
7/31/1944,123.9517383
8/1/1944,123.369584
8/2/1944,123.3466188
8/3/1944,123.9476366
8/4/1944,124.6029836
8/5/1944,123.9285851
8/7/1944,123.5226377
8/8/1944,123.6812549
8/9/1944,123.0585888
8/10/1944,122.643553
8/11/1944,122.4159298
8/12/1944,122.2572664
8/14/1944,122.7142227
8/15/1944,122.7131942
8/16/1944,122.1543763
8/17/1944,121.9095966
8/18/1944,122.3968837
8/21/1944,123.0265557
8/22/1944,123.4256093
8/23/1944,123.1653789
8/24/1944,123.7961262
8/25/1944,123.6627034
8/28/1944,123.6218142
8/29/1944,123.3537096
8/30/1944,123.2040177
8/31/1944,123.4593859
9/1/1944,123.5192694
9/5/1944,124.3381793
9/6/1944,125.6650023
9/7/1944,124.6495666
9/8/1944,124.4064155
9/9/1944,124.3364648
9/11/1944,124.2841313
9/12/1944,124.2549222
9/13/1944,125.1034579
9/14/1944,124.9836078
9/15/1944,124.3970649
9/16/1944,124.0914074
9/18/1944,124.3227775
9/19/1944,124.1159344
9/20/1944,124.2158301
9/21/1944,124.5788603
9/22/1944,124.5555084
9/23/1944,124.2566569
9/25/1944,124.0554618
9/26/1944,124.3647434
9/27/1944,124.0697281
9/28/1944,124.1029546
9/29/1944,123.766718
9/30/1944,123.5819661
10/2/1944,123.587173
10/3/1944,124.1082186
10/4/1944,123.9516622
10/5/1944,123.8302676
10/6/1944,124.1731987
10/7/1944,124.337028
10/9/1944,124.9524435
10/10/1944,124.9028862
10/11/1944,124.8374592
10/13/1944,124.9835924
10/14/1944,125.0608967
10/16/1944,125.5437141
10/17/1944,125.4047912
10/18/1944,125.230236
10/19/1944,125.2563475
10/20/1944,125.3958698
10/21/1944,125.420369
10/23/1944,126.4616799
10/24/1944,126.0566036
10/25/1944,126.1974416
10/26/1944,126.4912567
10/27/1944,126.3315438
10/28/1944,126.3131132
10/30/1944,126.5682251
10/31/1944,126.3389033
11/1/1944,126.2354476
11/2/1944,125.9167857
11/3/1944,125.840109
11/4/1944,125.9007591
11/6/1944,126.0385266
11/8/1944,126.1303759
11/9/1944,126.1775422
11/10/1944,125.9119832
11/13/1944,126.9416104
11/14/1944,127.6540476
11/15/1944,127.01015
11/16/1944,127.1116576
11/17/1944,127.4538575
11/18/1944,127.4069637
11/20/1944,126.9902738
11/21/1944,126.5809704
11/22/1944,126.5496209
11/24/1944,127.0409431
11/25/1944,126.9561123
11/27/1944,126.8865132
11/28/1944,126.9005974
11/29/1944,126.6596027
11/30/1944,126.9275466
12/1/1944,127.135217
12/2/1944,126.8600382
12/4/1944,126.0432449
12/5/1944,126.4312299
12/6/1944,126.3693438
12/7/1944,126.3188252
12/8/1944,125.809712
12/9/1944,126.1256126
12/11/1944,126.2389085
12/12/1944,126.60022
12/13/1944,126.891344
12/14/1944,126.3667425
12/15/1944,125.7660185
12/16/1944,126.2088509
12/18/1944,126.6220216
12/19/1944,126.1687584
12/20/1944,126.662226
12/21/1944,126.4006134
12/22/1944,125.7871365
12/23/1944,125.6397157
12/26/1944,125.6770814
12/27/1944,125.7528589
12/28/1944,125.3075913
12/29/1944,124.9514076
12/30/1944,124.731037
1/2/1945,124.4515314
1/3/1945,124.4843556
1/4/1945,124.9985
1/5/1945,125.6821677
1/6/1945,125.8027568
1/8/1945,125.498642
1/9/1945,125.805646
1/10/1945,125.1646382
1/11/1945,125.4130669
1/12/1945,125.4701075
1/13/1945,125.3609142
1/15/1945,125.7664953
1/16/1945,125.603965
1/17/1945,125.35831
1/18/1945,125.7335548
1/19/1945,125.9385468
1/20/1945,126.5308568
1/22/1945,126.0579586
1/23/1945,126.617181
1/24/1945,126.208121
1/25/1945,125.8175662
1/26/1945,125.3891191
1/27/1945,125.3883192
1/29/1945,125.135158
1/30/1945,125.8766955
1/31/1945,125.223344
2/1/1945,124.9763024
2/2/1945,124.6056007
2/3/1945,124.5284137
2/5/1945,124.3708406
2/6/1945,124.6656299
2/7/1945,124.6789875
2/8/1945,125.1482714
2/9/1945,125.6014555
2/10/1945,125.284341
2/13/1945,124.7805888
2/14/1945,125.1750829
2/15/1945,125.0336829
2/16/1945,125.5774109
2/17/1945,125.6587064
2/19/1945,125.3750027
2/20/1945,125.3684852
2/21/1945,125.5106937
2/23/1945,125.9680641
2/24/1945,126.4360252
2/26/1945,126.4041307
2/27/1945,125.9735994
2/28/1945,125.5272686
3/1/1945,125.5723776
3/2/1945,126.4183035
3/3/1945,126.2539086
3/5/1945,126.4258958
3/6/1945,126.7607145
3/7/1945,127.4734348
3/8/1945,128.3941775
3/9/1945,128.0387377
3/10/1945,127.182504
3/12/1945,127.2454755
3/13/1945,127.1354368
3/14/1945,127.0876015
3/15/1945,127.2312647
3/16/1945,127.4552416
3/17/1945,127.5547745
3/19/1945,127.944022
3/20/1945,127.967258
3/21/1945,127.5981868
3/22/1945,127.453505
3/23/1945,127.226959
3/24/1945,127.6600032
3/26/1945,127.8371834
3/27/1945,127.0993673
3/28/1945,126.8109025
3/29/1945,126.9183153
3/31/1945,126.9820001
4/2/1945,126.5630938
4/3/1945,126.7750944
4/4/1945,126.9699388
4/5/1945,127.8244963
4/6/1945,127.2921585
4/7/1945,126.9898019
4/9/1945,127.5043787
4/10/1945,127.141165
4/11/1945,126.8119969
4/12/1945,127.3803883
4/13/1945,127.08482
4/16/1945,126.6895276
4/17/1945,127.3168849
4/18/1945,126.7833239
4/19/1945,127.5128703
4/20/1945,127.3195414
4/21/1945,126.9859881
4/23/1945,126.6979768
4/24/1945,126.9665968
4/25/1945,127.5126549
4/26/1945,127.8809295
4/27/1945,127.5338169
4/28/1945,127.4524705
4/30/1945,127.3535287
5/1/1945,128.1474869
5/2/1945,128.5267179
5/3/1945,127.930191
5/4/1945,128.1636228
5/5/1945,128.3124994
5/7/1945,128.3549558
5/8/1945,128.3281176
5/9/1945,129.1475942
5/10/1945,128.9447033
5/11/1945,128.2346145
5/12/1945,127.7972833
5/14/1945,128.2799327
5/15/1945,128.1668403
5/16/1945,128.0687582
5/17/1945,128.1812847
5/18/1945,128.1625022
5/19/1945,128.3797263
5/21/1945,128.6929715
5/22/1945,128.9244584
5/23/1945,129.2651281
5/24/1945,128.9459431
5/25/1945,128.6755774
5/26/1945,128.8235711
5/28/1945,128.8375473
5/29/1945,128.9493229
5/31/1945,129.3627952
6/1/1945,128.8803216
6/2/1945,128.6958552
6/4/1945,128.4157193
6/5/1945,128.5581368
6/6/1945,128.5167719
6/7/1945,128.3063552
6/8/1945,128.2799647
6/9/1945,128.1717413
6/11/1945,128.2030418
6/12/1945,127.672883
6/13/1945,127.2489652
6/14/1945,126.7943932
6/15/1945,126.3219849
6/16/1945,125.8371276
6/18/1945,125.7137168
6/19/1945,125.2128658
6/20/1945,124.9243431
6/21/1945,124.3899435
6/22/1945,124.6077006
6/23/1945,124.4520762
6/25/1945,123.765739
6/26/1945,123.6351356
6/27/1945,123.122919
6/28/1945,125.128111
6/29/1945,124.457003
6/30/1945,123.0970036
7/2/1945,123.4084347
7/3/1945,123.3360629
7/5/1945,124.3580959
7/6/1945,124.0149634
7/9/1945,123.4538888
7/10/1945,123.3553494
7/11/1945,123.945927
7/12/1945,123.3746676
7/13/1945,124.1334277
7/16/1945,124.5918846
7/17/1945,125.8717257
7/18/1945,124.8247198
7/19/1945,124.7417467
7/20/1945,124.7543431
7/23/1945,125.6935802
7/24/1945,125.5186011
7/25/1945,124.9883113
7/26/1945,126.1290161
7/27/1945,124.8331986
7/30/1945,124.2048839
7/31/1945,124.2622505
8/1/1945,124.6685395
8/2/1945,124.9056382
8/3/1945,124.6908207
8/6/1945,125.5649662
8/7/1945,126.4138635
8/8/1945,126.0228098
8/9/1945,124.147645
8/10/1945,125.549442
8/13/1945,126.7337288
8/14/1945,126.5059796
8/17/1945,127.9220738
8/20/1945,128.7649522
8/21/1945,127.8621818
8/22/1945,127.9359233
8/23/1945,127.2497012
8/24/1945,127.1651434
8/27/1945,127.8798576
8/28/1945,128.5143403
8/29/1945,128.9903516
8/30/1945,128.8716153
8/31/1945,129.0568751
9/4/1945,129.8177591
9/5/1945,130.1619727
9/6/1945,129.9053042
9/7/1945,131.1474135
9/8/1945,131.3921737
9/10/1945,131.1509658
9/11/1945,130.9934377
9/12/1945,131.2941554
9/13/1945,131.7120855
9/14/1945,132.2852878
9/15/1945,133.3526696
9/17/1945,132.4238674
9/18/1945,131.1036206
9/19/1945,131.1599067
9/20/1945,131.8492221
9/21/1945,132.3652286
9/22/1945,132.3995738
9/24/1945,132.3873823
9/25/1945,132.1288588
9/26/1945,132.5345872
9/27/1945,132.7515328
9/28/1945,132.1149496
9/29/1945,132.3506205
10/1/1945,132.7175037
10/2/1945,134.6458322
10/3/1945,135.2192084
10/4/1945,135.4700824
10/5/1945,136.0250635
10/6/1945,135.866512
10/8/1945,136.2457115
10/9/1945,136.5738281
10/10/1945,137.1161305
10/11/1945,137.6778815
10/15/1945,138.3892299
10/16/1945,138.46744
10/17/1945,138.6701231
10/18/1945,139.4934338
10/19/1945,140.826625
10/20/1945,139.9865781
10/22/1945,140.0341836
10/23/1945,140.3000409
10/24/1945,140.4821047
10/25/1945,140.0904467
10/26/1945,139.8247024
10/29/1945,140.5466208
10/30/1945,139.6653283
10/31/1945,138.825786
11/1/1945,139.0952948
11/2/1945,139.888424
11/3/1945,139.5978687
11/5/1945,139.6374796
11/7/1945,140.5158322
11/8/1945,141.1928666
11/9/1945,140.9931087
11/10/1945,140.9395809
11/13/1945,142.0392201
11/14/1945,141.5376726
11/15/1945,140.9140388
11/16/1945,140.6694917
11/17/1945,140.492136
11/19/1945,140.1534643
11/20/1945,139.6920547
11/21/1945,140.53001
11/23/1945,140.366172
11/24/1945,140.2080931
11/26/1945,139.1688032
11/27/1945,139.0894279
11/28/1945,139.983114
11/29/1945,140.0710932
11/30/1945,139.8897332
12/1/1945,139.6565365
12/3/1945,139.0998278
12/4/1945,139.4445176
12/5/1945,139.6911301
12/6/1945,140.121207
12/7/1945,139.8797774
12/8/1945,139.6387316
12/10/1945,140.0137967
12/11/1945,140.0698493
12/12/1945,140.963688
12/13/1945,140.8136242
12/14/1945,140.3784622
12/15/1945,139.9300813
12/17/1945,141.6582684
12/18/1945,139.838912
12/19/1945,139.7904997
12/20/1945,140.567844
12/21/1945,139.6427785
12/22/1945,138.6491054
12/26/1945,138.6535753
12/27/1945,139.8786907
12/28/1945,140.1078741
12/29/1945,140.608078
12/31/1945,141.2892448
1/2/1946,141.7076919
1/3/1946,141.541553
1/4/1946,141.4784817
1/5/1946,141.2748897
1/7/1946,141.4526861
1/8/1946,139.877432
1/9/1946,140.4410771
1/10/1946,141.2131537
1/11/1946,141.7692506
1/12/1946,142.1491371
1/14/1946,141.4230653
1/15/1946,142.1624526
1/16/1946,141.9574396
1/17/1946,142.7690412
1/18/1946,142.2918099
1/19/1946,142.0844242
1/21/1946,142.3123907
1/22/1946,141.0953681
1/23/1946,140.2269426
1/24/1946,140.2793064
1/25/1946,140.9222139
1/26/1946,140.9522513
1/28/1946,140.3102267
1/29/1946,139.9144313
1/30/1946,140.4486858
1/31/1946,140.4139783
2/1/1946,140.2972531
2/2/1946,140.4765672
2/4/1946,140.9902604
2/5/1946,140.3028738
2/6/1946,141.1943896
2/7/1946,140.3836035
2/8/1946,140.9163048
2/9/1946,141.5783755
2/11/1946,142.036391
2/13/1946,141.8660634
2/14/1946,140.9074066
2/15/1946,140.1471535
2/16/1946,140.5764765
2/18/1946,141.9875216
2/19/1946,142.6602329
2/20/1946,141.3905517
2/21/1946,140.1976987
2/25/1946,142.0943112
2/26/1946,140.048471
2/27/1946,140.3651988
2/28/1946,141.1314399
3/1/1946,141.8116428
3/2/1946,142.8015791
3/4/1946,142.1786172
3/5/1946,142.2067527
3/6/1946,142.7608697
3/7/1946,142.8939166
3/8/1946,143.1668411
3/9/1946,143.7138444
3/11/1946,144.8656112
3/12/1946,144.5784726
3/13/1946,145.176088
3/14/1946,145.9699447
3/15/1946,144.7140394
3/16/1946,144.3413778
3/18/1946,144.3377544
3/19/1946,145.7915807
3/20/1946,145.6882971
3/21/1946,145.6252235
3/22/1946,146.3334656
3/23/1946,146.7097247
3/25/1946,146.3642768
3/26/1946,147.5874487
3/27/1946,148.3274166
3/28/1946,148.6589219
3/29/1946,148.925142
3/30/1946,149.3688987
4/1/1946,150.2797053
4/2/1946,150.7625369
4/3/1946,150.1109033
4/4/1946,150.8033232
4/5/1946,151.3589917
4/6/1946,152.1638111
4/8/1946,152.5356883
4/9/1946,152.7928505
4/10/1946,153.5882499
4/11/1946,153.9512417
4/12/1946,154.0470658
4/13/1946,154.6098365
4/15/1946,154.4986588
4/16/1946,153.866407
4/17/1946,154.7320024
4/18/1946,154.8818159
4/20/1946,155.2064726
4/22/1946,156.2790671
4/23/1946,156.6624862
4/24/1946,158.3966548
4/25/1946,157.8789778
4/26/1946,157.5049459
4/27/1946,157.6588391
4/29/1946,158.0750454
4/30/1946,158.5011351
5/1/1946,159.2059932
5/2/1946,160.0361084
5/3/1946,159.9293304
5/4/1946,160.4518242
5/6/1946,159.1950036
5/7/1946,157.5970078
5/8/1946,158.8653726
5/9/1946,159.9493304
5/10/1946,159.3982821
5/11/1946,159.7879084
5/13/1946,160.5202208
5/14/1946,160.4002495
5/15/1946,160.4512291
5/16/1946,159.3299773
5/17/1946,159.6863301
5/18/1946,160.0305989
5/20/1946,159.2442
5/21/1946,159.1389738
5/22/1946,159.1408775
5/23/1946,159.5262676
5/24/1946,159.209248
5/27/1946,158.8097335
5/28/1946,158.0229915
5/29/1946,158.1689978
5/31/1946,158.5929116
6/3/1946,159.187097
6/4/1946,158.810761
6/5/1946,159.4803326
6/6/1946,159.2456721
6/7/1946,158.6733282
6/10/1946,158.3777529
6/11/1946,158.5822511
6/12/1946,157.5760039
6/13/1946,157.2615819
6/14/1946,157.5970729
6/17/1946,157.6005087
6/18/1946,158.4063978
6/19/1946,157.5663888
6/20/1946,158.5034643
6/21/1946,156.1218886
6/24/1946,157.0639182
6/25/1946,157.6674031
6/26/1946,157.4007229
6/27/1946,156.1267321
6/28/1946,156.5322862
7/1/1946,157.3817922
7/2/1946,157.7015248
7/3/1946,157.8422502
7/5/1946,158.1689883
7/8/1946,158.368009
7/9/1946,157.8845673
7/10/1946,158.1551433
7/11/1946,159.0296283
7/12/1946,159.5698054
7/15/1946,160.2679641
7/16/1946,159.0024436
7/17/1946,158.3293945
7/18/1946,159.0089393
7/19/1946,158.8667772
7/22/1946,159.6515457
7/23/1946,160.7686877
7/24/1946,159.4039885
7/25/1946,158.8969102
7/26/1946,158.9366985
7/29/1946,159.1986666
7/30/1946,160.003724
7/31/1946,159.503028
8/1/1946,160.2777176
8/2/1946,160.6819843
8/5/1946,161.4459602
8/6/1946,161.382276
8/7/1946,160.9049656
8/8/1946,160.7384328
8/9/1946,161.6060647
8/12/1946,161.7025772
8/13/1946,161.3498083
8/14/1946,161.8671814
8/15/1946,162.1986405
8/16/1946,162.0692753
8/19/1946,161.9204532
8/20/1946,161.1946781
8/21/1946,162.3360273
8/22/1946,162.0740792
8/23/1946,162.1980011
8/26/1946,162.6205904
8/27/1946,164.0820027
8/28/1946,161.3790263
8/29/1946,161.2396954
8/30/1946,160.5030666
9/3/1946,164.3637681
9/4/1946,159.0965469
9/5/1946,158.2592612
9/6/1946,159.1315096
9/9/1946,160.3421322
9/10/1946,158.8385747
9/11/1946,156.5191523
9/12/1946,157.29569
9/13/1946,157.3884406
9/16/1946,158.3834041
9/17/1946,159.6948862
9/18/1946,161.0199486
9/19/1946,161.483588
9/20/1946,158.8379841
9/23/1946,161.1916688
9/24/1946,158.5674865
9/25/1946,159.1584483
9/26/1946,158.9577651
9/27/1946,160.3696857
9/30/1946,160.4648937
10/1/1946,160.8562066
10/2/1946,160.6954482
10/3/1946,161.5590923
10/4/1946,162.1575672
10/5/1946,162.5509973
10/7/1946,162.462251
10/8/1946,163.2981736
10/9/1946,164.9165843
10/10/1946,161.8968201
10/11/1946,161.6795484
10/14/1946,161.8643492
10/15/1946,161.3064002
10/16/1946,162.5737271
10/17/1946,163.6663244
10/18/1946,163.2660306
10/19/1946,163.4000291
10/21/1946,162.8666079
10/22/1946,163.6204261
10/23/1946,163.9381102
10/24/1946,163.3780286
10/25/1946,163.6948714
10/26/1946,164.1008638
10/28/1946,165.1687184
10/29/1946,164.734502
10/30/1946,162.9941828
10/31/1946,160.7644966
11/1/1946,159.9737474
11/2/1946,160.0515207
11/4/1946,160.9362761
11/6/1946,165.0591152
11/7/1946,163.7091514
11/8/1946,163.5618899
11/9/1946,162.1137898
11/12/1946,163.6611211
11/13/1946,163.0692694
11/14/1946,162.1193775
11/15/1946,163.6801806
11/16/1946,163.6146315
11/18/1946,164.6779346
11/19/1946,164.514351
11/20/1946,165.2882575
11/21/1946,166.5647509
11/22/1946,165.3966893
11/23/1946,163.9472841
11/25/1946,164.5470752
11/26/1946,164.0538684
11/27/1946,164.1171488
11/29/1946,162.9975966
11/30/1946,163.8443049
12/2/1946,165.6162026
12/3/1946,164.372302
12/4/1946,162.7729312
12/5/1946,164.0035923
12/6/1946,163.6967939
12/7/1946,163.6109127
12/9/1946,161.7846003
12/10/1946,162.8971148
12/11/1946,163.4971002
12/12/1946,164.4347982
12/13/1946,164.4716445
12/14/1946,163.868446
12/16/1946,164.0808859
12/17/1946,164.6847937
12/18/1946,164.238581
12/19/1946,163.0322623
12/20/1946,162.7802768
12/21/1946,162.4528005
12/23/1946,163.7481359
12/24/1946,164.2734274
12/26/1946,165.2257828
12/27/1946,165.4910513
12/28/1946,165.1669327
12/30/1946,165.989566
12/31/1946,165.608856
1/2/1947,167.3658114
1/3/1947,166.7636909
1/4/1947,166.6065966
1/6/1947,166.0790247
1/7/1947,168.0007121
1/8/1947,167.5153002
1/9/1947,167.9764369
1/10/1947,169.2423382
1/11/1947,169.7819832
1/13/1947,170.2015772
1/14/1947,169.368029
1/15/1947,169.3308943
1/16/1947,168.6049712
1/17/1947,167.0910373
1/18/1947,166.7419651
1/20/1947,167.8301662
1/21/1947,168.5384949
1/22/1947,167.386146
1/23/1947,165.6959848
1/24/1947,165.612963
1/25/1947,165.8341173
1/27/1947,164.9393068
1/28/1947,163.8448095
1/29/1947,162.3105196
1/30/1947,163.4496352
1/31/1947,162.7933066
2/1/1947,161.4576835
2/3/1947,161.7619506
2/4/1947,162.3984886
2/5/1947,162.3468899
2/6/1947,162.9605629
2/7/1947,160.2890215
2/8/1947,160.5434738
2/10/1947,162.1967511
2/11/1947,161.2465188
2/13/1947,163.0157936
2/14/1947,162.2904044
2/15/1947,162.1725995
2/17/1947,161.70555
2/18/1947,161.8944451
2/19/1947,162.1381494
2/20/1947,161.6852914
2/21/1947,161.4974081
2/24/1947,162.7036378
2/25/1947,164.6089991
2/26/1947,165.1225857
2/27/1947,163.2975201
2/28/1947,163.7378215
3/1/1947,164.3847856
3/3/1947,164.3181247
3/4/1947,163.5769113
3/5/1947,161.4918607
3/6/1947,161.7566877
3/7/1947,164.2926979
3/8/1947,164.3926625
3/10/1947,164.556856
3/11/1947,164.5414163
3/12/1947,163.0364989
3/13/1947,163.5750763
3/14/1947,164.2776839
3/15/1947,164.4335508
3/17/1947,164.4156078
3/18/1947,163.7297867
3/19/1947,163.7988316
3/20/1947,164.751088
3/21/1947,163.8306169
3/22/1947,163.8974872
3/24/1947,164.3155874
3/25/1947,164.9175727
3/26/1947,163.1977064
3/27/1947,162.1717126
3/28/1947,162.9265517
3/29/1947,163.5021748
3/31/1947,164.325468
4/1/1947,163.9541788
4/2/1947,164.1484531
4/3/1947,164.4921274
4/5/1947,164.7005619
4/7/1947,165.3935645
4/8/1947,166.0674861
4/9/1947,165.5889531
4/10/1947,165.3511476
4/11/1947,166.0930757
4/12/1947,166.9503967
4/14/1947,168.4948452
4/15/1947,166.586006
4/16/1947,165.9147874
4/17/1947,165.6927116
4/18/1947,166.7687767
4/19/1947,164.7594145
4/21/1947,164.2543643
4/22/1947,163.8520385
4/23/1947,163.9012684
4/24/1947,164.7102779
4/25/1947,165.3448548
4/26/1947,165.3284757
4/28/1947,165.3540509
4/29/1947,165.4653703
4/30/1947,164.7837307
5/1/1947,164.4985987
5/2/1947,164.690652
5/3/1947,164.9090737
5/5/1947,165.4281238
5/6/1947,166.8126077
5/7/1947,166.7968081
5/8/1947,167.6008634
5/9/1947,167.4416467
5/10/1947,167.286571
5/12/1947,168.3882346
5/13/1947,170.073762
5/14/1947,169.1699701
5/15/1947,168.8205366
5/16/1947,170.533854
5/17/1947,171.8366767
5/19/1947,169.8190222
5/20/1947,169.3107207
5/21/1947,167.9552525
5/22/1947,167.4371351
5/23/1947,167.8427739
5/24/1947,167.207626
5/26/1947,168.381922
5/27/1947,168.5625629
5/28/1947,166.7271979
5/29/1947,166.4327588
6/2/1947,168.1163349
6/3/1947,167.4691218
6/4/1947,168.7931585
6/5/1947,169.8377233
6/6/1947,169.1754319
6/9/1947,170.1815398
6/10/1947,169.8765406
6/11/1947,167.4662695
6/12/1947,169.1925353
6/13/1947,168.1439697
6/16/1947,168.6945057
6/17/1947,169.346952
6/18/1947,168.2205131
6/19/1947,167.7702639
6/20/1947,167.4110268
6/23/1947,167.0631189
6/24/1947,169.1119733
6/25/1947,168.897853
6/26/1947,169.0460182
6/27/1947,169.4761823
6/30/1947,170.4121187
7/1/1947,169.0098806
7/2/1947,169.5939976
7/3/1947,168.3905487
7/7/1947,168.5373871
7/8/1947,168.1322499
7/9/1947,169.6520191
7/10/1947,168.6580246
7/11/1947,167.7967262
7/14/1947,167.2858741
7/15/1947,167.4036467
7/16/1947,167.6266793
7/17/1947,168.6677222
7/18/1947,169.0127601
7/21/1947,169.0158089
7/22/1947,169.2942967
7/23/1947,168.3558516
7/24/1947,167.2943947
7/25/1947,167.4052262
7/28/1947,168.8584031
7/29/1947,171.4201141
7/30/1947,171.4442107
7/31/1947,170.0575786
8/1/1947,170.6572389
8/4/1947,171.9802281
8/5/1947,171.7922317
8/6/1947,172.394574
8/7/1947,172.1115763
8/8/1947,173.2268275
8/11/1947,173.0434939
8/12/1947,171.7549787
8/13/1947,171.8919033
8/14/1947,171.0429281
8/15/1947,169.8558135
8/18/1947,169.9102152
8/19/1947,170.6045767
8/20/1947,170.8092928
8/21/1947,170.4121563
8/22/1947,170.6574073
8/25/1947,172.2028034
8/26/1947,171.293684
8/27/1947,171.1643306
8/28/1947,170.9612026
8/29/1947,170.8821651
9/2/1947,170.5911471
9/3/1947,170.8796986
9/4/1947,172.2860368
9/5/1947,171.4987165
9/8/1947,172.7590828
9/9/1947,171.4650193
9/10/1947,170.9468129
9/11/1947,171.1573427
9/12/1947,171.6560865
9/15/1947,171.7395212
9/16/1947,170.7289309
9/17/1947,168.6114347
9/18/1947,169.4757829
9/19/1947,169.9231507
9/22/1947,169.9883006
9/23/1947,170.7941615
9/24/1947,169.8939862
9/25/1947,170.9765534
9/26/1947,170.5096394
9/29/1947,170.1352106
9/30/1947,168.5920268
10/1/1947,168.0786826
10/2/1947,168.081652
10/3/1947,167.2221684
10/4/1947,166.9195882
10/6/1947,166.8927376
10/7/1947,167.0510595
10/8/1947,167.7445704
10/9/1947,167.1140568
10/10/1947,166.4774195
10/11/1947,165.7307809
10/14/1947,164.4189788
10/15/1947,165.1584696
10/16/1947,165.5804857
10/17/1947,166.162286
10/18/1947,165.4477338
10/20/1947,165.2983718
10/21/1947,165.827917
10/22/1947,166.5166646
10/23/1947,166.6516731
10/24/1947,168.0447679
10/25/1947,168.0245784
10/27/1947,168.1194455
10/28/1947,168.365088
10/29/1947,169.6108975
10/30/1947,170.2781921
10/31/1947,169.9426994
11/1/1947,170.1759221
11/3/1947,170.5594352
11/5/1947,171.71904
11/6/1947,171.5080443
11/7/1947,172.00418
11/8/1947,171.7988639
11/10/1947,171.9869645
11/12/1947,172.1265433
11/13/1947,172.5800108
11/14/1947,172.2113226
11/15/1947,172.1038132
11/17/1947,171.9914895
11/18/1947,170.3271357
11/19/1947,170.2569909
11/20/1947,170.3291048
11/21/1947,170.3872771
11/22/1947,170.4698085
11/24/1947,170.9283808
11/25/1947,170.7467344
11/26/1947,170.896927
11/28/1947,171.5456887
11/29/1947,171.4932587
12/1/1947,171.2540962
12/2/1947,171.4700434
12/3/1947,171.8392154
12/4/1947,172.047069
12/5/1947,172.9270123
12/6/1947,172.3499902
12/8/1947,171.5142395
12/9/1947,170.7372335
12/10/1947,170.0391909
12/11/1947,170.5973758
12/12/1947,170.2609413
12/13/1947,169.2081862
12/15/1947,169.0117604
12/16/1947,169.5743741
12/17/1947,168.9088732
12/18/1947,169.498388
12/19/1947,169.1416127
12/20/1947,167.6761075
12/22/1947,168.6659942
12/23/1947,168.6729083
12/24/1947,168.9185275
12/26/1947,169.678533
12/27/1947,169.9055534
12/29/1947,171.203946
12/30/1947,170.7084735
12/31/1947,171.3633254
1/2/1948,170.1886464
1/5/1948,170.9734659
1/6/1948,170.519942
1/7/1948,169.7332984
1/8/1948,169.7007828
1/9/1948,170.3781158
1/10/1948,170.4901872
1/12/1948,170.8891823
1/13/1948,171.6059352
1/14/1948,170.9132918
1/15/1948,170.9360714
1/16/1948,170.2032305
1/17/1948,170.3818529
1/19/1948,170.9726007
1/20/1948,170.3575518
1/21/1948,171.0198099
1/22/1948,169.7644768
1/23/1948,169.8713538
1/24/1948,169.68559
1/26/1948,169.5074131
1/27/1948,168.7266186
1/28/1948,167.8048375
1/29/1948,167.3192189
1/30/1948,167.7104086
1/31/1948,167.6405962
2/2/1948,168.0248432
2/3/1948,168.626337
2/4/1948,169.9569964
2/5/1948,169.2809206
2/6/1948,169.0162592
2/7/1948,168.284842
2/9/1948,168.5193309
2/10/1948,170.0187607
2/11/1948,169.2133227
2/13/1948,168.5597023
2/14/1948,168.3318051
2/16/1948,168.0539708
2/17/1948,168.2808825
2/18/1948,168.844506
2/19/1948,169.0306611
2/20/1948,169.2968795
2/21/1948,168.9478263
2/24/1948,168.5998908
2/25/1948,168.5463077
2/26/1948,169.2880502
2/27/1948,169.1020534
2/28/1948,168.1442452
3/1/1948,167.3598851
3/2/1948,167.2522764
3/3/1948,167.2020577
3/4/1948,167.6202349
3/5/1948,167.3691631
3/6/1948,167.1524645
3/8/1948,168.0585326
3/9/1948,168.2080344
3/10/1948,167.3572811
3/11/1948,167.4662239
3/12/1948,167.5306207
3/13/1948,167.3152859
3/15/1948,167.1270138
3/16/1948,168.7789781
3/17/1948,167.3790691
3/18/1948,166.4613048
3/19/1948,165.3309429
3/20/1948,163.6677255
3/22/1948,164.9370635
3/23/1948,165.2100542
3/24/1948,165.3767975
3/25/1948,165.3385323
3/27/1948,165.7910564
3/29/1948,166.3999786
3/30/1948,165.8664833
3/31/1948,165.2840323
4/1/1948,166.0956692
4/2/1948,166.5210166
4/3/1948,166.7303427
4/5/1948,166.6667824
4/6/1948,166.581356
4/7/1948,167.2339352
4/8/1948,167.093625
4/9/1948,167.1303811
4/10/1948,167.454271
4/12/1948,167.8311561
4/13/1948,167.878861
4/14/1948,168.1139366
4/15/1948,166.8677611
4/16/1948,166.9270783
4/17/1948,166.8924595
4/19/1948,166.2603694
4/20/1948,167.2940377
4/21/1948,166.4718491
4/22/1948,165.5840444
4/23/1948,164.748681
4/24/1948,164.6327214
4/26/1948,165.8342888
4/27/1948,165.0830467
4/28/1948,164.9877532
4/29/1948,165.2396153
4/30/1948,166.1044649
5/1/1948,166.3271703
5/3/1948,165.6569822
5/4/1948,165.9699981
5/5/1948,166.5225507
5/6/1948,165.7895975
5/7/1948,165.71373
5/8/1948,165.5578787
5/10/1948,165.3854338
5/11/1948,165.7482143
5/12/1948,165.7949673
5/13/1948,165.1723194
5/14/1948,163.5603055
5/15/1948,164.0044467
5/17/1948,163.6924058
5/18/1948,165.7730756
5/19/1948,165.1744148
5/20/1948,164.3011698
5/21/1948,164.4517505
5/22/1948,164.394596
5/24/1948,165.218972
5/25/1948,166.1159659
5/26/1948,165.5252019
5/27/1948,166.7279713
5/28/1948,166.851598
6/1/1948,167.5793102
6/2/1948,167.7145399
6/3/1948,168.6475294
6/4/1948,169.0103018
6/7/1948,168.773063
6/8/1948,167.0229278
6/9/1948,166.8236117
6/10/1948,166.6650724
6/11/1948,166.6988299
6/14/1948,166.8272177
6/15/1948,166.5891064
6/16/1948,166.9279065
6/17/1948,166.546321
6/18/1948,166.3659294
6/21/1948,167.7314227
6/22/1948,166.8724099
6/23/1948,165.3826856
6/24/1948,165.1768182
6/25/1948,165.2656485
6/28/1948,166.1782209
6/29/1948,165.8615335
6/30/1948,165.75166
7/1/1948,166.2009058
7/2/1948,165.5441455
7/6/1948,165.397642
7/7/1948,165.5570642
7/8/1948,165.6446445
7/9/1948,165.3232334
7/12/1948,165.2584406
7/13/1948,165.28934
7/14/1948,165.1918834
7/15/1948,166.6292466
7/16/1948,166.6196512
7/19/1948,167.1395975
7/20/1948,166.0514406
7/21/1948,166.2468774
7/22/1948,166.0435969
7/23/1948,166.4079368
7/26/1948,166.9460747
7/27/1948,166.4702157
7/28/1948,166.8153779
7/29/1948,166.5942627
7/30/1948,166.4017215
8/2/1948,166.9892654
8/3/1948,166.4113498
8/4/1948,165.6752002
8/5/1948,166.3519583
8/6/1948,166.4291771
8/9/1948,166.7454241
8/10/1948,167.2077767
8/11/1948,167.2679695
8/12/1948,167.1913778
8/13/1948,167.5344443
8/16/1948,167.6043822
8/17/1948,166.9915869
8/18/1948,167.3954284
8/19/1948,167.4124559
8/20/1948,166.9471823
8/23/1948,167.9777915
8/24/1948,167.3139848
8/25/1948,167.756442
8/26/1948,167.9412948
8/27/1948,167.6133036
8/30/1948,167.6678767
8/31/1948,167.4822714
9/1/1948,166.724354
9/2/1948,166.7061469
9/3/1948,167.1673009
9/7/1948,166.6696131
9/8/1948,168.2108689
9/9/1948,168.958224
9/10/1948,168.4011307
9/13/1948,168.9344873
9/14/1948,168.3213931
9/15/1948,168.4512872
9/16/1948,168.2738488
9/17/1948,168.897933
9/20/1948,170.3484964
9/21/1948,169.9417025
9/22/1948,169.4403908
9/23/1948,169.9126462
9/24/1948,169.5758067
9/27/1948,170.9570282
9/28/1948,169.9769388
9/29/1948,169.5128488
9/30/1948,169.8217761
10/1/1948,169.167578
10/2/1948,168.651476
10/4/1948,168.585859
10/5/1948,169.0929166
10/6/1948,168.8744268
10/7/1948,168.7353817
10/8/1948,169.1046145
10/9/1948,169.2237965
10/11/1948,169.80341
10/13/1948,169.3007009
10/14/1948,169.6177518
10/15/1948,169.4081319
10/16/1948,169.4041352
10/18/1948,169.4210001
10/19/1948,169.6373291
10/20/1948,169.4636717
10/21/1948,168.9668982
10/22/1948,167.8620608
10/23/1948,167.8206415
10/25/1948,169.2502286
10/26/1948,169.3915794
10/27/1948,169.9222539
10/28/1948,170.9028264
10/29/1948,170.8134729
10/30/1948,170.640616
11/1/1948,170.393272
11/3/1948,171.3313702
11/4/1948,171.4638892
11/5/1948,173.7877762
11/6/1948,172.277635
11/8/1948,172.3455849
11/9/1948,173.6269953
11/10/1948,172.4263732
11/12/1948,172.5715638
11/13/1948,172.2132726
11/15/1948,171.9586989
11/16/1948,172.7192122
11/17/1948,172.7655466
11/18/1948,172.8755702
11/19/1948,172.8523399
11/20/1948,172.7857294
11/22/1948,173.2747474
11/23/1948,173.3107306
11/24/1948,173.8061771
11/26/1948,173.2644667
11/27/1948,173.0551772
11/29/1948,173.362751
11/30/1948,172.9243979
12/1/1948,171.3216664
12/2/1948,170.6417299
12/3/1948,170.6093655
12/4/1948,169.864652
12/6/1948,169.9172214
12/7/1948,170.5894885
12/8/1948,170.7202927
12/9/1948,171.199325
12/10/1948,171.3066429
12/11/1948,170.4012213
12/13/1948,170.3649782
12/14/1948,170.9156186
12/15/1948,171.3564963
12/16/1948,171.7424936
12/17/1948,171.7985285
12/18/1948,171.9336241
12/20/1948,172.1963038
12/21/1948,172.0714272
12/22/1948,171.9008452
12/23/1948,171.4241496
12/24/1948,170.5530067
12/27/1948,171.249913
12/28/1948,171.7375462
12/29/1948,171.3409461
12/30/1948,172.7887608
12/31/1948,173.9066805
1/3/1949,174.2627779
1/4/1949,173.3844221
1/5/1949,173.2940478
1/6/1949,171.9989755
1/7/1949,172.0005048
1/8/1949,172.5638739
1/10/1949,173.9858659
1/11/1949,173.8257113
1/12/1949,174.2660528
1/13/1949,174.9891455
1/14/1949,175.7113464
1/15/1949,175.0614659
1/17/1949,174.9198024
1/18/1949,175.2025325
1/19/1949,174.7206849
1/20/1949,174.3757474
1/21/1949,174.9823795
1/22/1949,175.3379881
1/24/1949,175.4103922
1/25/1949,175.7737773
1/26/1949,176.2773967
1/27/1949,176.5275105
1/28/1949,177.1550446
1/29/1949,176.5264213
1/31/1949,176.8794112
2/1/1949,176.8471877
2/2/1949,177.0277229
2/3/1949,177.2232176
2/4/1949,178.2563864
2/5/1949,179.413383
2/7/1949,179.3917659
2/8/1949,178.3364364
2/9/1949,178.1801369
2/10/1949,179.2505368
2/11/1949,178.8192349
2/14/1949,178.8894546
2/15/1949,178.6113715
2/16/1949,178.2987727
2/17/1949,178.2360841
2/18/1949,178.1596442
2/19/1949,178.4789717
2/21/1949,178.6653137
2/23/1949,179.4761463
2/24/1949,179.8514764
2/25/1949,179.5211621
2/26/1949,179.2051559
2/28/1949,178.5496105
3/1/1949,178.2534174
3/2/1949,178.5615413
3/3/1949,179.1640732
3/4/1949,178.9922855
3/5/1949,177.7899878
3/7/1949,177.6382288
3/8/1949,177.80137
3/9/1949,178.3323744
3/10/1949,178.6160133
3/11/1949,178.0116747
3/12/1949,177.0049476
3/14/1949,177.5010807
3/15/1949,178.4227519
3/16/1949,178.8871096
3/17/1949,178.9390182
3/18/1949,179.3786024
3/19/1949,179.4595816
3/21/1949,179.7014762
3/22/1949,180.8543157
3/23/1949,180.0971163
3/24/1949,179.2252538
3/25/1949,179.4990958
3/26/1949,179.4837552
3/28/1949,179.5689182
3/29/1949,177.0384402
3/30/1949,175.6159484
3/31/1949,176.4898175
4/1/1949,176.7590227
4/2/1949,176.4786548
4/4/1949,176.7024232
4/5/1949,176.7634089
4/6/1949,177.4436675
4/7/1949,178.1455148
4/8/1949,177.7162474
4/9/1949,177.3079183
4/11/1949,177.7283176
4/12/1949,177.5300823
4/13/1949,177.9615756
4/14/1949,178.0997471
4/16/1949,178.1813874
4/18/1949,178.7895313
4/19/1949,179.0758479
4/20/1949,179.4966365
4/21/1949,180.3387973
4/22/1949,179.5397286
4/23/1949,179.0437516
4/25/1949,179.2819747
4/26/1949,179.0496182
4/27/1949,179.7701934
4/28/1949,180.4234368
4/29/1949,180.5610565
4/30/1949,180.2002972
5/2/1949,180.5495335
5/3/1949,181.0300678
5/4/1949,180.7466371
5/5/1949,180.950857
5/6/1949,181.4690668
5/7/1949,181.4727263
5/9/1949,182.1815296
5/10/1949,182.489222
5/11/1949,182.4513343
5/12/1949,182.660713
5/13/1949,182.8295134
5/14/1949,182.2577295
5/16/1949,182.4561467
5/17/1949,182.7845104
5/18/1949,183.325091
5/19/1949,184.1163928
5/20/1949,183.8354652
5/21/1949,183.4677755
5/23/1949,184.3984761
5/24/1949,184.8948542
5/25/1949,184.0427144
5/26/1949,183.9859423
5/27/1949,184.4451004
5/31/1949,186.0925074
6/1/1949,184.682949
6/2/1949,184.7824926
6/3/1949,185.3263976
6/6/1949,186.4178209
6/7/1949,185.3241138
6/8/1949,184.7899952
6/9/1949,185.4005124
6/10/1949,186.2991503
6/13/1949,188.4535643
6/14/1949,187.5368879
6/15/1949,186.1763563
6/16/1949,186.2239221
6/17/1949,186.3037565
6/20/1949,184.9040301
6/21/1949,184.9328317
6/22/1949,186.0729326
6/23/1949,185.2081969
6/24/1949,185.24443
6/27/1949,186.2564882
6/28/1949,187.3210835
6/29/1949,186.957125
6/30/1949,186.856261
7/1/1949,185.89285
7/5/1949,186.1960081
7/6/1949,185.6402691
7/7/1949,186.391933
7/8/1949,186.4607609
7/11/1949,186.4469868
7/12/1949,186.1799012
7/13/1949,185.6074841
7/14/1949,185.1201073
7/15/1949,185.9958101
7/18/1949,186.7719863
7/19/1949,186.5081007
7/20/1949,186.6832867
7/21/1949,187.089796
7/22/1949,187.2361179
7/25/1949,186.8760784
7/26/1949,186.9436009
7/27/1949,187.4019895
7/28/1949,188.263117
7/29/1949,188.974248
8/1/1949,189.2441548
8/2/1949,189.6489479
8/3/1949,189.9497032
8/4/1949,190.0580957
8/5/1949,189.131574
8/8/1949,188.3743686
8/9/1949,187.9935142
8/10/1949,187.2815102
8/11/1949,187.8059537
8/12/1949,188.738092
8/15/1949,189.8955204
8/16/1949,190.2255806
8/17/1949,189.650413
8/18/1949,189.748567
8/19/1949,190.5105116
8/22/1949,191.0607047
8/23/1949,192.1225313
8/24/1949,191.7845727
8/25/1949,192.0597613
8/26/1949,192.2205202
8/29/1949,193.3692884
8/30/1949,193.1244868
8/31/1949,193.4821478
9/1/1949,193.2527746
9/2/1949,194.0097667
9/6/1949,194.503447
9/7/1949,194.0704538
9/8/1949,194.5517983
9/9/1949,195.0904183
9/12/1949,194.547995
9/13/1949,193.1028937
9/14/1949,192.9783344
9/15/1949,193.8657461
9/16/1949,193.3022297
9/19/1949,193.1326757
9/20/1949,194.5238512
9/21/1949,193.4006346
9/22/1949,192.0180776
9/23/1949,192.3255794
9/26/1949,192.8282673
9/27/1949,193.3826805
9/28/1949,192.1845586
9/29/1949,191.7830687
9/30/1949,192.3156912
10/1/1949,192.8073616
10/3/1949,192.4896657
10/4/1949,192.787882
10/5/1949,192.8598874
10/6/1949,192.8592894
10/7/1949,192.3208029
10/8/1949,191.5269312
10/10/1949,191.7962346
10/11/1949,190.5750396
10/13/1949,191.1257965
10/14/1949,192.204487
10/15/1949,192.4631317
10/17/1949,193.5071975
10/18/1949,191.8401145
10/19/1949,191.8896035
10/20/1949,192.2937467
10/21/1949,192.2834846
10/22/1949,192.2876126
10/24/1949,192.4235287
10/25/1949,192.3337156
10/26/1949,191.653931
10/27/1949,191.5338032
10/28/1949,193.0076771
10/29/1949,192.5814602
10/31/1949,193.2709013
11/1/1949,193.0273505
11/2/1949,193.7045415
11/3/1949,193.6147117
11/4/1949,193.6958324
11/5/1949,193.9844612
11/7/1949,193.9694609
11/9/1949,194.8795373
11/10/1949,195.3273296
11/12/1949,195.5283296
11/14/1949,196.5289231
11/15/1949,196.8045283
11/16/1949,196.6676468
11/17/1949,196.5135431
11/18/1949,196.0474727
11/19/1949,195.8130863
11/21/1949,196.5374532
11/22/1949,196.1371562
11/23/1949,196.4741598
11/25/1949,197.2220272
11/26/1949,197.3918067
11/28/1949,197.5321203
11/29/1949,197.4363704
11/30/1949,197.3666212
12/1/1949,196.5977032
12/2/1949,195.7216319
12/3/1949,194.7202263
12/5/1949,195.4019298
12/6/1949,195.9388116
12/7/1949,195.6538337
12/8/1949,196.2646196
12/9/1949,196.8745453
12/10/1949,196.7112328
12/12/1949,196.5417359
12/13/1949,196.4268194
12/14/1949,196.0309798
12/15/1949,196.3850699
12/16/1949,196.7528722
12/17/1949,196.5247592
12/19/1949,196.5209833
12/20/1949,196.811988
12/21/1949,197.2498959
12/22/1949,196.9535302
12/23/1949,196.5825342
12/27/1949,197.5947701
12/28/1949,196.8848127
12/29/1949,197.180904
12/30/1949,196.9898597
12/31/1949,197.2637301
1/3/1950,196.943735
1/4/1950,195.2544469
1/5/1950,195.4615682
1/6/1950,195.0581824
1/7/1950,194.4103323
1/9/1950,193.5259593
1/10/1950,193.7093348
1/11/1950,192.8866658
1/12/1950,195.8053396
1/13/1950,193.4349093
1/14/1950,193.6943285
1/16/1950,193.507686
1/17/1950,193.6678346
1/18/1950,194.6467302
1/19/1950,194.7460591
1/20/1950,194.8559476
1/21/1950,194.7353493
1/23/1950,194.9171275
1/24/1950,195.3267788
1/25/1950,195.2068357
1/26/1950,195.0651585
1/27/1950,195.1157137
1/28/1950,194.7115862
1/30/1950,194.2353306
1/31/1950,195.0495712
2/1/1950,195.8722744
2/2/1950,195.6701273
2/3/1950,196.0934734
2/4/1950,196.1568657
2/6/1950,196.5451869
2/7/1950,197.1563053
2/8/1950,197.0734142
2/9/1950,196.7446568
2/10/1950,197.3810469
2/11/1950,197.2977524
2/14/1950,197.1870463
2/15/1950,196.322856
2/16/1950,196.6593369
2/17/1950,195.7835988
2/18/1950,194.9936468
2/20/1950,195.1873959
2/21/1950,195.7732868
2/23/1950,195.7539251
2/24/1950,195.9549052
2/25/1950,196.1857275
2/27/1950,196.4753006
2/28/1950,196.7494803
3/1/1950,196.4214283
3/2/1950,196.9415678
3/3/1950,196.240812
3/4/1950,196.4301945
3/6/1950,197.0026971
3/7/1950,198.0569964
3/8/1950,197.9178024
3/9/1950,198.5923699
3/10/1950,198.6620638
3/11/1950,198.3135895
3/13/1950,198.7797933
3/14/1950,198.7842491
3/15/1950,198.1666247
3/16/1950,198.9285683
3/17/1950,199.150395
3/18/1950,198.6345097
3/20/1950,198.7039819
3/21/1950,198.6880037
3/22/1950,198.079335
3/23/1950,198.6317162
3/24/1950,198.6822943
3/25/1950,198.3572116
3/27/1950,199.1365473
3/28/1950,198.3457455
3/29/1950,198.5913435
3/30/1950,198.3026802
3/31/1950,197.7894219
4/1/1950,196.8457013
4/3/1950,196.1877952
4/4/1950,196.811269
4/5/1950,196.3913758
4/6/1950,195.8995633
4/8/1950,196.0485794
4/10/1950,196.4002746
4/11/1950,197.3169192
4/12/1950,196.0839618
4/13/1950,196.137205
4/14/1950,195.9406247
4/15/1950,196.2744932
4/17/1950,194.8480061
4/18/1950,193.9026373
4/19/1950,193.1025746
4/20/1950,193.6262402
4/21/1950,192.706561
4/22/1950,192.3890641
4/24/1950,192.2704594
4/25/1950,192.1333549
4/26/1950,192.3094566
4/27/1950,191.6342895
4/28/1950,191.1207831
4/29/1950,190.478216
5/1/1950,190.2448084
5/2/1950,191.4409365
5/3/1950,191.2970513
5/4/1950,192.1388552
5/5/1950,191.4147615
5/6/1950,190.8954308
5/8/1950,191.432901
5/9/1950,191.9784644
5/10/1950,193.1566772
5/11/1950,192.8196398
5/12/1950,193.0008281
5/13/1950,193.1950801
5/15/1950,192.8975157
5/16/1950,192.5403488
5/17/1950,193.0437568
5/18/1950,193.1037524
5/19/1950,192.7413384
5/20/1950,192.3853126
5/22/1950,193.059387
5/23/1950,192.9374485
5/24/1950,193.3870227
5/25/1950,193.4907268
5/26/1950,193.4457138
5/27/1950,193.3720518
5/29/1950,193.5875101
5/31/1950,193.7906467
6/1/1950,194.1804525
6/2/1950,194.7265003
6/5/1950,195.3389776
6/6/1950,194.6032193
6/7/1950,194.2259545
6/8/1950,194.1556873
6/9/1950,194.0778177
6/12/1950,194.4857149
6/13/1950,194.77122
6/14/1950,194.8912624
6/15/1950,194.4604834
6/16/1950,194.3893939
6/19/1950,194.6506392
6/20/1950,194.5431356
6/21/1950,193.8807326
6/22/1950,193.8532011
6/23/1950,194.2686062
6/26/1950,195.7136558
6/27/1950,193.789018
6/28/1950,193.0726042
6/29/1950,193.1978583
6/30/1950,191.6755092
7/3/1950,192.1898327
7/5/1950,191.9220163
7/6/1950,191.1679221
7/7/1950,191.9666526
7/10/1950,191.7807837
7/11/1950,189.824873
7/12/1950,188.6344141
7/13/1950,187.6582391
7/14/1950,187.2471185
7/17/1950,187.1101277
7/18/1950,185.5966984
7/19/1950,184.8454968
7/20/1950,183.6358298
7/21/1950,182.9863615
7/24/1950,181.8180226
7/25/1950,180.6428717
7/26/1950,179.9747319
7/27/1950,179.448564
7/28/1950,180.9100079
7/31/1950,180.7985807
8/1/1950,181.0264447
8/2/1950,181.7853943
8/3/1950,181.4303291
8/4/1950,181.79002
8/7/1950,182.2779809
8/8/1950,183.4418991
8/9/1950,182.9106204
8/10/1950,183.1725168
8/11/1950,183.880564
8/14/1950,183.9046676
8/15/1950,183.6536913
8/16/1950,182.8636083
8/17/1950,183.2765035
8/18/1950,183.7086065
8/21/1950,185.1676206
8/22/1950,185.5545045
8/23/1950,185.2391545
8/24/1950,185.359142
8/25/1950,185.7181899
8/28/1950,185.8228894
8/29/1950,186.0786942
8/30/1950,186.6037718
8/31/1950,186.7103509
9/1/1950,186.8972444
9/5/1950,187.7602753
9/6/1950,188.4675173
9/7/1950,188.0397001
9/8/1950,187.4283951
9/11/1950,188.323361
9/12/1950,187.3456602
9/13/1950,187.2472801
9/14/1950,187.163153
9/15/1950,187.3563915
9/18/1950,188.5391087
9/19/1950,188.495615
9/20/1950,188.7662368
9/21/1950,188.4812304
9/22/1950,188.2751854
9/25/1950,188.8914322
9/26/1950,190.5207144
9/27/1950,188.7205653
9/28/1950,189.3297322
9/29/1950,189.0176681
10/2/1950,188.3197115
10/3/1950,189.052019
10/4/1950,188.3464207
10/5/1950,189.047119
10/6/1950,187.9775877
10/7/1950,187.9123854
10/9/1950,188.7332077
10/10/1950,188.6804663
10/11/1950,187.4804498
10/13/1950,187.7597029
10/14/1950,188.2752107
10/16/1950,188.1898021
10/17/1950,187.9987828
10/18/1950,188.1141592
10/19/1950,188.6675325
10/20/1950,189.4098663
10/21/1950,189.2811095
10/23/1950,189.7436898
10/24/1950,189.8166724
10/25/1950,190.4516871
10/26/1950,191.5364211
10/27/1950,190.4136568
10/28/1950,190.2178422
10/30/1950,191.6561775
10/31/1950,191.2755423
11/1/1950,190.4675691
11/2/1950,190.2360552
11/3/1950,190.6769626
11/4/1950,191.3978649
11/6/1950,191.6776152
11/8/1950,191.5876912
11/9/1950,190.9874844
11/10/1950,191.2777951
11/13/1950,191.2415596
11/14/1950,191.091702
11/15/1950,191.3925752
11/16/1950,191.555545
11/17/1950,190.9794893
11/18/1950,190.7392115
11/20/1950,190.9440264
11/21/1950,190.5292791
11/22/1950,189.8366074
11/24/1950,189.8932457
11/25/1950,190.3468953
11/27/1950,190.1527592
11/28/1950,191.3549288
11/29/1950,189.7178852
11/30/1950,189.4036048
12/1/1950,188.8302061
12/2/1950,189.1005149
12/4/1950,190.2293031
12/5/1950,188.2772941
12/6/1950,188.2931178
12/7/1950,187.6888349
12/8/1950,186.294555
12/9/1950,185.8417179
12/11/1950,185.5695124
12/12/1950,186.9757181
12/13/1950,187.7642128
12/14/1950,188.163424
12/15/1950,187.3789525
12/16/1950,185.2358623
12/18/1950,184.5726677
12/19/1950,182.8483349
12/20/1950,181.3705322
12/21/1950,181.8313769
12/22/1950,182.2820331
12/26/1950,183.597333
12/27/1950,182.2341871
12/28/1950,182.1974045
12/29/1950,181.8389459
12/30/1950,182.5398923
1/2/1951,181.5637229
1/3/1951,183.044927
1/4/1951,182.688638
1/5/1951,184.4801415
1/6/1951,185.4419611
1/8/1951,185.3744947
1/9/1951,186.1072328
1/10/1951,187.3420085
1/11/1951,184.9900607
1/12/1951,185.8845541
1/13/1951,185.2755842
1/15/1951,185.0484864
1/16/1951,184.6802318
1/17/1951,184.1471407
1/18/1951,184.3168873
1/19/1951,184.2177887
1/20/1951,183.779447
1/22/1951,184.5464243
1/23/1951,183.8727357
1/24/1951,184.5347058
1/25/1951,184.5207334
1/26/1951,182.7614483
1/27/1951,182.0180919
1/29/1951,182.4558772
1/30/1951,183.4872868
1/31/1951,183.5898005
2/1/1951,182.8193107
2/2/1951,183.1155205
2/3/1951,183.160937
2/5/1951,184.2786307
2/6/1951,184.6632361
2/7/1951,184.6598121
2/8/1951,184.2794309
2/9/1951,184.8327184
2/10/1951,184.7694827
2/13/1951,186.0138435
2/14/1951,186.6637193
2/15/1951,186.9862855
2/16/1951,186.7813324
2/17/1951,186.4701798
2/19/1951,187.4362612
2/20/1951,186.6954875
2/21/1951,186.6968699
2/23/1951,186.7936301
2/24/1951,186.6906059
2/26/1951,187.3123559
2/27/1951,188.090967
2/28/1951,187.6648946
3/1/1951,187.2922712
3/2/1951,187.0445682
3/3/1951,187.1919538
3/5/1951,188.1895667
3/6/1951,188.4977195
3/7/1951,187.48041
3/8/1951,187.2395627
3/9/1951,187.2546365
3/10/1951,187.6142999
3/12/1951,188.3402235
3/13/1951,189.1724938
3/14/1951,189.2151892
3/15/1951,187.9334366
3/16/1951,187.1191314
3/17/1951,187.3697216
3/19/1951,187.9404626
3/20/1951,188.1741734
3/21/1951,187.5289965
3/22/1951,187.4263647
3/24/1951,189.258315
3/26/1951,188.6263317
3/27/1951,188.5595686
3/28/1951,189.4170031
3/29/1951,188.9673809
3/30/1951,188.2544135
3/31/1951,188.4952745
4/2/1951,189.0342948
4/3/1951,188.782843
4/4/1951,187.6542581
4/5/1951,186.4271131
4/6/1951,186.6571608
4/7/1951,187.1567566
4/9/1951,187.3440014
4/10/1951,187.7318037
4/11/1951,188.0270613
4/12/1951,186.8312849
4/13/1951,185.9950473
4/14/1951,185.602021
4/16/1951,186.6028836
4/17/1951,186.2320105
4/18/1951,185.4192946
4/19/1951,185.8561762
4/20/1951,185.6793574
4/21/1951,185.7492416
4/23/1951,186.0090672
4/24/1951,186.6219157
4/25/1951,185.7132266
4/26/1951,185.5645398
4/27/1951,185.186867
4/28/1951,185.2753327
4/30/1951,185.8129587
5/1/1951,186.0599497
5/2/1951,186.2268408
5/3/1951,185.8831393
5/4/1951,186.7751315
5/5/1951,186.9652329
5/7/1951,187.2470284
5/8/1951,186.5440145
5/9/1951,186.5429017
5/10/1951,187.0444086
5/11/1951,187.5160891
5/12/1951,187.8293225
5/14/1951,187.8296281
5/15/1951,188.4426432
5/16/1951,188.0617395
5/17/1951,187.8506646
5/18/1951,189.3045536
5/19/1951,189.0537358
5/21/1951,189.3975376
5/22/1951,189.6876077
5/23/1951,190.3927357
5/24/1951,189.7652905
5/25/1951,189.7488174
5/26/1951,189.4666355
5/28/1951,189.4018546
5/29/1951,189.481629
5/31/1951,189.657332
6/1/1951,189.9916083
6/4/1951,191.3360365
6/5/1951,190.9506611
6/6/1951,190.1887385
6/7/1951,189.7703473
6/8/1951,190.2080873
6/11/1951,189.9189309
6/12/1951,190.7980985
6/13/1951,190.9520241
6/14/1951,189.7033289
6/15/1951,189.4204569
6/18/1951,190.091968
6/19/1951,190.1139936
6/20/1951,190.6644325
6/21/1951,190.6474847
6/22/1951,191.0647205
6/25/1951,191.8869253
6/26/1951,192.2131632
6/27/1951,192.1696802
6/28/1951,193.1947101
6/29/1951,192.9742074
7/2/1951,192.3088808
7/3/1951,191.783988
7/5/1951,190.2426238
7/6/1951,191.0457257
7/9/1951,191.2222726
7/10/1951,191.9878986
7/11/1951,191.8066345
7/12/1951,191.7136069
7/13/1951,191.5414411
7/16/1951,192.3532583
7/17/1951,192.1862573
7/18/1951,192.3361921
7/19/1951,192.0545237
7/20/1951,191.9602324
7/23/1951,191.7991837
7/24/1951,190.8380582
7/25/1951,190.6247474
7/26/1951,190.1273536
7/27/1951,190.2098455
7/30/1951,189.9501201
7/31/1951,189.9589701
8/1/1951,189.1371767
8/2/1951,188.796793
8/3/1951,188.9991416
8/6/1951,188.5403788
8/7/1951,188.9257638
8/8/1951,189.636818
8/9/1951,190.6196405
8/10/1951,190.7846782
8/13/1951,191.2432386
8/14/1951,191.2013172
8/15/1951,190.6758554
8/16/1951,190.1355669
8/17/1951,190.332848
8/20/1951,190.9028229
8/21/1951,191.5873198
8/22/1951,191.6680861
8/23/1951,190.8687287
8/24/1951,191.0741311
8/27/1951,191.9710671
8/28/1951,191.2986247
8/29/1951,190.2721999
8/30/1951,189.7936805
8/31/1951,189.5172592
9/4/1951,189.2064431
9/5/1951,188.7227239
9/6/1951,188.595343
9/7/1951,188.4245701
9/10/1951,187.9866414
9/11/1951,188.7665516
9/12/1951,187.861199
9/13/1951,187.5040941
9/14/1951,187.2201185
9/17/1951,187.6903539
9/18/1951,187.2394506
9/19/1951,186.7934294
9/20/1951,186.5899477
9/21/1951,186.6543548
9/24/1951,186.7576059
9/25/1951,186.383635
9/26/1951,186.4381514
9/27/1951,187.1144786
9/28/1951,187.2620489
10/1/1951,186.9750841
10/2/1951,186.3953004
10/3/1951,185.7177124
10/4/1951,186.0364023
10/5/1951,185.4633831
10/6/1951,185.306251
10/8/1951,185.7467872
10/9/1951,186.4576379
10/10/1951,186.5442549
10/11/1951,186.0737012
10/13/1951,185.7052901
10/15/1951,186.1741981
10/16/1951,186.6853479
10/17/1951,187.2294872
10/18/1951,187.2336309
10/19/1951,188.6828814
10/20/1951,188.8801294
10/22/1951,188.9170017
10/23/1951,187.7910694
10/24/1951,187.3888124
10/25/1951,188.1181197
10/26/1951,188.5871767
10/27/1951,190.0209191
10/29/1951,188.2588702
10/30/1951,188.9048098
10/31/1951,188.0369355
11/1/1951,187.6901033
11/2/1951,188.7749543
11/3/1951,189.3752392
11/5/1951,189.4402229
11/7/1951,190.1231048
11/8/1951,189.4834182
11/9/1951,188.3814389
11/10/1951,187.9632269
11/13/1951,188.3972857
11/14/1951,187.7911683
11/15/1951,188.1808753
11/16/1951,188.3032712
11/17/1951,188.1959843
11/19/1951,188.6639434
11/20/1951,188.8215594
11/21/1951,188.8810501
11/23/1951,190.0392286
11/24/1951,190.2527308
11/26/1951,189.4213983
11/27/1951,188.7440799
11/28/1951,189.3540444
11/29/1951,189.2011
11/30/1951,188.2308985
12/1/1951,188.1316755
12/3/1951,188.336808
12/4/1951,188.2569717
12/5/1951,188.1915284
12/6/1951,187.59105
12/7/1951,188.0795685
12/8/1951,188.1735613
12/10/1951,188.5861327
12/11/1951,189.5556735
12/12/1951,189.3695964
12/13/1951,188.9777177
12/14/1951,189.0956911
12/15/1951,188.9805864
12/17/1951,188.7339406
12/18/1951,188.6087966
12/19/1951,188.3184551
12/20/1951,188.6069134
12/21/1951,188.563648
12/22/1951,188.6003889
12/24/1951,188.4468413
12/26/1951,189.1514685
12/27/1951,188.4377664
12/28/1951,188.7123251
12/29/1951,189.0462611
12/31/1951,189.6706943
1/2/1952,189.5959431
1/3/1952,190.1915305
1/4/1952,190.55472
1/5/1952,190.6179877
1/7/1952,191.4275706
1/8/1952,192.1647002
1/9/1952,192.1838819
1/10/1952,191.9950154
1/11/1952,192.2184116
1/12/1952,191.5412676
1/14/1952,191.7486776
1/15/1952,192.1175868
1/16/1952,191.63885
1/17/1952,191.0773378
1/18/1952,190.9549344
1/19/1952,190.9924702
1/21/1952,190.7891556
1/22/1952,190.2698002
1/23/1952,191.0133344
1/24/1952,190.8858628
1/25/1952,190.4876934
1/26/1952,190.4728444
1/28/1952,190.2630919
1/29/1952,190.0861644
1/30/1952,190.8488348
1/31/1952,191.0854299
2/1/1952,190.857518
2/2/1952,190.8675066
2/4/1952,191.8711495
2/5/1952,191.751509
2/6/1952,191.9361237
2/7/1952,191.744788
2/8/1952,191.2768541
2/9/1952,191.4898481
2/11/1952,192.1046205
2/13/1952,192.6430227
2/14/1952,192.5046025
2/15/1952,192.3811111
2/16/1952,192.2885306
2/18/1952,192.330424
2/19/1952,193.2259587
2/20/1952,193.1306602
2/21/1952,192.0794009
2/23/1952,191.3808594
2/25/1952,192.1065866
2/26/1952,192.4827813
2/27/1952,191.8369141
2/28/1952,191.1420839
2/29/1952,191.4543304
3/1/1952,191.6029222
3/3/1952,191.5381078
3/4/1952,190.4912528
3/5/1952,190.4596413
3/6/1952,190.7779572
3/7/1952,189.7690883
3/8/1952,189.5391048
3/10/1952,190.5913599
3/11/1952,190.5419063
3/12/1952,190.3606233
3/13/1952,190.3875773
3/14/1952,190.5291239
3/15/1952,190.278073
3/17/1952,190.5238007
3/18/1952,190.7434981
3/19/1952,191.1420372
3/20/1952,190.4439347
3/21/1952,190.672667
3/22/1952,190.8743159
3/24/1952,190.7965864
3/25/1952,191.1903093
3/26/1952,191.0922211
3/27/1952,190.4790573
3/28/1952,189.6440444
3/29/1952,188.9535813
3/31/1952,189.0092838
4/1/1952,189.7873505
4/2/1952,189.5829809
4/3/1952,189.433148
4/4/1952,190.151226
4/5/1952,190.5757327
4/7/1952,190.9959674
4/8/1952,190.2072592
4/9/1952,190.408767
4/10/1952,190.0872695
4/12/1952,190.2128737
4/14/1952,190.6856465
4/15/1952,191.481805
4/16/1952,191.0614365
4/17/1952,191.4185478
4/18/1952,190.7463557
4/19/1952,190.5032948
4/21/1952,189.8789766
4/22/1952,190.2032904
4/23/1952,190.766184
4/24/1952,190.5913827
4/25/1952,189.8402152
4/26/1952,189.6296539
4/28/1952,190.0822698
4/29/1952,190.3346928
4/30/1952,190.6267747
5/1/1952,191.0215104
5/2/1952,189.867221
5/3/1952,189.7367642
5/5/1952,190.1304598
5/6/1952,190.2233073
5/7/1952,189.897615
5/8/1952,190.063616
5/9/1952,190.2166665
5/10/1952,190.4197969
5/12/1952,190.806374
5/13/1952,190.7963368
5/14/1952,191.2680605
5/15/1952,191.5895084
5/16/1952,191.5888714
5/17/1952,191.6302696
5/19/1952,191.6242697
5/20/1952,191.3442455
5/21/1952,191.3084366
5/22/1952,190.779582
5/23/1952,190.7837476
5/24/1952,190.8618719
5/26/1952,191.0555444
5/27/1952,191.2453715
5/28/1952,191.5357896
5/29/1952,191.576857
6/2/1952,191.7743812
6/3/1952,191.5323987
6/4/1952,191.0181174
6/5/1952,190.4496211
6/6/1952,190.2095886
6/9/1952,190.2213975
6/10/1952,190.7895568
6/11/1952,190.180002
6/12/1952,190.2366005
6/13/1952,190.1915396
6/16/1952,190.7722524
6/17/1952,190.8245689
6/18/1952,190.5649327
6/19/1952,190.3721117
6/20/1952,190.5585548
6/23/1952,190.5896261
6/24/1952,190.8677277
6/25/1952,190.2284481
6/26/1952,190.1692516
6/27/1952,190.3903026
6/30/1952,190.0713745
7/1/1952,189.940753
7/2/1952,190.4913389
7/3/1952,190.5899818
7/7/1952,191.2000775
7/8/1952,190.9801157
7/9/1952,191.2148566
7/10/1952,191.2582043
7/11/1952,190.7147999
7/14/1952,191.2814216
7/15/1952,191.091421
7/16/1952,191.2142955
7/17/1952,191.683916
7/18/1952,192.0456404
7/21/1952,192.1795848
7/22/1952,191.851122
7/23/1952,191.2581235
7/24/1952,190.9514239
7/25/1952,191.4573027
7/28/1952,191.4811139
7/29/1952,191.708253
7/30/1952,191.7643964
7/31/1952,191.7155684
8/1/1952,192.0958968
8/4/1952,192.5914818
8/5/1952,193.0674799
8/6/1952,193.6482655
8/7/1952,193.2784802
8/8/1952,193.7156042
8/11/1952,194.2327248
8/12/1952,194.9173146
8/13/1952,194.951223
8/14/1952,195.050083
8/15/1952,195.4853923
8/18/1952,196.2630616
8/19/1952,195.9874481
8/20/1952,195.9001256
8/21/1952,196.0636367
8/22/1952,196.1373001
8/25/1952,196.0959386
8/26/1952,196.1020136
8/27/1952,195.9427775
8/28/1952,195.4249947
8/29/1952,195.5272313
9/2/1952,195.678423
9/3/1952,195.678723
9/4/1952,195.8942725
9/5/1952,196.0756872
9/8/1952,196.7625117
9/9/1952,197.3647034
9/10/1952,197.0432206
9/11/1952,197.0923553
9/12/1952,197.3819761
9/15/1952,197.9893942
9/16/1952,197.4254076
9/17/1952,197.5709532
9/18/1952,197.6530048
9/19/1952,197.3236139
9/22/1952,197.3930496
9/23/1952,196.6998305
9/24/1952,196.4388421
9/25/1952,196.1324378
9/26/1952,196.6050144
9/29/1952,196.6448081
9/30/1952,197.0722525
10/1/1952,197.2525157
10/2/1952,197.1003557
10/3/1952,197.0914814
10/6/1952,197.3445476
10/7/1952,197.318394
10/8/1952,196.7408552
10/9/1952,196.438612
10/10/1952,196.455827
10/14/1952,197.1361401
10/15/1952,198.2160428
10/16/1952,197.7704908
10/17/1952,196.6532368
10/20/1952,197.0120688
10/21/1952,196.83708
10/22/1952,197.257427
10/23/1952,197.0823365
10/24/1952,197.2335868
10/27/1952,197.0549055
10/28/1952,197.3210348
10/29/1952,196.9914756
10/30/1952,197.5117267
10/31/1952,196.3749425
11/3/1952,197.0848548
11/5/1952,197.7320722
11/6/1952,197.480991
11/7/1952,197.0941849
11/10/1952,197.2027548
11/12/1952,197.6634144
11/13/1952,198.2896127
11/14/1952,198.8505613
11/17/1952,198.8056972
11/18/1952,197.6677997
11/19/1952,197.5387762
11/20/1952,197.6320948
11/21/1952,197.7989501
11/24/1952,197.3045635
11/25/1952,197.5046364
11/26/1952,197.4855784
11/28/1952,197.1156222
12/1/1952,197.5639062
12/2/1952,197.9068327
12/3/1952,197.6835996
12/4/1952,198.2571014
12/5/1952,197.5770457
12/8/1952,197.5609554
12/9/1952,197.5118432
12/10/1952,197.9307194
12/11/1952,197.7462779
12/12/1952,197.5301436
12/15/1952,197.5887703
12/16/1952,197.9595283
12/17/1952,197.6320995
12/18/1952,197.1993968
12/19/1952,196.4765125
12/22/1952,196.0024996
12/23/1952,196.3855508
12/24/1952,196.1075096
12/26/1952,196.1928165
12/29/1952,196.4193702
12/30/1952,196.7305237
12/31/1952,197.1006437
1/2/1953,196.549623
1/5/1953,196.9247913
1/6/1953,197.7081866
1/7/1953,197.6173462
1/8/1953,197.6381872
1/9/1953,198.4154743
1/12/1953,198.486498
1/13/1953,198.1053675
1/14/1953,198.4560082
1/15/1953,198.3844234
1/16/1953,198.6610128
1/19/1953,198.8539747
1/20/1953,198.6802673
1/21/1953,198.7222333
1/22/1953,198.9762078
1/23/1953,199.4826149
1/26/1953,199.5404653
1/27/1953,199.4297555
1/28/1953,199.4669281
1/29/1953,199.7093406
1/30/1953,199.8417157
2/2/1953,200.6621567
2/3/1953,201.2595032
2/4/1953,201.742173
2/5/1953,202.4480396
2/6/1953,203.0975119
2/9/1953,202.7019258
2/10/1953,202.8122312
2/11/1953,202.2636734
2/13/1953,202.0676912
2/16/1953,202.2550682
2/17/1953,202.6826332
2/18/1953,202.3986024
2/19/1953,202.0670793
2/20/1953,202.1322364
2/24/1953,201.6751674
2/25/1953,200.8865358
2/26/1953,201.2217446
2/27/1953,201.1243532
3/2/1953,200.9921416
3/3/1953,200.7875497
3/4/1953,201.6041816
3/5/1953,201.4213517
3/6/1953,201.3005006
3/9/1953,202.2635396
3/10/1953,202.1181951
3/11/1953,202.0519052
3/12/1953,202.1741791
3/13/1953,201.9711715
3/16/1953,202.0129338
3/17/1953,202.2489664
3/18/1953,202.1904185
3/19/1953,202.117424
3/20/1953,202.1952301
3/23/1953,202.6623067
3/24/1953,201.6035688
3/25/1953,201.7368751
3/26/1953,201.8821333
3/27/1953,201.7735003
3/30/1953,202.7468705
3/31/1953,202.2706081
4/1/1953,201.3881802
4/2/1953,202.266016
4/6/1953,203.0412795
4/7/1953,201.4405404
4/8/1953,201.5189088
4/9/1953,202.1098066
4/10/1953,202.0841188
4/13/1953,202.624372
4/14/1953,202.478136
4/15/1953,202.0363332
4/16/1953,202.5296007
4/17/1953,203.2147949
4/20/1953,202.6518344
4/21/1953,203.0831288
4/22/1953,203.542789
4/23/1953,203.6360409
4/24/1953,202.8200047
4/27/1953,202.131392
4/28/1953,201.4510135
4/29/1953,200.9438824
4/30/1953,201.1901079
5/1/1953,200.7925942
5/4/1953,200.1693811
5/5/1953,200.7117075
5/6/1953,200.9716349
5/7/1953,201.5649137
5/8/1953,201.2259319
5/11/1953,201.8160473
5/12/1953,202.312516
5/13/1953,201.9954608
5/14/1953,201.8365692
5/15/1953,201.5062146
5/18/1953,201.8524281
5/19/1953,201.7574656
5/20/1953,200.401594
5/21/1953,200.6566114
5/22/1953,200.4058313
5/25/1953,200.7718854
5/26/1953,200.9783184
5/27/1953,201.6214123
5/28/1953,201.7563026
5/29/1953,201.4319443
6/1/1953,202.7795986
6/2/1953,201.9909779
6/3/1953,201.8768749
6/4/1953,202.3121655
6/5/1953,201.5963511
6/8/1953,201.5954494
6/9/1953,202.5039621
6/10/1953,201.1695897
6/11/1953,200.9532624
6/12/1953,200.857587
6/15/1953,201.8753956
6/16/1953,201.1539994
6/17/1953,200.0969985
6/18/1953,200.0758245
6/19/1953,199.7461476
6/22/1953,199.3811373
6/23/1953,199.1454951
6/24/1953,199.6829802
6/25/1953,200.2205013
6/26/1953,200.5259537
6/29/1953,200.8900751
6/30/1953,201.251347
7/1/1953,201.0633575
7/2/1953,200.9751957
7/3/1953,201.5203808
7/6/1953,201.8417816
7/7/1953,201.8890869
7/8/1953,202.1304674
7/9/1953,202.5436232
7/10/1953,203.2024569
7/13/1953,203.9566379
7/14/1953,203.8232072
7/15/1953,203.4479865
7/16/1953,203.6496419
7/17/1953,203.4092062
7/20/1953,203.8380004
7/21/1953,204.0215882
7/22/1953,204.2051107
7/23/1953,203.9083991
7/24/1953,204.1612453
7/27/1953,204.6639493
7/28/1953,204.7752346
7/29/1953,204.7021238
7/30/1953,203.8509475
7/31/1953,203.3190563
8/3/1953,203.3467359
8/4/1953,203.8444732
8/5/1953,204.2203783
8/6/1953,204.0288087
8/7/1953,203.9786018
8/10/1953,204.5385321
8/11/1953,205.044646
8/12/1953,204.9974412
8/13/1953,205.5027313
8/14/1953,206.4210471
8/17/1953,206.9282452
8/18/1953,207.9276665
8/19/1953,208.3300455
8/20/1953,207.874558
8/21/1953,207.9364179
8/24/1953,208.8313116
8/25/1953,208.9288496
8/26/1953,209.3931302
8/27/1953,209.7731422
8/28/1953,209.8630711
8/31/1953,211.4168753
9/1/1953,210.0712069
9/2/1953,209.7365288
9/3/1953,210.3938141
9/4/1953,210.2236907
9/8/1953,210.5214683
9/9/1953,210.7149618
9/10/1953,212.0362882
9/11/1953,212.9422163
9/14/1953,214.5091519
9/15/1953,212.363912
9/16/1953,212.065824
9/17/1953,211.9388991
9/18/1953,212.5545789
9/21/1953,212.5027445
9/22/1953,210.7575855
9/23/1953,210.4802006
9/24/1953,210.6463989
9/25/1953,210.3388842
9/28/1953,209.9384394
9/29/1953,210.6295302
9/30/1953,211.4834161
10/1/1953,210.7228047
10/2/1953,211.394648
10/5/1953,212.2582218
10/6/1953,212.4951454
10/7/1953,212.0455523
10/8/1953,212.7317598
10/9/1953,213.1526825
10/13/1953,213.5147723
10/14/1953,212.7930201
10/15/1953,211.1462178
10/16/1953,210.6127311
10/19/1953,210.9700076
10/20/1953,211.5970376
10/21/1953,210.7935349
10/22/1953,210.7438174
10/23/1953,210.860156
10/26/1953,211.3318397
10/27/1953,211.5760585
10/28/1953,211.1453507
10/29/1953,209.8545742
10/30/1953,210.3050765
11/2/1953,210.6257241
11/4/1953,210.8272828
11/5/1953,210.4196396
11/6/1953,210.2409713
11/9/1953,210.4321973
11/10/1953,210.7917852
11/12/1953,210.8736948
11/13/1953,210.7761879
11/16/1953,211.2094271
11/17/1953,212.1561482
11/18/1953,211.9282924
11/19/1953,211.9968013
11/20/1953,212.3452302
11/23/1953,212.7252352
11/24/1953,212.6315606
11/25/1953,212.5334424
11/27/1953,211.7857763
11/30/1953,211.9816966
12/1/1953,212.1824591
12/2/1953,211.6940235
12/3/1953,212.0598487
12/4/1953,212.8742908
12/7/1953,213.5566643
12/8/1953,213.7769935
12/9/1953,213.5779906
12/10/1953,213.9894623
12/11/1953,213.6713384
12/14/1953,214.0496554
12/15/1953,214.3455158
12/16/1953,213.4962226
12/17/1953,213.9065254
12/18/1953,213.8428883
12/21/1953,215.5219402
12/22/1953,215.9923435
12/23/1953,216.1428705
12/24/1953,215.6546193
12/28/1953,216.8107925
12/29/1953,217.1826086
12/30/1953,216.378358
12/31/1953,217.5494356
1/4/1954,215.3831444
1/5/1954,214.3555827
1/6/1954,214.4720498
1/7/1954,214.7991538
1/8/1954,215.5904007
1/11/1954,216.3557816
1/12/1954,216.1045175
1/13/1954,215.5048422
1/14/1954,215.6624668
1/15/1954,215.6158612
1/18/1954,215.8781803
1/19/1954,214.8739049
1/20/1954,214.9527818
1/21/1954,215.221722
1/22/1954,214.7759678
1/25/1954,215.6335271
1/26/1954,215.197568
1/27/1954,216.0090589
1/28/1954,215.6794725
1/29/1954,215.3099492
2/1/1954,216.046793
2/2/1954,216.08847
2/3/1954,215.3402087
2/4/1954,215.4595721
2/5/1954,215.8936876
2/8/1954,216.5573322
2/9/1954,216.6293526
2/10/1954,216.4086197
2/11/1954,216.3203697
2/12/1954,215.9199789
2/15/1954,216.346237
2/16/1954,216.7793692
2/17/1954,215.9506042
2/18/1954,215.8642089
2/19/1954,216.3700119
2/23/1954,216.7275145
2/24/1954,216.695685
2/25/1954,216.2330372
2/26/1954,215.7740231
3/1/1954,216.1883421
3/2/1954,216.2558229
3/3/1954,216.3029039
3/4/1954,215.9342265
3/5/1954,215.477799
3/8/1954,216.3917194
3/9/1954,216.1724259
3/10/1954,215.992549
3/11/1954,215.7095396
3/12/1954,216.1402461
3/15/1954,216.8766552
3/16/1954,217.411422
3/17/1954,217.2863828
3/18/1954,217.0211781
3/19/1954,216.7731904
3/22/1954,216.7751948
3/23/1954,218.1324712
3/24/1954,217.7274511
3/25/1954,217.8281466
3/26/1954,217.3987105
3/29/1954,216.7848318
3/30/1954,216.582928
3/31/1954,215.8528229
4/1/1954,215.8296076
4/2/1954,216.0981667
4/5/1954,216.6408116
4/6/1954,217.2305602
4/7/1954,216.4180156
4/8/1954,215.2791644
4/9/1954,214.8465065
4/12/1954,215.7547421
4/13/1954,215.0107217
4/14/1954,215.2624434
4/15/1954,215.4274881
4/19/1954,216.716091
4/20/1954,217.5667869
4/21/1954,217.852074
4/22/1954,217.8927404
4/23/1954,217.5103609
4/26/1954,217.8989213
4/27/1954,218.6833761
4/28/1954,217.7629724
4/29/1954,218.3901386
4/30/1954,218.3969827
5/3/1954,218.8304906
5/4/1954,218.5871639
5/5/1954,219.4522545
5/6/1954,218.8732104
5/7/1954,218.2266794
5/10/1954,218.7823291
5/11/1954,219.5944653
5/12/1954,218.5689594
5/13/1954,218.095053
5/14/1954,218.2172335
5/17/1954,218.0583039
5/18/1954,218.9139141
5/19/1954,219.4055277
5/20/1954,218.7184731
5/21/1954,217.8125013
5/24/1954,217.6014402
5/25/1954,218.4675835
5/26/1954,217.8927629
5/27/1954,218.4343781
5/28/1954,218.2782796
6/1/1954,218.219806
6/2/1954,218.9338471
6/3/1954,218.8938847
6/4/1954,219.4903091
6/7/1954,219.6990106
6/8/1954,220.7074614
6/9/1954,219.4411941
6/10/1954,219.0887273
6/11/1954,218.334724
6/14/1954,218.8329219
6/15/1954,218.0046226
6/16/1954,217.9272717
6/17/1954,218.0466598
6/18/1954,218.6017016
6/21/1954,218.9348252
6/22/1954,218.9684994
6/23/1954,218.761816
6/24/1954,218.6039778
6/25/1954,219.3441874
6/28/1954,220.5018637
6/29/1954,220.9449635
6/30/1954,221.1599865
7/1/1954,221.6307127
7/2/1954,221.1772097
7/6/1954,221.199093
7/7/1954,221.4139199
7/8/1954,221.9929726
7/9/1954,221.8868832
7/12/1954,222.5954561
7/13/1954,222.8006786
7/14/1954,222.4921027
7/15/1954,222.4827787
7/16/1954,222.8040993
7/19/1954,223.109217
7/20/1954,222.8914949
7/21/1954,222.8341582
7/22/1954,222.305692
7/23/1954,222.9109087
7/26/1954,223.6686561
7/27/1954,223.2008506
7/28/1954,223.7140831
7/29/1954,224.7565939
7/30/1954,225.3029164
8/2/1954,225.3008995
8/3/1954,225.2032114
8/4/1954,225.0239409
8/5/1954,225.1521822
8/6/1954,225.8537331
8/9/1954,225.7682972
8/10/1954,224.9123656
8/11/1954,224.9706816
8/12/1954,225.48904
8/13/1954,224.7098498
8/16/1954,224.3216371
8/17/1954,225.0908406
8/18/1954,225.1031052
8/19/1954,226.1166853
8/20/1954,225.8733186
8/23/1954,226.3173354
8/24/1954,226.4855363
8/25/1954,226.590235
8/26/1954,226.6103393
8/27/1954,226.3730855
8/30/1954,227.1281793
8/31/1954,226.9934554
9/1/1954,226.7267769
9/2/1954,226.5490526
9/3/1954,226.1821405
9/7/1954,225.9342154
9/8/1954,226.4600818
9/9/1954,226.3860268
9/10/1954,226.1609925
9/13/1954,225.7113127
9/14/1954,226.2496204
9/15/1954,226.718683
9/16/1954,226.4899948
9/17/1954,226.2764449
9/20/1954,227.3548135
9/21/1954,227.3872559
9/22/1954,227.9955704
9/23/1954,228.2641245
9/24/1954,227.7410869
9/27/1954,228.3160764
9/28/1954,228.3581501
9/29/1954,228.1404011
9/30/1954,228.2427474
10/1/1954,227.8102047
10/4/1954,227.2044712
10/5/1954,227.0096876
10/6/1954,227.1048967
10/7/1954,227.3046605
10/8/1954,227.3487681
10/11/1954,227.5914126
10/12/1954,227.4690179
10/13/1954,227.0313724
10/14/1954,227.8447905
10/15/1954,226.7292385
10/18/1954,226.7726496
10/19/1954,226.220639
10/20/1954,225.3245146
10/21/1954,225.3951865
10/22/1954,225.5557837
10/25/1954,225.9892144
10/26/1954,225.8267936
10/27/1954,225.5645993
10/28/1954,225.8276718
10/29/1954,226.0450069
11/1/1954,225.8749736
11/3/1954,226.3483723
11/4/1954,225.9889298
11/5/1954,226.5654885
11/8/1954,226.2153224
11/9/1954,226.2284653
11/10/1954,226.2829699
11/11/1954,225.5559405
11/12/1954,225.676961
11/15/1954,226.4964033
11/16/1954,226.4412742
11/17/1954,226.1076825
11/18/1954,227.093813
11/19/1954,227.0647703
11/22/1954,227.8414498
11/23/1954,227.6324283
11/24/1954,228.1406547
11/26/1954,228.0631897
11/29/1954,228.5495715
11/30/1954,229.5554987
12/1/1954,229.3401924
12/2/1954,229.1783601
12/3/1954,229.6548503
12/6/1954,229.5873936
12/7/1954,229.5400434
12/8/1954,229.2913652
12/9/1954,229.1153835
12/10/1954,228.9140068
12/13/1954,229.3722355
12/14/1954,230.3354926
12/15/1954,229.8258122
12/16/1954,228.5739831
12/17/1954,227.6625109
12/20/1954,227.2110293
12/21/1954,227.435159
12/22/1954,227.6780488
12/23/1954,227.2279949
12/27/1954,227.5159331
12/28/1954,226.0060752
12/29/1954,225.8362154
12/30/1954,225.6407601
12/31/1954,225.6683444
1/3/1955,226.0749239
1/4/1955,226.7920471
1/5/1955,227.750614
1/6/1955,227.0465869
1/7/1955,226.1908766
1/10/1955,225.9390638
1/11/1955,226.672912
1/12/1955,227.0704702
1/13/1955,227.2801848
1/14/1955,228.116453
1/17/1955,229.7665323
1/18/1955,228.5626497
1/19/1955,228.2601149
1/20/1955,228.7645095
1/21/1955,228.3391872
1/24/1955,228.4461695
1/25/1955,228.4276778
1/26/1955,227.9310046
1/27/1955,227.8653656
1/28/1955,227.5849725
1/31/1955,227.3713691
2/1/1955,227.6738685
2/2/1955,227.7778573
2/3/1955,227.8377657
2/4/1955,227.7263169
2/7/1955,228.1856038
2/8/1955,229.2977966
2/9/1955,227.905752
2/10/1955,227.9450959
2/11/1955,228.6600492
2/14/1955,229.0997343
2/15/1955,228.770507
2/16/1955,229.04413
2/17/1955,228.0419219
2/18/1955,227.0982956
2/21/1955,227.0772087
2/23/1955,227.4755648
2/24/1955,228.2749551
2/25/1955,227.8045261
2/28/1955,227.5488811
3/1/1955,227.5783329
3/2/1955,227.3638156
3/3/1955,227.6712497
3/4/1955,227.5178198
3/7/1955,228.3973605
3/8/1955,229.8436963
3/9/1955,228.3156917
3/10/1955,227.3009211
3/11/1955,227.876212
3/14/1955,227.360734
3/15/1955,225.0153593
3/16/1955,225.7858501
3/17/1955,225.8126307
3/18/1955,226.3834826
3/21/1955,226.7838099
3/22/1955,226.0390866
3/23/1955,224.9948048
3/24/1955,225.4584889
3/25/1955,225.240683
3/28/1955,226.2996073
3/29/1955,225.3220982
3/30/1955,225.8960586
3/31/1955,225.1984839
4/1/1955,225.0350829
4/4/1955,226.0830135
4/5/1955,226.0751628
4/6/1955,226.2340659
4/7/1955,226.2795514
4/11/1955,227.4473013
4/12/1955,227.3659483
4/13/1955,227.949139
4/14/1955,228.1443985
4/15/1955,227.4490899
4/18/1955,227.324828
4/19/1955,227.3357981
4/20/1955,227.4159572
4/21/1955,227.7627552
4/22/1955,228.3545264
4/25/1955,227.7652906
4/26/1955,227.5430056
4/27/1955,228.1593006
4/28/1955,228.8634349
4/29/1955,228.69335
5/2/1955,229.6189796
5/3/1955,231.1108979
5/4/1955,230.403184
5/5/1955,230.5925994
5/6/1955,230.2736639
5/9/1955,230.4863126
5/10/1955,230.9399886
5/11/1955,232.2241452
5/12/1955,232.1601617
5/13/1955,232.1361661
5/16/1955,233.3465984
5/17/1955,233.2141426
5/18/1955,231.5761351
5/19/1955,231.305993
5/20/1955,230.6487636
5/23/1955,231.2623538
5/24/1955,230.7931877
5/25/1955,230.152923
5/26/1955,229.3197907
5/27/1955,229.2918188
5/31/1955,228.8856733
6/1/1955,229.0690578
6/2/1955,228.1798944
6/3/1955,227.8805683
6/6/1955,227.6453518
6/7/1955,227.4634966
6/8/1955,227.126443
6/9/1955,228.556918
6/10/1955,227.5392355
6/13/1955,227.2128041
6/14/1955,227.7311072
6/15/1955,227.5275384
6/16/1955,227.6265795
6/17/1955,227.4548145
6/20/1955,227.1858596
6/21/1955,226.9992991
6/22/1955,226.9623216
6/23/1955,227.6751515
6/24/1955,227.5899605
6/27/1955,227.4629296
6/28/1955,228.0769961
6/29/1955,227.9761574
6/30/1955,227.7020647
7/1/1955,227.6980859
7/5/1955,228.0208961
7/6/1955,229.1710158
7/7/1955,231.2247078
7/8/1955,231.4162384
7/11/1955,230.6355051
7/12/1955,231.0230407
7/13/1955,231.5360212
7/14/1955,231.1707673
7/15/1955,231.0120598
7/18/1955,232.4307335
7/19/1955,232.9116465
7/20/1955,232.2854493
7/21/1955,231.8399338
7/22/1955,231.6752557
7/25/1955,232.2755372
7/26/1955,232.4854514
7/27/1955,233.5393562
7/28/1955,234.3307672
7/29/1955,234.0944931
8/1/1955,235.6332777
8/2/1955,235.0623353
8/3/1955,234.8541464
8/4/1955,234.7972635
8/5/1955,234.6850342
8/8/1955,234.9658755
8/9/1955,234.976791
8/10/1955,234.4921203
8/11/1955,234.1131564
8/12/1955,233.9450171
8/15/1955,234.8871859
8/16/1955,235.1638861
8/17/1955,234.5994859
8/18/1955,234.2398662
8/19/1955,234.0853408
8/22/1955,234.0519912
8/23/1955,233.0693362
8/24/1955,232.6837677
8/25/1955,232.064288
8/26/1955,231.1623623
8/29/1955,231.5436253
8/30/1955,231.9383358
8/31/1955,231.3610801
9/1/1955,231.6063314
9/2/1955,231.3145565
9/6/1955,230.9060787
9/7/1955,230.9921977
9/8/1955,231.1941328
9/9/1955,231.5752519
9/12/1955,231.4779777
9/13/1955,231.1234472
9/14/1955,231.1011394
9/15/1955,230.6712266
9/16/1955,229.963661
9/19/1955,230.5097395
9/20/1955,230.3398134
9/21/1955,229.937253
9/22/1955,229.8931153
9/23/1955,229.6885113
9/26/1955,232.0381003
9/27/1955,230.143665
9/28/1955,230.6849979
9/29/1955,230.8538214
9/30/1955,230.5080849
10/3/1955,232.5501506
10/4/1955,231.4188816
10/5/1955,231.2955047
10/6/1955,231.7365855
10/7/1955,232.7856158
10/10/1955,234.4290259
10/11/1955,232.2599006
10/12/1955,231.335043
10/13/1955,232.1893676
10/14/1955,231.8871652
10/17/1955,232.1211581
10/18/1955,231.4014047
10/19/1955,230.8405648
10/20/1955,230.4073585
10/21/1955,230.0016278
10/24/1955,229.6140731
10/25/1955,230.8530142
10/26/1955,230.5649009
10/27/1955,230.7899086
10/28/1955,230.7729092
10/31/1955,230.8728469
11/1/1955,231.2092375
11/2/1955,231.0217073
11/3/1955,229.6362284
11/4/1955,228.5433698
11/7/1955,228.7166924
11/9/1955,228.1186737
11/10/1955,228.1846164
11/11/1955,227.3391511
11/14/1955,226.1854564
11/15/1955,226.3469277
11/16/1955,226.5669491
11/17/1955,227.2992925
11/18/1955,227.5044119
11/21/1955,227.7816252
11/22/1955,226.1358291
11/23/1955,226.0523165
11/25/1955,225.425443
11/28/1955,225.583913
11/29/1955,225.3292584
11/30/1955,224.7719703
12/1/1955,224.3934373
12/2/1955,224.3679727
12/5/1955,224.4452196
12/6/1955,224.4482206
12/7/1955,224.2648995
12/8/1955,223.7256373
12/9/1955,224.0151074
12/12/1955,223.812834
12/13/1955,223.7551268
12/14/1955,224.0546269
12/15/1955,223.1350961
12/16/1955,222.3929542
12/19/1955,222.0805629
12/20/1955,221.85063
12/21/1955,220.7233337
12/22/1955,220.0092768
12/23/1955,220.1423726
12/27/1955,220.9985424
12/28/1955,221.6180779
12/29/1955,222.0893638
12/30/1955,221.3739399
1/3/1956,222.4683589
1/4/1956,222.8238931
1/5/1956,223.0741525
1/6/1956,222.7824865
1/9/1956,224.6144399
1/10/1956,224.8265337
1/11/1956,224.3306862
1/12/1956,224.2796524
1/13/1956,224.0635014
1/16/1956,225.6783862
1/17/1956,224.7505802
1/18/1956,226.497631
1/19/1956,226.7728674
1/20/1956,227.8612915
1/23/1956,227.2797279
1/24/1956,225.9860544
1/25/1956,225.8843024
1/26/1956,226.6825726
1/27/1956,227.0128795
1/30/1956,226.8228885
1/31/1956,225.5540621
2/1/1956,225.2491543
2/2/1956,225.3892726
2/3/1956,224.7918566
2/6/1956,225.6374691
2/7/1956,226.3055078
2/8/1956,228.2527863
2/9/1956,228.1933793
2/10/1956,227.5605722
2/13/1956,227.6215586
2/14/1956,228.2886102
2/15/1956,227.2977189
2/16/1956,227.103636
2/17/1956,224.7396449
2/20/1956,223.9211149
2/21/1956,223.4793267
2/23/1956,222.5786855
2/24/1956,222.1789734
2/27/1956,222.2124149
2/28/1956,222.0944996
2/29/1956,223.4499757
3/1/1956,222.9463114
3/2/1956,221.990774
3/5/1956,221.764123
3/6/1956,222.926963
3/7/1956,222.9345525
3/8/1956,222.7759069
3/9/1956,222.1175679
3/12/1956,222.3645348
3/13/1956,222.7941438
3/14/1956,222.5847221
3/15/1956,222.2996591
3/16/1956,221.9564455
3/19/1956,221.8377227
3/20/1956,221.9747109
3/21/1956,222.6930392
3/22/1956,221.6337227
3/23/1956,221.2735232
3/26/1956,221.371733
3/27/1956,222.298301
3/28/1956,220.9753612
3/29/1956,220.4385907
4/2/1956,220.5285952
4/3/1956,220.7384642
4/4/1956,219.7103787
4/5/1956,220.6037871
4/6/1956,220.4070421
4/9/1956,221.1425294
4/10/1956,221.1953223
4/11/1956,219.7128772
4/12/1956,219.9729874
4/13/1956,219.0511902
4/16/1956,219.0018137
4/17/1956,219.8010557
4/18/1956,219.684511
4/19/1956,220.0150899
4/20/1956,219.2407117
4/23/1956,219.3940836
4/24/1956,219.8912134
4/25/1956,219.6080673
4/26/1956,218.7147385
4/27/1956,217.6899512
4/30/1956,218.0099609
5/1/1956,218.2276167
5/2/1956,218.3737636
5/3/1956,217.9004363
5/4/1956,217.30625
5/7/1956,217.7037371
5/8/1956,217.7678231
5/9/1956,217.3878038
5/10/1956,218.8325727
5/11/1956,217.8185087
5/14/1956,219.6281506
5/15/1956,219.1538938
5/16/1956,219.1827296
5/17/1956,218.2399139
5/18/1956,219.2276106
5/21/1956,220.6828485
5/22/1956,221.0625462
5/23/1956,221.5626741
5/24/1956,222.8890529
5/25/1956,221.9658071
5/28/1956,222.6575252
5/29/1956,220.3219885
5/31/1956,221.7010253
6/1/1956,221.5074029
6/4/1956,221.4188906
6/5/1956,221.5790334
6/6/1956,221.8917679
6/7/1956,221.1803994
6/8/1956,223.2789423
6/11/1956,222.2171923
6/12/1956,220.6287916
6/13/1956,220.6574146
6/14/1956,220.4721254
6/15/1956,220.2568167
6/18/1956,221.0227226
6/19/1956,220.8012796
6/20/1956,220.5075734
6/21/1956,219.7154989
6/22/1956,219.9259389
6/25/1956,220.5888343
6/26/1956,219.3515765
6/27/1956,218.6339273
6/28/1956,218.4834277
6/29/1956,218.634529
7/2/1956,219.2429735
7/3/1956,218.8693574
7/5/1956,217.7993335
7/6/1956,217.9812575
7/9/1956,218.0503791
7/10/1956,217.745056
7/11/1956,218.0987289
7/12/1956,218.1076896
7/13/1956,217.7919238
7/16/1956,217.6258944
7/17/1956,217.5334298
7/18/1956,217.9397488
7/19/1956,217.7814306
7/20/1956,217.8832985
7/23/1956,218.0009697
7/24/1956,218.1088209
7/25/1956,217.8414673
7/26/1956,218.0928459
7/27/1956,218.4841284
7/30/1956,218.2389718
7/31/1956,217.0418402
8/1/1956,217.0822014
8/2/1956,216.8067756
8/3/1956,216.863498
8/6/1956,218.7575753
8/7/1956,218.0431306
8/8/1956,216.7285354
8/9/1956,216.8237695
8/10/1956,217.9514406
8/13/1956,219.3328081
8/14/1956,218.5754355
8/15/1956,218.4355844
8/16/1956,218.1513163
8/17/1956,218.1941373
8/20/1956,219.1238467
8/21/1956,219.2373871
8/22/1956,219.7634116
8/23/1956,218.6359664
8/24/1956,218.4312839
8/27/1956,218.9988231
8/28/1956,220.3449778
8/29/1956,220.6414501
8/30/1956,220.7978725
8/31/1956,219.6068084
9/4/1956,219.0736338
9/5/1956,218.9711525
9/6/1956,218.1569818
9/7/1956,218.1022514
9/10/1956,218.2850988
9/11/1956,218.8788687
9/12/1956,219.0177604
9/13/1956,218.8162865
9/14/1956,217.7518667
9/17/1956,218.1155775
9/18/1956,218.8516088
9/19/1956,219.5760127
9/20/1956,219.1899449
9/21/1956,217.9923024
9/24/1956,219.0115628
9/25/1956,219.9205552
9/26/1956,219.1030158
9/27/1956,219.859465
9/28/1956,219.9561086
10/1/1956,220.617682
10/2/1956,217.9959457
10/3/1956,216.9944864
10/4/1956,218.0583576
10/5/1956,217.8267997
10/8/1956,217.7330627
10/9/1956,217.987072
10/10/1956,216.7810309
10/11/1956,217.1076769
10/12/1956,216.6637927
10/15/1956,217.2216292
10/16/1956,217.5530801
10/17/1956,218.2135001
10/18/1956,217.5062667
10/19/1956,217.3328149
10/22/1956,217.9723233
10/23/1956,218.6826061
10/24/1956,219.5074399
10/25/1956,219.6917802
10/26/1956,218.3457033
10/29/1956,219.1830489
10/30/1956,219.2544387
10/31/1956,219.8665883
11/1/1956,217.5389082
11/2/1956,216.8504493
11/5/1956,216.9772586
11/7/1956,218.1597557
11/8/1956,218.5755324
11/9/1956,219.1637251
11/12/1956,218.1890514
11/13/1956,217.8894037
11/14/1956,218.0685527
11/15/1956,218.4167496
11/16/1956,218.2061744
11/19/1956,219.4317436
11/20/1956,219.89635
11/21/1956,219.5181201
11/23/1956,217.9990045
11/26/1956,219.2526373
11/27/1956,218.8739746
11/28/1956,219.6788084
11/29/1956,219.5532719
11/30/1956,218.0366236
12/3/1956,216.4964081
12/4/1956,216.1873284
12/5/1956,214.316985
12/6/1956,213.2362248
12/7/1956,213.0857084
12/10/1956,212.7855813
12/11/1956,212.8583439
12/12/1956,213.0757157
12/13/1956,212.3090803
12/14/1956,211.2008677
12/17/1956,210.8994588
12/18/1956,210.3569949
12/19/1956,210.9129792
12/20/1956,211.3547737
12/21/1956,210.0909346
12/26/1956,210.8115489
12/27/1956,211.5652502
12/28/1956,211.9529888
12/31/1956,212.3377494
1/2/1957,213.1736761
1/3/1957,213.6351976
1/4/1957,213.9105002
1/7/1957,215.4520708
1/8/1957,216.8066809
1/9/1957,217.3103432
1/10/1957,217.7773207
1/11/1957,218.2072737
1/14/1957,219.6443947
1/15/1957,221.3672989
1/16/1957,221.2440312
1/17/1957,221.4804198
1/18/1957,223.2399238
1/21/1957,223.1966904
1/22/1957,223.1561818
1/23/1957,222.0853011
1/24/1957,222.4567029
1/25/1957,223.565946
1/28/1957,224.4301673
1/29/1957,223.6335818
1/30/1957,223.4963656
1/31/1957,223.6235549
2/1/1957,224.9131203
2/4/1957,225.3296438
2/5/1957,226.3518988
2/6/1957,225.4239536
2/7/1957,226.2338899
2/8/1957,226.3957456
2/11/1957,228.0029964
2/12/1957,227.466675
2/13/1957,225.0407962
2/14/1957,225.8486446
2/15/1957,224.3842398
2/18/1957,225.3849607
2/19/1957,225.624133
2/20/1957,225.7829392
2/21/1957,226.4050356
2/25/1957,226.7116787
2/26/1957,226.5959317
2/27/1957,226.5295904
2/28/1957,226.8717956
3/1/1957,225.3789376
3/4/1957,225.5957997
3/5/1957,225.4730394
3/6/1957,225.2372943
3/7/1957,225.8855441
3/8/1957,226.8445014
3/11/1957,227.5946881
3/12/1957,227.6939533
3/13/1957,227.1942216
3/14/1957,227.2392838
3/15/1957,227.492027
3/18/1957,228.0448347
3/19/1957,227.3913318
3/20/1957,227.5954377
3/21/1957,227.8188223
3/22/1957,227.6414499
3/25/1957,228.8953198
3/26/1957,228.9636393
3/27/1957,228.6328287
3/28/1957,228.2745208
3/29/1957,228.4637491
4/1/1957,228.8116753
4/2/1957,227.4508599
4/3/1957,226.6907292
4/4/1957,227.350592
4/5/1957,227.4882969
4/8/1957,227.5878302
4/9/1957,226.7763402
4/10/1957,226.1546329
4/11/1957,226.3757923
4/12/1957,226.8413736
4/15/1957,227.9393993
4/16/1957,228.4502014
4/17/1957,228.4746652
4/18/1957,228.0194995
4/22/1957,228.6312732
4/23/1957,228.5764072
4/24/1957,229.1126852
4/25/1957,229.3049189
4/26/1957,229.2585779
4/29/1957,229.2844052
4/30/1957,229.4377265
5/1/1957,228.7993593
5/2/1957,228.5858249
5/3/1957,228.9015883
5/6/1957,228.9620925
5/7/1957,229.0763807
5/8/1957,228.4797025
5/9/1957,228.2152208
5/10/1957,228.2287912
5/13/1957,227.9001297
5/14/1957,228.465867
5/15/1957,227.7346159
5/16/1957,226.0552093
5/17/1957,225.9980237
5/20/1957,225.310628
5/21/1957,225.5211331
5/22/1957,225.8771615
5/23/1957,225.6754053
5/24/1957,226.2547823
5/27/1957,227.6671973
5/28/1957,227.1547569
5/29/1957,226.521842
5/31/1957,226.1689613
6/3/1957,227.0503351
6/4/1957,227.2732606
6/5/1957,227.4203262
6/6/1957,227.1843826
6/7/1957,227.197475
6/10/1957,227.2186406
6/11/1957,225.8938952
6/12/1957,224.9163354
6/13/1957,224.5852123
6/14/1957,224.7498455
6/17/1957,224.7272636
6/18/1957,224.9514651
6/19/1957,225.4501984
6/20/1957,224.8043669
6/21/1957,224.5941401
6/24/1957,224.7884933
6/25/1957,223.8207702
6/26/1957,224.2204594
6/27/1957,223.4997346
6/28/1957,223.4857332
7/1/1957,224.4768622
7/2/1957,224.0186869
7/3/1957,223.3020031
7/5/1957,222.9937917
7/8/1957,222.6281954
7/9/1957,222.4949991
7/10/1957,222.0718107
7/11/1957,222.5958954
7/12/1957,222.4023675
7/15/1957,222.5675409
7/16/1957,223.7063948
7/17/1957,223.744285
7/18/1957,223.5405785
7/19/1957,223.8688856
7/22/1957,224.0028015
7/23/1957,224.1673761
7/24/1957,223.991872
7/25/1957,224.4268445
7/26/1957,224.7022528
7/29/1957,226.0897472
7/30/1957,225.5535639
7/31/1957,225.8061428
8/1/1957,226.4867527
8/2/1957,226.9843057
8/5/1957,228.814325
8/6/1957,230.3170017
8/7/1957,228.749401
8/8/1957,229.748082
8/9/1957,229.822995
8/12/1957,230.8979164
8/13/1957,231.163271
8/14/1957,232.2289192
8/15/1957,231.898695
8/16/1957,231.8416069
8/19/1957,233.9749233
8/20/1957,232.0324163
8/21/1957,231.9252207
8/22/1957,233.4430518
8/23/1957,235.1145519
8/26/1957,236.3917577
8/27/1957,234.2906201
8/28/1957,234.4829056
8/29/1957,235.3900599
8/30/1957,233.6492763
9/3/1957,233.6468191
9/4/1957,234.5967423
9/5/1957,235.0780687
9/6/1957,235.2224341
9/9/1957,237.0468836
9/10/1957,237.4440908
9/11/1957,236.1288743
9/12/1957,234.7418164
9/13/1957,234.8414003
9/16/1957,236.0375572
9/17/1957,236.3028958
9/18/1957,237.0175809
9/19/1957,238.2495142
9/20/1957,240.1988241
9/23/1957,241.5778039
9/24/1957,240.011035
9/25/1957,241.8975289
9/26/1957,241.3468051
9/27/1957,241.2720334
9/30/1957,242.4870198
10/1/1957,242.0563107
10/2/1957,241.5762162
10/3/1957,242.3338152
10/4/1957,244.2216293
10/7/1957,246.8023293
10/8/1957,248.0415321
10/9/1957,247.5693865
10/10/1957,251.3330032
10/11/1957,248.4035161
10/14/1957,246.3477105
10/15/1957,244.4555587
10/16/1957,246.9532016
10/17/1957,248.5950364
10/18/1957,249.223513
10/21/1957,251.5464855
10/22/1957,248.4182391
10/23/1957,242.6332358
10/24/1957,244.0507109
10/25/1957,245.3774188
10/28/1957,246.399421
10/29/1957,245.9344685
10/30/1957,244.6607781
10/31/1957,245.1146389
11/1/1957,247.446721
11/4/1957,246.7269553
11/6/1957,247.1904938
11/7/1957,244.8927158
11/8/1957,247.5400197
11/11/1957,247.3216533
11/12/1957,249.510825
11/13/1957,249.8366969
11/14/1957,251.2520018
11/15/1957,249.2462937
11/18/1957,250.9489349
11/19/1957,252.7720864
11/20/1957,252.0496388
11/21/1957,251.1365394
11/22/1957,250.1920909
11/25/1957,249.2584044
11/26/1957,253.801765
11/27/1957,249.966499
11/29/1957,248.7624811
12/2/1957,251.3471681
12/3/1957,252.1338805
12/4/1957,252.0156062
12/5/1957,252.75254
12/6/1957,254.5270052
12/9/1957,256.9220084
12/10/1957,258.7358341
12/11/1957,259.8050141
12/12/1957,258.7449262
12/13/1957,258.4345232
12/16/1957,260.5295162
12/17/1957,263.0440747
12/18/1957,263.1879927
12/19/1957,261.2126301
12/20/1957,262.8405803
12/23/1957,263.4450578
12/24/1957,263.1875639
12/26/1957,261.2218479
12/27/1957,262.8108055
12/30/1957,264.6579836
12/31/1957,264.9388053
1/2/1958,261.1950993
1/3/1958,257.8639261
1/6/1958,260.3090534
1/7/1958,258.5407631
1/8/1958,259.9687516
1/9/1958,262.493264
1/10/1958,265.8447571
1/13/1958,265.712122
1/14/1958,265.3491303
1/15/1958,263.4652036
1/16/1958,264.0938917
1/17/1958,263.649479
1/20/1958,263.5944156
1/21/1958,264.5304609
1/22/1958,267.2110252
1/23/1958,267.7241976
1/24/1958,267.9805105
1/27/1958,268.6267312
1/28/1958,268.9050563
1/29/1958,267.0623271
1/30/1958,267.8090029
1/31/1958,266.4240077
2/3/1958,265.4728234
2/4/1958,264.109789
2/5/1958,266.3324113
2/6/1958,267.6283717
2/7/1958,270.2519595
2/10/1958,271.2768695
2/11/1958,273.6720256
2/12/1958,273.5045888
2/13/1958,273.6597501
2/14/1958,272.0360076
2/17/1958,274.2281572
2/18/1958,274.733296
2/19/1958,274.9427474
2/20/1958,276.6788087
2/21/1958,277.398991
2/24/1958,278.4723671
2/25/1958,278.8047874
2/26/1958,277.5644909
2/27/1958,278.8648532
2/28/1958,278.8182112
3/3/1958,279.1011842
3/4/1958,279.1676807
3/5/1958,277.6073023
3/6/1958,275.2840893
3/7/1958,275.5965099
3/10/1958,275.4778346
3/11/1958,273.7933072
3/12/1958,274.688481
3/13/1958,273.2696147
3/14/1958,274.5941478
3/17/1958,276.7606284
3/18/1958,277.8982734
3/19/1958,278.6250286
3/20/1958,278.6996529
3/21/1958,276.8502247
3/24/1958,276.6412169
3/25/1958,277.3695831
3/26/1958,278.3448736
3/27/1958,279.5592801
3/28/1958,280.3350059
3/31/1958,281.9919697
4/1/1958,283.276002
4/2/1958,285.4007139
4/3/1958,285.5939265
4/7/1958,286.3892574
4/8/1958,285.2260691
4/9/1958,285.3330851
4/10/1958,286.1020109
4/11/1958,286.0724897
4/14/1958,285.181123
4/15/1958,284.6146457
4/16/1958,285.9447523
4/17/1958,285.156732
4/18/1958,284.619157
4/21/1958,284.2128564
4/22/1958,286.5653366
4/23/1958,286.7645727
4/24/1958,285.9995713
4/25/1958,287.0370428
4/28/1958,288.9060911
4/29/1958,290.0798943
4/30/1958,289.3568399
5/1/1958,289.9545167
5/2/1958,289.9463161
5/5/1958,290.0051516
5/6/1958,289.9720518
5/7/1958,290.2234844
5/8/1958,289.5201044
5/9/1958,290.8049905
5/12/1958,291.7150668
5/13/1958,291.3697102
5/14/1958,293.9502482
5/15/1958,292.1702605
5/16/1958,292.957148
5/19/1958,293.8704296
5/20/1958,292.3449948
5/21/1958,292.8895564
5/22/1958,291.7767805
5/23/1958,291.0439081
5/26/1958,290.979622
5/27/1958,291.1737275
5/28/1958,291.4328419
5/29/1958,291.007208
6/2/1958,291.0084507
6/3/1958,290.8153956
6/4/1958,291.4378577
6/5/1958,290.9751936
6/6/1958,290.6801949
6/9/1958,291.1110221
6/10/1958,291.5794749
6/11/1958,290.2398334
6/12/1958,290.1366411
6/13/1958,289.1832355
6/16/1958,288.9317424
6/17/1958,289.7063633
6/18/1958,290.2081749
6/19/1958,292.2686438
6/20/1958,290.746492
6/23/1958,291.3642244
6/24/1958,292.3128107
6/25/1958,291.8328062
6/26/1958,291.4527548
6/27/1958,291.9130342
6/30/1958,291.7190959
7/1/1958,293.367288
7/2/1958,293.7441926
7/3/1958,294.2054542
7/7/1958,294.1767291
7/8/1958,294.9878574
7/9/1958,296.328875
7/10/1958,295.9563168
7/11/1958,294.8786895
7/14/1958,297.2771788
7/15/1958,294.3413537
7/16/1958,294.264075
7/17/1958,290.753848
7/18/1958,289.4147881
7/21/1958,286.6589565
7/22/1958,286.5574095
7/23/1958,287.5259899
7/24/1958,285.8543931
7/25/1958,285.0802255
7/28/1958,283.7052582
7/29/1958,285.0922088
7/30/1958,283.2109452
7/31/1958,283.9933843
8/1/1958,283.0952574
8/4/1958,282.1338125
8/5/1958,282.9138087
8/6/1958,284.7293406
8/7/1958,282.8832003
8/8/1958,283.1657596
8/11/1958,283.0186807
8/12/1958,285.4465112
8/13/1958,285.2106728
8/14/1958,284.6551604
8/15/1958,286.3636515
8/18/1958,286.5454831
8/19/1958,286.23645
8/20/1958,286.1852681
8/21/1958,285.5135706
8/22/1958,285.9920679
8/25/1958,285.8860212
8/26/1958,284.9250958
8/27/1958,284.4316236
8/28/1958,285.3762276
8/29/1958,285.1334339
9/2/1958,284.71334
9/3/1958,285.3910516
9/4/1958,286.5291546
9/5/1958,286.7031233
9/8/1958,287.5306285
9/9/1958,287.8641884
9/10/1958,288.6541827
9/11/1958,287.4084203
9/12/1958,288.9446127
9/15/1958,286.8639045
9/16/1958,285.2695954
9/17/1958,285.0056034
9/18/1958,286.1291731
9/19/1958,284.030362
9/22/1958,284.3622212
9/23/1958,284.2677283
9/24/1958,283.769539
9/25/1958,285.1787738
9/26/1958,285.2930959
9/29/1958,285.0427877
9/30/1958,284.9972664
10/1/1958,286.1757237
10/2/1958,286.2997609
10/3/1958,286.4579034
10/6/1958,286.3612498
10/7/1958,286.5042114
10/8/1958,287.3697886
10/9/1958,287.1368907
10/10/1958,286.2049954
10/13/1958,285.7989993
10/14/1958,287.6914125
10/15/1958,288.7145537
10/16/1958,285.6666282
10/17/1958,285.6995241
10/20/1958,286.641833
10/21/1958,286.5056716
10/22/1958,287.270256
10/23/1958,288.1912019
10/24/1958,288.9764466
10/27/1958,290.309129
10/28/1958,289.1441445
10/29/1958,287.9341827
10/30/1958,289.5563909
10/31/1958,291.1082331
11/3/1958,291.8669243
11/5/1958,291.2093525
11/6/1958,292.6337163
11/7/1958,294.4057077
11/10/1958,293.6316712
11/11/1958,293.2005801
11/12/1958,294.1054213
11/13/1958,294.4635438
11/14/1958,295.070478
11/17/1958,295.3713431
11/18/1958,295.7146413
11/19/1958,296.6363273
11/20/1958,297.408778
11/21/1958,298.6089837
11/24/1958,299.7370252
11/25/1958,297.965125
11/26/1958,296.8160577
11/28/1958,296.1478305
12/1/1958,297.8216607
12/2/1958,299.2782077
12/3/1958,299.4981991
12/4/1958,300.4368681
12/5/1958,300.6650989
12/8/1958,301.9675431
12/9/1958,301.6199207
12/10/1958,300.8371837
12/11/1958,301.4230952
12/12/1958,301.144093
12/15/1958,301.5782151
12/16/1958,301.1479225
12/17/1958,302.2119613
12/18/1958,303.1359465
12/19/1958,304.3167841
12/22/1958,306.0818958
12/23/1958,306.4674799
12/24/1958,304.2083266
12/29/1958,305.2365984
12/30/1958,306.2292941
12/31/1958,306.8271663
1/2/1959,306.4364645
1/5/1959,307.8896653
1/6/1959,308.129263
1/7/1959,310.0101106
1/8/1959,308.6691248
1/9/1959,308.9129085
1/12/1959,310.3774299
1/13/1959,310.8341146
1/14/1959,311.0310947
1/15/1959,311.3781574
1/16/1959,311.7245499
1/19/1959,312.8586919
1/20/1959,313.0672056
1/21/1959,313.5239675
1/22/1959,314.1722945
1/23/1959,312.6791142
1/26/1959,313.9150146
1/27/1959,314.2948435
1/28/1959,315.1590592
1/29/1959,315.0082469
1/30/1959,314.6219496
2/2/1959,316.0249126
2/3/1959,316.0806005
2/4/1959,316.4168096
2/5/1959,316.7454475
2/6/1959,316.7008671
2/9/1959,317.0237926
2/10/1959,315.3653504
2/11/1959,316.1095377
2/12/1959,316.3062592
2/13/1959,315.2619653
2/16/1959,314.6099497
2/17/1959,315.0025078
2/18/1959,314.5886853
2/19/1959,313.6996351
2/20/1959,313.7680424
2/24/1959,314.6562104
2/25/1959,316.095943
2/26/1959,316.0787138
2/27/1959,317.2172972
3/2/1959,317.3212836
3/3/1959,316.8657651
3/4/1959,316.7956133
3/5/1959,316.4393577
3/6/1959,316.9907917
3/9/1959,316.992442
3/10/1959,316.0097264
3/11/1959,315.3993943
3/12/1959,314.084393
3/13/1959,313.742294
3/16/1959,315.2730649
3/17/1959,313.284314
3/18/1959,313.0304416
3/19/1959,313.8992733
3/20/1959,314.9663007
3/23/1959,317.4982369
3/24/1959,317.1895849
3/25/1959,318.0611491
3/26/1959,317.6171618
3/30/1959,318.8269249
3/31/1959,318.8333788
4/1/1959,318.4638155
4/2/1959,316.58012
4/3/1959,315.9397828
4/6/1959,316.7044508
4/7/1959,316.3116228
4/8/1959,316.9797505
4/9/1959,316.6637088
4/10/1959,316.0386
4/13/1959,315.3226261
4/14/1959,313.9952715
4/15/1959,313.1406065
4/16/1959,312.8550808
4/17/1959,313.8155827
4/20/1959,314.3271596
4/21/1959,315.4381776
4/22/1959,316.2872984
4/23/1959,315.7468133
4/24/1959,315.4847006
4/27/1959,315.5134201
4/28/1959,316.2912967
4/29/1959,314.9526357
4/30/1959,315.1091998
5/1/1959,314.2049014
5/4/1959,314.375083
5/5/1959,314.3371264
5/6/1959,314.3086935
5/7/1959,314.8259286
5/8/1959,312.7809522
5/11/1959,313.2972088
5/12/1959,313.5808877
5/13/1959,312.1239102
5/14/1959,309.8867848
5/15/1959,311.1896313
5/18/1959,311.984487
5/19/1959,312.003829
5/20/1959,312.5465344
5/21/1959,311.9635127
5/22/1959,311.3755189
5/25/1959,312.3596682
5/26/1959,312.5806512
5/27/1959,311.9913297
5/28/1959,311.6474356
5/29/1959,312.3957593
6/1/1959,312.2918767
6/2/1959,311.8348466
6/3/1959,311.5169144
6/4/1959,312.0922876
6/5/1959,311.0657105
6/8/1959,312.4648874
6/9/1959,310.4366612
6/10/1959,308.0493595
6/11/1959,307.9091461
6/12/1959,307.9279139
6/15/1959,307.7681315
6/16/1959,307.9125284
6/17/1959,306.660893
6/18/1959,306.7072803
6/19/1959,306.6008905
6/22/1959,307.2659921
6/23/1959,307.7985156
6/24/1959,306.6276966
6/25/1959,306.5876059
6/26/1959,306.1075737
6/29/1959,306.1655648
6/30/1959,306.8204496
7/1/1959,306.0914717
7/2/1959,306.5649333
7/6/1959,307.1123639
7/7/1959,307.4356085
7/8/1959,307.8872098
7/9/1959,308.9333993
7/10/1959,309.0650427
7/13/1959,311.8470239
7/14/1959,311.026826
7/15/1959,311.2838786
7/16/1959,312.2649994
7/17/1959,312.4622346
7/20/1959,313.9555465
7/21/1959,312.7189422
7/22/1959,311.965529
7/23/1959,311.9030336
7/24/1959,312.5742466
7/27/1959,313.2349169
7/28/1959,313.8209692
7/29/1959,312.9496111
7/30/1959,312.7688133
7/31/1959,313.9295544
8/3/1959,315.0234881
8/4/1959,315.6702465
8/5/1959,317.1095433
8/6/1959,318.4313595
8/7/1959,320.3181888
8/10/1959,322.1310647
8/11/1959,320.3909229
8/12/1959,321.8388148
8/13/1959,321.8921381
8/14/1959,321.6413318
8/17/1959,322.0929042
8/18/1959,323.7298177
8/19/1959,323.2434624
8/20/1959,321.3608715
8/21/1959,322.0416477
8/24/1959,323.7732728
8/25/1959,324.1478886
8/26/1959,324.0038856
8/27/1959,324.0204703
8/28/1959,324.2484379
8/31/1959,324.4943975
9/1/1959,325.6587223
9/2/1959,325.2833771
9/3/1959,326.4037484
9/4/1959,325.888738
9/8/1959,327.2791583
9/9/1959,327.6867594
9/10/1959,327.8962056
9/11/1959,325.6975514
9/14/1959,327.3132987
9/15/1959,326.1554456
9/16/1959,326.267459
9/17/1959,326.8536796
9/18/1959,326.7323786
9/21/1959,326.7529781
9/22/1959,326.2238682
9/23/1959,323.8528087
9/24/1959,322.3153984
9/25/1959,323.4975694
9/28/1959,322.2186286
9/29/1959,322.8161641
9/30/1959,324.3537171
10/1/1959,322.0864377
10/2/1959,323.6832665
10/5/1959,324.5900006
10/6/1959,324.6840151
10/7/1959,324.5224737
10/8/1959,324.4571273
10/9/1959,324.0593918
10/12/1959,322.7214747
10/13/1959,323.4234712
10/14/1959,325.5261787
10/15/1959,324.8581072
10/16/1959,323.1835346
10/19/1959,324.6425058
10/20/1959,325.442917
10/21/1959,324.3208045
10/22/1959,325.7270822
10/23/1959,322.3537683
10/26/1959,321.5335794
10/27/1959,320.8284212
10/28/1959,320.4273555
10/29/1959,319.1041208
10/30/1959,319.0159771
11/2/1959,320.2229183
11/4/1959,321.4916326
11/5/1959,321.1899817
11/6/1959,320.3031883
11/9/1959,321.4156578
11/10/1959,321.2375651
11/11/1959,320.7577324
11/12/1959,320.7345324
11/13/1959,320.200868
11/16/1959,321.7243942
11/17/1959,320.651348
11/18/1959,318.7121572
11/19/1959,319.3771925
11/20/1959,319.3401116
11/23/1959,319.3484551
11/24/1959,318.9984314
11/25/1959,319.3734829
11/27/1959,317.330473
11/30/1959,316.4437162
12/1/1959,315.4543966
12/2/1959,316.3693369
12/3/1959,314.931044
12/4/1959,314.1739915
12/7/1959,314.1032145
12/8/1959,313.0735822
12/9/1959,313.8782649
12/10/1959,313.5467992
12/11/1959,314.5462392
12/14/1959,314.6190551
12/15/1959,314.5249721
12/16/1959,314.3611963
12/17/1959,314.6524152
12/18/1959,313.6449099
12/21/1959,313.4365836
12/22/1959,313.3150689
12/23/1959,314.1680097
12/24/1959,314.5101326
12/28/1959,315.8577271
12/29/1959,315.4336357
12/30/1959,314.9920483
12/31/1959,316.469756
1/4/1960,315.9784246
1/5/1960,315.0387446
1/6/1960,316.386204
1/7/1960,317.6466091
1/8/1960,317.8106694
1/11/1960,319.348224
1/12/1960,319.1136059
1/13/1960,320.38482
1/14/1960,318.913397
1/15/1960,319.840746
1/18/1960,321.4462399
1/19/1960,322.687023
1/20/1960,322.3128581
1/21/1960,321.8662
1/22/1960,321.159146
1/25/1960,321.940179
1/26/1960,321.4961282
1/27/1960,321.8153353
1/28/1960,322.6202768
1/29/1960,323.203282
2/1/1960,323.2146971
2/2/1960,320.8681611
2/3/1960,321.6637712
2/4/1960,322.3051405
2/5/1960,323.4040422
2/8/1960,324.4570575
2/9/1960,323.1853634
2/10/1960,322.5957175
2/11/1960,323.4091287
2/12/1960,323.1103309
2/15/1960,324.8268949
2/16/1960,327.181729
2/17/1960,324.2571816
2/18/1960,323.619889
2/19/1960,322.3722034
2/23/1960,324.2153428
2/24/1960,325.1767777
2/25/1960,324.427521
2/26/1960,323.5089656
2/29/1960,324.2435177
3/1/1960,325.0755724
3/2/1960,327.108377
3/3/1960,329.6948577
3/4/1960,329.1106543
3/7/1960,330.967953
3/8/1960,331.3867448
3/9/1960,328.2237443
3/10/1960,329.2359589
3/11/1960,327.4127377
3/14/1960,328.0482298
3/15/1960,327.0980917
3/16/1960,325.8396856
3/17/1960,326.3659542
3/18/1960,327.345479
3/21/1960,328.3883638
3/22/1960,328.7293741
3/23/1960,328.7302072
3/24/1960,329.0653079
3/25/1960,329.2492605
3/28/1960,330.5957529
3/29/1960,331.0943495
3/30/1960,331.0071044
3/31/1960,331.7981521
4/1/1960,331.7248188
4/4/1960,332.0166998
4/5/1960,331.7510994
4/6/1960,330.3608828
4/7/1960,330.5489795
4/8/1960,330.4448858
4/11/1960,332.093183
4/12/1960,331.0366246
4/13/1960,331.5282785
4/14/1960,331.6408009
4/18/1960,333.2322062
4/19/1960,335.7546413
4/20/1960,337.2244598
4/21/1960,336.7017951
4/22/1960,338.3027415
4/25/1960,340.2664845
4/26/1960,339.2750716
4/27/1960,339.8732473
4/28/1960,341.7388389
4/29/1960,341.2263112
5/2/1960,342.4914323
5/3/1960,339.2176851
5/4/1960,339.1265566
5/5/1960,340.9645087
5/6/1960,340.7423556
5/9/1960,341.060889
5/10/1960,342.0742469
5/11/1960,341.2144473
5/12/1960,339.3454064
5/13/1960,336.2394567
5/16/1960,335.9393908
5/17/1960,333.7264053
5/18/1960,333.7361472
5/19/1960,331.4770742
5/20/1960,331.3960772
5/23/1960,332.9320452
5/24/1960,333.2910232
5/25/1960,333.4808846
5/26/1960,334.1240515
5/27/1960,335.3012038
5/31/1960,337.1718239
6/1/1960,337.953837
6/2/1960,336.7954443
6/3/1960,336.545725
6/6/1960,333.5747836
6/7/1960,332.364671
6/8/1960,331.2480698
6/9/1960,334.1589813
6/10/1960,335.4466131
6/13/1960,336.9652726
6/14/1960,338.9321532
6/15/1960,340.3235477
6/16/1960,341.3919341
6/17/1960,342.4648843
6/20/1960,343.2731669
6/21/1960,343.7340637
6/22/1960,343.5736867
6/23/1960,343.8475633
6/24/1960,344.0924092
6/27/1960,346.57462
6/28/1960,348.6492537
6/29/1960,350.02491
6/30/1960,349.9590612
7/1/1960,351.2794084
7/5/1960,352.9527127
7/6/1960,355.1368555
7/7/1960,355.550218
7/8/1960,356.2067656
7/11/1960,357.1383152
7/12/1960,358.4807318
7/13/1960,358.1358471
7/14/1960,359.0296466
7/15/1960,360.5501611
7/18/1960,362.2243225
7/19/1960,362.1607278
7/20/1960,362.4454154
7/21/1960,362.6432765
7/22/1960,361.4876303
7/25/1960,362.3007924
7/26/1960,360.1805636
7/27/1960,361.3173203
7/28/1960,359.738187
7/29/1960,358.3471014
8/1/1960,359.6463363
8/2/1960,362.0471488
8/3/1960,363.5069318
8/4/1960,362.1867952
8/5/1960,360.1529114
8/8/1960,359.64581
8/9/1960,359.2400666
8/10/1960,359.1113022
8/11/1960,360.2274265
8/12/1960,359.4034386
8/15/1960,360.8908971
8/16/1960,362.0409172
8/17/1960,361.7768666
8/18/1960,362.9486685
8/19/1960,363.3217757
8/22/1960,363.7167055
8/23/1960,361.8419935
8/24/1960,362.5741981
8/25/1960,364.7457804
8/26/1960,365.0207352
8/29/1960,367.0177945
8/30/1960,368.7474486
8/31/1960,367.8019175
9/1/1960,367.8379204
9/2/1960,367.9762469
9/6/1960,371.8909863
9/7/1960,372.6120095
9/8/1960,372.2476911
9/9/1960,371.8133433
9/12/1960,372.6159523
9/13/1960,372.8948628
9/14/1960,374.9465996
9/15/1960,374.3011865
9/16/1960,375.0015317
9/19/1960,375.4390986
9/20/1960,373.7301162
9/21/1960,373.062547
9/22/1960,374.9872179
9/23/1960,376.0195832
9/26/1960,375.2486524
9/27/1960,373.4354037
9/28/1960,371.3810146
9/29/1960,371.1693652
9/30/1960,368.1413193
10/3/1960,369.4731883
10/4/1960,372.1341787
10/5/1960,371.0724233
10/6/1960,370.5297858
10/7/1960,371.2636829
10/10/1960,372.924812
10/11/1960,373.0319187
10/12/1960,373.8450754
10/13/1960,372.2587434
10/14/1960,372.0204285
10/17/1960,373.5061319
10/18/1960,373.6782853
10/19/1960,374.1694593
10/20/1960,375.8255022
10/21/1960,376.4298418
10/24/1960,376.0135507
10/25/1960,375.8921119
10/26/1960,372.341542
10/27/1960,370.4967216
10/28/1960,371.7989946
10/31/1960,372.1548153
11/1/1960,371.4189336
11/2/1960,370.4817776
11/3/1960,370.7750204
11/4/1960,369.8555749
11/7/1960,370.35503
11/9/1960,368.6293498
11/10/1960,365.6560501
11/11/1960,367.1523813
11/14/1960,369.0135224
11/15/1960,369.3858756
11/16/1960,370.3314265
11/17/1960,371.5109705
11/18/1960,372.0002529
11/21/1960,373.0778362
11/22/1960,375.5252813
11/23/1960,375.69324
11/25/1960,374.1313799
11/28/1960,375.3251793
11/29/1960,376.1933127
11/30/1960,378.0084247
12/1/1960,379.6002747
12/2/1960,379.8238338
12/5/1960,381.6314133
12/6/1960,382.0968649
12/7/1960,380.1357465
12/8/1960,379.3700346
12/9/1960,376.864269
12/12/1960,376.1069761
12/13/1960,376.461976
12/14/1960,377.3941148
12/15/1960,377.0891788
12/16/1960,375.8512939
12/19/1960,376.9721038
12/20/1960,378.3572866
12/21/1960,379.4649917
12/22/1960,380.4993947
12/23/1960,380.745545
12/27/1960,381.5743241
12/28/1960,382.6721619
12/29/1960,384.8859439
12/30/1960,386.8995853
1/3/1961,386.6601607
1/4/1961,381.462429
1/5/1961,381.7414254
1/6/1961,382.1753237
1/9/1961,382.223774
1/10/1961,383.0648079
1/11/1961,384.8749588
1/12/1961,388.1762355
1/13/1961,389.187081
1/16/1961,391.2517248
1/17/1961,391.4542437
1/18/1961,389.0731363
1/19/1961,389.0331477
1/20/1961,389.4244461
1/23/1961,389.1466779
1/24/1961,390.202564
1/25/1961,392.0652334
1/26/1961,393.081536
1/27/1961,392.9456921
1/30/1961,394.6028877
1/31/1961,395.5557167
2/1/1961,395.1663938
2/2/1961,394.9877005
2/3/1961,395.8113865
2/6/1961,396.9222762
2/7/1961,397.0801907
2/8/1961,396.2457936
2/9/1961,399.4429794
2/10/1961,401.1682438
2/13/1961,401.6763609
2/14/1961,400.5698835
2/15/1961,401.0188543
2/16/1961,401.7313739
2/17/1961,402.5332241
2/20/1961,402.2396224
2/21/1961,404.1905123
2/23/1961,403.9637188
2/24/1961,404.779281
2/27/1961,403.2747947
2/28/1961,404.8786789
3/1/1961,405.2466972
3/2/1961,404.5338677
3/3/1961,405.8709316
3/6/1961,406.1491691
3/7/1961,408.2841419
3/8/1961,408.3952307
3/9/1961,408.5170702
3/10/1961,408.5039577
3/13/1961,408.9228816
3/14/1961,409.5444042
3/15/1961,409.3654364
3/16/1961,409.1492498
3/17/1961,410.231127
3/20/1961,410.6187603
3/21/1961,411.0562005
3/22/1961,412.5622497
3/23/1961,413.3313429
3/24/1961,412.9525036
3/27/1961,414.1607065
3/28/1961,414.2373174
3/29/1961,413.8175324
3/30/1961,415.2722544
4/3/1961,417.8352292
4/4/1961,419.8029499
4/5/1961,420.5685762
4/6/1961,420.8764784
4/7/1961,420.7142768
4/10/1961,420.4457583
4/11/1961,420.5487893
4/12/1961,421.7666127
4/13/1961,423.332571
4/14/1961,423.7677122
4/17/1961,423.4041779
4/18/1961,424.134142
4/19/1961,423.0223823
4/20/1961,423.2428822
4/21/1961,424.5850829
4/24/1961,425.5772632
4/25/1961,422.9936679
4/26/1961,425.2181971
4/27/1961,426.7425631
4/28/1961,426.9964499
5/1/1961,428.0845564
5/2/1961,426.090761
5/3/1961,425.9670869
5/4/1961,426.4480806
5/5/1961,426.0533134
5/8/1961,426.1366253
5/9/1961,425.6975589
5/10/1961,426.8568406
5/11/1961,427.163313
5/12/1961,427.2463529
5/15/1961,426.7347723
5/16/1961,426.2847696
5/17/1961,426.2792163
5/18/1961,427.8472711
5/19/1961,426.6732382
5/22/1961,428.4521035
5/23/1961,427.8855969
5/24/1961,427.9717117
5/25/1961,427.8959792
5/26/1961,427.6750708
5/31/1961,429.4195598
6/1/1961,430.5613841
6/2/1961,430.733348
6/5/1961,431.8685944
6/6/1961,434.1221548
6/7/1961,434.9150219
6/8/1961,432.6805345
6/9/1961,432.6658117
6/12/1961,433.4842922
6/13/1961,433.316037
6/14/1961,433.8241483
6/15/1961,435.5810434
6/16/1961,435.2718353
6/19/1961,434.9764545
6/20/1961,433.2248101
6/21/1961,432.6411833
6/22/1961,434.1307243
6/23/1961,433.3129619
6/26/1961,433.9372711
6/27/1961,432.82713
6/28/1961,432.5908134
6/29/1961,432.405119
6/30/1961,432.3068191
7/3/1961,431.7956454
7/5/1961,432.3592142
7/6/1961,433.2308931
7/7/1961,434.4180913
7/10/1961,436.6585016
7/11/1961,438.128895
7/12/1961,439.8643682
7/13/1961,440.3475394
7/14/1961,439.5690314
7/17/1961,441.4827356
7/18/1961,442.4404354
7/19/1961,441.0488768
7/20/1961,440.7103157
7/21/1961,440.7844953
7/24/1961,441.0356625
7/25/1961,438.6685759
7/26/1961,436.4236992
7/27/1961,433.8200299
7/28/1961,434.8770028
7/31/1961,435.5188357
8/1/1961,436.0039953
8/2/1961,438.0457852
8/3/1961,439.0930039
8/4/1961,439.5381849
8/7/1961,439.8150415
8/8/1961,439.9709758
8/9/1961,441.8045526
8/10/1961,442.5538568
8/11/1961,442.3835086
8/14/1961,443.606836
8/15/1961,444.0220274
8/16/1961,444.9414311
8/17/1961,445.0263729
8/18/1961,445.4022334
8/21/1961,447.4891734
8/22/1961,449.6414733
8/23/1961,451.0229027
8/24/1961,450.4387044
8/25/1961,450.9639258
8/28/1961,451.4987333
8/29/1961,452.8095561
8/30/1961,453.2448129
8/31/1961,453.2185566
9/1/1961,453.689545
9/5/1961,454.8412052
9/6/1961,454.3707291
9/7/1961,457.2059722
9/8/1961,458.6010845
9/11/1961,459.2739192
9/12/1961,458.2112591
9/13/1961,459.0549064
9/14/1961,459.9075086
9/15/1961,460.2578152
9/18/1961,461.4764872
9/19/1961,463.2956059
9/20/1961,461.5753307
9/21/1961,463.3884266
9/22/1961,464.3838681
9/25/1961,467.1912492
9/26/1961,467.0366342
9/27/1961,466.4564506
9/28/1961,467.3691315
9/29/1961,467.3357544
10/2/1961,469.5843942
10/3/1961,471.4131977
10/4/1961,470.8733223
10/5/1961,471.2488582
10/6/1961,472.7565774
10/9/1961,474.7930246
10/10/1961,475.9699813
10/11/1961,477.1460725
10/12/1961,478.0759032
10/13/1961,479.0358962
10/16/1961,478.5709426
10/17/1961,479.6631546
10/18/1961,480.5024062
10/19/1961,482.5395766
10/20/1961,484.8108276
10/23/1961,486.4490367
10/24/1961,485.52011
10/25/1961,487.7396404
10/26/1961,488.0536134
10/27/1961,487.779836
10/30/1961,488.6034504
10/31/1961,489.2412272
11/1/1961,490.2430161
11/2/1961,489.8845165
11/3/1961,490.1045246
11/6/1961,489.7255147
11/8/1961,487.2349892
11/9/1961,488.5444586
11/10/1961,488.6894782
11/13/1961,489.0166724
11/14/1961,492.1847072
11/15/1961,494.8537626
11/16/1961,495.5598728
11/17/1961,497.0693399
11/20/1961,499.6861458
11/21/1961,502.5100311
11/22/1961,506.0355345
11/24/1961,506.1423632
11/27/1961,506.8771059
11/28/1961,506.7965427
11/29/1961,506.4963461
11/30/1961,504.6193873
12/1/1961,503.3469794
12/4/1961,502.2706595
12/5/1961,502.5037079
12/6/1961,501.9099879
12/7/1961,501.6822573
12/8/1961,501.2665289
12/11/1961,500.5929499
12/12/1961,500.9486899
12/13/1961,499.9350523
12/14/1961,500.0207704
12/15/1961,498.0154801
12/18/1961,498.1570664
12/19/1961,497.5911584
12/20/1961,495.9934181
12/21/1961,494.3244298
12/22/1961,491.9347884
12/26/1961,489.4480866
12/27/1961,488.10964
12/28/1961,489.9558554
12/29/1961,490.1554806
1/2/1962,487.8614155
1/3/1962,484.0540258
1/4/1962,485.0217706
1/5/1962,484.3760866
1/8/1962,480.7655403
1/9/1962,480.439233
1/10/1962,480.5492022
1/11/1962,479.4558682
1/12/1962,481.0867827
1/15/1962,482.1006454
1/16/1962,482.0919234
1/17/1962,481.7585864
1/18/1962,479.5500306
1/19/1962,478.7338039
1/22/1962,479.3977131
1/23/1962,478.8365892
1/24/1962,477.5027911
1/25/1962,479.0734614
1/26/1962,479.0166249
1/29/1962,478.6746991
1/30/1962,478.3237314
1/31/1962,478.3700357
2/1/1962,478.8372327
2/2/1962,479.3519487
2/5/1962,479.4255569
2/6/1962,479.276371
2/7/1962,478.4829021
2/8/1962,478.9233987
2/9/1962,479.4206697
2/12/1962,479.7958187
2/13/1962,479.7661399
2/14/1962,480.875651
2/15/1962,480.4378173
2/16/1962,482.0660776
2/19/1962,483.2385248
2/20/1962,481.961507
2/21/1962,483.2279176
2/23/1962,484.9563308
2/26/1962,486.4475195
2/27/1962,486.092143
2/28/1962,485.6400466
3/1/1962,484.8307049
3/2/1962,484.9392935
3/5/1962,485.3007693
3/6/1962,485.246501
3/7/1962,486.1134531
3/8/1962,484.6511925
3/9/1962,485.560068
3/12/1962,486.0241124
3/13/1962,486.4841556
3/14/1962,486.8235764
3/15/1962,487.6848749
3/16/1962,488.6247661
3/19/1962,489.7836736
3/20/1962,490.8713801
3/21/1962,491.1450292
3/22/1962,491.6463817
3/23/1962,492.1736807
3/26/1962,492.260982
3/27/1962,492.0296423
3/28/1962,490.1437517
3/29/1962,490.1813944
3/30/1962,490.8734204
4/2/1962,491.5732914
4/3/1962,491.9789827
4/4/1962,492.9092636
4/5/1962,490.6376062
4/6/1962,491.5909053
4/9/1962,491.7797624
4/10/1962,490.842847
4/11/1962,491.7220251
4/12/1962,492.1873958
4/13/1962,489.9774552
4/16/1962,490.574184
4/17/1962,489.9561633
4/18/1962,490.2239007
4/19/1962,489.3377715
4/23/1962,491.2710141
4/24/1962,491.8925977
4/25/1962,493.6303812
4/26/1962,494.2717378
4/27/1962,492.9792721
4/30/1962,492.890563
5/1/1962,486.3604546
5/2/1962,487.506159
5/3/1962,485.2995431
5/4/1962,488.417795
5/7/1962,489.2278199
5/8/1962,491.1306587
5/9/1962,490.2051784
5/10/1962,486.6920559
5/11/1962,484.2590846
5/14/1962,477.7112708
5/15/1962,479.8900137
5/16/1962,482.1018738
5/17/1962,483.2386779
5/18/1962,482.1728726
5/21/1962,482.1169937
5/22/1962,484.6009628
5/23/1962,483.7857654
5/24/1962,482.9721439
5/25/1962,476.9793686
5/28/1962,467.9860178
5/29/1962,460.205467
5/31/1962,472.4403231
6/1/1962,475.4665204
6/4/1962,483.6970833
6/5/1962,480.0523336
6/6/1962,479.0961764
6/7/1962,479.7470641
6/8/1962,479.775873
6/11/1962,482.4050538
6/12/1962,485.8372954
6/13/1962,484.0142813
6/14/1962,483.1727498
6/15/1962,473.6605478
6/18/1962,476.95182
6/19/1962,477.1689844
6/20/1962,479.1100002
6/21/1962,480.5635576
6/22/1962,479.434331
6/25/1962,471.5307564
6/26/1962,475.2433181
6/27/1962,473.0922675
6/28/1962,470.7327345
6/29/1962,473.4812395
7/2/1962,472.0655334
7/3/1962,471.8307772
7/5/1962,474.9643051
7/6/1962,480.1220896
7/9/1962,478.993162
7/10/1962,479.3740559
7/11/1962,475.2223073
7/12/1962,473.9860513
7/13/1962,474.1763601
7/16/1962,474.0238741
7/17/1962,480.14343
7/18/1962,480.2138505
7/19/1962,478.8538099
7/20/1962,477.6873373
7/23/1962,478.6342268
7/24/1962,480.4506788
7/25/1962,479.2964808
7/26/1962,477.7019178
7/27/1962,476.7301509
7/30/1962,474.0133145
7/31/1962,473.0124055
8/1/1962,475.7900412
8/2/1962,474.6427048
8/3/1962,474.0938187
8/6/1962,477.3545304
8/7/1962,480.6278332
8/8/1962,477.4425637
8/9/1962,478.4108454
8/10/1962,478.4267181
8/13/1962,478.1774424
8/14/1962,477.4690425
8/15/1962,474.1920215
8/16/1962,472.9545821
8/17/1962,471.5763117
8/20/1962,469.6109639
8/21/1962,471.9601361
8/22/1962,468.0061424
8/23/1962,472.0015416
8/24/1962,471.6840988
8/27/1962,472.0332545
8/28/1962,476.2013048
8/29/1962,476.4276324
8/30/1962,476.8978975
8/31/1962,472.8965968
9/4/1962,476.7637298
9/5/1962,477.6569925
9/6/1962,475.3798413
9/7/1962,475.8673955
9/10/1962,475.5570067
9/11/1962,474.8133437
9/12/1962,473.2138204
9/13/1962,474.8272213
9/14/1962,474.6995096
9/17/1962,473.967753
9/18/1962,475.0205308
9/19/1962,476.3631948
9/20/1962,479.7545255
9/21/1962,481.5433148
9/24/1962,482.2453825
9/25/1962,479.9923392
9/26/1962,483.1278523
9/27/1962,482.6837666
9/28/1962,481.4279277
10/1/1962,485.2526733
10/2/1962,482.0824648
10/3/1962,482.9735938
10/4/1962,480.946611
10/5/1962,480.1297504
10/8/1962,479.8252579
10/9/1962,479.0661617
10/10/1962,480.1234382
10/11/1962,481.595193
10/12/1962,482.0463457
10/15/1962,479.7008107
10/16/1962,480.8327327
10/17/1962,481.2599547
10/18/1962,484.2098705
10/19/1962,486.8879752
10/22/1962,485.4749598
10/23/1962,485.045311
10/24/1962,472.6797268
10/25/1962,477.0540586
10/26/1962,478.7637951
10/29/1962,476.4382953
10/30/1962,472.6424954
10/31/1962,475.8055114
11/1/1962,473.0787
11/2/1962,470.707052
11/5/1962,469.2377744
11/7/1962,470.7566147
11/8/1962,474.6377264
11/9/1962,468.4290839
11/12/1962,464.4796176
11/13/1962,468.0535516
11/14/1962,462.8845412
11/15/1962,468.9694927
11/16/1962,465.7611198
11/19/1962,468.573724
11/20/1962,466.1523026
11/21/1962,465.6911786
11/23/1962,464.6817303
11/26/1962,466.2659078
11/27/1962,462.2582137
11/28/1962,459.8439607
11/29/1962,458.9172128
11/30/1962,459.5556619
12/3/1962,462.8615363
12/4/1962,458.55979
12/5/1962,458.0025872
12/6/1962,460.0212454
12/7/1962,462.3418847
12/10/1962,468.5678698
12/11/1962,467.0888921
12/12/1962,465.6482053
12/13/1962,469.7505985
12/14/1962,468.7200279
12/17/1962,470.6990492
12/18/1962,472.5266178
12/19/1962,470.20918
12/20/1962,470.1264731
12/21/1962,470.5000192
12/24/1962,471.5645607
12/26/1962,469.0853853
12/27/1962,470.8205781
12/28/1962,471.8151962
12/31/1962,472.3413871
1/2/1963,472.9249626
1/3/1963,467.0140995
1/4/1963,467.4858161
1/7/1963,470.7736057
1/8/1963,471.72227
1/9/1963,477.0061847
1/10/1963,478.6892565
1/11/1963,479.5102093
1/14/1963,478.5291817
1/15/1963,481.5717358
1/16/1963,482.9667659
1/17/1963,478.8454851
1/18/1963,480.8245856
1/21/1963,482.6067776
1/22/1963,480.3596832
1/23/1963,481.6755684
1/24/1963,482.1695685
1/25/1963,481.4792365
1/28/1963,482.4667139
1/29/1963,484.1231657
1/30/1963,485.8009068
1/31/1963,485.8107027
2/1/1963,488.2762624
2/4/1963,489.7910171
2/5/1963,489.7249694
2/6/1963,488.6188966
2/7/1963,490.9752102
2/8/1963,490.7738353
2/11/1963,490.0076739
2/12/1963,487.8176598
2/13/1963,484.7981986
2/14/1963,483.7741864
2/15/1963,484.6253186
2/18/1963,483.0319549
2/19/1963,484.1358896
2/20/1963,486.2995969
2/21/1963,486.1108649
2/25/1963,487.5507261
2/26/1963,487.5313113
2/27/1963,490.9971817
2/28/1963,492.0948304
3/1/1963,491.6318451
3/4/1963,487.4503247
3/5/1963,490.7261949
3/6/1963,489.719153
3/7/1963,490.4086588
3/8/1963,489.8582076
3/11/1963,491.2582699
3/12/1963,490.7096208
3/13/1963,490.9935756
3/14/1963,492.3687494
3/15/1963,493.0832452
3/18/1963,495.385641
3/19/1963,497.0047476
3/20/1963,493.5155659
3/21/1963,497.1081734
3/22/1963,495.724926
3/25/1963,493.6510637
3/26/1963,492.5318412
3/27/1963,490.2244533
3/28/1963,491.5600582
3/29/1963,491.7376874
4/1/1963,490.2309851
4/2/1963,491.3395331
4/3/1963,489.6621341
4/4/1963,489.0049103
4/5/1963,488.6491688
4/8/1963,486.9359303
4/9/1963,487.6570829
4/10/1963,488.8442467
4/11/1963,486.1260143
4/15/1963,486.1678985
4/16/1963,486.2888255
4/17/1963,487.725902
4/18/1963,488.21184
4/19/1963,487.4945295
4/22/1963,490.2110116
4/23/1963,489.7588115
4/24/1963,490.4572705
4/25/1963,490.2396234
4/26/1963,490.8360747
4/29/1963,492.7233672
4/30/1963,493.2865494
5/1/1963,493.8516324
5/2/1963,492.3694167
5/3/1963,493.1998927
5/6/1963,495.3330337
5/7/1963,495.3210462
5/8/1963,493.2572737
5/9/1963,493.5630181
5/10/1963,491.2888967
5/13/1963,490.8004289
5/14/1963,490.2293261
5/15/1963,489.1995096
5/16/1963,491.2994756
5/17/1963,491.9271082
5/20/1963,494.9004265
5/21/1963,494.5605882
5/22/1963,493.7562837
5/23/1963,492.9875987
5/24/1963,493.3255475
5/27/1963,491.5514887
5/28/1963,491.6550564
5/29/1963,490.3672355
5/31/1963,488.4262634
6/3/1963,488.7733984
6/4/1963,487.8530582
6/5/1963,489.3729125
6/6/1963,489.805561
6/7/1963,490.3670114
6/10/1963,490.7822372
6/11/1963,489.6787263
6/12/1963,488.2392811
6/13/1963,488.2263706
6/14/1963,488.300561
6/17/1963,488.985831
6/18/1963,487.6590564
6/19/1963,487.4420872
6/20/1963,487.1323542
6/21/1963,486.7718972
6/24/1963,486.349611
6/25/1963,487.1567786
6/26/1963,489.9730198
6/27/1963,491.1730906
6/28/1963,490.9865578
7/1/1963,493.1185114
7/2/1963,492.1530647
7/3/1963,491.1026913
7/5/1963,490.1333907
7/8/1963,492.2428842
7/9/1963,490.8970697
7/10/1963,490.8135092
7/11/1963,492.2633691
7/12/1963,492.9030204
7/15/1963,494.4906727
7/16/1963,493.2376223
7/17/1963,494.5440243
7/18/1963,495.2384522
7/19/1963,495.5991704
7/22/1963,495.1377373
7/23/1963,495.778417
7/24/1963,494.9373514
7/25/1963,495.7394833
7/26/1963,495.0833612
7/29/1963,494.7617257
7/30/1963,493.0861597
7/31/1963,494.6324695
8/1/1963,494.7480573
8/2/1963,494.3794937
8/5/1963,493.7331671
8/6/1963,493.2142938
8/7/1963,493.9205756
8/8/1963,493.8703069
8/9/1963,491.8773016
8/12/1963,490.6016927
8/13/1963,491.6139475
8/14/1963,489.7444742
8/15/1963,490.7412936
8/16/1963,489.9457428
8/19/1963,491.6193001
8/20/1963,492.2717806
8/21/1963,491.1347708
8/22/1963,489.0034066
8/23/1963,488.5626513
8/26/1963,489.0855666
8/27/1963,492.2549612
8/28/1963,489.7572697
8/29/1963,488.970963
8/30/1963,488.5918694
9/3/1963,488.0309107
9/4/1963,488.2553015
9/5/1963,486.9262496
9/6/1963,488.515591
9/9/1963,489.4839281
9/10/1963,487.128084
9/11/1963,488.219269
9/12/1963,488.1540196
9/13/1963,487.6386388
9/16/1963,488.298551
9/17/1963,489.4672997
9/18/1963,490.3998986
9/19/1963,489.5424891
9/20/1963,491.2743154
9/23/1963,492.6389745
9/24/1963,492.3716523
9/25/1963,493.9476975
9/26/1963,495.0588349
9/27/1963,493.7242879
9/30/1963,493.8299996
10/1/1963,493.0797764
10/2/1963,492.5347202
10/3/1963,490.4595067
10/4/1963,490.3968772
10/7/1963,491.3025624
10/8/1963,490.841358
10/9/1963,493.3961357
10/10/1963,492.5336812
10/11/1963,490.9423361
10/14/1963,490.8256252
10/15/1963,490.8608691
10/16/1963,487.2440128
10/17/1963,485.7627232
10/18/1963,485.263521
10/21/1963,485.5562773
10/22/1963,485.6593529
10/23/1963,485.3852618
10/24/1963,484.9870114
10/25/1963,483.8884821
10/28/1963,483.9530956
10/29/1963,485.1119419
10/30/1963,486.020178
10/31/1963,484.5143966
11/1/1963,484.5090561
11/4/1963,485.2509056
11/6/1963,484.9404629
11/7/1963,484.3251604
11/8/1963,483.0486306
11/11/1963,482.1995726
11/12/1963,483.2573169
11/13/1963,483.5680155
11/14/1963,483.4377742
11/15/1963,484.6125176
11/18/1963,484.75842
11/19/1963,484.9552268
11/20/1963,485.2695084
11/21/1963,487.6540165
11/22/1963,496.6055034
11/26/1963,484.9359599
11/27/1963,485.437984
11/29/1963,482.0335487
12/2/1963,482.0947031
12/3/1963,483.5410384
12/4/1963,483.5974203
12/5/1963,483.7558999
12/6/1963,483.9851318
12/9/1963,483.339744
12/10/1963,483.8818034
12/11/1963,483.9217065
12/12/1963,483.9189164
12/13/1963,482.5127454
12/16/1963,482.4093865
12/17/1963,481.5369194
12/18/1963,482.4350061
12/19/1963,483.8816296
12/20/1963,483.9283184
12/23/1963,484.2705026
12/24/1963,483.2271133
12/26/1963,481.4004344
12/27/1963,481.2983741
12/30/1963,482.5695944
12/31/1963,482.1019742
1/2/1964,479.1505044
1/3/1964,478.5980862
1/6/1964,479.1964544
1/7/1964,479.8378531
1/8/1964,480.4875353
1/9/1964,481.2045465
1/10/1964,482.304004
1/13/1964,482.4760902
1/14/1964,483.7132146
1/15/1964,484.4116417
1/16/1964,485.4748291
1/17/1964,484.5274705
1/20/1964,485.709651
1/21/1964,485.010832
1/22/1964,484.060403
1/23/1964,484.5143697
1/24/1964,483.1819459
1/27/1964,484.9444192
1/28/1964,485.7246825
1/29/1964,486.1267858
1/30/1964,485.1124417
1/31/1964,484.9739788
2/3/1964,485.4646879
2/4/1964,487.2344205
2/5/1964,488.0527788
2/6/1964,487.4349997
2/7/1964,487.6112574
2/10/1964,488.6506354
2/11/1964,487.8025739
2/12/1964,487.0062602
2/13/1964,487.2610662
2/14/1964,486.6451655
2/17/1964,486.5711072
2/18/1964,486.2011501
2/19/1964,486.0949769
2/20/1964,484.0165349
2/24/1964,483.8092359
2/25/1964,484.1316999
2/26/1964,483.1035638
2/27/1964,484.0374271
2/28/1964,482.6398849
3/2/1964,482.0713015
3/3/1964,482.2480588
3/4/1964,482.996637
3/5/1964,482.9972903
3/6/1964,481.6330423
3/9/1964,481.1117872
3/10/1964,480.4202294
3/11/1964,481.5137413
3/12/1964,482.9290156
3/13/1964,483.152052
3/16/1964,483.93182
3/17/1964,483.1901332
3/18/1964,482.5911037
3/19/1964,482.7878812
3/20/1964,482.257104
3/23/1964,481.5535455
3/24/1964,481.6597218
3/25/1964,480.1146279
3/26/1964,479.1963961
3/30/1964,480.3987917
3/31/1964,481.7373249
4/1/1964,481.726052
4/2/1964,480.695551
4/3/1964,480.7312538
4/6/1964,481.2172798
4/7/1964,481.1185856
4/8/1964,481.4215727
4/9/1964,482.1579691
4/10/1964,481.1723509
4/13/1964,482.6986691
4/14/1964,483.0819452
4/15/1964,484.0339995
4/16/1964,485.1496876
4/17/1964,486.0698114
4/20/1964,488.1826662
4/21/1964,489.2588992
4/22/1964,489.3871635
4/23/1964,491.3927367
4/24/1964,493.0517652
4/27/1964,492.4384815
4/28/1964,491.5074125
4/29/1964,493.3712091
4/30/1964,493.8298661
5/1/1964,492.6928855
5/4/1964,491.6590452
5/5/1964,492.2044917
5/6/1964,492.5144129
5/7/1964,491.7077171
5/8/1964,492.8511059
5/11/1964,493.5332673
5/12/1964,494.3513125
5/13/1964,495.5360898
5/14/1964,494.9280345
5/15/1964,495.4415444
5/18/1964,496.6348511
5/19/1964,495.9736055
5/20/1964,494.7584776
5/21/1964,495.1981279
5/22/1964,495.0959304
5/25/1964,495.4217394
5/26/1964,496.1357341
5/27/1964,496.7144927
5/28/1964,496.8848389
6/1/1964,497.8250928
6/2/1964,499.4508423
6/3/1964,500.1341668
6/4/1964,501.5150226
6/5/1964,500.6339004
6/8/1964,502.0608285
6/9/1964,499.4287131
6/10/1964,499.6596989
6/11/1964,499.8778462
6/12/1964,499.3022008
6/15/1964,498.9203488
6/16/1964,497.8665227
6/17/1964,497.1430454
6/18/1964,497.847929
6/19/1964,497.3617607
6/22/1964,497.0045701
6/23/1964,497.7540667
6/24/1964,497.7900064
6/25/1964,498.4996164
6/26/1964,498.3649215
6/29/1964,500.5090464
6/30/1964,500.62185
7/1/1964,499.5090675
7/2/1964,499.0505107
7/6/1964,500.5739005
7/7/1964,502.5213346
7/8/1964,501.8657776
7/9/1964,501.4687847
7/10/1964,502.6019635
7/13/1964,503.3014713
7/14/1964,503.8625722
7/15/1964,504.9338413
7/16/1964,505.723414
7/17/1964,506.3260288
7/20/1964,506.4724204
7/21/1964,506.6671591
7/22/1964,507.1899548
7/23/1964,506.9724732
7/24/1964,507.6587593
7/27/1964,509.2118585
7/28/1964,508.1291578
7/29/1964,508.737628
7/30/1964,509.1954479
7/31/1964,511.3887467
8/3/1964,512.9189385
8/4/1964,514.4896477
8/5/1964,511.162081
8/6/1964,513.8996249
8/7/1964,512.3794985
8/10/1964,513.2115385
8/11/1964,513.7602467
8/12/1964,512.8987965
8/13/1964,513.3274603
8/14/1964,512.5882274
8/17/1964,513.2629267
8/18/1964,513.7602997
8/19/1964,515.6391137
8/20/1964,516.2429099
8/21/1964,515.5748737
8/24/1964,515.5714124
8/25/1964,516.7870046
8/26/1964,516.7923255
8/27/1964,515.7408625
8/28/1964,515.4269453
8/31/1964,516.206458
9/1/1964,514.8546391
9/2/1964,514.4102834
9/3/1964,514.7614169
9/4/1964,513.2905792
9/8/1964,513.6715332
9/9/1964,514.3191782
9/10/1964,513.4745291
9/11/1964,513.338145
9/14/1964,513.3784627
9/15/1964,514.0240218
9/16/1964,512.9271622
9/17/1964,511.2063408
9/18/1964,511.3836336
9/21/1964,508.9206573
9/22/1964,509.1261858
9/23/1964,508.2912061
9/24/1964,507.7951042
9/25/1964,507.4972163
9/28/1964,508.629239
9/29/1964,507.232037
9/30/1964,506.7991372
10/1/1964,508.096712
10/2/1964,507.4407053
10/5/1964,507.8928029
10/6/1964,507.6716455
10/7/1964,508.6530601
10/8/1964,508.5090565
10/9/1964,507.8779395
10/12/1964,507.9198871
10/13/1964,509.3954564
10/14/1964,509.5560164
10/15/1964,510.416596
10/16/1964,507.7875215
10/19/1964,506.9872247
10/20/1964,506.6012561
10/21/1964,507.1378712
10/22/1964,507.7906569
10/23/1964,507.261149
10/26/1964,508.4746262
10/27/1964,508.73509
10/28/1964,510.3726194
10/29/1964,509.5193152
10/30/1964,509.7433264
11/2/1964,509.9523708
11/4/1964,511.5351654
11/5/1964,513.1342935
11/6/1964,513.4797884
11/9/1964,515.6215916
11/10/1964,517.770334
11/11/1964,516.1477507
11/12/1964,516.1989824
11/13/1964,516.4205063
11/16/1964,516.6968854
11/17/1964,516.494318
11/18/1964,516.3294722
11/19/1964,517.6773903
11/20/1964,518.4683632
11/23/1964,519.8183422
11/24/1964,518.3504949
11/25/1964,519.0088347
11/27/1964,518.7360507
11/30/1964,519.958799
12/1/1964,519.8703836
12/2/1964,519.5180162
12/3/1964,519.5491721
12/4/1964,519.7934227
12/7/1964,520.8766566
12/8/1964,521.1673561
12/9/1964,521.5698227
12/10/1964,521.675669
12/11/1964,520.554022
12/14/1964,520.9587463
12/15/1964,520.9738173
12/16/1964,520.1507871
12/17/1964,518.9394183
12/18/1964,517.3027847
12/21/1964,517.9526597
12/22/1964,518.4451368
12/23/1964,517.9290947
12/24/1964,517.3414736
12/28/1964,518.0777796
12/29/1964,518.4944275
12/30/1964,518.5184955
12/31/1964,519.8429505
1/4/1965,518.9612208
1/5/1965,517.5700927
1/6/1965,516.965343
1/7/1965,517.0329275
1/8/1965,517.4498525
1/11/1965,517.0101495
1/12/1965,516.6918966
1/13/1965,516.3361992
1/14/1965,517.3726927
1/15/1965,516.5838379
1/18/1965,517.7636819
1/19/1965,518.9756323
1/20/1965,519.929003
1/21/1965,520.0772126
1/22/1965,519.6663391
1/25/1965,519.3061391
1/26/1965,519.4358318
1/27/1965,519.7976706
1/28/1965,520.085014
1/29/1965,520.1893943
2/1/1965,521.2234088
2/2/1965,521.7580724
2/3/1965,522.2467718
2/4/1965,522.761473
2/5/1965,523.6499735
2/8/1965,522.6697369
2/9/1965,521.3780517
2/10/1965,523.4755804
2/11/1965,523.3725969
2/12/1965,520.8319334
2/15/1965,520.4625786
2/16/1965,519.7715055
2/17/1965,519.2432847
2/18/1965,519.0453638
2/19/1965,518.2832408
2/23/1965,517.6590685
2/24/1965,518.1570589
2/25/1965,519.118736
2/26/1965,519.7710264
3/1/1965,519.5236814
3/2/1965,519.0316563
3/3/1965,518.4859968
3/4/1965,519.01221
3/5/1965,518.7689654
3/8/1965,518.0273556
3/9/1965,518.2075071
3/10/1965,518.1441088
3/11/1965,517.2307338
3/12/1965,516.832542
3/15/1965,516.1860394
3/16/1965,517.4730585
3/17/1965,517.5394059
3/18/1965,517.9046481
3/19/1965,517.6910861
3/22/1965,518.1211685
3/23/1965,517.4056204
3/24/1965,517.6315095
3/25/1965,518.1471256
3/26/1965,519.342262
3/29/1965,520.0131059
3/30/1965,518.1710912
3/31/1965,517.2998912
4/1/1965,516.4889458
4/2/1965,516.0831581
4/5/1965,516.5415926
4/6/1965,516.2860909
4/7/1965,515.9678328
4/8/1965,515.6438206
4/9/1965,514.4769752
4/12/1965,514.6642423
4/13/1965,515.0955048
4/14/1965,514.9914636
4/15/1965,514.4591396
4/19/1965,514.298621
4/20/1965,514.4936566
4/21/1965,513.7657119
4/22/1965,513.4936076
4/23/1965,513.4184614
4/26/1965,513.0536457
4/27/1965,514.112287
4/28/1965,514.8418954
4/29/1965,514.5458003
4/30/1965,514.9586841
5/3/1965,515.7480717
5/4/1965,515.6661856
5/5/1965,516.3630294
5/6/1965,516.5118441
5/7/1965,517.1230477
5/10/1965,517.697928
5/11/1965,518.0229681
5/12/1965,517.1092015
5/13/1965,516.0184424
5/14/1965,515.7940648
5/17/1965,516.1935557
5/18/1965,515.6532077
5/19/1965,515.9003525
5/20/1965,516.4757036
5/21/1965,516.8453016
5/24/1965,517.5691081
5/25/1965,515.187326
5/26/1965,516.586207
5/27/1965,515.7002034
5/28/1965,514.6443709
6/1/1965,516.3568821
6/2/1965,514.9019176
6/3/1965,515.7721647
6/4/1965,514.567726
6/7/1965,515.2033907
6/8/1965,515.9475201
6/9/1965,515.4757844
6/10/1965,515.1191232
6/11/1965,515.0732051
6/14/1965,517.4026416
6/15/1965,512.8159192
6/16/1965,513.3251436
6/17/1965,513.4490762
6/18/1965,515.2005554
6/21/1965,515.4487564
6/22/1965,514.5355131
6/23/1965,515.1075623
6/24/1965,516.9910547
6/25/1965,516.8865241
6/28/1965,518.9552511
6/29/1965,514.6984233
6/30/1965,514.9871788
7/1/1965,515.1312958
7/2/1965,513.4977391
7/6/1965,516.3203999
7/7/1965,517.3841649
7/8/1965,513.842755
7/9/1965,513.4291777
7/12/1965,514.4038807
7/13/1965,515.400439
7/14/1965,513.4617761
7/15/1965,513.5225453
7/16/1965,513.8412312
7/19/1965,514.9225382
7/20/1965,518.5838867
7/21/1965,517.740931
7/22/1965,517.3231612
7/23/1965,515.2913224
7/26/1965,513.8942762
7/27/1965,513.7119264
7/28/1965,512.2113428
7/29/1965,510.8182584
7/30/1965,509.9902435
8/2/1965,510.236271
8/3/1965,510.732609
8/4/1965,509.367216
8/5/1965,509.3774645
8/6/1965,508.4791382
8/9/1965,509.1743697
8/10/1965,507.7243158
8/11/1965,507.0049264
8/12/1965,506.5798302
8/13/1965,505.4918655
8/16/1965,505.9323515
8/17/1965,506.4544423
8/18/1965,506.3186425
8/19/1965,508.3156228
8/20/1965,507.4157508
8/23/1965,506.1139267
8/24/1965,504.2967165
8/25/1965,503.3224524
8/26/1965,502.1252575
8/27/1965,501.2705543
8/30/1965,500.5243188
8/31/1965,500.0567438
9/1/1965,500.4746141
9/2/1965,498.5858755
9/3/1965,498.2800108
9/7/1965,499.3517292
9/8/1965,499.5319574
9/9/1965,499.0731532
9/10/1965,499.9563041
9/13/1965,497.9315884
9/14/1965,500.0387821
9/15/1965,497.8906068
9/16/1965,496.8910545
9/17/1965,495.6516842
9/20/1965,495.1825415
9/21/1965,495.6446024
9/22/1965,493.0513696
9/23/1965,495.7609323
9/24/1965,492.7391147
9/27/1965,491.1429808
9/28/1965,491.2749558
9/29/1965,492.3954199
9/30/1965,493.5974572
10/1/1965,493.6655861
10/4/1965,492.7059254
10/5/1965,490.8316911
10/6/1965,490.6721056
10/7/1965,490.3111086
10/8/1965,487.2228957
10/11/1965,485.6851143
10/12/1965,485.3192478
10/13/1965,485.5120534
10/14/1965,486.2333007
10/15/1965,485.7198004
10/18/1965,484.2086684
10/19/1965,485.03247
10/20/1965,484.8629294
10/21/1965,483.8254605
10/22/1965,484.46276
10/25/1965,487.4129062
10/26/1965,485.1372968
10/27/1965,485.1635329
10/28/1965,486.2285987
10/29/1965,485.7170186
11/1/1965,487.3289489
11/3/1965,487.2176867
11/4/1965,486.2657252
11/5/1965,485.9997583
11/8/1965,486.4550952
11/9/1965,487.033892
11/10/1965,487.5628455
11/11/1965,485.9714293
11/12/1965,484.1473812
11/15/1965,482.5234303
11/16/1965,481.3823917
11/17/1965,482.4418058
11/18/1965,482.2841459
11/19/1965,481.6638869
11/22/1965,481.2691268
11/23/1965,479.3050207
11/24/1965,478.9799317
11/26/1965,477.7993226
11/29/1965,476.1035641
11/30/1965,475.4256523
12/1/1965,474.4934399
12/2/1965,473.9888772
12/3/1965,474.0937749
12/6/1965,474.57156
12/7/1965,471.1135463
12/8/1965,470.4004292
12/9/1965,469.6852225
12/10/1965,470.3419106
12/13/1965,468.7901693
12/14/1965,468.8746079
12/15/1965,468.4411334
12/16/1965,467.8829384
12/17/1965,466.0062203
12/20/1965,468.500418
12/21/1965,468.6825765
12/22/1965,471.2904923
12/23/1965,473.1743026
12/27/1965,473.5668915
12/28/1965,473.3721556
12/29/1965,473.0228957
12/30/1965,473.6597914
12/31/1965,475.1062423
1/3/1966,475.5913677
1/4/1966,476.933843
1/5/1966,477.9179787
1/6/1966,479.3341481
1/7/1966,479.8301023
1/10/1966,478.4373101
1/11/1966,477.7378233
1/12/1966,477.0624933
1/13/1966,475.6375818
1/14/1966,475.9446307
1/17/1966,476.1590956
1/18/1966,476.4702201
1/19/1966,476.3770386
1/20/1966,479.0025462
1/21/1966,479.8428316
1/24/1966,478.6926753
1/25/1966,478.608368
1/26/1966,480.152264
1/27/1966,479.9319889
1/28/1966,478.7114824
1/31/1966,480.7419727
2/1/1966,482.1216928
2/2/1966,479.0866389
2/3/1966,480.1826049
2/4/1966,478.4965583
2/7/1966,479.6697964
2/8/1966,479.6496458
2/9/1966,478.6244285
2/10/1966,479.7694836
2/11/1966,476.5130153
2/14/1966,477.3743266
2/15/1966,477.9370709
2/16/1966,476.4951889
2/17/1966,477.7113031
2/18/1966,475.8591211
2/21/1966,476.1320572
2/23/1966,477.5770412
2/24/1966,476.9265456
2/25/1966,475.3522781
2/28/1966,472.9275775
3/1/1966,473.9408415
3/2/1966,473.8979286
3/3/1966,470.3271414
3/4/1966,472.3100053
3/7/1966,473.5518203
3/8/1966,472.2147856
3/9/1966,471.9077048
3/10/1966,473.1507611
3/11/1966,473.6500739
3/14/1966,474.6457327
3/15/1966,475.727331
3/16/1966,474.6375344
3/17/1966,474.173573
3/18/1966,471.866221
3/21/1966,469.6844004
3/22/1966,470.2560976
3/23/1966,472.530924
3/24/1966,472.3792077
3/25/1966,473.0541986
3/28/1966,472.680101
3/29/1966,473.6761326
3/30/1966,474.4808833
3/31/1966,474.5836573
4/1/1966,473.4047651
4/4/1966,470.3036103
4/5/1966,470.0567689
4/6/1966,470.7354409
4/7/1966,468.6748007
4/11/1966,468.1999611
4/12/1966,467.5583755
4/13/1966,466.0439049
4/14/1966,467.0203006
4/15/1966,466.3738601
4/18/1966,468.468078
4/19/1966,466.2365738
4/20/1966,465.4630782
4/21/1966,465.3699301
4/22/1966,467.7489542
4/25/1966,468.0521315
4/26/1966,468.0396661
4/27/1966,470.4347676
4/28/1966,469.8214064
4/29/1966,469.4079113
5/2/1966,470.0685658
5/3/1966,471.4379774
5/4/1966,470.1611386
5/5/1966,474.5428218
5/6/1966,469.2957969
5/9/1966,473.6460142
5/10/1966,471.0178592
5/11/1966,471.9435352
5/12/1966,473.5544286
5/13/1966,474.450084
5/16/1966,475.8307879
5/17/1966,474.8201129
5/18/1966,468.4129023
5/19/1966,470.1400933
5/20/1966,467.3087591
5/23/1966,466.0752073
5/24/1966,465.0409515
5/25/1966,465.1411915
5/26/1966,465.9293956
5/27/1966,465.7839656
5/31/1966,469.4592487
6/1/1966,468.1998187
6/2/1966,467.6587203
6/3/1966,467.9909533
6/6/1966,469.4278419
6/7/1966,470.1717885
6/8/1966,467.5635909
6/9/1966,461.9963832
6/10/1966,457.0692487
6/13/1966,456.0112573
6/14/1966,455.8661813
6/15/1966,455.1487457
6/16/1966,455.1979605
6/17/1966,454.935157
6/20/1966,454.9169226
6/21/1966,453.4338132
6/22/1966,452.9488901
6/23/1966,456.1010368
6/24/1966,456.2920666
6/27/1966,460.1305062
6/28/1966,460.6670599
6/29/1966,463.5990275
6/30/1966,463.3074676
7/1/1966,462.19388
7/5/1966,463.0608362
7/6/1966,460.0307816
7/7/1966,460.0292956
7/8/1966,460.5832482
7/11/1966,460.8682451
7/12/1966,461.9436818
7/13/1966,462.1438405
7/14/1966,460.6347835
7/15/1966,459.5159453
7/18/1966,459.8778132
7/19/1966,460.5329965
7/20/1966,462.4801749
7/21/1966,461.8575377
7/22/1966,462.0474174
7/25/1966,466.2873797
7/26/1966,464.8347478
7/27/1966,463.5046931
7/28/1966,463.2456802
7/29/1966,463.233411
8/1/1966,466.4501909
8/2/1966,465.8238045
8/3/1966,461.7501398
8/4/1966,462.0494999
8/5/1966,462.8738963
8/8/1966,462.5013796
8/9/1966,460.5883887
8/10/1966,459.9079331
8/11/1966,460.0953309
8/12/1966,457.6952621
8/15/1966,457.0651997
8/16/1966,458.4985382
8/17/1966,457.514067
8/18/1966,456.858837
8/19/1966,456.820233
8/22/1966,455.8805183
8/23/1966,453.561804
8/24/1966,451.4206527
8/25/1966,454.3629286
8/26/1966,456.8856718
8/29/1966,457.3008226
8/30/1966,450.6404722
8/31/1966,449.1755127
9/1/1966,451.4161961
9/2/1966,454.3546338
9/6/1966,456.1476632
9/7/1966,458.3195774
9/8/1966,456.1239915
9/9/1966,454.2570216
9/12/1966,448.7688837
9/13/1966,450.0976313
9/14/1966,448.4929833
9/15/1966,448.8913936
9/16/1966,451.0969104
9/19/1966,451.6526084
9/20/1966,452.7247799
9/21/1966,455.4146982
9/22/1966,452.4706324
9/23/1966,452.3921931
9/26/1966,451.6924789
9/27/1966,451.9724668
9/28/1966,453.8509835
9/29/1966,455.7341191
9/30/1966,454.8754951
10/3/1966,461.8819719
10/4/1966,459.436739
10/5/1966,461.9028712
10/6/1966,464.242384
10/7/1966,468.1533691
10/10/1966,460.5840592
10/11/1966,460.9856511
10/12/1966,455.5842375
10/13/1966,456.6807518
10/14/1966,459.1640973
10/17/1966,458.823475
10/18/1966,457.5359147
10/19/1966,460.3918873
10/20/1966,462.7925732
10/21/1966,463.251073
10/24/1966,464.2287321
10/25/1966,463.9511946
10/26/1966,462.5007453
10/27/1966,462.1467338
10/28/1966,463.6132755
10/31/1966,464.3611443
11/1/1966,463.0751711
11/2/1966,463.2058796
11/3/1966,463.7339597
11/4/1966,461.5657672
11/7/1966,460.4552502
11/9/1966,455.9247664
11/10/1966,453.4227132
11/11/1966,452.9272727
11/14/1966,453.5138934
11/15/1966,450.740234
11/16/1966,446.3621846
11/17/1966,448.693204
11/18/1966,450.3457376
11/21/1966,452.7041148
11/22/1966,451.8524775
11/23/1966,449.5021222
11/25/1966,445.2908155
11/28/1966,442.4769689
11/29/1966,443.1431421
11/30/1966,439.829601
12/1/1966,439.6800655
12/2/1966,439.2196971
12/5/1966,437.6631858
12/6/1966,436.097963
12/7/1966,433.6327546
12/8/1966,433.7298462
12/9/1966,434.5074564
12/12/1966,431.7275091
12/13/1966,432.391491
12/14/1966,430.0125597
12/15/1966,432.5227593
12/16/1966,430.4476205
12/19/1966,429.8330585
12/20/1966,430.8588371
12/21/1966,427.4819508
12/22/1966,427.6159091
12/23/1966,428.139466
12/27/1966,430.4700742
12/28/1966,433.7676956
12/29/1966,435.3427429
12/30/1966,436.5186568
1/3/1967,437.2697995
1/4/1967,437.6447871
1/5/1967,436.651659
1/6/1967,437.937317
1/9/1967,440.5675295
1/10/1967,444.2722947
1/11/1967,440.3230558
1/12/1967,442.4310858
1/13/1967,441.4728425
1/16/1967,443.4568029
1/17/1967,440.9691404
1/18/1967,442.583066
1/19/1967,442.1156415
1/20/1967,440.7221617
1/23/1967,442.5238388
1/24/1967,440.1562756
1/25/1967,442.2449271
1/26/1967,441.2834497
1/27/1967,439.7942416
1/30/1967,440.6025908
1/31/1967,443.1293838
2/1/1967,443.7339367
2/2/1967,444.6800896
2/3/1967,444.8049136
2/6/1967,447.2892393
2/7/1967,448.9866285
2/8/1967,447.952174
2/9/1967,450.7091295
2/10/1967,448.3911099
2/13/1967,449.546548
2/14/1967,449.96837
2/15/1967,454.0472591
2/16/1967,454.6528905
2/17/1967,454.927474
2/20/1967,454.3101929
2/21/1967,453.8300393
2/23/1967,453.6899749
2/24/1967,454.8862554
2/27/1967,458.9473622
2/28/1967,455.0142915
3/1/1967,452.5286611
3/2/1967,451.7516689
3/3/1967,451.4207684
3/6/1967,451.8533249
3/7/1967,450.95078
3/8/1967,451.2924722
3/9/1967,450.6535732
3/10/1967,451.0963411
3/13/1967,454.0662798
3/14/1967,452.847833
3/15/1967,451.0822405
3/16/1967,451.3660429
3/17/1967,453.1481953
3/20/1967,453.7265332
3/21/1967,457.0572483
3/22/1967,455.110843
3/23/1967,454.5928925
3/27/1967,455.9669212
3/28/1967,456.639512
3/29/1967,457.3713045
3/30/1967,456.5749501
3/31/1967,458.6258169
4/3/1967,462.0520616
4/4/1967,459.3906602
4/5/1967,458.4606502
4/6/1967,460.2155975
4/7/1967,464.8990278
4/10/1967,467.9109514
4/11/1967,464.6095788
4/12/1967,466.6112361
4/13/1967,466.5184016
4/14/1967,466.4513952
4/17/1967,467.3877098
4/18/1967,467.6322785
4/19/1967,469.3731871
4/20/1967,470.230772
4/21/1967,468.7075958
4/24/1967,468.8753464
4/25/1967,466.1537702
4/26/1967,466.2167591
4/27/1967,464.9742391
4/28/1967,466.4708679
5/1/1967,465.9214775
5/2/1967,466.3332482
5/3/1967,465.5324462
5/4/1967,466.7478051
5/5/1967,468.6429667
5/8/1967,469.9674323
5/9/1967,474.2963484
5/10/1967,471.9329209
5/11/1967,469.9636642
5/12/1967,473.7583828
5/15/1967,475.4649601
5/16/1967,473.5258891
5/17/1967,474.2607282
5/18/1967,473.5412107
5/19/1967,474.1761883
5/22/1967,473.1716397
5/23/1967,473.1716123
5/24/1967,474.6541695
5/25/1967,472.0591484
5/26/1967,472.5666059
5/29/1967,471.9444329
5/31/1967,475.7823162
6/1/1967,471.5826582
6/2/1967,473.8515649
6/5/1967,477.2363901
6/6/1967,471.6118569
6/7/1967,470.8734765
6/8/1967,468.0221151
6/9/1967,468.2527978
6/12/1967,466.1709527
6/13/1967,466.4100726
6/14/1967,466.788522
6/15/1967,465.2908166
6/16/1967,466.7052
6/19/1967,465.2769419
6/20/1967,465.1974981
6/21/1967,466.7450479
6/22/1967,466.4203258
6/23/1967,465.1688015
6/26/1967,466.732176
6/27/1967,465.920371
6/28/1967,463.6728959
6/29/1967,467.3109045
6/30/1967,467.9932825
7/3/1967,467.8160845
7/5/1967,467.0807691
7/6/1967,468.9223859
7/7/1967,468.1859611
7/10/1967,468.018862
7/11/1967,469.4057661
7/12/1967,471.2932984
7/13/1967,475.0583367
7/14/1967,474.5290952
7/17/1967,475.556558
7/18/1967,476.524499
7/19/1967,479.4156192
7/20/1967,481.8063078
7/21/1967,486.1255115
7/24/1967,487.2146652
7/25/1967,486.5798781
7/26/1967,485.7816078
7/27/1967,485.0727274
7/28/1967,487.1994036
7/31/1967,489.5008841
8/1/1967,490.3378001
8/2/1967,494.3927685
8/3/1967,493.3209117
8/4/1967,494.7746346
8/7/1967,496.6608948
8/8/1967,498.4907954
8/9/1967,499.3699956
8/10/1967,500.9996775
8/11/1967,501.712302
8/14/1967,502.4524923
8/15/1967,501.6102749
8/16/1967,501.8546133
8/17/1967,502.4831826
8/18/1967,503.7002867
8/21/1967,504.38976
8/22/1967,503.6463834
8/23/1967,502.6804777
8/24/1967,504.6488231
8/25/1967,505.5504635
8/28/1967,504.4326095
8/29/1967,503.1614745
8/30/1967,501.7107519
8/31/1967,499.5904694
9/1/1967,498.8603027
9/5/1967,500.2772359
9/6/1967,501.8369602
9/7/1967,503.104571
9/8/1967,503.1533492
9/11/1967,504.6014067
9/12/1967,503.6553794
9/13/1967,503.8573431
9/14/1967,506.4720031
9/15/1967,506.7992713
9/18/1967,508.412435
9/19/1967,509.617126
9/20/1967,507.6014171
9/21/1967,506.9211411
9/22/1967,506.2822485
9/25/1967,507.5792159
9/26/1967,511.4042928
9/27/1967,511.3561908
9/28/1967,510.9211866
9/29/1967,510.8775953
10/2/1967,511.7442972
10/3/1967,512.0622071
10/4/1967,512.6149169
10/5/1967,511.8232815
10/6/1967,511.6809749
10/9/1967,511.9699377
10/10/1967,513.2757943
10/11/1967,512.8248201
10/12/1967,512.4543054
10/13/1967,511.0982087
10/16/1967,513.3257
10/17/1967,511.7651052
10/18/1967,510.6972234
10/19/1967,512.2451309
10/20/1967,511.4925979
10/23/1967,510.4643593
10/24/1967,512.2578437
10/25/1967,510.1590487
10/26/1967,511.2137544
10/27/1967,509.441908
10/30/1967,508.4814759
10/31/1967,510.5896591
11/1/1967,509.5526421
11/2/1967,509.9080213
11/3/1967,508.9035394
11/6/1967,507.5214687
11/8/1967,510.1705616
11/9/1967,509.3698558
11/10/1967,509.0664914
11/13/1967,511.0110747
11/14/1967,512.5093474
11/15/1967,510.0649549
11/16/1967,508.0351728
11/17/1967,507.0954223
11/20/1967,507.6197371
11/21/1967,503.2659562
11/22/1967,502.318753
11/24/1967,502.764086
11/27/1967,502.6970599
11/28/1967,502.1686898
11/29/1967,505.1521914
11/30/1967,506.5926628
12/1/1967,504.1633286
12/4/1967,502.9688562
12/5/1967,505.2297161
12/6/1967,504.4406677
12/7/1967,504.667622
12/8/1967,504.2157706
12/11/1967,503.7050208
12/12/1967,503.121593
12/13/1967,500.5318606
12/14/1967,500.5790318
12/15/1967,503.3305456
12/18/1967,504.2739899
12/19/1967,503.8027646
12/20/1967,503.2082907
12/21/1967,504.5510487
12/22/1967,506.3816367
12/26/1967,507.512804
12/27/1967,506.3790313
12/28/1967,507.0479402
12/29/1967,507.9103369
1/2/1968,511.4721569
1/3/1968,516.2482429
1/4/1968,518.6353252
1/5/1968,522.1710936
1/8/1968,528.5584907
1/9/1968,532.8932655
1/10/1968,532.934115
1/11/1968,533.1356584
1/12/1968,533.635494
1/15/1968,536.1668936
1/16/1968,536.9822423
1/17/1968,536.4861331
1/18/1968,537.9586432
1/19/1968,539.7949367
1/22/1968,542.2471761
1/23/1968,541.6066932
1/24/1968,539.5056329
1/25/1968,536.9204753
1/26/1968,538.8618178
1/29/1968,542.8641247
1/30/1968,544.5974107
1/31/1968,545.268414
2/1/1968,544.8758897
2/2/1968,546.2040771
2/5/1968,548.4173322
2/6/1968,548.8669471
2/7/1968,549.2019235
2/8/1968,553.9860269
2/9/1968,553.2890736
2/13/1968,554.0111231
2/14/1968,546.9799586
2/15/1968,547.566798
2/16/1968,548.9395196
2/19/1968,547.9099915
2/20/1968,546.4070836
2/21/1968,546.4671935
2/23/1968,549.6974423
2/26/1968,552.1646704
2/27/1968,551.1918306
2/28/1968,554.7056013
2/29/1968,556.962147
3/1/1968,558.4580883
3/4/1968,562.2908477
3/5/1968,560.698186
3/6/1968,553.340274
3/7/1968,554.9621597
3/8/1968,556.4607
3/11/1968,550.1778655
3/12/1968,550.0436671
3/13/1968,551.7828745
3/14/1968,554.4136437
3/15/1968,550.0600445
3/18/1968,548.1222849
3/19/1968,548.9097665
3/20/1968,549.0829925
3/21/1968,552.0383023
3/22/1968,551.0550484
3/25/1968,550.6355346
3/26/1968,550.0566694
3/27/1968,548.4278193
3/28/1968,549.5799999
3/29/1968,548.1336364
4/1/1968,545.3465687
4/2/1968,544.3310314
4/3/1968,546.8076055
4/4/1968,544.6566666
4/5/1968,545.2463092
4/8/1968,541.6012198
4/10/1968,545.0821737
4/11/1968,543.2357283
4/15/1968,544.6611181
4/16/1968,544.4447715
4/17/1968,542.736867
4/18/1968,544.1810139
4/19/1968,546.6684459
4/22/1968,545.136075
4/23/1968,544.3785215
4/24/1968,545.1628241
4/25/1968,545.0588093
4/26/1968,546.9524053
4/29/1968,547.3868844
4/30/1968,549.1302561
5/1/1968,548.7176133
5/2/1968,547.482333
5/3/1968,548.9412642
5/6/1968,549.8627263
5/7/1968,550.0858597
5/8/1968,550.9202112
5/9/1968,554.6703501
5/10/1968,554.8815609
5/13/1968,556.4697396
5/14/1968,557.5119205
5/15/1968,559.6015376
5/16/1968,562.9258398
5/17/1968,564.0784745
5/20/1968,564.4222294
5/21/1968,562.3871057
5/22/1968,561.5278368
5/23/1968,563.404953
5/24/1968,563.0370148
5/27/1968,561.1935171
5/28/1968,558.5374
5/29/1968,559.0219842
5/31/1968,558.967978
6/3/1968,560.7817238
6/4/1968,560.7981867
6/5/1968,564.3236758
6/6/1968,561.8482099
6/7/1968,562.0790657
6/10/1968,564.7515238
6/11/1968,566.2999991
6/13/1968,571.3184076
6/14/1968,571.9345911
6/17/1968,575.930327
6/18/1968,578.4207743
6/20/1968,584.1669523
6/21/1968,588.5401085
6/24/1968,594.5004466
6/25/1968,597.4093565
6/27/1968,598.3854037
6/28/1968,597.4642097
7/1/1968,598.9858385
7/2/1968,595.7584828
7/3/1968,594.9406459
7/8/1968,594.7858398
7/9/1968,598.0186484
7/11/1968,603.1515763
7/12/1968,606.5288003
7/15/1968,607.7502375
7/16/1968,610.0514493
7/18/1968,614.2558515
7/19/1968,615.4590143
7/22/1968,617.7129779
7/23/1968,615.2123356
7/25/1968,617.2700148
7/26/1968,614.7929163
7/29/1968,614.8912495
7/30/1968,612.4389445
8/1/1968,613.8547743
8/2/1968,612.3527341
8/5/1968,608.4813212
8/6/1968,607.2071124
8/8/1968,610.1856004
8/9/1968,610.2531189
8/12/1968,608.349405
8/13/1968,611.1483926
8/15/1968,616.0079092
8/16/1968,615.9896488
8/19/1968,615.561487
8/20/1968,613.9165668
8/22/1968,614.7074421
8/23/1968,616.5406
8/26/1968,616.6348631
8/27/1968,615.6702016
8/29/1968,615.1665312
8/30/1968,613.5517631
9/3/1968,613.9118652
9/4/1968,612.5617618
9/5/1968,611.8130372
9/6/1968,610.3249495
9/9/1968,610.577629
9/10/1968,611.6076506
9/12/1968,612.5677857
9/13/1968,611.1169096
9/16/1968,611.5036081
9/17/1968,612.7187447
9/19/1968,614.3307355
9/20/1968,614.576115
9/23/1968,615.4423599
9/24/1968,616.1729469
9/26/1968,618.6498264
9/27/1968,617.7089829
9/30/1968,618.3158905
10/1/1968,620.5080272
10/3/1968,622.5983298
10/4/1968,622.9246281
10/7/1968,625.2974002
10/8/1968,625.7167022
10/10/1968,627.0725729
10/11/1968,626.3620001
10/14/1968,628.122205
10/15/1968,629.0930743
10/17/1968,631.6464409
10/18/1968,632.0688449
10/21/1968,632.7688977
10/22/1968,632.5579069
10/24/1968,634.20588
10/25/1968,634.2025156
10/28/1968,634.6799449
10/29/1968,636.2400891
10/31/1968,638.0283171
11/1/1968,639.51874
11/4/1968,639.3917743
11/6/1968,640.8174782
11/7/1968,642.0329208
11/8/1968,642.1004804
11/12/1968,645.1573552
11/13/1968,647.6252116
11/14/1968,648.5823984
11/15/1968,650.5166256
11/18/1968,654.8484943
11/19/1968,656.2976325
11/21/1968,655.3908212
11/22/1968,654.5619287
11/25/1968,654.3453814
11/26/1968,654.047001
11/27/1968,653.0840424
11/29/1968,654.7091163
12/2/1968,653.609353
12/3/1968,653.8453931
12/5/1968,653.5012582
12/6/1968,654.1499591
12/9/1968,654.672655
12/10/1968,654.9950865
12/12/1968,656.0089269
12/13/1968,657.0131798
12/16/1968,660.5065533
12/17/1968,659.9972337
12/19/1968,655.771772
12/20/1968,658.1852322
12/23/1968,658.9877702
12/24/1968,658.3723422
12/26/1968,660.5663191
12/27/1968,662.0159841
12/30/1968,663.0697128
12/31/1968,661.7233481
1/2/1969,661.5674239
1/3/1969,661.4387464
1/6/1969,662.201615
1/7/1969,658.859459
1/8/1969,657.0963007
1/9/1969,657.3353283
1/10/1969,657.7195709
1/13/1969,658.8380822
1/14/1969,656.9254799
1/15/1969,655.3742616
1/16/1969,656.1222151
1/17/1969,655.556287
1/20/1969,655.2041285
1/21/1969,654.5214031
1/22/1969,653.4705681
1/23/1969,654.8550315
1/24/1969,655.1154878
1/27/1969,656.7559415
1/28/1969,659.7339205
1/29/1969,663.4221782
1/30/1969,664.1624282
1/31/1969,666.1503242
2/3/1969,668.0669403
2/4/1969,669.0553428
2/5/1969,671.3141387
2/6/1969,670.8874625
2/7/1969,671.8887526
2/11/1969,671.6702573
2/12/1969,671.8719769
2/13/1969,670.5800987
2/14/1969,670.4800857
2/17/1969,673.9913647
2/18/1969,672.1620864
2/19/1969,672.1649875
2/20/1969,670.9022339
2/24/1969,668.1312228
2/25/1969,665.4946899
2/26/1969,662.8410639
2/27/1969,663.5253266
2/28/1969,664.2468961
3/3/1969,662.8105577
3/4/1969,660.8102092
3/5/1969,662.5748966
3/6/1969,664.1187559
3/7/1969,662.4305776
3/10/1969,661.2603214
3/11/1969,660.1032365
3/12/1969,660.3144132
3/13/1969,661.7134866
3/14/1969,662.4651499
3/17/1969,658.209767
3/18/1969,656.2966646
3/19/1969,655.0249489
3/20/1969,654.930249
3/21/1969,654.5286627
3/24/1969,654.1055015
3/25/1969,654.9948642
3/26/1969,653.1350937
3/27/1969,652.857115
3/28/1969,652.6289307
4/1/1969,654.6061904
4/2/1969,655.5093305
4/3/1969,655.0346458
4/7/1969,655.2548802
4/8/1969,652.1719154
4/9/1969,649.7177266
4/10/1969,649.0254716
4/11/1969,650.1358579
4/14/1969,650.6690553
4/15/1969,652.5739238
4/16/1969,654.1372551
4/17/1969,654.0176276
4/18/1969,654.1255515
4/21/1969,657.6805709
4/22/1969,655.8551607
4/23/1969,656.41493
4/24/1969,655.4802327
4/25/1969,653.5732688
4/28/1969,651.9156831
4/29/1969,649.9032934
4/30/1969,649.9106494
5/1/1969,650.2119306
5/2/1969,651.0609303
5/5/1969,650.8061284
5/6/1969,651.583662
5/7/1969,654.9579372
5/8/1969,656.8224318
5/9/1969,658.5926391
5/12/1969,661.3408249
5/13/1969,661.3889542
5/14/1969,661.0873964
5/15/1969,660.608086
5/16/1969,660.128563
5/19/1969,661.6837989
5/20/1969,661.9913208
5/21/1969,659.8223591
5/22/1969,661.0630127
5/23/1969,661.4810339
5/26/1969,661.9806754
5/27/1969,662.0999702
5/28/1969,661.1893672
5/29/1969,661.3735209
6/2/1969,662.0364303
6/3/1969,661.5200787
6/4/1969,660.2405442
6/5/1969,659.8476708
6/6/1969,660.6403238
6/9/1969,659.1536996
6/10/1969,660.3046141
6/11/1969,658.3828723
6/12/1969,658.2951578
6/13/1969,655.1565024
6/16/1969,655.6855489
6/17/1969,653.9411781
6/18/1969,653.5507136
6/19/1969,655.253257
6/20/1969,655.8328548
6/23/1969,653.1464291
6/24/1969,651.8672268
6/25/1969,655.3089951
6/26/1969,653.8793627
6/27/1969,652.1786314
6/30/1969,652.8269759
7/1/1969,650.8383239
7/2/1969,648.9294215
7/3/1969,648.432316
7/7/1969,652.3105477
7/8/1969,653.676338
7/9/1969,655.4348963
7/10/1969,660.0703831
7/11/1969,659.5056324
7/14/1969,661.9109732
7/15/1969,660.6266006
7/16/1969,656.8780743
7/17/1969,656.7591132
7/18/1969,656.9854699
7/22/1969,658.9535034
7/23/1969,656.5234483
7/24/1969,656.1914832
7/25/1969,657.9415108
7/28/1969,659.3872971
7/29/1969,656.9688639
7/30/1969,649.6062513
7/31/1969,645.9827935
8/1/1969,642.1513512
8/4/1969,646.2386131
8/5/1969,644.1978327
8/6/1969,641.0095884
8/7/1969,642.7116933
8/8/1969,644.4553145
8/11/1969,645.8355985
8/12/1969,647.7649904
8/13/1969,645.8361532
8/14/1969,642.1681263
8/15/1969,641.1906617
8/18/1969,638.7929627
8/19/1969,638.7718517
8/20/1969,640.1162951
8/21/1969,639.348782
8/22/1969,637.4401539
8/25/1969,640.3086809
8/26/1969,641.6535027
8/27/1969,638.9523072
8/28/1969,638.8579774
8/29/1969,637.5194878
9/2/1969,638.871936
9/3/1969,641.4305489
9/4/1969,642.9544783
9/5/1969,643.4481328
9/8/1969,645.8339653
9/9/1969,641.9172947
9/10/1969,636.4258186
9/11/1969,638.9760299
9/12/1969,639.5126713
9/15/1969,636.3829262
9/16/1969,635.9948962
9/17/1969,636.0527541
9/18/1969,634.6051618
9/19/1969,632.6990794
9/22/1969,633.8898669
9/23/1969,634.3807404
9/24/1969,635.357108
9/25/1969,636.7825217
9/26/1969,637.0677282
9/29/1969,637.4727578
9/30/1969,638.2212703
10/1/1969,638.7604631
10/2/1969,633.0746513
10/3/1969,635.593758
10/6/1969,634.2818838
10/7/1969,635.1295199
10/8/1969,636.8310569
10/9/1969,635.2571884
10/10/1969,635.134961
10/13/1969,628.8428812
10/14/1969,630.6634202
10/15/1969,633.7369418
10/16/1969,635.7096306
10/17/1969,637.5589933
10/20/1969,641.5719534
10/21/1969,639.9412558
10/22/1969,642.5485218
10/23/1969,644.0693076
10/24/1969,642.0111175
10/27/1969,642.6825466
10/28/1969,643.8998153
10/29/1969,646.9634762
10/30/1969,644.0039789
10/31/1969,645.7024597
11/3/1969,645.8766232
11/4/1969,643.4773117
11/5/1969,643.6801796
11/6/1969,644.0228215
11/7/1969,644.0768722
11/10/1969,646.6067175
11/11/1969,648.4296037
11/12/1969,648.36668
11/13/1969,650.1198004
11/14/1969,649.1646184
11/17/1969,651.5803869
11/18/1969,650.5757846
11/19/1969,651.4987838
11/20/1969,652.9071854
11/21/1969,653.4531267
11/24/1969,653.3150607
11/25/1969,650.7707662
11/26/1969,645.9958271
11/28/1969,643.3532104
12/1/1969,648.6321398
12/2/1969,649.2454422
12/3/1969,651.3571408
12/4/1969,645.4309548
12/5/1969,649.2494003
12/8/1969,651.5062743
12/9/1969,650.3587955
12/10/1969,646.7734388
12/11/1969,647.4361914
12/12/1969,645.4340797
12/15/1969,643.3139821
12/16/1969,643.6578826
12/17/1969,644.4352891
12/18/1969,640.305467
12/19/1969,640.3523671
12/22/1969,645.0842126
12/23/1969,644.4672436
12/24/1969,642.1031851
12/26/1969,640.8714663
12/29/1969,645.6046795
12/30/1969,645.7352969
12/31/1969,646.8084473
1/2/1970,638.9067211
1/5/1970,638.5717765
1/6/1970,641.9211883
1/7/1970,639.6879579
1/8/1970,640.9399864
1/9/1970,643.6785584
1/12/1970,648.7168257
1/13/1970,649.9579397
1/14/1970,651.0372579
1/15/1970,651.0631114
1/16/1970,653.3474471
1/19/1970,655.0962157
1/20/1970,653.2169684
1/21/1970,652.5213303
1/22/1970,651.6916786
1/23/1970,654.902339
1/26/1970,656.4620854
1/27/1970,653.6784234
1/28/1970,654.6184401
1/29/1970,653.5340958
1/30/1970,652.7088631
2/2/1970,652.1954479
2/3/1970,649.3846426
2/4/1970,655.411403
2/5/1970,656.0317443
2/6/1970,652.5609476
2/9/1970,654.6896676
2/10/1970,657.5816016
2/11/1970,655.0380105
2/12/1970,656.8830317
2/13/1970,657.2849214
2/16/1970,657.7832628
2/17/1970,659.2701074
2/18/1970,658.9847191
2/19/1970,661.0035926
2/20/1970,662.9915973
2/24/1970,666.7342717
2/25/1970,665.1868773
2/26/1970,668.1027335
2/27/1970,669.8548085
3/2/1970,675.9683739
3/3/1970,677.9450366
3/4/1970,681.8267448
3/5/1970,683.0469882
3/6/1970,685.0933851
3/9/1970,688.6535261
3/10/1970,687.9559199
3/11/1970,689.4106585
3/12/1970,689.4097674
3/13/1970,693.2035741
3/16/1970,695.5257711
3/17/1970,692.8733195
3/18/1970,693.857895
3/19/1970,696.0535229
3/20/1970,698.2622008
3/23/1970,697.8761525
3/24/1970,696.28288
3/25/1970,694.8695786
3/26/1970,695.3934821
3/30/1970,696.4720984
3/31/1970,697.6906247
4/1/1970,698.9008714
4/2/1970,702.5142723
4/3/1970,707.1404578
4/6/1970,710.5954962
4/7/1970,712.7006612
4/8/1970,712.9560623
4/9/1970,715.6606003
4/10/1970,717.0592581
4/13/1970,720.7090338
4/14/1970,720.5157275
4/15/1970,722.5205216
4/16/1970,723.8345457
4/17/1970,720.6176879
4/20/1970,716.9352513
4/21/1970,719.0897187
4/22/1970,721.818547
4/23/1970,721.4257114
4/24/1970,718.9103365
4/27/1970,719.9656656
4/28/1970,717.8515182
4/29/1970,704.6866648
4/30/1970,707.1380725
5/1/1970,703.9262181
5/4/1970,711.1556175
5/5/1970,711.9362541
5/6/1970,701.1799231
5/7/1970,697.8642676
5/8/1970,697.1864869
5/11/1970,701.364393
5/12/1970,700.692477
5/13/1970,700.5638122
5/14/1970,695.5445486
5/15/1970,691.0378725
5/18/1970,690.894125
5/19/1970,695.4904044
5/20/1970,698.1466824
5/21/1970,695.2065405
5/22/1970,694.8941185
5/25/1970,698.2984627
5/26/1970,693.8738147
5/27/1970,675.6016572
5/28/1970,675.5015178
5/29/1970,672.1877425
6/1/1970,668.8222166
6/2/1970,671.3300861
6/3/1970,662.6439227
6/4/1970,677.559383
6/5/1970,682.5819646
6/8/1970,680.2979997
6/9/1970,678.9597487
6/10/1970,682.5323796
6/11/1970,686.0863209
6/12/1970,683.2479093
6/15/1970,681.0526903
6/16/1970,672.7135248
6/17/1970,678.7119159
6/18/1970,680.068361
6/19/1970,683.4164771
6/22/1970,689.0929341
6/23/1970,695.1659211
6/24/1970,697.4128396
6/25/1970,698.1736978
6/26/1970,701.9753148
6/29/1970,701.3484239
6/30/1970,700.633534
7/1/1970,699.3940281
7/2/1970,706.6992046
7/6/1970,712.9873187
7/7/1970,715.0153856
7/8/1970,711.4128925
7/9/1970,710.3530523
7/10/1970,709.8039974
7/13/1970,710.9382278
7/14/1970,714.7653589
7/15/1970,716.6756599
7/16/1970,717.2656947
7/17/1970,717.3615135
7/20/1970,720.1405152
7/21/1970,723.0745232
7/22/1970,722.634417
7/23/1970,723.8340847
7/24/1970,725.8007411
7/27/1970,724.7439555
7/28/1970,722.4759932
7/29/1970,722.684324
7/30/1970,722.9692357
7/31/1970,724.5522718
8/3/1970,728.9774296
8/4/1970,726.6934007
8/5/1970,729.2661994
8/6/1970,732.0092413
8/7/1970,732.1215079
8/10/1970,737.3858002
8/11/1970,737.7465545
8/12/1970,738.3952799
8/13/1970,739.7877032
8/14/1970,737.3542838
8/17/1970,738.248735
8/18/1970,737.1530949
8/19/1970,738.640055
8/20/1970,739.3515512
8/21/1970,738.2766405
8/24/1970,732.5505796
8/25/1970,728.7893034
8/26/1970,723.0294214
8/27/1970,721.0820792
8/28/1970,716.5712291
8/31/1970,716.8362207
9/1/1970,718.2300599
9/2/1970,717.9206948
9/3/1970,713.3113609
9/4/1970,708.2919229
9/8/1970,703.2157143
9/9/1970,704.9017639
9/10/1970,704.6660426
9/11/1970,696.4518488
9/14/1970,701.0167028
9/15/1970,703.9147984
9/16/1970,699.1803071
9/17/1970,694.6150447
9/18/1970,689.1873354
9/21/1970,696.9553981
9/22/1970,697.7777524
9/23/1970,691.3335041
9/24/1970,680.5978675
9/25/1970,680.8955472
9/28/1970,678.6412899
9/29/1970,673.7020642
9/30/1970,677.7771644
10/1/1970,677.4081091
10/2/1970,673.8283206
10/5/1970,674.0349149
10/6/1970,684.1411849
10/7/1970,684.0160835
10/8/1970,692.165434
10/9/1970,693.5370849
10/12/1970,694.6945255
10/13/1970,694.450244
10/14/1970,694.8381838
10/15/1970,695.4056514
10/16/1970,700.5551061
10/19/1970,706.7660746
10/20/1970,703.3058828
10/21/1970,703.5157918
10/22/1970,702.9353931
10/23/1970,702.2230567
10/26/1970,704.0815894
10/27/1970,705.8866825
10/28/1970,704.3836748
10/29/1970,706.6523657
10/30/1970,707.1099287
11/2/1970,706.4440669
11/3/1970,701.0653104
11/4/1970,705.3115932
11/5/1970,708.4629627
11/6/1970,711.0641451
11/9/1970,713.4332866
11/10/1970,717.587299
11/11/1970,722.0633407
11/12/1970,728.5309279
11/13/1970,730.8742931
11/16/1970,730.8360836
11/17/1970,731.6775514
11/18/1970,736.6227054
11/19/1970,736.8027936
11/20/1970,733.8560875
11/23/1970,737.4830774
11/24/1970,740.2169997
11/25/1970,742.465206
11/27/1970,743.1587952
11/30/1970,737.8275629
12/1/1970,747.023818
12/2/1970,747.9322632
12/3/1970,754.4711502
12/4/1970,755.6351229
12/7/1970,759.9607323
12/8/1970,766.2499786
12/9/1970,767.1709525
12/10/1970,768.2077623
12/11/1970,770.9731737
12/14/1970,776.0883169
12/15/1970,778.4354999
12/16/1970,778.9302242
12/17/1970,781.9412023
12/18/1970,784.581982
12/21/1970,786.501703
12/22/1970,788.5523465
12/23/1970,785.7924937
12/24/1970,779.7549531
12/28/1970,779.0053857
12/29/1970,776.5575944
12/30/1970,782.0931344
12/31/1970,782.6239072
1/4/1971,782.6718242
1/5/1971,775.4363698
1/6/1971,774.3648073
1/7/1971,780.0144776
1/8/1971,785.1127475
1/11/1971,786.9501889
1/12/1971,788.4400075
1/13/1971,791.144662
1/14/1971,790.8258277
1/15/1971,792.4354723
1/18/1971,793.2935949
1/19/1971,795.5973918
1/20/1971,792.8144615
1/21/1971,788.6441305
1/22/1971,784.493949
1/25/1971,780.4221978
1/26/1971,775.9248406
1/27/1971,776.5418741
1/28/1971,770.0288691
1/29/1971,770.586683
2/1/1971,768.7234779
2/2/1971,769.580283
2/3/1971,764.9339877
2/4/1971,764.6545514
2/5/1971,763.7832369
2/8/1971,759.3978735
2/9/1971,763.6703192
2/10/1971,762.2052869
2/11/1971,761.9277803
2/12/1971,761.127708
2/16/1971,761.7391951
2/17/1971,765.2187548
2/18/1971,770.6173374
2/19/1971,774.3313171
2/22/1971,776.0066036
2/23/1971,768.5422421
2/24/1971,764.1689935
2/25/1971,767.1123482
2/26/1971,768.549003
3/1/1971,765.7813094
3/2/1971,765.1752204
3/3/1971,765.0774861
3/4/1971,761.6946743
3/5/1971,760.6773955
3/8/1971,757.9978399
3/9/1971,757.9566002
3/10/1971,757.2939487
3/11/1971,760.7997469
3/12/1971,761.3871042
3/15/1971,756.5379476
3/16/1971,761.6180123
3/17/1971,761.3839382
3/18/1971,762.1311939
3/19/1971,763.7338084
3/22/1971,765.8380368
3/23/1971,765.5526618
3/24/1971,766.3140883
3/25/1971,763.7630981
3/26/1971,764.1961098
3/29/1971,767.7085042
3/30/1971,768.8165881
3/31/1971,769.1696122
4/1/1971,769.8893063
4/2/1971,769.591339
4/5/1971,768.3586506
4/6/1971,767.2370178
4/7/1971,767.6556885
4/8/1971,768.3140615
4/12/1971,770.2110759
4/13/1971,771.789807
4/14/1971,770.4897561
4/15/1971,771.4081936
4/16/1971,773.5841255
4/19/1971,776.0427617
4/20/1971,778.0446021
4/21/1971,775.4574172
4/22/1971,771.516408
4/23/1971,770.0026578
4/26/1971,768.8503406
4/27/1971,766.7058386
4/28/1971,765.5081973
4/29/1971,768.838158
4/30/1971,767.208375
5/3/1971,765.0887849
5/4/1971,763.8711183
5/5/1971,762.9434721
5/6/1971,766.9411559
5/7/1971,765.4554263
5/10/1971,766.3857342
5/11/1971,765.3575389
5/12/1971,766.6158524
5/13/1971,767.044758
5/14/1971,767.5906766
5/17/1971,770.673384
5/18/1971,768.8412914
5/19/1971,768.0000985
5/20/1971,766.0031102
5/21/1971,767.8101406
5/24/1971,769.62143
5/25/1971,767.8192306
5/26/1971,766.4356293
5/27/1971,765.9948447
5/28/1971,764.3240279
6/1/1971,762.5726597
6/2/1971,762.7703152
6/3/1971,763.7139556
6/4/1971,763.4808934
6/7/1971,764.5398219
6/8/1971,767.5364411
6/9/1971,767.4837448
6/10/1971,767.6550341
6/11/1971,767.1663992
6/14/1971,770.0417448
6/15/1971,769.2052183
6/16/1971,767.753315
6/17/1971,770.8013406
6/18/1971,773.99772
6/21/1971,774.8285345
6/22/1971,774.0633066
6/23/1971,770.1465053
6/24/1971,772.5375986
6/25/1971,774.4281175
6/28/1971,774.4991039
6/29/1971,773.9951547
6/30/1971,776.3899123
7/1/1971,779.1425298
7/2/1971,779.1183727
7/6/1971,778.3958293
7/7/1971,778.329229
7/8/1971,779.9628983
7/9/1971,780.9264719
7/12/1971,782.5589826
7/13/1971,785.242022
7/14/1971,782.7939926
7/15/1971,784.7688344
7/16/1971,785.6606326
7/19/1971,786.9374962
7/20/1971,785.6515447
7/21/1971,786.881623
7/22/1971,787.8247387
7/23/1971,786.7894868
7/26/1971,788.4192909
7/27/1971,791.8729274
7/28/1971,790.3806411
7/29/1971,789.10831
7/30/1971,788.1079446
8/2/1971,784.7485512
8/3/1971,787.4240532
8/4/1971,785.8554683
8/5/1971,783.5185636
8/6/1971,782.222279
8/9/1971,784.5049793
8/10/1971,784.4060275
8/11/1971,780.4979692
8/12/1971,777.4167923
8/13/1971,777.9953177
8/16/1971,775.9399703
8/17/1971,776.252169
8/18/1971,779.5822858
8/19/1971,780.5802421
8/20/1971,780.867094
8/23/1971,780.6036949
8/24/1971,781.2514
8/25/1971,785.2508769
8/26/1971,786.0748169
8/27/1971,786.4290923
8/30/1971,787.6574029
8/31/1971,787.7634361
9/1/1971,787.5979825
9/2/1971,786.3640264
9/3/1971,783.105598
9/7/1971,784.1210338
9/8/1971,784.6211324
9/9/1971,785.4709867
9/10/1971,785.3315062
9/13/1971,786.9456428
9/14/1971,788.9598785
9/15/1971,785.8342067
9/16/1971,788.8894452
9/17/1971,788.1416515
9/20/1971,789.5456544
9/21/1971,791.3863075
9/22/1971,793.1510332
9/23/1971,793.0508922
9/24/1971,792.611431
9/27/1971,792.4653835
9/28/1971,790.8293465
9/29/1971,790.0497866
9/30/1971,788.3801229
10/1/1971,786.9712443
10/4/1971,788.5800532
10/5/1971,789.4249755
10/6/1971,787.3526614
10/7/1971,789.9699118
10/8/1971,793.0605232
10/11/1971,794.0322393
10/12/1971,793.6565143
10/13/1971,796.3250955
10/14/1971,799.4543333
10/15/1971,799.8616519
10/18/1971,801.038474
10/19/1971,800.1623808
10/20/1971,801.7142753
10/21/1971,798.9479466
10/22/1971,799.2722191
10/25/1971,798.8054324
10/26/1971,801.1971701
10/27/1971,802.3030324
10/28/1971,799.6606799
10/29/1971,794.9375878
11/1/1971,797.7055117
11/2/1971,794.845599
11/3/1971,793.0069867
11/4/1971,795.8090508
11/5/1971,795.8378283
11/8/1971,796.4700323
11/9/1971,798.2381717
11/10/1971,801.3503801
11/11/1971,803.0827361
11/12/1971,799.9802525
11/15/1971,800.2136097
11/16/1971,799.4609281
11/17/1971,800.4096565
11/18/1971,803.275998
11/19/1971,805.4420716
11/22/1971,808.6489572
11/23/1971,807.1392835
11/24/1971,805.8796126
11/26/1971,800.6641621
11/29/1971,796.8951558
11/30/1971,794.4878892
12/1/1971,795.4678408
12/2/1971,800.1787394
12/3/1971,799.7749031
12/6/1971,802.1062819
12/7/1971,800.3824139
12/8/1971,801.2670423
12/9/1971,801.3601269
12/10/1971,795.5008093
12/13/1971,796.3498131
12/14/1971,801.1406438
12/15/1971,799.4897855
12/16/1971,801.4490149
12/17/1971,802.386021
12/20/1971,804.4275832
12/21/1971,806.1664397
12/22/1971,809.4752033
12/23/1971,811.4545086
12/27/1971,816.3702889
12/28/1971,817.0328354
12/29/1971,823.1712911
12/30/1971,824.0319738
12/31/1971,818.1074616
1/3/1972,814.8566707
1/4/1972,810.1194919
1/5/1972,805.8586983
1/6/1972,804.5417871
1/7/1972,804.9265721
1/10/1972,803.7475164
1/11/1972,802.6828937
1/12/1972,806.1367352
1/13/1972,806.9313462
1/14/1972,803.6289805
1/17/1972,801.3641111
1/18/1972,799.3203272
1/19/1972,797.2478228
1/20/1972,800.1920549
1/21/1972,795.6363535
1/24/1972,798.873839
1/25/1972,796.1927742
1/26/1972,792.7996121
1/27/1972,784.4513789
1/28/1972,784.4297148
1/31/1972,782.9394197
2/1/1972,779.88433
2/2/1972,778.3768493
2/3/1972,778.4205862
2/4/1972,779.1714266
2/7/1972,780.8721305
2/8/1972,780.7314051
2/9/1972,779.9598582
2/10/1972,782.0114469
2/11/1972,779.7558116
2/14/1972,778.3023203
2/15/1972,775.0566693
2/16/1972,774.9254953
2/17/1972,778.7637845
2/18/1972,780.0438721
2/22/1972,781.0348125
2/23/1972,781.0980289
2/24/1972,779.909715
2/25/1972,780.1804708
2/28/1972,780.7736612
2/29/1972,780.3602925
3/1/1972,779.3524826
3/2/1972,781.8672831
3/3/1972,782.0140657
3/6/1972,784.8118056
3/7/1972,786.892264
3/8/1972,784.5336456
3/9/1972,784.1658366
3/10/1972,785.0616575
3/13/1972,785.6354784
3/14/1972,786.1382943
3/15/1972,788.3508275
3/16/1972,789.7403069
3/17/1972,791.9026524
3/20/1972,798.3554234
3/21/1972,799.4585019
3/22/1972,797.0450267
3/23/1972,793.5514105
3/24/1972,794.7463872
3/27/1972,794.3660517
3/28/1972,793.132526
3/29/1972,792.5742171
3/30/1972,790.592856
4/3/1972,792.6148324
4/4/1972,789.9818179
4/5/1972,788.6326713
4/6/1972,788.6996321
4/7/1972,787.7653572
4/10/1972,789.6702936
4/11/1972,786.1524699
4/12/1972,787.0748209
4/13/1972,787.8320692
4/14/1972,786.9655606
4/17/1972,788.5386126
4/18/1972,788.6900127
4/19/1972,792.7768755
4/20/1972,788.8852104
4/21/1972,788.3631928
4/24/1972,787.343022
4/25/1972,788.8952981
4/26/1972,787.9884629
4/27/1972,788.2710312
4/28/1972,788.7024392
5/1/1972,792.3354406
5/2/1972,794.1643415
5/3/1972,796.09619
5/4/1972,793.7552391
5/5/1972,791.3464271
5/8/1972,793.1124462
5/9/1972,795.2600707
5/10/1972,791.116207
5/11/1972,788.8548869
5/12/1972,787.0668102
5/15/1972,785.4428326
5/16/1972,787.276395
5/17/1972,787.0415601
5/18/1972,786.2504453
5/19/1972,787.9285797
5/22/1972,790.0750262
5/23/1972,792.5389994
5/24/1972,793.3361123
5/25/1972,793.1331425
5/26/1972,792.811786
5/30/1972,795.0332498
5/31/1972,796.4452873
6/1/1972,794.0951974
6/2/1972,793.7904078
6/5/1972,794.8717114
6/6/1972,796.6066789
6/7/1972,795.4946711
6/8/1972,796.0066261
6/9/1972,794.7729835
6/12/1972,795.6546313
6/13/1972,794.0804417
6/14/1972,793.2869316
6/15/1972,796.9790703
6/16/1972,795.9727965
6/19/1972,795.6039359
6/20/1972,794.529431
6/21/1972,796.2359913
6/22/1972,795.6709528
6/23/1972,796.6047818
6/26/1972,795.5389757
6/27/1972,796.9792434
6/28/1972,797.707142
6/29/1972,797.128124
6/30/1972,796.9099227
7/3/1972,796.0945788
7/5/1972,795.6466419
7/6/1972,798.7367188
7/7/1972,800.7023308
7/10/1972,802.2591702
7/11/1972,801.3865169
7/12/1972,804.0954002
7/13/1972,802.7734361
7/14/1972,800.719607
7/17/1972,804.738095
7/18/1972,802.4421693
7/19/1972,803.2244787
7/20/1972,804.971485
7/21/1972,800.3441533
7/24/1972,799.6670311
7/25/1972,801.4349226
7/26/1972,803.7712609
7/27/1972,806.4909922
7/28/1972,806.4717037
7/31/1972,808.6313309
8/1/1972,808.6619053
8/2/1972,811.1013841
8/3/1972,812.675351
8/4/1972,815.3001276
8/7/1972,817.7241675
8/8/1972,817.4728703
8/9/1972,815.5172077
8/10/1972,814.6043425
8/11/1972,813.0607126
8/14/1972,815.2994509
8/15/1972,817.0085735
8/16/1972,818.8006336
8/17/1972,818.6790113
8/18/1972,819.2360085
8/21/1972,821.8048943
8/22/1972,823.5575963
8/23/1972,827.4298986
8/24/1972,830.4267955
8/25/1972,828.3319919
8/28/1972,829.5047533
8/29/1972,827.6332025
8/30/1972,828.5687426
8/31/1972,826.942711
9/1/1972,827.599135
9/5/1972,829.7840691
9/6/1972,830.7360373
9/7/1972,832.0587922
9/8/1972,830.6970977
9/11/1972,832.7267051
9/12/1972,832.5050349
9/13/1972,830.7367227
9/14/1972,832.5010067
9/15/1972,830.7127971
9/18/1972,828.4727578
9/19/1972,828.5090914
9/20/1972,828.2458281
9/21/1972,827.7820023
9/22/1972,827.7406571
9/25/1972,829.5782049
9/26/1972,827.7988031
9/27/1972,826.2449149
9/28/1972,825.4350618
9/29/1972,828.9676486
10/2/1972,831.7887536
10/3/1972,831.9105444
10/4/1972,837.7297939
10/5/1972,840.206356
10/6/1972,836.1755127
10/9/1972,836.373154
10/10/1972,836.9955289
10/11/1972,838.6462307
10/12/1972,839.2549471
10/13/1972,838.4181414
10/16/1972,840.0535446
10/17/1972,839.9819035
10/18/1972,841.3121556
10/19/1972,843.450074
10/20/1972,842.6207561
10/23/1972,844.1362075
10/24/1972,845.2963494
10/25/1972,847.0665075
10/26/1972,848.8385676
10/27/1972,847.6723889
10/30/1972,848.1948018
10/31/1972,849.1282607
11/1/1972,852.0410461
11/2/1972,853.0256544
11/3/1972,855.8832985
11/6/1972,857.6592328
11/8/1972,860.0791797
11/9/1972,860.9683164
11/10/1972,863.9912226
11/13/1972,867.5454692
11/14/1972,869.7064311
11/15/1972,874.310527
11/16/1972,874.1906322
11/17/1972,875.5679405
11/20/1972,878.6948596
11/21/1972,881.3827241
11/22/1972,882.8917649
11/24/1972,883.0384476
11/27/1972,882.4514343
11/28/1972,880.9350339
11/29/1972,880.0307034
11/30/1972,875.0160699
12/1/1972,871.9229051
12/4/1972,872.3000775
12/5/1972,873.9938952
12/6/1972,871.2980581
12/7/1972,873.3888278
12/8/1972,874.7735015
12/11/1972,877.7383026
12/12/1972,881.7127611
12/13/1972,882.5741484
12/14/1972,883.8301168
12/15/1972,884.1878383
12/18/1972,884.6506572
12/19/1972,883.8530628
12/20/1972,884.8475843
12/21/1972,884.6288222
12/22/1972,883.3373022
12/26/1972,885.8467343
12/27/1972,890.1223691
12/29/1972,888.6255147
1/2/1973,880.7722109
1/3/1973,882.5154889
1/4/1973,882.7109823
1/5/1973,884.8027084
1/8/1973,886.8687219
1/9/1973,886.7686117
1/10/1973,888.9003339
1/11/1973,890.8799189
1/12/1973,892.4157047
1/15/1973,893.580354
1/16/1973,889.7321109
1/17/1973,887.2826813
1/18/1973,887.7488957
1/19/1973,886.5405713
1/22/1973,886.1213094
1/23/1973,883.6692204
1/24/1973,883.2199734
1/26/1973,880.6870629
1/29/1973,879.9620185
1/30/1973,880.4229266
1/31/1973,881.0706677
2/1/1973,885.0243409
2/2/1973,883.4433969
2/5/1973,882.6208335
2/6/1973,882.7579549
2/7/1973,884.5438844
2/8/1973,882.1670858
2/9/1973,878.2106098
2/12/1973,878.5127459
2/13/1973,881.5865568
2/14/1973,882.600087
2/15/1973,881.8702333
2/16/1973,880.0465279
2/20/1973,880.7811011
2/21/1973,883.708777
2/22/1973,882.7291428
2/23/1973,884.2001956
2/26/1973,882.0713819
2/27/1973,882.7424773
2/28/1973,880.9714785
3/1/1973,883.2303089
3/2/1973,878.7014567
3/5/1973,876.8690003
3/6/1973,875.3144694
3/7/1973,875.353737
3/8/1973,876.1811403
3/9/1973,877.373199
3/12/1973,877.7331426
3/13/1973,878.2870883
3/14/1973,878.4329605
3/15/1973,880.422737
3/16/1973,881.9926659
3/19/1973,881.4722116
3/20/1973,879.5804466
3/21/1973,881.4832381
3/22/1973,880.3109151
3/23/1973,877.3262963
3/26/1973,874.782258
3/27/1973,874.5505441
3/28/1973,874.7309226
3/29/1973,874.0924515
3/30/1973,875.5240078
4/2/1973,877.0166285
4/3/1973,877.0285293
4/4/1973,877.077444
4/5/1973,876.6253335
4/6/1973,874.7528872
4/9/1973,874.775131
4/10/1973,877.0309292
4/11/1973,878.1903688
4/12/1973,879.8542171
4/13/1973,881.5132958
4/16/1973,882.8403937
4/17/1973,884.7277287
4/18/1973,883.5329272
4/19/1973,883.9994711
4/23/1973,886.6096054
4/24/1973,889.5086942
4/25/1973,889.5647505
4/26/1973,886.2078595
4/27/1973,886.8070744
4/30/1973,887.2956525
5/1/1973,886.5396547
5/2/1973,886.2138388
5/3/1973,885.1284842
5/4/1973,887.6596305
5/7/1973,889.9629665
5/8/1973,887.967323
5/9/1973,890.6841013
5/10/1973,893.6693015
5/11/1973,895.0224195
5/14/1973,898.1409019
5/15/1973,894.5853566
5/16/1973,896.5457897
5/17/1973,898.3909294
5/18/1973,901.2992149
5/21/1973,899.2507639
5/22/1973,897.7910286
5/23/1973,898.1362305
5/24/1973,893.6265383
5/25/1973,889.2026518
5/29/1973,889.528505
5/30/1973,892.9373243
5/31/1973,893.5619695
6/1/1973,893.5054385
6/4/1973,893.8785079
6/5/1973,890.693623
6/6/1973,888.4474684
6/7/1973,885.5346444
6/8/1973,884.2904464
6/11/1973,887.7216608
6/12/1973,885.9896428
6/13/1973,887.037568
6/14/1973,888.7204209
6/15/1973,889.8202494
6/18/1973,889.6656511
6/19/1973,886.7942053
6/20/1973,884.602974
6/21/1973,885.7306903
6/22/1973,890.506336
6/25/1973,892.8430595
6/26/1973,889.5072078
6/27/1973,888.6654623
6/28/1973,887.6570804
6/29/1973,886.7576345
7/2/1973,887.2527202
7/3/1973,883.8205259
7/5/1973,880.1023056
7/6/1973,880.1035117
7/9/1973,879.2778095
7/10/1973,876.7027914
7/11/1973,870.0843337
7/12/1973,869.0458903
7/13/1973,872.8346616
7/16/1973,865.3360721
7/17/1973,864.8386738
7/18/1973,860.4652734
7/19/1973,855.0482835
7/20/1973,851.4366497
7/23/1973,852.7527638
7/24/1973,845.6278672
7/25/1973,843.6051736
7/26/1973,845.2458787
7/27/1973,846.7561775
7/30/1973,848.8490835
7/31/1973,852.0405518
8/1/1973,853.6633859
8/2/1973,849.8483187
8/3/1973,847.7000958
8/6/1973,844.9418709
8/7/1973,845.0341567
8/8/1973,849.3592445
8/9/1973,848.2355629
8/10/1973,850.4597359
8/13/1973,850.6473269
8/14/1973,849.9763748
8/15/1973,846.2113159
8/16/1973,847.6372371
8/17/1973,848.0831531
8/20/1973,849.176873
8/21/1973,848.9287711
8/22/1973,847.4089002
8/23/1973,844.7029317
8/24/1973,846.4556816
8/27/1973,848.0280398
8/28/1973,848.1484966
8/29/1973,849.2634936
8/30/1973,850.2198656
8/31/1973,849.398836
9/4/1973,852.5773976
9/5/1973,855.5174234
9/6/1973,862.1477592
9/7/1973,866.5252406
9/10/1973,867.2408513
9/11/1973,866.7029641
9/12/1973,864.2301784
9/13/1973,863.8978892
9/14/1973,857.8571911
9/17/1973,853.3359655
9/18/1973,852.8246755
9/19/1973,849.1464457
9/20/1973,848.3719792
9/21/1973,850.8961467
9/24/1973,854.073877
9/25/1973,858.9286869
9/26/1973,862.7540006
9/27/1973,868.7783715
9/28/1973,868.7700117
10/1/1973,866.4868534
10/2/1973,863.4646636
10/3/1973,866.1825147
10/4/1973,871.2878096
10/5/1973,867.7536902
10/8/1973,863.9580216
10/9/1973,867.597713
10/10/1973,873.1076798
10/11/1973,867.0722036
10/12/1973,867.9837439
10/15/1973,870.788137
10/16/1973,869.9845875
10/17/1973,871.3028335
10/18/1973,872.2330722
10/19/1973,871.2265057
10/22/1973,874.973132
10/23/1973,872.1445937
10/24/1973,873.4184022
10/25/1973,874.7730145
10/26/1973,875.7658756
10/29/1973,878.066228
10/30/1973,880.3302494
10/31/1973,879.9886682
11/1/1973,879.3767806
11/2/1973,877.7431351
11/5/1973,876.2472206
11/6/1973,876.9358177
11/7/1973,875.3778315
11/8/1973,871.3404492
11/9/1973,874.0508887
11/12/1973,869.9908298
11/13/1973,866.6597194
11/14/1973,865.1788986
11/15/1973,859.2083126
11/16/1973,859.9511372
11/19/1973,865.685188
11/20/1973,860.4732594
11/21/1973,854.5322452
11/23/1973,852.8359988
11/26/1973,852.6270089
11/27/1973,850.3095499
11/28/1973,844.4238676
11/29/1973,845.3731702
11/30/1973,844.4017754
12/3/1973,842.0052018
12/4/1973,841.2889306
12/5/1973,841.5031638
12/6/1973,833.0966165
12/7/1973,834.5273142
12/10/1973,838.9317935
12/11/1973,848.7581237
12/12/1973,849.765675
12/13/1973,846.6895542
12/14/1973,840.9902614
12/17/1973,842.842458
12/18/1973,841.5564937
12/19/1973,846.8205172
12/20/1973,848.5588927
12/21/1973,848.4476317
12/24/1973,849.2319146
12/26/1973,851.1820591
12/27/1973,854.1680492
12/28/1973,860.7958354
12/31/1973,857.240921
1/2/1974,855.4486463
1/3/1974,847.8951549
1/4/1974,850.0295164
1/7/1974,853.8623102
1/8/1974,861.1065796
1/9/1974,863.4440519
1/10/1974,866.3346937
1/11/1974,860.6676041
1/14/1974,865.3221994
1/15/1974,864.6690589
1/16/1974,863.1690829
1/17/1974,857.5441864
1/18/1974,859.2326872
1/21/1974,857.9128654
1/22/1974,850.638128
1/23/1974,843.7445629
1/24/1974,845.5046905
1/25/1974,844.3544244
1/28/1974,841.6831223
1/29/1974,840.7311367
1/30/1974,835.8027509
1/31/1974,839.8613856
2/1/1974,845.3349616
2/4/1974,853.3217291
2/5/1974,853.8706947
2/6/1974,851.5217286
2/7/1974,852.4085643
2/8/1974,855.5792917
2/11/1974,858.7704491
2/12/1974,856.5031207
2/13/1974,856.9098764
2/14/1974,855.8860916
2/15/1974,854.197692
2/19/1974,859.1780803
2/20/1974,856.2536803
2/21/1974,856.3993922
2/22/1974,857.753179
2/25/1974,860.4954067
2/26/1974,858.9173807
2/27/1974,859.7497494
2/28/1974,859.895957
3/1/1974,859.976395
3/4/1974,857.4130991
3/5/1974,854.8786169
3/6/1974,853.4214655
3/7/1974,857.8964865
3/8/1974,854.1120671
3/11/1974,852.5010821
3/12/1974,856.481265
3/13/1974,855.6286212
3/14/1974,857.3829667
3/15/1974,859.197071
3/18/1974,863.1383171
3/19/1974,861.7390269
3/20/1974,860.3298659
3/21/1974,863.3482274
3/22/1974,864.6615158
3/25/1974,864.6638751
3/26/1974,864.3033667
3/27/1974,866.9846774
3/28/1974,869.4282236
3/29/1974,865.1772373
4/1/1974,867.4219538
4/2/1974,864.2235958
4/3/1974,862.0706133
4/4/1974,861.3433087
4/5/1974,861.1549377
4/8/1974,859.4426132
4/9/1974,855.1778817
4/10/1974,854.6369386
4/11/1974,852.8461054
4/15/1974,853.3518405
4/16/1974,849.268319
4/17/1974,848.0184596
4/18/1974,848.6639521
4/19/1974,853.0742628
4/22/1974,853.7769971
4/23/1974,852.2339001
4/24/1974,847.6100771
4/25/1974,843.7937317
4/26/1974,838.6368993
4/29/1974,835.8113461
4/30/1974,835.1105474
5/1/1974,830.9531808
5/2/1974,833.2460837
5/3/1974,836.5310396
5/6/1974,834.8713276
5/7/1974,835.5447446
5/8/1974,836.5550027
5/9/1974,837.5482986
5/10/1974,838.9834498
5/13/1974,838.6126972
5/14/1974,832.2096703
5/15/1974,829.3587993
5/16/1974,831.2843965
5/17/1974,829.218309
5/20/1974,829.1039653
5/21/1974,825.7558861
5/22/1974,825.0249454
5/23/1974,822.8181414
5/24/1974,820.2305952
5/28/1974,823.0427894
5/29/1974,824.2857763
5/30/1974,822.3192885
5/31/1974,821.4735002
6/3/1974,815.1293199
6/4/1974,817.3682722
6/5/1974,816.1121077
6/6/1974,815.0232422
6/7/1974,816.6930503
6/10/1974,818.2299825
6/11/1974,821.4079361
6/12/1974,823.0894978
6/13/1974,821.4330103
6/14/1974,822.6297575
6/17/1974,821.4645641
6/18/1974,821.5436372
6/19/1974,820.1288408
6/20/1974,819.6791428
6/21/1974,819.0815219
6/24/1974,816.6706854
6/25/1974,816.4417691
6/26/1974,819.4447784
6/27/1974,821.3313066
6/28/1974,818.2200157
7/1/1974,820.5141349
7/2/1974,823.9834748
7/3/1974,821.2283481
7/5/1974,819.7316529
7/8/1974,823.5383336
7/9/1974,821.004129
7/10/1974,823.2282058
7/11/1974,822.0607248
7/12/1974,810.0124917
7/15/1974,809.6545602
7/16/1974,810.8372491
7/17/1974,807.9711033
7/18/1974,808.874494
7/19/1974,807.0511231
7/22/1974,809.8498134
7/23/1974,810.858239
7/24/1974,813.2340094
7/25/1974,815.5369172
7/26/1974,818.6273096
7/29/1974,816.8635431
7/30/1974,818.0222454
7/31/1974,816.0371166
8/1/1974,812.8585286
8/2/1974,811.2862355
8/5/1974,809.8393807
8/6/1974,808.9186681
8/7/1974,802.4025368
8/8/1974,800.8651656
8/9/1974,799.2661164
8/12/1974,800.9617655
8/13/1974,800.4808278
8/14/1974,802.1759971
8/15/1974,801.5147994
8/16/1974,797.6012138
8/19/1974,797.1758803
8/20/1974,796.2456484
8/21/1974,796.3026431
8/22/1974,795.0640631
8/23/1974,795.0808397
8/26/1974,791.4211385
8/27/1974,789.6921055
8/28/1974,785.0653465
8/29/1974,782.3297797
8/30/1974,776.4809679
9/3/1974,780.7565955
9/4/1974,776.1613502
9/5/1974,767.1650895
9/6/1974,765.3027021
9/9/1974,771.8451982
9/10/1974,771.6077734
9/11/1974,774.4658416
9/12/1974,772.9450756
9/13/1974,771.0089233
9/16/1974,763.3219266
9/17/1974,760.4028514
9/18/1974,760.5101555
9/19/1974,757.6625489
9/20/1974,761.2842349
9/23/1974,764.9377888
9/24/1974,767.8598258
9/25/1974,767.0825445
9/26/1974,768.4978313
9/27/1974,770.5032227
9/30/1974,768.1003223
10/1/1974,761.5451833
10/2/1974,761.2343684
10/3/1974,764.4118249
10/4/1974,761.9463299
10/7/1974,758.993203
10/8/1974,759.6264289
10/9/1974,761.2394377
10/10/1974,766.6118122
10/11/1974,772.6723385
10/14/1974,773.2545297
10/15/1974,784.3745372
10/16/1974,786.9154047
10/17/1974,782.8241188
10/18/1974,784.3994152
10/21/1974,782.4360677
10/22/1974,789.180947
10/23/1974,794.8768177
10/24/1974,799.0324914
10/25/1974,801.7127635
10/28/1974,806.570098
10/29/1974,801.720922
10/30/1974,802.9012987
10/31/1974,802.9721076
11/1/1974,804.18847
11/4/1974,808.5856979
11/5/1974,801.5507247
11/6/1974,804.6102158
11/7/1974,801.4528163
11/8/1974,803.5396612
11/11/1974,800.6724811
11/12/1974,808.9322067
11/13/1974,806.1380005
11/14/1974,808.4271046
11/15/1974,809.0428465
11/18/1974,817.3406503
11/19/1974,813.2370289
11/20/1974,806.381769
11/21/1974,801.9129328
11/22/1974,797.322063
11/25/1974,798.572959
11/26/1974,790.3728972
11/27/1974,791.0887335
11/29/1974,790.8537806
12/2/1974,798.4456222
12/3/1974,796.5387633
12/4/1974,793.2846225
12/5/1974,797.5397565
12/6/1974,796.8259801
12/9/1974,792.14266
12/10/1974,788.9426846
12/11/1974,792.3257228
12/12/1974,790.4694932
12/13/1974,790.8256632
12/16/1974,792.4373437
12/17/1974,790.2741381
12/18/1974,788.1648549
12/19/1974,784.6979336
12/20/1974,784.2932559
12/23/1974,786.1758972
12/24/1974,780.9992645
12/26/1974,778.3331955
12/27/1974,779.4715131
12/30/1974,778.1385865
12/31/1974,769.8514193
1/2/1975,771.3463545
1/3/1975,776.8850202
1/6/1975,780.6074794
1/7/1975,781.4864645
1/8/1975,786.1006225
1/9/1975,787.6360631
1/10/1975,784.9700528
1/13/1975,791.7293537
1/14/1975,793.8814164
1/15/1975,795.0252902
1/16/1975,796.044314
1/17/1975,804.3481881
1/20/1975,806.5922938
1/21/1975,810.0404104
1/22/1975,805.3981597
1/23/1975,805.1524148
1/24/1975,801.3855848
1/27/1975,799.2589382
1/28/1975,802.2367808
1/29/1975,798.4108266
1/30/1975,810.2663005
1/31/1975,806.5450367
2/3/1975,801.4214367
2/4/1975,804.3249971
2/5/1975,799.4489362
2/6/1975,806.6626817
2/7/1975,805.2538713
2/10/1975,809.2277571
2/11/1975,810.0238859
2/12/1975,803.5293418
2/13/1975,807.3863231
2/14/1975,808.94201
2/18/1975,812.5592028
2/19/1975,811.6930015
2/20/1975,809.9415716
2/21/1975,811.5245372
2/24/1975,811.6518536
2/25/1975,817.1212797
2/26/1975,810.0084732
2/27/1975,805.3246572
2/28/1975,801.3621333
3/3/1975,794.6817715
3/4/1975,796.0203714
3/5/1975,800.0807838
3/6/1975,795.8895007
3/7/1975,790.8348078
3/10/1975,784.0219266
3/11/1975,787.8302337
3/12/1975,785.8664946
3/13/1975,776.8892119
3/14/1975,767.3403187
3/17/1975,760.7222318
3/18/1975,773.892822
3/19/1975,769.4580966
3/20/1975,767.7208379
3/21/1975,768.6797718
3/24/1975,777.9821662
3/25/1975,771.571708
3/26/1975,764.9210587
3/27/1975,767.0172829
3/31/1975,769.0566621
4/1/1975,772.8182773
4/2/1975,773.6259785
4/3/1975,774.9477976
4/4/1975,775.8686576
4/7/1975,775.7394319
4/8/1975,778.2417346
4/9/1975,774.5515096
4/10/1975,775.0773024
4/11/1975,771.6100708
4/14/1975,770.2813619
4/15/1975,774.1065908
4/16/1975,774.261239
4/17/1975,776.2646482
4/18/1975,775.394966
4/21/1975,771.2886246
4/22/1975,776.2506667
4/23/1975,778.2049227
4/24/1975,776.2300309
4/25/1975,774.7868
4/28/1975,776.3625479
4/29/1975,778.2616161
4/30/1975,776.648632
5/1/1975,779.2023473
5/2/1975,778.0427018
5/5/1975,780.1193826
5/6/1975,787.6728099
5/7/1975,786.4467318
5/8/1975,781.1990519
5/9/1975,783.5485512
5/12/1975,783.9395827
5/13/1975,780.8560316
5/14/1975,782.8416127
5/15/1975,785.8249852
5/16/1975,786.6216062
5/19/1975,785.584025
5/20/1975,787.9233256
5/21/1975,788.2585405
5/22/1975,785.758237
5/23/1975,782.3640167
5/27/1975,785.5616442
5/28/1975,788.9242535
5/29/1975,791.1873583
5/30/1975,787.4240788
6/2/1975,789.5267174
6/3/1975,791.1375171
6/4/1975,795.5131381
6/5/1975,794.3741922
6/6/1975,796.8096491
6/9/1975,803.8985353
6/10/1975,803.2685783
6/11/1975,802.2468417
6/12/1975,807.2383346
6/13/1975,808.1447155
6/16/1975,808.543187
6/17/1975,813.0895635
6/18/1975,814.5857211
6/19/1975,813.7430397
6/20/1975,813.5389112
6/23/1975,812.2314679
6/24/1975,815.2701282
6/25/1975,815.0399448
6/26/1975,816.1321855
6/27/1975,816.7240843
6/30/1975,811.357943
7/1/1975,812.3633072
7/2/1975,815.077952
7/3/1975,812.6062216
7/7/1975,815.4305556
7/8/1975,814.8658151
7/9/1975,810.8275487
7/10/1975,815.7853643
7/11/1975,816.1401711
7/14/1975,819.2755053
7/15/1975,821.7039368
7/16/1975,828.003703
7/17/1975,830.2164574
7/18/1975,828.9771344
7/21/1975,835.2288088
7/22/1975,837.0929695
7/23/1975,840.3145755
7/24/1975,841.3382011
7/25/1975,842.9334464
7/28/1975,843.176442
7/29/1975,844.72219
7/30/1975,842.0156207
7/31/1975,843.6394042
8/1/1975,847.8562669
8/4/1975,853.1799068
8/5/1975,854.7703933
8/6/1975,854.3215623
8/7/1975,852.1953763
8/8/1975,854.6931365
8/11/1975,852.533175
8/12/1975,849.562255
8/13/1975,852.7190118
8/14/1975,853.0557735
8/15/1975,851.0471229
8/18/1975,852.3807506
8/19/1975,853.4973067
8/20/1975,853.4942018
8/21/1975,849.8742698
8/22/1975,844.300586
8/25/1975,844.2664369
8/26/1975,850.3849401
8/27/1975,848.0230226
8/28/1975,842.9683966
8/29/1975,841.3589109
9/2/1975,850.4210806
9/3/1975,848.968551
9/4/1975,850.0321494
9/5/1975,852.5118065
9/8/1975,852.7016402
9/9/1975,859.7505735
9/10/1975,861.030256
9/11/1975,858.2745252
9/12/1975,857.2672591
9/15/1975,859.8564592
9/16/1975,861.9643809
9/17/1975,860.2634309
9/18/1975,855.5715233
9/19/1975,847.043913
9/22/1975,851.0401324
9/23/1975,852.0089719
9/24/1975,850.9307581
9/25/1975,855.1569603
9/26/1975,854.3832918
9/29/1975,858.6927233
9/30/1975,862.5488676
10/1/1975,866.8538465
10/2/1975,864.6174203
10/3/1975,859.851819
10/6/1975,858.222482
10/7/1975,861.3640723
10/8/1975,860.0589014
10/9/1975,861.3900834
10/10/1975,865.8445718
10/13/1975,862.6624829
10/14/1975,864.3799767
10/15/1975,862.0675447
10/16/1975,862.5763501
10/17/1975,864.4461993
10/20/1975,864.9777237
10/21/1975,866.5764682
10/22/1975,867.249488
10/23/1975,867.1062561
10/24/1975,870.8677089
10/27/1975,871.8538829
10/28/1975,871.5484046
10/29/1975,875.0184195
10/30/1975,878.7528752
10/31/1975,879.2168638
11/3/1975,881.0674313
11/4/1975,881.0901251
11/5/1975,878.9288297
11/6/1975,879.972297
11/7/1975,882.4930632
11/10/1975,885.0666748
11/11/1975,884.6059545
11/12/1975,881.4552963
11/13/1975,884.9214551
11/14/1975,887.747524
11/17/1975,889.1200437
11/18/1975,892.1766444
11/19/1975,896.2908545
11/20/1975,898.0529756
11/21/1975,895.2102459
11/24/1975,893.5529488
11/25/1975,891.8943445
11/26/1975,891.5204966
11/28/1975,892.3382964
12/1/1975,893.2053662
12/2/1975,898.0046332
12/3/1975,899.4105836
12/4/1975,895.3192094
12/5/1975,895.1055283
12/8/1975,894.5436379
12/9/1975,894.9706748
12/10/1975,894.0789703
12/11/1975,894.3670779
12/12/1975,893.3243146
12/15/1975,893.5546765
12/16/1975,891.67645
12/17/1975,889.4139885
12/18/1975,886.9571486
12/19/1975,887.6440097
12/22/1975,888.5052158
12/23/1975,882.8922393
12/24/1975,880.8015858
12/26/1975,877.2242364
12/29/1975,881.2873809
12/30/1975,885.8975499
12/31/1975,876.744092
1/2/1976,874.279445
1/5/1976,874.7362706
1/6/1976,878.9387942
1/7/1976,882.2977565
1/8/1976,885.9177265
1/9/1976,891.3441909
1/12/1976,887.0457274
1/13/1976,892.6622082
1/14/1976,887.2045092
1/15/1976,895.6140476
1/16/1976,895.3366031
1/19/1976,891.2566219
1/20/1976,892.5714584
1/21/1976,893.8419259
1/22/1976,889.1333131
1/23/1976,884.9389149
1/26/1976,891.564777
1/27/1976,897.0874095
1/28/1976,902.6502083
1/29/1976,898.3888916
1/30/1976,904.0359775
2/2/1976,906.8088641
2/3/1976,905.1708121
2/4/1976,903.9853717
2/5/1976,909.9058952
2/6/1976,908.7359892
2/9/1976,905.6710257
2/10/1976,901.4640518
2/11/1976,903.7218895
2/12/1976,904.4596208
2/13/1976,900.237924
2/17/1976,898.1071474
2/18/1976,892.0729587
2/19/1976,890.2815555
2/20/1976,897.0501734
2/23/1976,897.6300593
2/24/1976,898.9659391
2/25/1976,900.1058903
2/26/1976,910.5433862
2/27/1976,908.609066
3/1/1976,903.1836347
3/2/1976,901.2906967
3/3/1976,904.6117107
3/4/1976,908.8711176
3/5/1976,906.0788281
3/8/1976,902.9628512
3/9/1976,904.1486992
3/10/1976,904.3972315
3/11/1976,904.201897
3/12/1976,908.446463
3/15/1976,910.8525717
3/16/1976,902.6278442
3/17/1976,901.8900232
3/18/1976,903.8490847
3/19/1976,903.3508261
3/22/1976,906.627358
3/23/1976,903.3931587
3/24/1976,903.744953
3/25/1976,908.3895436
3/26/1976,907.574175
3/29/1976,907.256148
3/30/1976,908.3663851
3/31/1976,904.1558996
4/1/1976,906.1412183
4/2/1976,905.4236377
4/5/1976,901.146318
4/6/1976,904.4388207
4/7/1976,909.0728322
4/8/1976,912.8663388
4/9/1976,915.4786846
4/12/1976,917.1489736
4/13/1976,915.5500905
4/14/1976,918.7815527
4/15/1976,918.9907053
4/19/1976,918.3831702
4/20/1976,915.6278105
4/21/1976,918.3956877
4/22/1976,920.882304
4/23/1976,923.8724295
4/26/1976,922.5001728
4/27/1976,926.239879
4/28/1976,926.3974993
4/29/1976,927.1564795
4/30/1976,926.8470873
5/3/1976,929.7054282
5/4/1976,926.1409197
5/5/1976,929.2416832
5/6/1976,927.9808372
5/7/1976,925.0432408
5/10/1976,923.0120916
5/11/1976,922.9104722
5/12/1976,924.8769069
5/13/1976,925.4553299
5/14/1976,926.7206237
5/17/1976,929.8586337
5/18/1976,928.3963187
5/19/1976,927.7682577
5/20/1976,924.9351746
5/21/1976,926.0461534
5/24/1976,933.3611504
5/25/1976,932.6966113
5/26/1976,931.504266
5/27/1976,932.5497392
5/28/1976,928.9793287
6/1/1976,932.0905795
6/2/1976,930.635591
6/3/1976,931.3498735
6/4/1976,935.6514101
6/7/1976,937.3896444
6/8/1976,937.1380039
6/9/1976,935.6251047
6/10/1976,928.9336062
6/11/1976,924.9852907
6/14/1976,922.6517404
6/15/1976,924.8071198
6/16/1976,922.6260379
6/17/1976,917.3310412
6/18/1976,918.5977514
6/21/1976,918.2655487
6/22/1976,921.4660415
6/23/1976,921.2522479
6/24/1976,918.6472234
6/25/1976,919.0163703
6/28/1976,921.7627562
6/29/1976,917.7481821
6/30/1976,916.5882252
7/1/1976,920.3059788
7/2/1976,917.9638105
7/6/1976,919.7370445
7/7/1976,918.6004469
7/8/1976,919.517129
7/9/1976,916.8165958
7/12/1976,915.2989714
7/13/1976,918.7595537
7/14/1976,917.0152016
7/15/1976,917.6346436
7/16/1976,920.7285493
7/19/1976,923.7105583
7/20/1976,928.0446768
7/21/1976,928.6661411
7/22/1976,928.8837995
7/23/1976,927.9013994
7/26/1976,929.6046119
7/27/1976,933.1756872
7/28/1976,934.6880291
7/29/1976,934.9355913
7/30/1976,933.649894
8/2/1976,937.5234666
8/3/1976,935.7427433
8/4/1976,936.7140062
8/5/1976,938.5893239
8/6/1976,937.481895
8/9/1976,938.2625125
8/10/1976,937.1799269
8/11/1976,942.5504359
8/12/1976,943.0804239
8/13/1976,944.1720731
8/16/1976,945.7592238
8/17/1976,946.1101181
8/18/1976,947.1971798
8/19/1976,951.2290202
8/20/1976,952.4610634
8/23/1976,952.8161807
8/24/1976,954.7561481
8/25/1976,949.7664203
8/26/1976,950.848753
8/27/1976,949.1489186
8/30/1976,948.2329113
8/31/1976,946.0519927
9/1/1976,943.7142896
9/2/1976,945.3233645
9/3/1976,944.8380696
9/7/1976,944.9035945
9/8/1976,946.4465235
9/9/1976,949.4285837
9/10/1976,949.9399159
9/13/1976,952.2070431
9/14/1976,954.0248097
9/15/1976,954.0042113
9/16/1976,952.2543382
9/17/1976,950.0482151
9/20/1976,951.9305986
9/21/1976,949.328981
9/22/1976,952.9462055
9/23/1976,956.1925106
9/24/1976,954.428878
9/27/1976,953.8825338
9/28/1976,959.6135515
9/29/1976,960.8969114
9/30/1976,962.2527354
10/1/1976,965.5174223
10/4/1976,965.5981429
10/5/1976,968.1054276
10/6/1976,968.7945448
10/7/1976,964.9245413
10/8/1976,970.680347
10/11/1976,973.3219893
10/12/1976,974.2360287
10/13/1976,970.0647609
10/14/1976,972.3681672
10/15/1976,970.6563936
10/18/1976,968.8315977
10/19/1976,969.9983297
10/20/1976,968.3749696
10/21/1976,972.8973
10/22/1976,975.1002228
10/25/1976,973.8422855
10/26/1976,970.7055237
10/27/1976,971.8736704
10/28/1976,975.5994622
10/29/1976,972.7781485
11/1/1976,975.3478805
11/3/1976,976.6086697
11/4/1976,970.349215
11/5/1976,975.2437696
11/8/1976,980.4261503
11/9/1976,981.3611711
11/10/1976,983.8312518
11/11/1976,980.2412868
11/12/1976,981.6372781
11/15/1976,978.511343
11/16/1976,977.6025351
11/17/1976,974.7051299
11/18/1976,970.7429974
11/19/1976,971.7351727
11/22/1976,972.6966857
11/23/1976,976.7944737
11/24/1976,973.7491291
11/26/1976,974.2996765
11/29/1976,976.0742411
11/30/1976,977.4690164
12/1/1976,976.8251906
12/2/1976,979.6679412
12/3/1976,978.1627139
12/6/1976,975.6809158
12/7/1976,977.7641358
12/8/1976,977.4072648
12/9/1976,979.2239214
12/10/1976,979.1174861
12/13/1976,980.6439022
12/14/1976,983.148518
12/15/1976,985.3719639
12/16/1976,985.5814605
12/17/1976,989.3254124
12/20/1976,994.4120335
12/21/1976,994.2421639
12/22/1976,993.7283773
12/23/1976,998.178879
12/27/1976,999.0551126
12/28/1976,1001.512207
12/29/1976,1004.725038
12/30/1976,1005.93716
12/31/1976,1007.88525
1/3/1977,1009.328982
1/4/1977,1013.311778
1/5/1977,1017.732853
1/6/1977,1018.732835
1/7/1977,1021.335565
1/10/1977,1022.632517
1/11/1977,1027.69285
1/12/1977,1029.479025
1/13/1977,1028.211769
1/14/1977,1030.528254
1/17/1977,1033.431403
1/18/1977,1036.064732
1/19/1977,1034.700243
1/20/1977,1038.730249
1/21/1977,1038.118343
1/24/1977,1041.629509
1/25/1977,1042.908878
1/26/1977,1046.486804
1/27/1977,1048.307568
1/28/1977,1048.069246
1/31/1977,1049.146088
2/1/1977,1048.149826
2/2/1977,1047.962696
2/3/1977,1052.322018
2/4/1977,1052.437227
2/7/1977,1055.267861
2/8/1977,1057.241168
2/9/1977,1059.563802
2/10/1977,1057.934748
2/11/1977,1059.878051
2/14/1977,1059.030958
2/15/1977,1059.168487
2/16/1977,1061.411548
2/17/1977,1064.669938
2/18/1977,1066.687071
2/22/1977,1069.278992
2/23/1977,1070.562219
2/24/1977,1075.099898
2/25/1977,1074.497422
2/28/1977,1075.254797
3/1/1977,1071.946908
3/2/1977,1075.368987
3/3/1977,1074.146879
3/4/1977,1075.141781
3/7/1977,1077.602141
3/8/1977,1080.258605
3/9/1977,1083.428219
3/10/1977,1083.388158
3/11/1977,1081.208486
3/14/1977,1079.960704
3/15/1977,1078.548283
3/16/1977,1080.846281
3/17/1977,1081.810447
3/18/1977,1083.719195
3/21/1977,1085.968795
3/22/1977,1085.272509
3/23/1977,1087.829923
3/24/1977,1085.792114
3/25/1977,1087.081318
3/28/1977,1087.056081
3/29/1977,1084.372343
3/30/1977,1089.652693
3/31/1977,1088.087317
4/1/1977,1086.652339
4/4/1977,1090.42834
4/5/1977,1090.834783
4/6/1977,1090.703953
4/7/1977,1091.056347
4/11/1977,1091.76055
4/12/1977,1088.147775
4/13/1977,1087.889792
4/14/1977,1083.949712
4/15/1977,1084.993436
4/18/1977,1089.27202
4/19/1977,1089.532437
4/20/1977,1088.005401
4/21/1977,1093.001021
4/22/1977,1099.197372
4/25/1977,1103.128744
4/26/1977,1101.749091
4/27/1977,1100.277132
4/28/1977,1100.859579
4/29/1977,1099.664587
5/2/1977,1100.779701
5/3/1977,1100.534236
5/4/1977,1097.506843
5/5/1977,1099.690975
5/6/1977,1101.280725
5/9/1977,1102.994211
5/10/1977,1100.859008
5/11/1977,1103.166926
5/12/1977,1103.971953
5/13/1977,1102.21674
5/16/1977,1100.975307
5/17/1977,1101.758033
5/18/1977,1101.271253
5/19/1977,1104.326648
5/20/1977,1105.724456
5/23/1977,1110.803773
5/24/1977,1111.018002
5/25/1977,1112.482505
5/26/1977,1109.652225
5/27/1977,1110.348241
5/31/1977,1111.023416
6/1/1977,1107.385748
6/2/1977,1106.289518
6/3/1977,1103.35428
6/6/1977,1104.021138
6/7/1977,1100.249857
6/8/1977,1098.44214
6/9/1977,1098.243668
6/10/1977,1097.874526
6/13/1977,1099.047642
6/14/1977,1097.660503
6/15/1977,1101.100981
6/16/1977,1098.667595
6/17/1977,1099.263678
6/20/1977,1098.988982
6/21/1977,1101.509528
6/22/1977,1103.246793
6/23/1977,1100.39343
6/24/1977,1101.05594
6/27/1977,1104.233878
6/28/1977,1107.098655
6/29/1977,1108.045124
6/30/1977,1108.342218
7/1/1977,1110.096999
7/5/1977,1110.754029
7/6/1977,1114.50568
7/7/1977,1112.528575
7/8/1977,1114.813503
7/11/1977,1118.002517
7/12/1977,1121.499625
7/13/1977,1122.669946
7/15/1977,1124.036727
7/18/1977,1126.362888
7/19/1977,1127.215729
7/20/1977,1129.113853
7/21/1977,1131.290069
7/22/1977,1132.443048
7/25/1977,1136.092937
7/26/1977,1139.081914
7/27/1977,1144.765563
7/28/1977,1140.76693
7/29/1977,1140.546219
8/1/1977,1141.860266
8/2/1977,1145.114094
8/3/1977,1143.673812
8/4/1977,1140.349142
8/5/1977,1142.291748
8/8/1977,1143.366521
8/9/1977,1142.03224
8/10/1977,1137.71512
8/11/1977,1140.374769
8/12/1977,1141.318863
8/15/1977,1139.44682
8/16/1977,1142.208342
8/17/1977,1142.192397
8/18/1977,1142.091791
8/19/1977,1144.393527
8/22/1977,1142.984941
8/23/1977,1143.295921
8/24/1977,1142.805745
8/25/1977,1145.851212
8/26/1977,1145.246094
8/29/1977,1142.520593
8/30/1977,1145.029171
8/31/1977,1144.004011
9/1/1977,1142.293787
9/2/1977,1141.980488
9/6/1977,1144.864875
9/7/1977,1144.50471
9/8/1977,1148.06996
9/9/1977,1149.114849
9/12/1977,1149.282215
9/13/1977,1149.406206
9/14/1977,1147.554958
9/15/1977,1147.693944
9/16/1977,1150.345652
9/19/1977,1152.71927
9/20/1977,1152.679822
9/21/1977,1156.243432
9/22/1977,1153.778323
9/23/1977,1153.270203
9/26/1977,1150.685055
9/27/1977,1149.889921
9/28/1977,1150.581553
9/29/1977,1149.116426
9/30/1977,1149.085226
10/3/1977,1151.854221
10/4/1977,1153.302272
10/5/1977,1152.438319
10/6/1977,1152.788951
10/7/1977,1154.310972
10/10/1977,1156.548379
10/11/1977,1160.877087
10/12/1977,1161.182775
10/13/1977,1158.691777
10/14/1977,1157.094337
10/17/1977,1158.289674
10/18/1977,1158.312649
10/19/1977,1159.914227
10/20/1977,1157.185343
10/21/1977,1156.882194
10/24/1977,1162.895299
10/25/1977,1160.627354
10/26/1977,1153.617365
10/27/1977,1151.359968
10/28/1977,1150.257332
10/31/1977,1152.703742
11/1/1977,1155.16519
11/2/1977,1153.878497
11/3/1977,1151.07122
11/4/1977,1148.37003
11/7/1977,1145.504016
11/8/1977,1145.422504
11/9/1977,1143.175698
11/10/1977,1137.751464
11/11/1977,1139.665717
11/14/1977,1145.059776
11/15/1977,1141.574083
11/16/1977,1143.609793
11/17/1977,1143.30583
11/18/1977,1143.534212
11/21/1977,1146.602882
11/22/1977,1149.210338
11/23/1977,1149.948821
11/25/1977,1148.951715
11/28/1977,1155.129918
11/29/1977,1161.836831
11/30/1977,1156.999721
12/1/1977,1158.712858
12/2/1977,1160.398572
12/5/1977,1165.63575
12/6/1977,1173.307946
12/7/1977,1169.077437
12/8/1977,1171.415425
12/9/1977,1169.258699
12/12/1977,1172.563611
12/13/1977,1175.511556
12/14/1977,1174.555783
12/15/1977,1179.214815
12/16/1977,1180.325112
12/19/1977,1185.603349
12/20/1977,1185.460902
12/21/1977,1181.356221
12/22/1977,1179.463539
12/23/1977,1179.288342
12/27/1977,1181.820974
12/28/1977,1182.000465
12/29/1977,1181.392742
12/30/1977,1184.630053
1/3/1978,1190.503433
1/4/1978,1188.436576
1/5/1978,1193.284871
1/6/1978,1193.664383
1/9/1978,1192.19784
1/10/1978,1191.530977
1/11/1978,1190.605127
1/12/1978,1185.113319
1/13/1978,1186.038308
1/16/1978,1187.133784
1/17/1978,1184.16624
1/18/1978,1183.092424
1/19/1978,1182.531255
1/20/1978,1181.858562
1/23/1978,1187.480824
1/24/1978,1188.675752
1/25/1978,1186.545255
1/26/1978,1189.610464
1/27/1978,1190.17562
1/30/1978,1186.793296
1/31/1978,1188.752772
2/1/1978,1184.458562
2/2/1978,1185.469591
2/3/1978,1187.032454
2/6/1978,1188.16909
2/7/1978,1186.663248
2/8/1978,1188.259948
2/9/1978,1192.295349
2/10/1978,1195.519679
2/13/1978,1198.196113
2/14/1978,1200.501245
2/15/1978,1201.775182
2/16/1978,1204.001229
2/17/1978,1202.16655
2/21/1978,1202.887449
2/22/1978,1201.653057
2/23/1978,1199.151581
2/24/1978,1197.287298
2/27/1978,1204.687063
2/28/1978,1206.644102
3/1/1978,1205.516895
3/2/1978,1202.63678
3/3/1978,1200.03844
3/6/1978,1203.760294
3/7/1978,1203.331123
3/8/1978,1203.128903
3/9/1978,1204.455216
3/10/1978,1201.962361
3/13/1978,1207.505236
3/14/1978,1206.214251
3/15/1978,1207.846528
3/16/1978,1205.430148
3/17/1978,1203.637635
3/20/1978,1208.061731
3/21/1978,1215.069386
3/22/1978,1217.240177
3/23/1978,1218.675309
3/27/1978,1223.01839
3/28/1978,1218.623942
3/29/1978,1217.9562
3/30/1978,1221.201441
3/31/1978,1226.125561
4/3/1978,1233.145849
4/4/1978,1231.063559
4/5/1978,1231.009467
4/6/1978,1233.128852
4/7/1978,1236.066295
4/10/1978,1239.782241
4/11/1978,1241.532183
4/12/1978,1243.665455
4/13/1978,1242.530298
4/14/1978,1240.833182
4/17/1978,1245.016071
4/18/1978,1251.518365
4/19/1978,1251.115172
4/20/1978,1252.958371
4/21/1978,1253.537143
4/24/1978,1252.662838
4/25/1978,1255.847163
4/26/1978,1258.314854
4/27/1978,1265.613167
4/28/1978,1265.090896
5/1/1978,1265.850912
5/2/1978,1266.876648
5/3/1978,1269.819135
5/4/1978,1267.993857
5/5/1978,1266.623926
5/8/1978,1270.190699
5/9/1978,1269.38524
5/10/1978,1268.301576
5/11/1978,1264.419837
5/12/1978,1262.65847
5/15/1978,1262.942309
5/16/1978,1266.398906
5/17/1978,1269.224397
5/18/1978,1275.379876
5/19/1978,1276.196672
5/22/1978,1274.2125
5/23/1978,1280.884703
5/24/1978,1283.979387
5/25/1978,1286.373935
5/26/1978,1289.631813
5/30/1978,1289.184042
5/31/1978,1292.820806
6/1/1978,1291.224484
6/2/1978,1287.604879
6/5/1978,1282.639466
6/6/1978,1288.568108
6/7/1978,1291.314162
6/8/1978,1293.712515
6/9/1978,1297.710065
6/12/1978,1303.25098
6/13/1978,1302.880128
6/14/1978,1306.729567
6/15/1978,1311.557269
6/16/1978,1319.240057
6/19/1978,1319.761234
6/20/1978,1321.037575
6/21/1978,1320.076698
6/22/1978,1318.952232
6/23/1978,1317.763857
6/26/1978,1324.211924
6/27/1978,1319.107667
6/28/1978,1317.18568
6/29/1978,1315.745907
6/30/1978,1320.23478
7/3/1978,1323.209551
7/5/1978,1327.911471
7/6/1978,1324.966229
7/7/1978,1319.639927
7/10/1978,1317.237822
7/11/1978,1317.299095
7/12/1978,1315.514765
7/13/1978,1315.916304
7/14/1978,1312.713104
7/17/1978,1314.13628
7/18/1978,1319.127241
7/19/1978,1316.316765
7/20/1978,1319.231515
7/21/1978,1326.533199
7/24/1978,1327.727981
7/25/1978,1326.25156
7/26/1978,1324.481828
7/27/1978,1324.397538
7/28/1978,1324.747285
7/31/1978,1324.694929
8/1/1978,1327.661353
8/2/1978,1320.22367
8/3/1978,1326.903046
8/4/1978,1331.553554
8/7/1978,1336.1689
8/8/1978,1333.626866
8/9/1978,1336.981244
8/10/1978,1342.424897
8/11/1978,1342.853972
8/14/1978,1344.422854
8/15/1978,1347.663921
8/16/1978,1345.385692
8/17/1978,1350.413558
8/18/1978,1354.973203
8/21/1978,1366.976827
8/22/1978,1366.027087
8/23/1978,1366.506754
8/24/1978,1368.89896
8/25/1978,1370.846024
8/28/1978,1378.177599
8/29/1978,1380.369365
8/30/1978,1375.209694
8/31/1978,1382.66132
9/1/1978,1381.793183
9/5/1978,1381.312294
9/6/1978,1381.920055
9/7/1978,1382.587558
9/8/1978,1380.337719
9/11/1978,1389.568577
9/12/1978,1397.743766
9/13/1978,1406.071766
9/14/1978,1413.995062
9/15/1978,1420.671904
9/18/1978,1421.715736
9/19/1978,1420.199809
9/20/1978,1421.181301
9/21/1978,1415.348123
9/22/1978,1414.033338
9/25/1978,1413.095699
9/26/1978,1408.142815
9/27/1978,1415.858532
9/28/1978,1412.888043
9/29/1978,1415.085939
10/2/1978,1414.842883
10/3/1978,1420.984641
10/4/1978,1420.783596
10/5/1978,1422.023815
10/6/1978,1422.830388
10/9/1978,1421.254076
10/10/1978,1425.097555
10/11/1978,1425.988752
10/12/1978,1431.484858
10/13/1978,1435.301154
10/16/1978,1446.118424
10/17/1978,1447.076565
10/18/1978,1443.395113
10/19/1978,1441.266007
10/20/1978,1432.252646
10/23/1978,1412.148571
10/24/1978,1407.265651
10/25/1978,1404.115965
10/26/1978,1406.466882
10/27/1978,1404.269675
10/30/1978,1360.911457
10/31/1978,1361.900561
11/1/1978,1316.529387
11/2/1978,1322.605101
11/3/1978,1322.165803
11/6/1978,1328.594257
11/7/1978,1334.577031
11/8/1978,1325.918804
11/9/1978,1328.266208
11/10/1978,1327.911218
11/13/1978,1339.003013
11/14/1978,1339.443242
11/15/1978,1331.612037
11/16/1978,1320.540555
11/17/1978,1313.527021
11/20/1978,1307.052998
11/21/1978,1309.633959
11/22/1978,1303.68936
11/24/1978,1301.541122
11/27/1978,1301.315162
11/28/1978,1308.692148
11/29/1978,1314.246489
11/30/1978,1304.708824
12/1/1978,1292.827669
12/4/1978,1297.486204
12/5/1978,1289.802433
12/6/1978,1295.589024
12/7/1978,1302.137198
12/8/1978,1307.593277
12/11/1978,1305.427324
12/12/1978,1312.947666
12/13/1978,1315.676486
12/14/1978,1314.994942
12/15/1978,1320.262128
12/18/1978,1327.281979
12/19/1978,1320.803791
12/20/1978,1310.834784
12/21/1978,1308.146489
12/22/1978,1297.729162
12/26/1978,1296.430073
12/27/1978,1304.21989
12/28/1978,1306.860629
12/29/1978,1308.265714
1/2/1979,1303.512231
1/3/1979,1293.256424
1/4/1979,1291.811179
1/5/1979,1290.305868
1/8/1979,1297.594202
1/9/1979,1294.140571
1/10/1979,1304.533983
1/11/1979,1304.977914
1/12/1979,1305.590439
1/15/1979,1305.635769
1/16/1979,1320.700017
1/17/1979,1320.319184
1/18/1979,1318.357364
1/19/1979,1319.490924
1/22/1979,1323.704041
1/23/1979,1325.427191
1/24/1979,1335.289599
1/25/1979,1334.091287
1/26/1979,1337.113475
1/29/1979,1339.720616
1/30/1979,1346.869511
1/31/1979,1355.284565
2/1/1979,1353.739225
2/2/1979,1356.530716
2/5/1979,1366.635565
2/6/1979,1363.866388
2/7/1979,1367.090861
2/8/1979,1361.892634
2/9/1979,1361.336141
2/12/1979,1358.829604
2/13/1979,1356.040161
2/14/1979,1359.908563
2/15/1979,1359.71469
2/16/1979,1359.481047
2/20/1979,1359.10622
2/21/1979,1365.043768
2/22/1979,1366.033634
2/23/1979,1367.398429
2/26/1979,1365.509591
2/27/1979,1375.276604
2/28/1979,1369.781293
3/1/1979,1363.032929
3/2/1979,1362.054454
3/5/1979,1358.010487
3/6/1979,1361.601567
3/7/1979,1357.525781
3/8/1979,1352.743982
3/9/1979,1356.636477
3/12/1979,1354.327356
3/13/1979,1355.534369
3/14/1979,1355.934345
3/15/1979,1350.962396
3/16/1979,1348.730481
3/19/1979,1350.192181
3/20/1979,1354.426427
3/21/1979,1349.275998
3/22/1979,1351.643972
3/23/1979,1354.896947
3/26/1979,1356.886028
3/27/1979,1349.52715
3/28/1979,1354.097396
3/29/1979,1350.491474
3/30/1979,1351.160327
4/2/1979,1354.994946
4/3/1979,1344.106496
4/4/1979,1346.368463
4/5/1979,1345.830245
4/6/1979,1349.905616
4/9/1979,1350.843958
4/10/1979,1350.680413
4/11/1979,1356.942045
4/12/1979,1361.513297
4/16/1979,1367.11726
4/17/1979,1366.74762
4/18/1979,1362.897018
4/19/1979,1368.928479
4/20/1979,1366.250879
4/23/1979,1367.477968
4/24/1979,1366.912261
4/25/1979,1366.479434
4/26/1979,1369.052577
4/27/1979,1365.789199
4/30/1979,1366.568108
5/1/1979,1364.096335
5/2/1979,1366.926242
5/3/1979,1368.604947
5/4/1979,1375.211619
5/7/1979,1386.478963
5/8/1979,1375.834134
5/9/1979,1370.858065
5/10/1979,1378.879043
5/11/1979,1373.821096
5/14/1979,1375.273352
5/15/1979,1374.545923
5/16/1979,1371.523114
5/17/1979,1364.024505
5/18/1979,1367.390434
5/21/1979,1366.575698
5/22/1979,1364.843742
5/23/1979,1369.887845
5/24/1979,1366.33007
5/25/1979,1363.740315
5/29/1979,1363.55984
5/30/1979,1369.163964
5/31/1979,1364.645118
6/1/1979,1365.522165
6/4/1979,1367.261234
6/5/1979,1358.413954
6/6/1979,1358.282459
6/7/1979,1357.057143
6/8/1979,1359.387505
6/11/1979,1360.47129
6/12/1979,1359.244594
6/13/1979,1362.051381
6/14/1979,1364.539147
6/15/1979,1365.935471
6/18/1979,1373.180107
6/19/1979,1373.669299
6/20/1979,1374.955809
6/21/1979,1372.000318
6/22/1979,1371.781268
6/25/1979,1379.043851
6/26/1979,1385.448463
6/27/1979,1381.752297
6/28/1979,1382.60027
6/29/1979,1387.013812
7/2/1979,1395.576247
7/3/1979,1393.484188
7/5/1979,1392.219718
7/6/1979,1391.850759
7/9/1979,1393.48075
7/10/1979,1403.11435
7/11/1979,1405.71165
7/12/1979,1408.730298
7/13/1979,1408.990345
7/16/1979,1408.427011
7/17/1979,1419.840272
7/18/1979,1417.501411
7/19/1979,1417.217604
7/20/1979,1419.534125
7/23/1979,1420.061193
7/24/1979,1417.857784
7/25/1979,1411.000358
7/26/1979,1411.645755
7/27/1979,1410.156519
7/30/1979,1409.552611
7/31/1979,1408.572058
8/1/1979,1409.075178
8/2/1979,1411.431394
8/3/1979,1414.34815
8/6/1979,1414.365609
8/7/1979,1411.655166
8/8/1979,1416.231946
8/9/1979,1418.3874
8/10/1979,1414.255701
8/13/1979,1411.308393
8/14/1979,1413.525275
8/15/1979,1411.642242
8/16/1979,1421.171888
8/17/1979,1423.753484
8/20/1979,1422.256557
8/21/1979,1421.841573
8/22/1979,1420.26243
8/23/1979,1426.986472
8/24/1979,1427.599091
8/27/1979,1427.309562
8/28/1979,1429.324555
8/29/1979,1430.156515
8/30/1979,1433.960856
8/31/1979,1435.30821
9/4/1979,1447.031396
9/5/1979,1445.859233
9/6/1979,1440.339445
9/7/1979,1433.687671
9/10/1979,1432.261035
9/11/1979,1441.059278
9/12/1979,1436.112736
9/13/1979,1434.777585
9/14/1979,1427.036342
9/17/1979,1434.855823
9/18/1979,1439.101478
9/19/1979,1434.327126
9/20/1979,1427.303333
9/21/1979,1431.639523
9/24/1979,1438.839845
9/25/1979,1435.278804
9/26/1979,1434.918367
9/27/1979,1436.53336
9/28/1979,1441.749518
10/1/1979,1444.753373
10/2/1979,1437.197474
10/3/1979,1431.898466
10/4/1979,1428.014002
10/5/1979,1429.90924
10/8/1979,1444.667652
10/9/1979,1450.170528
10/10/1979,1419.847914
10/11/1979,1408.782063
10/12/1979,1412.512473
10/15/1979,1411.248039
10/16/1979,1408.094229
10/17/1979,1406.082737
10/18/1979,1404.864064
10/19/1979,1410.340546
10/22/1979,1398.772695
10/23/1979,1389.376565
10/24/1979,1382.810384
10/25/1979,1382.631331
10/26/1979,1378.494865
10/29/1979,1376.347543
10/30/1979,1366.633232
10/31/1979,1372.878316
11/1/1979,1364.648715
11/2/1979,1364.161873
11/5/1979,1367.593159
11/6/1979,1372.008897
11/7/1979,1377.285102
11/8/1979,1368.121153
11/9/1979,1360.055255
11/12/1979,1350.518853
11/13/1979,1356.139144
11/14/1979,1349.220288
11/15/1979,1345.02409
11/16/1979,1351.72044
11/19/1979,1349.901104
11/20/1979,1355.398072
11/21/1979,1348.330353
11/23/1979,1340.979111
11/26/1979,1334.227517
11/27/1979,1343.637874
11/28/1979,1340.616167
11/29/1979,1345.465881
11/30/1979,1351.106704
12/3/1979,1356.419873
12/4/1979,1355.057255
12/5/1979,1358.030307
12/6/1979,1350.339498
12/7/1979,1354.508803
12/10/1979,1356.517874
12/11/1979,1359.594513
12/12/1979,1359.911641
12/13/1979,1360.656132
12/14/1979,1354.908532
12/17/1979,1350.32891
12/18/1979,1356.389249
12/19/1979,1353.91482
12/20/1979,1349.89917
12/21/1979,1356.07187
12/24/1979,1357.03964
12/26/1979,1358.262722
12/27/1979,1359.337495
12/28/1979,1360.641535
12/31/1979,1362.632684
1/2/1980,1378.376581
1/3/1980,1373.567236
1/4/1980,1356.581222
1/7/1980,1356.566449
1/8/1980,1348.390506
1/9/1980,1357.634196
1/10/1980,1353.966671
1/11/1980,1358.9191
1/14/1980,1366.273811
1/15/1980,1369.582717
1/16/1980,1375.182555
1/17/1980,1380.426221
1/18/1980,1382.181863
1/21/1980,1380.853646
1/22/1980,1386.206828
1/23/1980,1379.986236
1/24/1980,1384.700079
1/25/1980,1382.518169
1/28/1980,1378.091011
1/29/1980,1390.016915
1/30/1980,1383.501723
1/31/1980,1398.423372
2/1/1980,1393.96143
2/4/1980,1397.726401
2/5/1980,1392.669024
2/6/1980,1392.624514
2/7/1980,1397.277237
2/8/1980,1400.341924
2/11/1980,1406.69224
2/12/1980,1403.232174
2/13/1980,1405.222746
2/14/1980,1410.721974
2/15/1980,1409.261551
2/19/1980,1403.363224
2/20/1980,1394.838847
2/21/1980,1399.134965
2/22/1980,1393.483507
2/25/1980,1393.726845
2/26/1980,1385.139356
2/27/1980,1386.565248
2/28/1980,1380.062009
2/29/1980,1376.717787
3/3/1980,1379.878929
3/4/1980,1373.248545
3/5/1980,1377.535577
3/6/1980,1370.85488
3/7/1980,1362.034925
3/10/1980,1362.81513
3/11/1980,1352.936901
3/12/1980,1352.331821
3/13/1980,1352.063467
3/14/1980,1348.463547
3/17/1980,1359.683778
3/18/1980,1342.909091
3/19/1980,1342.653555
3/20/1980,1344.16167
3/21/1980,1342.64943
3/24/1980,1350.574642
3/25/1980,1345.335758
3/26/1980,1345.247969
3/27/1980,1339.797389
3/28/1980,1313.97681
3/31/1980,1311.830332
4/1/1980,1312.28982
4/2/1980,1310.048603
4/3/1980,1316.151246
4/7/1980,1334.333843
4/8/1980,1323.839429
4/9/1980,1319.679443
4/10/1980,1314.479878
4/11/1980,1321.32523
4/14/1980,1330.227704
4/15/1980,1332.624866
4/16/1980,1349.24933
4/17/1980,1355.677881
4/18/1980,1361.185776
4/21/1980,1368.757105
4/22/1980,1336.387849
4/23/1980,1337.490888
4/24/1980,1333.274826
4/25/1980,1332.646652
4/28/1980,1336.990356
4/29/1980,1336.261885
4/30/1980,1339.243859
5/1/1980,1348.07232
5/2/1980,1346.646508
5/5/1980,1349.074651
5/6/1980,1356.657275
5/7/1980,1363.277187
5/8/1980,1374.983217
5/9/1980,1379.375509
5/12/1980,1381.137324
5/13/1980,1378.829601
5/14/1980,1377.954475
5/15/1980,1378.063398
5/16/1980,1376.733604
5/19/1980,1378.172399
5/20/1980,1380.708079
5/21/1980,1378.121788
5/22/1980,1376.760126
5/23/1980,1377.685929
5/27/1980,1379.001029
5/28/1980,1378.42718
5/29/1980,1390.131827
5/30/1980,1387.333725
6/2/1980,1389.274583
6/3/1980,1390.084696
6/4/1980,1387.243649
6/5/1980,1394.585885
6/6/1980,1395.921401
6/9/1980,1402.521763
6/10/1980,1400.616603
6/11/1980,1401.289793
6/12/1980,1409.218583
6/13/1980,1411.397981
6/16/1980,1416.743394
6/17/1980,1423.215194
6/18/1980,1424.357439
6/19/1980,1436.109563
6/20/1980,1434.772349
6/23/1980,1431.483471
6/24/1980,1431.912386
6/25/1980,1426.286247
6/26/1980,1431.407151
6/27/1980,1430.474972
6/30/1980,1439.264434
7/1/1980,1429.146082
7/2/1980,1424.454075
7/3/1980,1415.001139
7/7/1980,1414.982917
7/8/1980,1422.084693
7/9/1980,1424.624586
7/10/1980,1432.136915
7/11/1980,1424.612181
7/14/1980,1416.045646
7/15/1980,1425.179654
7/16/1980,1424.200453
7/17/1980,1413.049772
7/18/1980,1419.782788
7/21/1980,1420.004182
7/22/1980,1430.892381
7/23/1980,1433.456489
7/24/1980,1431.755863
7/25/1980,1437.976137
7/28/1980,1436.031076
7/29/1980,1423.454092
7/30/1980,1423.817589
7/31/1980,1425.664421
8/1/1980,1428.639227
8/4/1980,1435.406653
8/5/1980,1435.9841
8/6/1980,1428.278345
8/7/1980,1422.501992
8/8/1980,1428.612524
8/11/1980,1425.200797
8/12/1980,1437.15331
8/13/1980,1435.443195
8/14/1980,1422.198929
8/15/1980,1426.980925
8/18/1980,1441.933855
8/19/1980,1439.312572
8/20/1980,1430.360639
8/21/1980,1420.237442
8/22/1980,1423.715092
8/25/1980,1428.736832
8/26/1980,1432.398915
8/27/1980,1441.843035
8/28/1980,1453.093207
8/29/1980,1449.02867
9/2/1980,1443.669165
9/3/1980,1435.935073
9/4/1980,1445.697549
9/5/1980,1445.887537
9/8/1980,1456.527748
9/9/1980,1449.844173
9/10/1980,1446.431947
9/11/1980,1439.597329
9/12/1980,1440.6065
9/15/1980,1442.342295
9/16/1980,1443.637581
9/17/1980,1441.131584
9/18/1980,1455.680215
9/19/1980,1454.976424
9/22/1980,1456.951804
9/23/1980,1469.587735
9/24/1980,1458.16197
9/25/1980,1467.681066
9/26/1980,1478.432694
9/29/1980,1489.349037
9/30/1980,1467.62063
10/1/1980,1454.604519
10/2/1980,1448.351959
10/3/1980,1436.475663
10/6/1980,1424.13996
10/7/1980,1434.958388
10/8/1980,1434.837488
10/9/1980,1443.381442
10/10/1980,1449.699689
10/13/1980,1438.443643
10/14/1980,1443.554011
10/15/1980,1439.035981
10/16/1980,1455.209634
10/17/1980,1453.284389
10/20/1980,1447.830798
10/21/1980,1455.740216
10/22/1980,1447.424439
10/23/1980,1460.38255
10/24/1980,1453.887308
10/27/1980,1466.98733
10/28/1980,1460.452943
10/29/1980,1461.696266
10/30/1980,1473.025574
10/31/1980,1462.90813
11/3/1980,1456.861131
11/5/1980,1454.775902
11/6/1980,1459.408625
11/7/1980,1456.351104
11/10/1980,1453.785712
11/11/1980,1441.45689
11/12/1980,1426.527462
11/13/1980,1416.765836
11/14/1980,1419.012815
11/17/1980,1409.029818
11/18/1980,1398.863077
11/19/1980,1401.997501
11/20/1980,1388.277968
11/21/1980,1395.601698
11/24/1980,1395.658071
11/25/1980,1380.042279
11/26/1980,1375.461214
11/28/1980,1374.44302
12/1/1980,1388.661428
12/2/1980,1385.671936
12/3/1980,1382.029265
12/4/1980,1379.332523
12/5/1980,1390.602955
12/8/1980,1405.285252
12/9/1980,1396.356988
12/10/1980,1406.40774
12/11/1980,1400.838224
12/12/1980,1386.316514
12/15/1980,1386.160743
12/16/1980,1379.95951
12/17/1980,1369.944262
12/18/1980,1380.213803
12/19/1980,1382.178222
12/22/1980,1381.39666
12/23/1980,1389.453189
12/24/1980,1383.128706
12/26/1980,1380.339496
12/29/1980,1388.686704
12/30/1980,1386.877394
12/31/1980,1386.334222
1/2/1981,1384.378389
1/5/1981,1396.158
1/6/1981,1411.863628
1/7/1981,1433.201432
1/8/1981,1444.445645
1/9/1981,1435.579539
1/12/1981,1439.011753
1/13/1981,1440.4427
1/14/1981,1439.458007
1/15/1981,1436.638895
1/16/1981,1434.010267
1/19/1981,1437.363743
1/20/1981,1452.177526
1/21/1981,1447.239682
1/22/1981,1448.66266
1/23/1981,1444.590384
1/26/1981,1450.675503
1/27/1981,1444.409612
1/28/1981,1444.387459
1/29/1981,1444.508731
1/30/1981,1451.074924
2/2/1981,1476.416309
2/3/1981,1465.104626
2/4/1981,1461.102001
2/5/1981,1452.947957
2/6/1981,1451.320986
2/9/1981,1462.108312
2/10/1981,1463.229593
2/11/1981,1471.522539
2/12/1981,1477.357668
2/13/1981,1480.155061
2/17/1981,1478.454229
2/18/1981,1477.501304
2/19/1981,1492.217554
2/20/1981,1494.749619
2/23/1981,1493.515761
2/24/1981,1497.258219
2/25/1981,1492.875945
2/26/1981,1485.733862
2/27/1981,1480.556401
3/2/1981,1478.188889
3/3/1981,1490.697368
3/4/1981,1491.093556
3/5/1981,1495.119134
3/6/1981,1500.331846
3/9/1981,1501.615928
3/10/1981,1513.511318
3/11/1981,1518.356461
3/12/1981,1506.603045
3/13/1981,1514.12543
3/16/1981,1509.867612
3/17/1981,1523.806154
3/18/1981,1528.886413
3/19/1981,1531.990684
3/20/1981,1531.855313
3/23/1981,1528.628371
3/24/1981,1541.038772
3/25/1981,1528.155497
3/26/1981,1534.103644
3/27/1981,1538.19736
3/30/1981,1541.00806
3/31/1981,1533.704517
4/1/1981,1536.343221
4/2/1981,1543.809418
4/3/1981,1546.960348
4/6/1981,1554.163986
4/7/1981,1554.208778
4/8/1981,1554.952167
4/9/1981,1556.604764
4/10/1981,1562.274949
4/13/1981,1573.998509
4/14/1981,1587.678389
4/15/1981,1579.536837
4/16/1981,1578.010714
4/20/1981,1584.474644
4/21/1981,1602.267376
4/22/1981,1601.620571
4/23/1981,1606.024192
4/24/1981,1606.230722
4/27/1981,1612.304292
4/28/1981,1621.404604
4/29/1981,1622.632219
4/30/1981,1620.284749
5/1/1981,1620.759268
5/4/1981,1631.872312
5/5/1981,1626.722596
5/6/1981,1621.770289
5/7/1981,1613.093131
5/8/1981,1610.387471
5/11/1981,1623.167084
5/12/1981,1614.544045
5/13/1981,1616.422218
5/14/1981,1611.919005
5/15/1981,1611.74994
5/18/1981,1613.123051
5/19/1981,1613.747916
5/20/1981,1611.438113
5/21/1981,1611.486612
5/22/1981,1612.345719
5/26/1981,1604.049215
5/27/1981,1595.84184
5/28/1981,1603.989563
5/29/1981,1615.349966
6/1/1981,1627.933541
6/2/1981,1644.634089
6/3/1981,1643.280562
6/4/1981,1645.669779
6/5/1981,1645.627559
6/8/1981,1654.74186
6/9/1981,1659.926096
6/10/1981,1662.111562
6/11/1981,1658.907218
6/12/1981,1665.813846
6/15/1981,1682.973088
6/16/1981,1704.057275
6/17/1981,1698.736473
6/18/1981,1708.357827
6/19/1981,1703.888099
6/22/1981,1706.812578
6/23/1981,1701.553739
6/24/1981,1703.166743
6/25/1981,1702.458654
6/26/1981,1701.233616
6/29/1981,1700.48254
6/30/1981,1702.204662
7/1/1981,1704.081505
7/2/1981,1710.523931
7/6/1981,1716.140335
7/7/1981,1711.765745
7/8/1981,1709.529447
7/9/1981,1700.806952
7/10/1981,1700.753948
7/13/1981,1702.991242
7/14/1981,1708.213539
7/15/1981,1701.604263
7/16/1981,1698.107196
7/17/1981,1697.403961
7/20/1981,1704.309104
7/21/1981,1699.488331
7/22/1981,1699.116293
7/23/1981,1695.127702
7/24/1981,1686.6127
7/27/1981,1681.428407
7/28/1981,1687.074482
7/29/1981,1689.865405
7/30/1981,1682.767846
7/31/1981,1678.713298
8/3/1981,1684.760311
8/4/1981,1679.720586
8/5/1981,1670.714665
8/6/1981,1672.625901
8/7/1981,1676.203601
8/10/1981,1678.240871
8/11/1981,1679.163595
8/12/1981,1680.798617
8/13/1981,1678.053274
8/14/1981,1681.785858
8/17/1981,1694.841129
8/18/1981,1700.721209
8/19/1981,1696.19093
8/20/1981,1691.407871
8/21/1981,1700.706971
8/24/1981,1720.408406
8/25/1981,1706.656148
8/26/1981,1702.638281
8/27/1981,1708.636414
8/28/1981,1703.043728
8/31/1981,1713.00342
9/1/1981,1708.489938
9/2/1981,1700.776664
9/3/1981,1716.535685
9/4/1981,1714.83058
9/8/1981,1725.635934
9/9/1981,1713.186723
9/10/1981,1688.807673
9/11/1981,1677.2501
9/14/1981,1686.028629
9/15/1981,1694.000794
9/16/1981,1701.975788
9/17/1981,1723.886117
9/18/1981,1730.113932
9/21/1981,1723.818563
9/22/1981,1729.130485
9/23/1981,1736.399129
9/24/1981,1739.135937
9/25/1981,1754.286586
9/28/1981,1711.322934
9/29/1981,1693.270706
9/30/1981,1689.219221
10/1/1981,1681.723171
10/2/1981,1662.637663
10/5/1981,1663.750098
10/6/1981,1660.273739
10/7/1981,1641.918614
10/8/1981,1629.993087
10/9/1981,1641.490371
10/12/1981,1646.180822
10/13/1981,1652.7394
10/14/1981,1674.416156
10/15/1981,1669.933992
10/16/1981,1675.316485
10/19/1981,1678.849747
10/20/1981,1668.50245
10/21/1981,1668.100328
10/22/1981,1673.042867
10/23/1981,1680.198069
10/26/1981,1680.949351
10/27/1981,1671.425076
10/28/1981,1670.84054
10/29/1981,1676.452019
10/30/1981,1658.357515
11/2/1981,1654.072052
11/3/1981,1653.827247
11/4/1981,1659.445382
11/5/1981,1672.574466
11/6/1981,1682.954028
11/9/1981,1690.532114
11/10/1981,1705.182362
11/11/1981,1704.829371
11/12/1981,1717.51432
11/13/1981,1733.124664
11/16/1981,1747.826845
11/17/1981,1748.461666
11/18/1981,1750.463452
11/19/1981,1748.479694
11/20/1981,1740.786525
11/23/1981,1743.888574
11/24/1981,1737.619842
11/25/1981,1735.873676
11/27/1981,1732.807978
11/30/1981,1730.943912
12/1/1981,1737.156711
12/2/1981,1741.611702
12/3/1981,1737.441399
12/4/1981,1735.097424
12/7/1981,1745.347917
12/8/1981,1754.280747
12/9/1981,1749.837409
12/10/1981,1746.526326
12/11/1981,1752.923049
12/14/1981,1767.920311
12/15/1981,1762.119919
12/16/1981,1765.145638
12/17/1981,1761.031206
12/18/1981,1750.478049
12/21/1981,1756.1302
12/22/1981,1759.926416
12/23/1981,1763.391806
12/24/1981,1758.47913
12/28/1981,1764.927075
12/29/1981,1771.983905
12/30/1981,1769.91383
12/31/1981,1768.857688
1/4/1982,1766.011126
1/5/1982,1781.601784
1/6/1982,1783.048645
1/7/1982,1782.413074
1/8/1982,1780.537994
1/11/1982,1805.514159
1/12/1982,1804.676753
1/13/1982,1812.066817
1/14/1982,1802.633426
1/15/1982,1795.764231
1/18/1982,1786.832587
1/19/1982,1797.720543
1/20/1982,1800.646695
1/21/1982,1798.797446
1/22/1982,1806.300431
1/25/1982,1808.662646
1/26/1982,1808.949565
1/27/1982,1800.996647
1/28/1982,1774.660587
1/29/1982,1768.061153
2/1/1982,1787.752199
2/2/1982,1780.077335
2/3/1982,1796.630203
2/4/1982,1805.001233
2/5/1982,1797.600132
2/8/1982,1819.668431
2/9/1982,1822.317807
2/10/1982,1816.716883
2/11/1982,1816.039685
2/12/1982,1813.672446
2/16/1982,1812.296825
2/17/1982,1808.536776
2/18/1982,1809.860873
2/19/1982,1815.265353
2/22/1982,1826.607761
2/23/1982,1828.31053
2/24/1982,1815.930622
2/25/1982,1816.670674
2/26/1982,1822.198335
3/1/1982,1822.234127
3/2/1982,1838.32943
3/3/1982,1863.737651
3/4/1982,1875.24439
3/5/1982,1886.324831
3/8/1982,1909.120471
3/9/1982,1890.30545
3/10/1982,1882.172105
3/11/1982,1884.563165
3/12/1982,1890.608774
3/15/1982,1878.850005
3/16/1982,1872.46839
3/17/1982,1871.990168
3/18/1982,1857.63004
3/19/1982,1850.531732
3/22/1982,1835.060544
3/23/1982,1835.564785
3/24/1982,1843.803367
3/25/1982,1839.785716
3/26/1982,1849.848997
3/29/1982,1845.50532
3/30/1982,1847.60058
3/31/1982,1849.578442
4/1/1982,1837.964384
4/2/1982,1832.184295
4/5/1982,1836.83185
4/6/1982,1838.991904
4/7/1982,1839.538963
4/8/1982,1840.703496
4/12/1982,1846.619257
4/13/1982,1853.10228
4/14/1982,1862.32593
4/15/1982,1860.839105
4/16/1982,1857.660552
4/19/1982,1863.036261
4/20/1982,1874.281846
4/21/1982,1871.556166
4/22/1982,1866.76691
4/23/1982,1866.855835
4/26/1982,1870.935494
4/27/1982,1884.212338
4/28/1982,1889.527913
4/29/1982,1891.729625
4/30/1982,1891.168872
5/3/1982,1891.144797
5/4/1982,1890.065922
5/5/1982,1898.95847
5/6/1982,1897.10418
5/7/1982,1897.301594
5/10/1982,1902.983568
5/11/1982,1890.542679
5/12/1982,1891.736284
5/13/1982,1892.46321
5/14/1982,1892.045804
5/17/1982,1906.338546
5/18/1982,1910.503079
5/19/1982,1917.789334
5/20/1982,1924.452799
5/21/1982,1920.224298
5/24/1982,1919.347927
5/25/1982,1923.554683
5/26/1982,1932.635953
5/27/1982,1935.815428
5/28/1982,1939.700602
6/1/1982,1941.653043
6/2/1982,1934.357227
6/3/1982,1935.572165
6/4/1982,1950.642366
6/7/1982,1950.494356
6/8/1982,1951.34944
6/9/1982,1954.811596
6/10/1982,1945.252475
6/11/1982,1925.410506
6/14/1982,1938.583208
6/15/1982,1939.64725
6/16/1982,1943.372536
6/17/1982,1950.33104
6/18/1982,1950.302394
6/21/1982,1948.946984
6/22/1982,1936.855328
6/23/1982,1917.376893
6/24/1982,1920.91231
6/25/1982,1926.797173
6/28/1982,1921.565082
6/29/1982,1927.559835
6/30/1982,1928.708171
7/1/1982,1939.321963
7/2/1982,1941.759727
7/6/1982,1950.009211
7/7/1982,1950.159851
7/8/1982,1944.756992
7/9/1982,1935.883063
7/12/1982,1940.729368
7/13/1982,1947.731124
7/14/1982,1950.292085
7/15/1982,1952.121272
7/16/1982,1947.705811
7/19/1982,1947.604041
7/20/1982,1942.118536
7/21/1982,1941.698595
7/22/1982,1940.452229
7/23/1982,1943.3602
7/26/1982,1946.334584
7/27/1982,1947.141785
7/28/1982,1957.617447
7/29/1982,1953.814346
7/30/1982,1956.214422
8/2/1982,1948.833548
8/3/1982,1960.641351
8/4/1982,1972.659589
8/5/1982,1975.140413
8/6/1982,1985.548478
8/9/1982,1986.318504
8/10/1982,1989.675608
8/11/1982,1996.603402
8/12/1982,1997.357101
8/13/1982,1989.976073
8/16/1982,1986.044239
8/17/1982,1969.036655
8/18/1982,1981.197448
8/19/1982,1981.025244
8/20/1982,1962.476179
8/23/1982,1942.882356
8/24/1982,1942.385917
8/25/1982,1917.993308
8/26/1982,1906.026773
8/27/1982,1917.103257
8/30/1982,1915.153747
8/31/1982,1912.232688
9/1/1982,1928.521494
9/2/1982,1912.470859
9/3/1982,1916.672979
9/7/1982,1931.926494
9/8/1982,1927.475331
9/9/1982,1926.895061
9/10/1982,1938.200278
9/13/1982,1939.278109
9/14/1982,1947.824291
9/15/1982,1951.107024
9/16/1982,1962.39978
9/17/1982,1977.96996
9/20/1982,1986.281791
9/21/1982,1980.44555
9/22/1982,2003.473165
9/23/1982,2012.60627
9/24/1982,2016.659214
9/27/1982,2022.923887
9/28/1982,2034.240236
9/29/1982,2049.407095
9/30/1982,2057.368967
10/1/1982,2048.682676
10/4/1982,2061.324414
10/5/1982,2062.918149
10/6/1982,2050.673294
10/7/1982,2057.735035
10/8/1982,2063.092988
10/11/1982,2072.657371
10/12/1982,2077.398969
10/13/1982,2045.237209
10/14/1982,2048.037564
10/15/1982,2049.959122
10/18/1982,2040.028319
10/19/1982,2055.009071
10/20/1982,2039.19921
10/21/1982,2057.816013
10/22/1982,2060.903689
10/25/1982,2101.987832
10/26/1982,2092.374385
10/27/1982,2085.194471
10/28/1982,2105.176618
10/29/1982,2112.660659
11/1/1982,2113.86069
11/2/1982,2113.620098
11/3/1982,2101.50377
11/4/1982,2131.059458
11/5/1982,2129.496861
11/8/1982,2144.901196
11/9/1982,2134.928816
11/10/1982,2162.23977
11/11/1982,2162.798975
11/12/1982,2186.10204
11/15/1982,2220.373154
11/16/1982,2224.598226
11/17/1982,2218.289916
11/18/1982,2223.709246
11/19/1982,2243.256485
11/22/1982,2271.989996
11/23/1982,2275.66524
11/24/1982,2272.768898
11/26/1982,2271.146784
11/29/1982,2283.754756
11/30/1982,2253.551352
12/1/1982,2255.777759
12/2/1982,2273.570839
12/3/1982,2288.388328
12/6/1982,2286.441172
12/7/1982,2297.372529
12/8/1982,2313.862022
12/9/1982,2320.171485
12/10/1982,2324.888094
12/13/1982,2325.674647
12/14/1982,2352.71057
12/15/1982,2357.454029
12/16/1982,2351.998251
12/17/1982,2326.054784
12/20/1982,2342.487727
12/21/1982,2329.771542
12/22/1982,2330.189154
12/23/1982,2326.357099
12/27/1982,2317.892863
12/28/1982,2330.444717
12/29/1982,2328.301226
12/30/1982,2329.248231
12/31/1982,2322.057856
1/3/1983,2339.049051
1/4/1983,2315.032529
1/5/1983,2304.676226
1/6/1983,2263.349264
1/7/1983,2275.406854
1/10/1983,2265.084248
1/11/1983,2286.966493
1/12/1983,2283.819478
1/13/1983,2300.284511
1/14/1983,2304.796161
1/17/1983,2311.437416
1/18/1983,2328.724043
1/19/1983,2349.894849
1/20/1983,2348.903664
1/21/1983,2373.303848
1/24/1983,2403.146961
1/25/1983,2386.928342
1/26/1983,2377.490031
1/27/1983,2365.27532
1/28/1983,2382.926756
1/31/1983,2381.881111
2/1/1983,2404.051412
2/2/1983,2411.639329
2/3/1983,2408.900244
2/4/1983,2397.303573
2/7/1983,2411.413658
2/8/1983,2428.55397
2/9/1983,2431.191548
2/10/1983,2417.414769
2/11/1983,2429.025821
2/14/1983,2437.364082
2/15/1983,2456.847427
2/16/1983,2474.197326
2/17/1983,2484.968312
2/18/1983,2490.625485
2/22/1983,2525.181391
2/23/1983,2524.337274
2/24/1983,2523.32767
2/25/1983,2551.477885
2/28/1983,2580.339544
3/1/1983,2574.56278
3/2/1983,2575.529728
3/3/1983,2579.470647
3/4/1983,2587.972628
3/7/1983,2599.853092
3/8/1983,2624.040407
3/9/1983,2608.969477
3/10/1983,2632.380181
3/11/1983,2646.498439
3/14/1983,2658.211682
3/15/1983,2662.899172
3/16/1983,2688.784436
3/17/1983,2701.103659
3/18/1983,2701.341011
3/21/1983,2709.925744
3/22/1983,2716.552774
3/23/1983,2714.207303
3/24/1983,2724.218613
3/25/1983,2739.419609
3/28/1983,2758.999962
3/29/1983,2763.702573
3/30/1983,2755.385706
3/31/1983,2749.449433
4/4/1983,2761.105157
4/5/1983,2779.220303
4/6/1983,2792.090206
4/7/1983,2789.690257
4/8/1983,2788.123793
4/11/1983,2787.546903
4/12/1983,2795.540787
4/13/1983,2802.940332
4/14/1983,2799.557507
4/15/1983,2808.136854
4/18/1983,2806.896146
4/19/1983,2820.714774
4/20/1983,2818.352005
4/21/1983,2835.818059
4/22/1983,2840.102121
4/25/1983,2864.278115
4/26/1983,2844.970135
4/27/1983,2862.72583
4/28/1983,2864.540807
4/29/1983,2876.969464
5/2/1983,2893.485927
5/3/1983,2888.799059
5/4/1983,2883.966682
5/5/1983,2872.119228
5/6/1983,2864.942588
5/9/1983,2874.496415
5/10/1983,2876.636832
5/11/1983,2892.942055
5/12/1983,2900.057132
5/13/1983,2910.62356
5/16/1983,2927.11652
5/17/1983,2915.189047
5/18/1983,2927.432115
5/19/1983,2940.043543
5/20/1983,2937.265804
5/23/1983,2913.241177
5/24/1983,2898.148169
5/25/1983,2911.531754
5/26/1983,2922.763328
5/27/1983,2939.283289
5/31/1983,2967.102539
6/1/1983,2962.534209
6/2/1983,2967.765657
6/3/1983,2974.534755
6/6/1983,2988.024127
6/7/1983,3014.611849
6/8/1983,3026.883279
6/9/1983,3024.238427
6/10/1983,3014.027341
6/13/1983,3021.554535
6/14/1983,3036.5796
6/15/1983,3043.659805
6/16/1983,3050.402984
6/17/1983,3057.484658
6/20/1983,3061.727996
6/21/1983,3052.13742
6/22/1983,3052.688729
6/23/1983,3049.068998
6/24/1983,3048.397141
6/27/1983,3065.891576
6/28/1983,3088.668946
6/29/1983,3063.409315
6/30/1983,3054.272539
7/1/1983,3045.831684
7/5/1983,3054.796658
7/6/1983,3028.122028
7/7/1983,3036.137051
7/8/1983,3044.230065
7/11/1983,3051.86832
7/12/1983,3080.602669
7/13/1983,3087.777699
7/14/1983,3088.450205
7/15/1983,3102.656588
7/18/1983,3108.809249
7/19/1983,3104.810778
7/20/1983,3088.614282
7/21/1983,3098.04626
7/22/1983,3103.756554
7/25/1983,3102.577505
7/26/1983,3107.637176
7/27/1983,3146.20043
7/28/1983,3167.102715
7/29/1983,3170.054129
8/1/1983,3170.813125
8/2/1983,3168.717568
8/3/1983,3164.371159
8/4/1983,3178.180405
8/5/1983,3166.822574
8/8/1983,3184.640223
8/9/1983,3171.230716
8/10/1983,3155.306078
8/11/1983,3150.816655
8/12/1983,3143.248497
8/15/1983,3140.529673
8/16/1983,3154.12936
8/17/1983,3139.604805
8/18/1983,3150.10766
8/19/1983,3148.488254
8/22/1983,3145.085129
8/23/1983,3160.773168
8/24/1983,3170.87729
8/25/1983,3172.434343
8/26/1983,3162.567546
8/29/1983,3155.811121
8/30/1983,3151.399952
8/31/1983,3140.719277
9/1/1983,3140.396422
9/2/1983,3127.517186
9/6/1983,3115.420868
9/7/1983,3126.679203
9/8/1983,3129.777837
9/9/1983,3139.603392
9/12/1983,3168.875801
9/13/1983,3181.203671
9/14/1983,3180.812109
9/15/1983,3197.339985
9/16/1983,3187.910221
9/19/1983,3185.536185
9/20/1983,3184.6343
9/21/1983,3193.666342
9/22/1983,3187.262439
9/23/1983,3199.084974
9/26/1983,3206.008904
9/27/1983,3226.931273
9/28/1983,3228.875341
9/29/1983,3232.709153
9/30/1983,3248.653025
10/3/1983,3263.459409
10/4/1983,3266.026037
10/5/1983,3266.226515
10/6/1983,3259.227954
10/7/1983,3257.092698
10/10/1983,3243.527413
10/11/1983,3263.263897
10/12/1983,3264.095651
10/13/1983,3265.559741
10/14/1983,3263.477748
10/17/1983,3275.846253
10/18/1983,3309.175013
10/19/1983,3318.708494
10/20/1983,3315.400836
10/21/1983,3329.335464
10/24/1983,3327.166435
10/25/1983,3326.731647
10/26/1983,3341.056438
10/27/1983,3355.651611
10/28/1983,3360.411101
10/31/1983,3361.839721
11/1/1983,3363.660813
11/2/1983,3343.603293
11/3/1983,3345.703634
11/4/1983,3354.345929
11/7/1983,3362.135391
11/8/1983,3359.420573
11/9/1983,3339.203739
11/10/1983,3328.266711
11/11/1983,3306.15921
11/14/1983,3302.209756
11/15/1983,3306.257753
11/16/1983,3305.679139
11/17/1983,3308.765198
11/18/1983,3321.683452
11/21/1983,3324.716993
11/22/1983,3330.08775
11/23/1983,3338.991808
11/25/1983,3340.238149
11/28/1983,3347.872322
11/29/1983,3342.748831
11/30/1983,3357.320195
12/1/1983,3360.260556
12/2/1983,3375.54893
12/5/1983,3376.294501
12/6/1983,3386.002294
12/7/1983,3382.445848
12/8/1983,3396.803288
12/9/1983,3402.053597
12/12/1983,3407.268961
12/13/1983,3409.948407
12/14/1983,3418.857027
12/15/1983,3420.495453
12/16/1983,3407.44454
12/19/1983,3411.802987
12/20/1983,3417.197643
12/21/1983,3406.141539
12/22/1983,3404.018137
12/23/1983,3403.6763
12/27/1983,3398.860935
12/28/1983,3395.293508
12/29/1983,3398.345741
12/30/1983,3401.842555
1/2/1984,3401.158237
1/3/1984,3397.720003
1/4/1984,3371.106428
1/5/1984,3359.85656
1/6/1984,3361.983068
1/9/1984,3374.104179
1/10/1984,3386.266488
1/11/1984,3388.461408
1/12/1984,3394.640328
1/13/1984,3402.138838
1/16/1984,3408.326859
1/17/1984,3408.212671
1/18/1984,3417.719043
1/19/1984,3425.781456
1/20/1984,3438.349697
1/23/1984,3444.000597
1/24/1984,3431.06032
1/25/1984,3444.395677
1/26/1984,3450.306524
1/27/1984,3461.507433
1/30/1984,3477.795209
1/31/1984,3473.60678
2/1/1984,3474.82387
2/2/1984,3460.964656
2/3/1984,3481.824306
2/6/1984,3491.89559
2/7/1984,3475.936587
2/8/1984,3496.208239
2/9/1984,3489.48422
2/10/1984,3465.808472
2/13/1984,3462.351895
2/14/1984,3443.947559
2/15/1984,3447.984979
2/16/1984,3447.473182
2/17/1984,3450.347269
2/20/1984,3449.389788
2/21/1984,3454.880585
2/22/1984,3444.392184
2/23/1984,3436.165069
2/24/1984,3405.383538
2/27/1984,3393.272185
2/28/1984,3408.119844
2/29/1984,3407.371195
3/1/1984,3394.239405
3/2/1984,3385.441992
3/5/1984,3400.6413
3/6/1984,3422.236527
3/7/1984,3431.414543
3/8/1984,3427.028157
3/9/1984,3426.450833
3/12/1984,3415.714531
3/13/1984,3416.472949
3/14/1984,3406.421182
3/15/1984,3400.990597
3/16/1984,3394.276735
3/19/1984,3406.769464
3/20/1984,3394.357302
3/21/1984,3396.731654
3/22/1984,3410.088152
3/23/1984,3414.756613
3/26/1984,3412.6399
3/27/1984,3407.651849
3/28/1984,3392.589282
3/29/1984,3395.696867
3/30/1984,3399.471367
4/2/1984,3406.301583
4/3/1984,3415.376658
4/4/1984,3415.773237
4/5/1984,3432.88806
4/6/1984,3424.657844
4/9/1984,3427.67098
4/10/1984,3423.776326
4/11/1984,3427.032071
4/12/1984,3410.631287
4/13/1984,3412.270558
4/16/1984,3413.421362
4/17/1984,3409.52341
4/18/1984,3412.783975
4/19/1984,3412.154313
4/20/1984,3411.063171
4/23/1984,3414.965688
4/24/1984,3403.147909
4/25/1984,3400.836401
4/26/1984,3390.635177
4/27/1984,3391.21619
4/30/1984,3394.318884
5/1/1984,3394.11855
5/2/1984,3384.181309
5/3/1984,3399.888034
5/4/1984,3420.761151
5/7/1984,3417.80848
5/8/1984,3417.976443
5/9/1984,3424.382199
5/10/1984,3429.430158
5/11/1984,3446.567762
5/14/1984,3454.166543
5/15/1984,3453.714947
5/16/1984,3455.758622
5/17/1984,3463.047
5/18/1984,3467.368358
5/21/1984,3470.462479
5/22/1984,3469.01693
5/23/1984,3471.48807
5/24/1984,3473.824767
5/25/1984,3466.281541
5/28/1984,3465.179855
5/29/1984,3468.364659
5/30/1984,3459.780433
5/31/1984,3451.136584
6/1/1984,3425.987377
6/4/1984,3409.784162
6/5/1984,3412.913285
6/6/1984,3411.150026
6/7/1984,3415.743577
6/8/1984,3415.101266
6/11/1984,3434.76152
6/12/1984,3439.026788
6/13/1984,3445.551363
6/14/1984,3452.690847
6/15/1984,3459.600751
6/18/1984,3442.170575
6/19/1984,3446.36616
6/20/1984,3437.123618
6/21/1984,3439.477064
6/22/1984,3438.696795
6/25/1984,3446.804195
6/26/1984,3463.259614
6/27/1984,3473.847618
6/28/1984,3470.556562
6/29/1984,3477.858625
7/2/1984,3483.918148
7/3/1984,3480.988863
7/4/1984,3479.800564
7/5/1984,3493.888557
7/6/1984,3489.813177
7/9/1984,3491.982704
7/10/1984,3499.522492
7/11/1984,3518.530536
7/12/1984,3527.163068
7/13/1984,3522.094686
7/16/1984,3536.808445
7/17/1984,3532.889929
7/18/1984,3545.320724
7/19/1984,3555.125468
7/20/1984,3573.774146
7/23/1984,3582.204314
7/24/1984,3591.971683
7/25/1984,3586.539121
7/26/1984,3571.859289
7/27/1984,3570.538482
7/30/1984,3574.273734
7/31/1984,3567.679693
8/1/1984,3536.850811
8/2/1984,3501.604801
8/3/1984,3455.934752
8/6/1984,3463.279159
8/7/1984,3476.284635
8/8/1984,3497.019291
8/9/1984,3477.865545
8/10/1984,3494.571855
8/13/1984,3513.145996
8/14/1984,3528.648704
8/15/1984,3543.853336
8/16/1984,3534.44315
8/17/1984,3540.953589
8/20/1984,3547.368035
8/21/1984,3533.757844
8/22/1984,3540.678195
8/23/1984,3538.518423
8/24/1984,3546.604443
8/27/1984,3561.664595
8/28/1984,3556.356528
8/29/1984,3557.46023
8/30/1984,3556.355458
8/31/1984,3566.661846
9/3/1984,3565.699584
9/4/1984,3575.050313
9/5/1984,3581.028548
9/6/1984,3581.367284
9/7/1984,3594.615363
9/10/1984,3599.895243
9/11/1984,3599.589093
9/12/1984,3607.571458
9/13/1984,3593.549795
9/14/1984,3600.637772
9/17/1984,3611.891676
9/18/1984,3627.703263
9/19/1984,3642.188904
9/20/1984,3647.352236
9/21/1984,3657.439215
9/24/1984,3673.139824
9/25/1984,3680.295787
9/26/1984,3678.998028
9/27/1984,3688.980189
9/28/1984,3701.850028
10/1/1984,3715.067904
10/2/1984,3730.549049
10/3/1984,3730.571641
10/4/1984,3727.226391
10/5/1984,3723.46366
10/8/1984,3732.953201
10/9/1984,3739.275069
10/10/1984,3743.804403
10/11/1984,3737.905488
10/12/1984,3734.743032
10/15/1984,3722.067546
10/16/1984,3733.482004
10/17/1984,3740.219317
10/18/1984,3724.295085
10/19/1984,3734.401391
10/22/1984,3749.189707
10/23/1984,3754.309795
10/24/1984,3757.893596
10/25/1984,3770.966634
10/26/1984,3783.692954
10/29/1984,3795.164063
10/30/1984,3787.033685
10/31/1984,3796.51246
11/1/1984,3787.842464
11/2/1984,3794.160914
11/5/1984,3786.140111
11/6/1984,3779.211287
11/7/1984,3787.616192
11/8/1984,3781.178961
11/9/1984,3786.591557
11/12/1984,3794.256039
11/13/1984,3801.383193
11/14/1984,3799.263514
11/15/1984,3807.985468
11/16/1984,3810.858701
11/19/1984,3821.822205
11/20/1984,3820.304455
11/21/1984,3822.801248
11/22/1984,3821.581665
11/23/1984,3803.290485
11/26/1984,3823.245201
11/27/1984,3827.968743
11/28/1984,3839.449889
11/29/1984,3848.545979
11/30/1984,3847.788458
12/3/1984,3860.519697
12/4/1984,3847.64023
12/5/1984,3855.047042
12/6/1984,3836.990867
12/7/1984,3838.639151
12/10/1984,3841.832002
12/11/1984,3850.765182
12/12/1984,3856.677058
12/13/1984,3866.745666
12/14/1984,3859.65479
12/17/1984,3864.423041
12/18/1984,3827.699148
12/19/1984,3840.821785
12/20/1984,3849.214056
12/21/1984,3852.105707
12/24/1984,3844.937109
12/25/1984,3843.830318
12/26/1984,3849.750843
12/27/1984,3871.333411
12/28/1984,3865.637863
12/31/1984,3853.763368
1/1/1985,3852.928896
1/2/1985,3859.279638
1/3/1985,3860.026128
1/4/1985,3860.060278
1/7/1985,3859.129657
1/8/1985,3865.505708
1/9/1985,3855.881886
1/10/1985,3839.077867
1/11/1985,3837.678987
1/14/1985,3827.297273
1/15/1985,3831.960875
1/16/1985,3841.000517
1/17/1985,3845.561288
1/18/1985,3855.97382
1/21/1985,3840.762503
1/22/1985,3857.511203
1/23/1985,3854.4458
1/24/1985,3864.329861
1/25/1985,3878.866281
1/28/1985,3891.835645
1/29/1985,3889.696217
1/30/1985,3895.186167
1/31/1985,3907.267382
2/1/1985,3907.327013
2/4/1985,3903.298519
2/5/1985,3908.677562
2/6/1985,3912.41318
2/7/1985,3912.168442
2/8/1985,3925.01505
2/11/1985,3932.113069
2/12/1985,3946.706397
2/13/1985,3960.957002
2/14/1985,4001.175916
2/15/1985,4018.132434
2/18/1985,4017.010701
2/19/1985,4045.777314
2/20/1985,4067.976121
2/21/1985,4075.839663
2/22/1985,4093.424776
2/25/1985,4096.766054
2/26/1985,4095.439713
2/27/1985,4090.75216
2/28/1985,4094.274248
3/1/1985,4092.659992
3/4/1985,4114.749064
3/5/1985,4124.747502
3/6/1985,4143.934769
3/7/1985,4149.323001
3/8/1985,4166.284666
3/11/1985,4186.106117
3/12/1985,4182.335903
3/13/1985,4202.523348
3/14/1985,4197.220124
3/15/1985,4197.720347
3/18/1985,4198.198286
3/19/1985,4180.870265
3/20/1985,4194.62704
3/21/1985,4205.952127
3/22/1985,4228.186621
3/25/1985,4240.392002
3/26/1985,4225.009209
3/27/1985,4220.345448
3/28/1985,4228.101425
3/29/1985,4230.283855
4/1/1985,4238.202957
4/2/1985,4244.042035
4/3/1985,4260.512153
4/4/1985,4269.539426
4/5/1985,4268.233806
4/8/1985,4276.199702
4/9/1985,4284.760521
4/10/1985,4271.208982
4/11/1985,4277.700784
4/12/1985,4280.430066
4/15/1985,4295.816271
4/16/1985,4291.119609
4/17/1985,4288.902544
4/18/1985,4306.390967
4/19/1985,4305.013016
4/22/1985,4329.547608
4/23/1985,4331.665759
4/24/1985,4332.774301
4/25/1985,4338.404226
4/26/1985,4352.796872
4/29/1985,4364.833797
4/30/1985,4367.642156
5/1/1985,4375.503433
5/2/1985,4365.83178
5/3/1985,4358.311088
5/6/1985,4368.801716
5/7/1985,4370.267907
5/8/1985,4368.937541
5/9/1985,4362.122771
5/10/1985,4354.724878
5/13/1985,4351.002853
5/14/1985,4356.999141
5/15/1985,4371.107879
5/16/1985,4375.924972
5/17/1985,4369.491885
5/20/1985,4372.842308
5/21/1985,4387.282142
5/22/1985,4386.533908
5/23/1985,4399.825902
5/24/1985,4409.337557
5/27/1985,4408.062894
5/28/1985,4422.977673
5/29/1985,4430.246923
5/30/1985,4431.573777
5/31/1985,4430.720138
6/3/1985,4436.253349
6/4/1985,4447.724142
6/5/1985,4457.733315
6/6/1985,4463.590938
6/7/1985,4479.482791
6/10/1985,4501.244193
6/11/1985,4515.679843
6/12/1985,4534.565452
6/13/1985,4550.980425
6/14/1985,4539.162802
6/17/1985,4557.145911
6/18/1985,4563.413638
6/19/1985,4569.382633
6/20/1985,4579.489788
6/21/1985,4564.602306
6/24/1985,4560.13761
6/25/1985,4552.703915
6/26/1985,4560.218837
6/27/1985,4561.74122
6/28/1985,4561.860861
7/1/1985,4561.052019
7/2/1985,4561.183489
7/3/1985,4574.996382
7/4/1985,4573.849578
7/5/1985,4582.336102
7/8/1985,4585.885267
7/9/1985,4595.249843
7/10/1985,4596.448979
7/11/1985,4598.451254
7/12/1985,4602.057585
7/15/1985,4617.210007
7/16/1985,4620.443328
7/17/1985,4611.272182
7/18/1985,4610.569044
7/19/1985,4618.538925
7/22/1985,4616.433134
7/23/1985,4595.896829
7/24/1985,4581.61473
7/25/1985,4573.433206
7/26/1985,4555.586121
7/29/1985,4553.424166
7/30/1985,4540.654665
7/31/1985,4538.363544
8/1/1985,4538.583161
8/2/1985,4540.279015
8/5/1985,4542.475298
8/6/1985,4550.328899
8/7/1985,4541.27655
8/8/1985,4546.183764
8/9/1985,4555.023871
8/12/1985,4548.895166
8/13/1985,4558.829003
8/14/1985,4558.703749
8/15/1985,4567.466919
8/16/1985,4559.230812
8/19/1985,4566.508771
8/20/1985,4562.535688
8/21/1985,4566.014523
8/22/1985,4570.097625
8/23/1985,4574.925309
8/26/1985,4567.947107
8/27/1985,4562.118562
8/28/1985,4565.271231
8/29/1985,4567.675529
8/30/1985,4574.203727
9/2/1985,4573.27968
9/3/1985,4587.19419
9/4/1985,4595.246267
9/5/1985,4597.147061
9/6/1985,4598.006675
9/9/1985,4602.124361
9/10/1985,4603.984076
9/11/1985,4604.292647
9/12/1985,4591.046052
9/13/1985,4593.12173
9/16/1985,4589.496831
9/17/1985,4607.866059
9/18/1985,4582.932998
9/19/1985,4583.069496
9/20/1985,4588.015012
9/23/1985,4587.863484
9/24/1985,4607.106738
9/25/1985,4617.117429
9/26/1985,4602.157942
9/27/1985,4621.331485
9/30/1985,4611.465566
10/1/1985,4588.498139
10/2/1985,4600.31949
10/3/1985,4602.591007
10/4/1985,4616.892876
10/7/1985,4633.244504
10/8/1985,4643.882152
10/9/1985,4641.274395
10/10/1985,4640.982401
10/11/1985,4635.437997
10/14/1985,4629.227779
10/15/1985,4637.203454
10/16/1985,4632.377897
10/17/1985,4648.386883
10/18/1985,4669.888135
10/21/1985,4674.964847
10/22/1985,4678.888479
10/23/1985,4683.218648
10/24/1985,4691.77398
10/25/1985,4694.535769
10/28/1985,4699.630902
10/29/1985,4696.50588
10/30/1985,4703.081437
10/31/1985,4713.421595
11/1/1985,4723.03252
11/4/1985,4730.743553
11/5/1985,4737.217067
11/6/1985,4733.257412
11/7/1985,4752.252856
11/8/1985,4741.34596
11/11/1985,4740.77696
11/12/1985,4737.673205
11/13/1985,4727.932856
11/14/1985,4741.990953
11/15/1985,4765.416381
11/18/1985,4788.66119
11/19/1985,4794.426753
11/20/1985,4806.4113
11/21/1985,4799.504264
11/22/1985,4808.096184
11/25/1985,4811.347721
11/26/1985,4823.698807
11/27/1985,4819.168736
11/28/1985,4817.953518
11/29/1985,4828.572468
12/2/1985,4850.5458
12/3/1985,4859.178185
12/4/1985,4834.166493
12/5/1985,4841.388978
12/6/1985,4856.352435
12/9/1985,4876.384474
12/10/1985,4886.372752
12/11/1985,4895.700614
12/12/1985,4921.246628
12/13/1985,4934.329559
12/16/1985,4944.323997
12/17/1985,4956.486946
12/18/1985,4975.884155
12/19/1985,4965.61473
12/20/1985,4967.415192
12/23/1985,4978.803539
12/24/1985,4982.376433
12/25/1985,4981.143142
12/26/1985,4978.124528
12/27/1985,4978.789548
12/30/1985,4972.650231
12/31/1985,4972.363704
1/1/1986,4971.344077
1/2/1986,4977.419208
1/3/1986,4966.563608
1/6/1986,4982.465218
1/7/1986,4976.476529
1/8/1986,5005.132143
1/9/1986,4987.066456
1/10/1986,4987.772818
1/13/1986,4985.564812
1/14/1986,5003.388592
1/15/1986,4993.572824
1/16/1986,4999.651956
1/17/1986,5004.672645
1/20/1986,5021.576433
1/21/1986,5029.101531
1/22/1986,5023.019617
1/23/1986,5026.295545
1/24/1986,4996.174643
1/27/1986,5018.677593
1/28/1986,5021.50677
1/29/1986,5041.298999
1/30/1986,5059.917691
1/31/1986,5069.53833
2/3/1986,5073.554009
2/4/1986,5097.928193
2/5/1986,5096.603558
2/6/1986,5103.168558
2/7/1986,5101.13275
2/10/1986,5115.943141
2/11/1986,5122.447032
2/12/1986,5124.198052
2/13/1986,5129.615614
2/14/1986,5142.083484
2/17/1986,5140.851523
2/18/1986,5164.576368
2/19/1986,5186.669387
2/20/1986,5186.925477
2/21/1986,5192.078421
2/24/1986,5222.438207
2/25/1986,5239.673872
2/26/1986,5251.034552
2/27/1986,5275.169351
2/28/1986,5292.35328
3/3/1986,5333.513001
3/4/1986,5324.25947
3/5/1986,5319.541339
3/6/1986,5340.488847
3/7/1986,5368.623584
3/10/1986,5380.364519
3/11/1986,5374.455838
3/12/1986,5396.498178
3/13/1986,5397.823742
3/14/1986,5434.528914
3/17/1986,5412.37578
3/18/1986,5431.7896
3/19/1986,5444.750307
3/20/1986,5451.22683
3/21/1986,5469.317034
3/24/1986,5484.754731
3/25/1986,5483.444759
3/26/1986,5482.401295
3/27/1986,5511.067343
3/28/1986,5509.74174
3/31/1986,5531.313562
4/1/1986,5553.032251
4/2/1986,5557.96369
4/3/1986,5576.23416
4/4/1986,5598.562473
4/7/1986,5578.486419
4/8/1986,5579.505221
4/9/1986,5592.783975
4/10/1986,5588.221446
4/11/1986,5583.414383
4/14/1986,5578.965795
4/15/1986,5584.880381
4/16/1986,5573.95665
4/17/1986,5584.233902
4/18/1986,5606.39144
4/21/1986,5604.583754
4/22/1986,5638.523625
4/23/1986,5647.542762
4/24/1986,5626.044441
4/25/1986,5626.318178
4/28/1986,5633.806868
4/29/1986,5632.368457
4/30/1986,5633.559498
5/1/1986,5627.703884
5/2/1986,5633.456367
5/5/1986,5627.749244
5/6/1986,5626.25149
5/7/1986,5622.473904
5/8/1986,5622.886602
5/9/1986,5643.873629
5/12/1986,5656.22433
5/13/1986,5671.435168
5/14/1986,5670.970368
5/15/1986,5689.130948
5/16/1986,5705.61565
5/19/1986,5715.485002
5/20/1986,5706.236915
5/21/1986,5725.494136
5/22/1986,5734.231317
5/23/1986,5757.324274
5/26/1986,5756.12482
5/27/1986,5759.910241
5/28/1986,5777.005388
5/29/1986,5790.87026
5/30/1986,5819.377442
6/2/1986,5870.291497
6/3/1986,5880.425089
6/4/1986,5889.204532
6/5/1986,5900.545763
6/6/1986,5913.9378
6/9/1986,5931.948989
6/10/1986,5957.117176
6/11/1986,5959.49805
6/12/1986,5964.544323
6/13/1986,5970.267581
6/16/1986,5980.564035
6/17/1986,6008.824802
6/18/1986,6018.764782
6/19/1986,6028.997545
6/20/1986,6037.04439
6/23/1986,6054.13894
6/24/1986,6052.140515
6/25/1986,6072.066398
6/26/1986,6104.120578
6/27/1986,6109.144523
6/30/1986,6113.185037
7/1/1986,6114.667388
7/2/1986,6125.746977
7/3/1986,6142.540089
7/4/1986,6141.307809
7/7/1986,6197.172528
7/8/1986,6164.030243
7/9/1986,6155.309694
7/10/1986,6158.226136
7/11/1986,6174.52921
7/14/1986,6207.046202
7/15/1986,6224.498664
7/16/1986,6221.915152
7/17/1986,6224.094175
7/18/1986,6233.239994
7/21/1986,6216.928427
7/22/1986,6212.554234
7/23/1986,6211.838913
7/24/1986,6215.988648
7/25/1986,6208.976656
7/28/1986,6221.460673
7/29/1986,6223.681734
7/30/1986,6203.974269
7/31/1986,6198.010383
8/1/1986,6213.759741
8/4/1986,6195.605739
8/5/1986,6166.845355
8/6/1986,6160.962705
8/7/1986,6160.609025
8/8/1986,6143.122742
8/11/1986,6082.83806
8/12/1986,6054.919065
8/13/1986,6064.549432
8/14/1986,6074.539529
8/15/1986,6085.694446
8/18/1986,6102.956644
8/19/1986,6109.597647
8/20/1986,6095.113915
8/21/1986,6100.925701
8/22/1986,6087.975973
8/25/1986,6103.611375
8/26/1986,6076.155257
8/27/1986,6075.952412
8/28/1986,6097.53192
8/29/1986,6095.206557
9/1/1986,6094.276853
9/2/1986,6126.255115
9/3/1986,6093.152385
9/4/1986,6042.800643
9/5/1986,6060.551034
9/8/1986,6054.109966
9/9/1986,6048.115515
9/10/1986,6031.404023
9/11/1986,6047.074676
9/12/1986,6002.448302
9/15/1986,5980.451987
9/16/1986,5946.06341
9/17/1986,5936.401791
9/18/1986,5936.309301
9/19/1986,5932.569639
9/22/1986,5913.78709
9/23/1986,5916.040169
9/24/1986,5937.784159
9/25/1986,5964.625921
9/26/1986,5959.745137
9/29/1986,5962.306963
9/30/1986,5948.923283
10/1/1986,5950.099229
10/2/1986,5948.28874
10/3/1986,5941.615787
10/6/1986,5951.270836
10/7/1986,5952.253506
10/8/1986,5930.007232
10/9/1986,5934.411266
10/10/1986,5934.927044
10/13/1986,5924.826237
10/14/1986,5927.690769
10/15/1986,5910.484565
10/16/1986,5915.361933
10/17/1986,5903.5959
10/20/1986,5923.836516
10/21/1986,5928.519271
10/22/1986,5928.932885
10/23/1986,5900.315992
10/24/1986,5902.059558
10/27/1986,5892.210034
10/28/1986,5887.251674
10/29/1986,5874.26913
10/30/1986,5868.113291
10/31/1986,5860.11689
11/3/1986,5843.412126
11/4/1986,5825.047479
11/5/1986,5833.850093
11/6/1986,5835.306048
11/7/1986,5828.59673
11/10/1986,5839.189078
11/11/1986,5834.339173
11/12/1986,5827.922267
11/13/1986,5854.997913
11/14/1986,5842.789046
11/17/1986,5859.756851
11/18/1986,5906.525561
11/19/1986,5892.10319
11/20/1986,5851.950355
11/21/1986,5821.397918
11/24/1986,5807.787176
11/25/1986,5794.70875
11/26/1986,5815.551016
11/27/1986,5814.539509
11/28/1986,5803.221481
12/1/1986,5807.073386
12/2/1986,5766.766022
12/3/1986,5757.129932
12/4/1986,5765.509282
12/5/1986,5774.359667
12/8/1986,5776.389389
12/9/1986,5795.056508
12/10/1986,5785.095334
12/11/1986,5793.448205
12/12/1986,5800.133689
12/15/1986,5783.006954
12/16/1986,5743.976901
12/17/1986,5742.422508
12/18/1986,5727.429386
12/19/1986,5676.949304
12/22/1986,5660.250027
12/23/1986,5638.551373
12/24/1986,5626.68348
12/25/1986,5625.666933
12/26/1986,5620.679834
12/29/1986,5629.436018
12/30/1986,5629.483557
12/31/1986,5674.319941
1/1/1987,5673.384376
1/2/1987,5654.918482
1/5/1987,5629.844056
1/6/1987,5646.071605
1/7/1987,5633.775205
1/8/1987,5641.865334
1/9/1987,5676.70075
1/12/1987,5698.227555
1/13/1987,5708.027034
1/14/1987,5721.43783
1/15/1987,5728.740355
1/16/1987,5780.17232
1/19/1987,5765.640576
1/20/1987,5782.473913
1/21/1987,5810.217744
1/22/1987,5783.701345
1/23/1987,5825.502421
1/26/1987,5858.96728
1/27/1987,5826.068033
1/28/1987,5821.534689
1/29/1987,5850.543808
1/30/1987,5867.262912
2/2/1987,5851.286675
2/3/1987,5833.349306
2/4/1987,5799.138051
2/5/1987,5806.988079
2/6/1987,5803.984455
2/9/1987,5831.549661
2/10/1987,5840.464539
2/11/1987,5821.207086
2/12/1987,5816.436369
2/13/1987,5810.861633
2/16/1987,5809.760825
2/17/1987,5784.681107
2/18/1987,5782.387415
2/19/1987,5810.297296
2/20/1987,5841.262166
2/23/1987,5874.567969
2/24/1987,5863.396264
2/25/1987,5865.374939
2/26/1987,5878.892465
2/27/1987,5898.546885
3/2/1987,5946.076628
3/3/1987,5945.785492
3/4/1987,5939.43368
3/5/1987,5938.615304
3/6/1987,5968.383181
3/9/1987,5993.432806
3/10/1987,5981.739286
3/11/1987,5992.35918
3/12/1987,5993.739878
3/13/1987,6019.064932
3/16/1987,6054.768776
3/17/1987,6034.325128
3/18/1987,6041.320252
3/19/1987,6051.242881
3/20/1987,6052.507522
3/23/1987,6050.635154
3/24/1987,6071.408331
3/25/1987,6083.921436
3/26/1987,6097.287435
3/27/1987,6170.957866
3/30/1987,6186.285399
3/31/1987,6187.06051
4/1/1987,6182.322903
4/2/1987,6156.239803
4/3/1987,6126.937774
4/6/1987,6124.384525
4/7/1987,6169.342417
4/8/1987,6178.426768
4/9/1987,6208.448077
4/10/1987,6246.251475
4/13/1987,6272.229916
4/14/1987,6308.361525
4/15/1987,6242.490636
4/16/1987,6218.556806
4/17/1987,6217.35237
4/20/1987,6243.904298
4/21/1987,6175.693401
4/22/1987,6197.320079
4/23/1987,6222.583751
4/24/1987,6267.783626
4/27/1987,6249.874461
4/28/1987,6217.293553
4/29/1987,6214.51237
4/30/1987,6211.500437
5/1/1987,6213.274935
5/4/1987,6221.781101
5/5/1987,6166.601551
5/6/1987,6171.670868
5/7/1987,6186.850147
5/8/1987,6201.316471
5/11/1987,6214.042419
5/12/1987,6183.036333
5/13/1987,6178.487088
5/14/1987,6162.916051
5/15/1987,6222.734825
5/18/1987,6213.40052
5/19/1987,6282.298084
5/20/1987,6284.675368
5/21/1987,6265.302162
5/22/1987,6263.161671
5/25/1987,6261.958688
5/26/1987,6183.176064
5/27/1987,6169.188118
5/28/1987,6170.812209
5/29/1987,6188.604411
6/1/1987,6213.121038
6/2/1987,6243.343673
6/3/1987,6189.563242
6/4/1987,6200.515666
6/5/1987,6245.572189
6/8/1987,6217.88758
6/9/1987,6219.135095
6/10/1987,6222.404168
6/11/1987,6238.554693
6/12/1987,6209.260169
6/15/1987,6205.411172
6/16/1987,6196.244926
6/17/1987,6195.521887
6/18/1987,6195.868137
6/19/1987,6209.481747
6/22/1987,6197.36345
6/23/1987,6224.931197
6/24/1987,6232.297451
6/25/1987,6230.2569
6/26/1987,6270.904974
6/29/1987,6281.292968
6/30/1987,6325.864253
7/1/1987,6368.193118
7/2/1987,6353.769255
7/3/1987,6352.468534
7/6/1987,6381.50018
7/7/1987,6410.930106
7/8/1987,6417.930207
7/9/1987,6450.76672
7/10/1987,6469.675089
7/13/1987,6481.376441
7/14/1987,6458.458197
7/15/1987,6482.369479
7/16/1987,6503.990748
7/17/1987,6517.584373
7/20/1987,6526.561668
7/21/1987,6559.109937
7/22/1987,6569.805127
7/23/1987,6591.899916
7/24/1987,6615.01545
7/27/1987,6598.317834
7/28/1987,6607.389617
7/29/1987,6590.593369
7/30/1987,6583.497677
7/31/1987,6591.364716
8/3/1987,6635.742131
8/4/1987,6650.514449
8/5/1987,6619.558441
8/6/1987,6581.386396
8/7/1987,6592.38125
8/10/1987,6571.530864
8/11/1987,6551.914081
8/12/1987,6564.129371
8/13/1987,6583.932174
8/14/1987,6598.204678
8/17/1987,6600.056192
8/18/1987,6618.91744
8/19/1987,6599.672608
8/20/1987,6558.909341
8/21/1987,6572.217881
8/24/1987,6570.103453
8/25/1987,6539.105832
8/26/1987,6543.134412
8/27/1987,6552.887199
8/28/1987,6569.138312
8/31/1987,6555.557254
9/1/1987,6584.70151
9/2/1987,6593.145907
9/3/1987,6604.496657
9/4/1987,6629.091077
9/7/1987,6627.604724
9/8/1987,6624.449142
9/9/1987,6588.679398
9/10/1987,6555.860207
9/11/1987,6528.025097
9/14/1987,6538.134536
9/15/1987,6570.320122
9/16/1987,6585.560787
9/17/1987,6573.033346
9/18/1987,6579.483288
9/21/1987,6602.521679
9/22/1987,6560.082025
9/23/1987,6554.981885
9/24/1987,6564.184799
9/25/1987,6560.17066
9/28/1987,6534.820826
9/29/1987,6525.395771
9/30/1987,6558.409623
10/1/1987,6480.858153
10/2/1987,6474.712965
10/5/1987,6475.076609
10/6/1987,6513.544775
10/7/1987,6504.089765
10/8/1987,6539.630503
10/9/1987,6557.58914
10/12/1987,6557.54881
10/13/1987,6517.350379
10/14/1987,6561.151423
10/15/1987,6602.754551
10/16/1987,6648.442736
10/19/1987,6719.718388
10/20/1987,6408.365266
10/21/1987,6257.092473
10/22/1987,6248.771379
10/23/1987,6202.374202
10/26/1987,6163.834806
10/27/1987,5995.892306
10/28/1987,5870.68826
10/29/1987,5718.451863
10/30/1987,5728.585228
11/2/1987,5714.166348
11/3/1987,5765.866274
11/4/1987,5771.143129
11/5/1987,5714.885555
11/6/1987,5767.481978
11/9/1987,5826.608278
11/10/1987,5865.398338
11/11/1987,5825.186112
11/12/1987,5765.72016
11/13/1987,5815.302327
11/16/1987,5812.687531
11/17/1987,5874.315918
11/18/1987,5824.205408
11/19/1987,5885.101514
11/20/1987,5885.004652
11/23/1987,5852.351169
11/24/1987,5798.874261
11/25/1987,5822.899789
11/26/1987,5821.898605
11/27/1987,5859.988633
11/30/1987,5976.420743
12/1/1987,5923.886561
12/2/1987,5882.74481
12/3/1987,5951.869611
12/4/1987,5921.967755
12/7/1987,5849.209176
12/8/1987,5755.232307
12/9/1987,5666.848841
12/10/1987,5659.384431
12/11/1987,5639.902982
12/14/1987,5544.893014
12/15/1987,5506.010146
12/16/1987,5427.495873
12/17/1987,5442.945535
12/18/1987,5323.158346
12/21/1987,5335.290265
12/22/1987,5362.555414
12/23/1987,5313.017343
12/24/1987,5314.406006
12/25/1987,5313.506048
12/28/1987,5402.839737
12/29/1987,5417.655575
12/30/1987,5399.221062
12/31/1987,5422.835915
1/1/1988,5421.967452
1/4/1988,5325.949589
1/5/1988,5346.712942
1/6/1988,5324.622534
1/7/1988,5331.582858
1/8/1988,5566.412632
1/11/1988,5512.447092
1/12/1988,5528.915448
1/13/1988,5515.587812
1/14/1988,5521.990112
1/15/1988,5460.64611
1/18/1988,5454.862332
1/19/1988,5487.510065
1/20/1988,5619.244699
1/21/1988,5614.374418
1/22/1988,5589.056833
1/25/1988,5559.112817
1/26/1988,5575.492512
1/27/1988,5602.687386
1/28/1988,5587.826694
1/29/1988,5587.351664
2/1/1988,5622.043823
2/2/1988,5611.362907
2/3/1988,5627.922684
2/4/1988,5625.204043
2/5/1988,5628.658896
2/8/1988,5683.720036
2/9/1988,5657.629465
2/10/1988,5616.065765
2/11/1988,5618.861152
2/12/1988,5646.305053
2/15/1988,5645.227403
2/16/1988,5592.28519
2/17/1988,5623.523797
2/18/1988,5659.584642
2/19/1988,5620.365733
2/22/1988,5572.414174
2/23/1988,5564.879043
2/24/1988,5530.796531
2/25/1988,5590.899186
2/26/1988,5572.237899
2/29/1988,5543.056177
3/1/1988,5556.969857
3/2/1988,5532.884155
3/3/1988,5531.083963
3/4/1988,5547.445377
3/7/1988,5515.137711
3/8/1988,5484.888353
3/9/1988,5501.923414
3/10/1988,5551.110147
3/11/1988,5564.212288
3/14/1988,5581.474085
3/15/1988,5635.984756
3/16/1988,5645.785633
3/17/1988,5618.389164
3/18/1988,5662.841109
3/21/1988,5675.773459
3/22/1988,5682.691822
3/23/1988,5708.802277
3/24/1988,5777.407932
3/25/1988,5803.889779
3/28/1988,5807.349868
3/29/1988,5790.259362
3/30/1988,5836.320925
3/31/1988,5844.375371
4/1/1988,5843.379045
4/4/1988,5886.039079
4/5/1988,5871.753095
4/6/1988,5828.786119
4/7/1988,5816.124709
4/8/1988,5780.555936
4/11/1988,5766.580478
4/12/1988,5781.620754
4/13/1988,5785.738089
4/14/1988,5903.916869
4/15/1988,5905.618363
4/18/1988,5921.199127
4/19/1988,5938.229908
4/20/1988,5927.967169
4/21/1988,5953.180807
4/22/1988,5923.245261
4/25/1988,5927.42934
4/26/1988,5918.564872
4/27/1988,5913.703692
4/28/1988,5926.299585
4/29/1988,5958.041981
5/2/1988,5954.475592
5/3/1988,5935.027622
5/4/1988,5960.121374
5/5/1988,5958.827557
5/6/1988,5984.889205
5/9/1988,6000.391353
5/10/1988,6035.481121
5/11/1988,6070.78217
5/12/1988,6056.29229
5/13/1988,6023.21867
5/16/1988,6014.280231
5/17/1988,6052.520498
5/18/1988,6086.314931
5/19/1988,6092.264222
5/20/1988,6076.989111
5/23/1988,6123.250536
5/24/1988,6103.772409
5/25/1988,6086.805793
5/26/1988,6071.732961
5/27/1988,6076.637677
5/30/1988,6075.383104
5/31/1988,6015.492123
6/1/1988,5953.294128
6/2/1988,5967.253729
6/3/1988,5970.798052
6/6/1988,5974.249938
6/7/1988,5992.108018
6/8/1988,5936.696425
6/9/1988,5959.830789
6/10/1988,5937.987996
6/13/1988,5966.538312
6/14/1988,5982.856732
6/15/1988,5974.998624
6/16/1988,6007.60718
6/17/1988,6037.589312
6/20/1988,6062.257987
6/21/1988,6028.820022
6/22/1988,5970.167484
6/23/1988,5979.617699
6/24/1988,5987.644911
6/27/1988,6024.304407
6/28/1988,5985.079879
6/29/1988,5995.521763
6/30/1988,5975.992252
7/1/1988,6011.473497
7/4/1988,6010.099081
7/5/1988,5966.88105
7/6/1988,6006.989616
7/7/1988,6033.433858
7/8/1988,6038.795392
7/11/1988,6028.632586
7/12/1988,6048.738615
7/13/1988,6029.81414
7/14/1988,6051.054419
7/15/1988,6021.862164
7/18/1988,6033.54424
7/19/1988,6072.292935
7/20/1988,6053.470983
7/21/1988,6084.762794
7/22/1988,6112.470832
7/25/1988,6087.074779
7/26/1988,6088.271575
7/27/1988,6116.7602
7/28/1988,6086.773483
7/29/1988,6069.805127
8/1/1988,6068.37908
8/2/1988,6081.245486
8/3/1988,6088.967988
8/4/1988,6095.730373
8/5/1988,6111.117295
8/8/1988,6140.956664
8/9/1988,6157.610163
8/10/1988,6201.74466
8/11/1988,6190.433668
8/12/1988,6188.201616
8/15/1988,6216.67283
8/16/1988,6171.917866
8/17/1988,6173.680218
8/18/1988,6172.411842
8/19/1988,6180.887269
8/22/1988,6209.410142
8/23/1988,6195.523353
8/24/1988,6157.750045
8/25/1988,6167.012248
8/26/1988,6175.59972
8/29/1988,6148.222893
8/30/1988,6141.98361
8/31/1988,6157.480729
9/1/1988,6185.532121
9/2/1988,6123.944669
9/5/1988,6122.372915
9/6/1988,6113.100458
9/7/1988,6102.819385
9/8/1988,6101.483916
9/9/1988,6068.672455
9/12/1988,6038.986777
9/13/1988,6042.669545
9/14/1988,6040.490647
9/15/1988,6045.301273
9/16/1988,6017.450048
9/19/1988,6046.808358
9/20/1988,6036.979321
9/21/1988,6022.279748
9/22/1988,6017.497126
9/23/1988,6041.237467
9/26/1988,6038.143493
9/27/1988,6041.423619
9/28/1988,6042.165161
9/29/1988,5993.976229
9/30/1988,6024.823726
10/3/1988,6027.242407
10/4/1988,6006.81545
10/5/1988,6010.681666
10/6/1988,6018.399109
10/7/1988,5975.508776
10/10/1988,5988.451724
10/11/1988,5985.903801
10/12/1988,6020.903886
10/13/1988,5992.863474
10/14/1988,6011.954967
10/17/1988,6010.580873
10/18/1988,6000.202571
10/19/1988,6013.215543
10/20/1988,5967.711101
10/21/1988,5956.284997
10/24/1988,5985.289264
10/25/1988,5979.466624
10/26/1988,6012.400948
10/27/1988,6044.251335
10/28/1988,6026.384327
10/31/1988,6035.294725
11/1/1988,6038.427792
11/2/1988,6048.060673
11/3/1988,6049.660878
11/4/1988,6065.43656
11/7/1988,6051.378828
11/8/1988,6025.149877
11/9/1988,6016.081254
11/10/1988,6014.250014
11/11/1988,6036.461609
11/14/1988,6008.084502
11/15/1988,5986.567567
11/16/1988,5995.658212
11/17/1988,5988.094302
11/18/1988,5973.93727
11/21/1988,5943.707709
11/22/1988,5958.036478
11/23/1988,5927.259584
11/24/1988,5925.750198
11/25/1988,5935.393863
11/28/1988,5931.015339
11/29/1988,5908.17581
11/30/1988,5899.771836
12/1/1988,5894.359695
12/2/1988,5862.364156
12/5/1988,5832.538148
12/6/1988,5834.873363
12/7/1988,5813.236992
12/8/1988,5840.604453
12/9/1988,5834.471409
12/12/1988,5852.72673
12/13/1988,5854.776328
12/14/1988,5852.810859
12/15/1988,5835.905397
12/16/1988,5811.748721
12/19/1988,5803.703821
12/20/1988,5800.671005
12/21/1988,5813.36519
12/22/1988,5820.213833
12/23/1988,5802.247236
12/26/1988,5800.679661
12/27/1988,5798.41645
12/28/1988,5773.245163
12/29/1988,5740.252181
12/30/1988,5748.574457
1/2/1989,5747.0314
1/3/1989,5744.130762
1/4/1989,5715.630606
1/5/1989,5724.061546
1/6/1989,5709.442016
1/9/1989,5702.53838
1/10/1989,5739.267063
1/11/1989,5720.352265
1/12/1989,5743.512746
1/13/1989,5759.848548
1/16/1989,5774.450708
1/17/1989,5785.655624
1/18/1989,5784.465666
1/19/1989,5793.880837
1/20/1989,5796.807565
1/23/1989,5816.660428
1/24/1989,5803.597736
1/25/1989,5804.64813
1/26/1989,5800.835415
1/27/1989,5806.349105
1/30/1989,5799.219052
1/31/1989,5777.588525
2/1/1989,5775.376357
2/2/1989,5773.532799
2/3/1989,5767.215154
2/6/1989,5777.36139
2/7/1989,5762.20161
2/8/1989,5778.44097
2/9/1989,5795.115285
2/10/1989,5792.38431
2/13/1989,5780.026632
2/14/1989,5782.217096
2/15/1989,5779.175396
2/16/1989,5780.843692
2/17/1989,5777.380777
2/20/1989,5775.744454
2/21/1989,5781.517002
2/22/1989,5801.302464
2/23/1989,5800.643144
2/24/1989,5814.120047
2/27/1989,5812.993583
2/28/1989,5839.85197
3/1/1989,5832.525852
3/2/1989,5810.904304
3/3/1989,5822.70551
3/6/1989,5828.282072
3/7/1989,5846.845334
3/8/1989,5839.734521
3/9/1989,5852.278241
3/10/1989,5884.199978
3/13/1989,5873.987614
3/14/1989,5890.509908
3/15/1989,5887.170995
3/16/1989,5902.327302
3/17/1989,5942.008864
3/20/1989,5942.218623
3/21/1989,5932.237707
3/22/1989,5945.157472
3/23/1989,5940.699985
3/24/1989,5938.941581
3/27/1989,5931.763148
3/28/1989,5940.667641
3/29/1989,5950.533162
3/30/1989,5968.994942
3/31/1989,5969.939787
4/3/1989,5974.443839
4/4/1989,5974.481256
4/5/1989,5967.576529
4/6/1989,5972.386859
4/7/1989,5958.856355
4/10/1989,5976.680053
4/11/1989,5954.615361
4/12/1989,5959.002275
4/13/1989,5970.714951
4/14/1989,5972.014907
4/17/1989,5984.913759
4/18/1989,5964.202452
4/19/1989,5969.852379
4/20/1989,5990.387962
4/21/1989,5979.350788
4/24/1989,5991.422543
4/25/1989,6005.58139
4/26/1989,5997.400544
4/27/1989,6008.646459
4/28/1989,6024.289486
5/1/1989,6014.218508
5/2/1989,6015.298141
5/3/1989,6000.199318
5/4/1989,6000.064912
5/5/1989,5992.803029
5/8/1989,6006.142684
5/9/1989,6008.9956
5/10/1989,5995.518148
5/11/1989,5979.340919
5/12/1989,5965.376798
5/15/1989,5970.515787
5/16/1989,5977.550375
5/17/1989,5956.531921
5/18/1989,5952.999382
5/19/1989,5935.370959
5/22/1989,5939.962241
5/23/1989,5963.092015
5/24/1989,5967.623678
5/25/1989,5982.251227
5/26/1989,5982.830595
5/29/1989,5981.129682
5/30/1989,5998.279372
5/31/1989,5994.239906
6/1/1989,5978.238317
6/2/1989,5990.465045
6/5/1989,6013.373397
6/6/1989,6035.498813
6/7/1989,6040.394556
6/8/1989,6034.584289
6/9/1989,6039.364757
6/12/1989,6030.009558
6/13/1989,6041.071292
6/14/1989,6054.240659
6/15/1989,6073.6938
6/16/1989,6080.030656
6/19/1989,6083.942353
6/20/1989,6077.747419
6/21/1989,6097.115975
6/22/1989,6086.866128
6/23/1989,6065.833236
6/26/1989,6075.173629
6/27/1989,6071.398922
6/28/1989,6078.84817
6/29/1989,6114.716206
6/30/1989,6111.613969
7/3/1989,6107.830089
7/4/1989,6106.18189
7/5/1989,6104.431018
7/6/1989,6106.268113
7/7/1989,6103.994268
7/10/1989,6101.407564
7/11/1989,6113.427875
7/12/1989,6106.527322
7/13/1989,6128.390487
7/14/1989,6117.441138
7/17/1989,6113.483524
7/18/1989,6109.53403
7/19/1989,6116.363446
7/20/1989,6123.047882
7/21/1989,6127.143278
7/24/1989,6147.054454
7/25/1989,6152.06737
7/26/1989,6159.215112
7/27/1989,6157.629131
7/28/1989,6156.33501
7/31/1989,6163.518182
8/1/1989,6169.009402
8/2/1989,6167.76839
8/3/1989,6192.335917
8/4/1989,6189.001585
8/7/1989,6194.097202
8/8/1989,6194.479259
8/9/1989,6170.36987
8/10/1989,6170.464128
8/11/1989,6187.780681
8/14/1989,6196.809371
8/15/1989,6216.241212
8/16/1989,6217.035659
8/17/1989,6226.042303
8/18/1989,6228.889832
8/21/1989,6237.327847
8/22/1989,6215.34955
8/23/1989,6196.628056
8/24/1989,6180.414211
8/25/1989,6190.318784
8/28/1989,6179.766459
8/29/1989,6199.948377
8/30/1989,6211.568011
8/31/1989,6217.828279
9/1/1989,6219.924424
9/4/1989,6218.235714
9/5/1989,6228.181899
9/6/1989,6243.338539
9/7/1989,6227.519903
9/8/1989,6235.337339
9/11/1989,6235.313848
9/12/1989,6218.299439
9/13/1989,6216.88379
9/14/1989,6223.258426
9/15/1989,6224.139152
9/18/1989,6212.419213
9/19/1989,6217.205511
9/20/1989,6219.469987
9/21/1989,6224.262067
9/22/1989,6229.654103
9/25/1989,6237.380745
9/26/1989,6234.388044
9/27/1989,6212.39871
9/28/1989,6218.19588
9/29/1989,6222.439275
10/2/1989,6209.982923
10/3/1989,6210.064347
10/4/1989,6214.438355
10/5/1989,6212.152645
10/6/1989,6198.164994
10/9/1989,6211.299911
10/10/1989,6230.700593
10/11/1989,6221.483741
10/12/1989,6229.891835
10/13/1989,6300.562093
10/16/1989,6143.570386
10/17/1989,6163.970854
10/18/1989,6152.37117
10/19/1989,6136.301982
10/20/1989,6148.397358
10/23/1989,6177.161371
10/24/1989,6192.019348
10/25/1989,6194.209445
10/26/1989,6207.752208
10/27/1989,6246.749955
10/30/1989,6265.076603
10/31/1989,6250.701489
11/1/1989,6243.852444
11/2/1989,6254.332167
11/3/1989,6273.542167
11/6/1989,6296.260326
11/7/1989,6284.944414
11/8/1989,6277.504733
11/9/1989,6288.459535
11/10/1989,6280.800701
11/13/1989,6292.602873
11/14/1989,6320.659861
11/15/1989,6329.747682
11/16/1989,6332.456159
11/17/1989,6350.321981
11/20/1989,6357.162168
11/21/1989,6364.018834
11/22/1989,6372.221265
11/23/1989,6370.489733
11/24/1989,6364.076353
11/27/1989,6334.524477
11/28/1989,6326.696598
11/29/1989,6333.121973
11/30/1989,6326.374576
12/1/1989,6326.692375
12/4/1989,6317.890719
12/5/1989,6325.623005
12/6/1989,6360.879253
12/7/1989,6335.408681
12/8/1989,6352.17687
12/11/1989,6375.08962
12/12/1989,6372.957805
12/13/1989,6360.358506
12/14/1989,6349.21326
12/15/1989,6371.527573
12/18/1989,6393.773203
12/19/1989,6349.147354
12/20/1989,6348.746923
12/21/1989,6332.694741
12/22/1989,6311.525372
12/25/1989,6309.84568
12/26/1989,6287.300022
12/27/1989,6256.005966
12/28/1989,6271.835404
12/29/1989,6263.917858
1/1/1990,6262.272954
1/2/1990,6241.56496
1/3/1990,6246.321058
1/4/1990,6260.607319
1/5/1990,6256.426397
1/8/1990,6244.243365
1/9/1990,6247.983072
1/10/1990,6281.820178
1/11/1990,6299.297721
1/12/1990,6314.429511
1/15/1990,6302.928195
1/16/1990,6253.466863
1/17/1990,6266.855743
1/18/1990,6250.312937
1/19/1990,6232.742166
1/22/1990,6242.124999
1/23/1990,6212.042565
1/24/1990,6131.213482
1/25/1990,6198.843066
1/26/1990,6222.794635
1/29/1990,6178.386446
1/30/1990,6218.571699
1/31/1990,6162.977149
2/1/1990,6177.737936
2/2/1990,6167.604251
2/5/1990,6175.882873
2/6/1990,6167.712172
2/7/1990,6139.064328
2/8/1990,6142.999424
2/9/1990,6151.359113
2/12/1990,6153.516112
2/13/1990,6138.404392
2/14/1990,6133.345711
2/15/1990,6105.587214
2/16/1990,6124.329582
2/19/1990,6122.639668
2/20/1990,6141.966622
2/21/1990,6122.752763
2/22/1990,6122.774754
2/23/1990,6121.41834
2/26/1990,6105.434589
2/27/1990,6095.680191
2/28/1990,6081.437983
3/1/1990,6060.698319
3/2/1990,6057.41892
3/5/1990,6072.284238
3/6/1990,6049.308375
3/7/1990,6046.089225
3/8/1990,6040.756161
3/9/1990,6052.564857
3/12/1990,6059.654183
3/13/1990,6068.701172
3/14/1990,6048.881708
3/15/1990,6059.734001
3/16/1990,6054.826656
3/19/1990,6035.173177
3/20/1990,6060.090685
3/21/1990,6059.851361
3/22/1990,6084.485323
3/23/1990,6066.034645
3/26/1990,6027.212166
3/27/1990,6027.775616
3/28/1990,6052.406841
3/29/1990,6055.970082
3/30/1990,6066.799319
4/2/1990,6076.857196
4/3/1990,6050.526438
4/4/1990,6041.761134
4/5/1990,6054.718405
4/6/1990,6042.780283
4/9/1990,6028.942258
4/10/1990,6030.959826
4/11/1990,5997.205248
4/12/1990,5976.986935
4/13/1990,5975.311408
4/16/1990,5974.334574
4/17/1990,5957.720874
4/18/1990,5982.180656
4/19/1990,5980.830349
4/20/1990,5976.285939
4/23/1990,5975.725313
4/24/1990,5951.019771
4/25/1990,5926.367952
4/26/1990,5924.212906
4/27/1990,5927.461557
4/30/1990,5918.187612
5/1/1990,5895.241113
5/2/1990,5895.399447
5/3/1990,5865.149149
5/4/1990,5861.235448
5/7/1990,5862.902213
5/8/1990,5853.953664
5/9/1990,5857.805909
5/10/1990,5866.177358
5/11/1990,5829.105306
5/14/1990,5835.363253
5/15/1990,5827.240076
5/16/1990,5829.931725
5/17/1990,5818.848872
5/18/1990,5817.016532
5/21/1990,5801.55096
5/22/1990,5812.208689
5/23/1990,5817.714692
5/24/1990,5818.726662
5/25/1990,5840.809234
5/28/1990,5839.159544
5/29/1990,5816.96118
5/30/1990,5832.425685
5/31/1990,5827.474618
6/1/1990,5819.546151
6/4/1990,5830.60323
6/5/1990,5841.507936
6/6/1990,5838.374029
6/7/1990,5811.791181
6/8/1990,5831.251431
6/11/1990,5817.041191
6/12/1990,5798.329672
6/13/1990,5822.768981
6/14/1990,5815.904582
6/15/1990,5816.475691
6/18/1990,5824.138498
6/19/1990,5824.032586
6/20/1990,5832.859707
6/21/1990,5845.014854
6/22/1990,5870.562058
6/25/1990,5873.499779
6/26/1990,5872.728626
6/27/1990,5874.185385
6/28/1990,5898.862274
6/29/1990,5903.890595
7/2/1990,5888.898846
7/3/1990,5887.075514
7/4/1990,5885.403605
7/5/1990,5901.751014
7/6/1990,5879.845353
7/9/1990,5885.05098
7/10/1990,5880.07891
7/11/1990,5856.585108
7/12/1990,5852.780929
7/13/1990,5871.15605
7/16/1990,5856.886273
7/17/1990,5865.045895
7/18/1990,5851.483023
7/19/1990,5867.388279
7/20/1990,5904.542098
7/23/1990,5909.706224
7/24/1990,5915.450915
7/25/1990,5913.074714
7/26/1990,5912.250485
7/27/1990,5927.635577
7/30/1990,5933.952245
7/31/1990,5931.308099
8/1/1990,5930.11127
8/2/1990,5973.050135
8/3/1990,5989.230476
8/6/1990,6025.354619
8/7/1990,5993.447886
8/8/1990,5961.314394
8/9/1990,5942.131502
8/10/1990,5964.185781
8/13/1990,5962.654201
8/14/1990,5936.02465
8/15/1990,5931.416703
8/16/1990,5959.389232
8/17/1990,5966.863534
8/20/1990,5949.872513
8/21/1990,5943.907349
8/22/1990,5942.22776
8/23/1990,5924.235654
8/24/1990,5851.205061
8/27/1990,5810.621318
8/28/1990,5795.539399
8/29/1990,5795.538276
8/30/1990,5809.64847
8/31/1990,5805.449591
9/3/1990,5803.898864
9/4/1990,5777.252019
9/5/1990,5766.439364
9/6/1990,5803.049219
9/7/1990,5784.765969
9/10/1990,5801.599509
9/11/1990,5784.94931
9/12/1990,5795.050005
9/13/1990,5810.124671
9/14/1990,5806.993907
9/17/1990,5814.565187
9/18/1990,5802.543796
9/19/1990,5827.985155
9/20/1990,5833.940018
9/21/1990,5846.702534
9/24/1990,5882.339779
9/25/1990,5827.286601
9/26/1990,5851.308514
9/27/1990,5839.481726
9/28/1990,5801.019275
10/1/1990,5728.995675
10/2/1990,5697.60658
10/3/1990,5711.584175
10/4/1990,5703.471136
10/5/1990,5696.75877
10/8/1990,5696.874986
10/9/1990,5725.579252
10/10/1990,5720.11513
10/11/1990,5721.329119
10/12/1990,5666.112415
10/15/1990,5640.511961
10/16/1990,5637.887337
10/17/1990,5600.587796
10/18/1990,5567.421587
10/19/1990,5532.706116
10/22/1990,5501.615392
10/23/1990,5495.830101
10/24/1990,5488.895631
10/25/1990,5498.321332
10/26/1990,5536.841369
10/29/1990,5554.690173
10/30/1990,5530.223547
10/31/1990,5562.848137
11/1/1990,5519.83453
11/2/1990,5497.116112
11/5/1990,5453.133972
11/6/1990,5449.994975
11/7/1990,5462.912091
11/8/1990,5413.085194
11/9/1990,5387.389456
11/12/1990,5351.941887
11/13/1990,5361.55884
11/14/1990,5328.004089
11/15/1990,5323.847758
11/16/1990,5333.445785
11/19/1990,5322.95344
11/20/1990,5335.596991
11/21/1990,5348.549281
11/22/1990,5347.140323
11/23/1990,5351.331408
11/26/1990,5332.791411
11/27/1990,5318.165734
11/28/1990,5319.17298
11/29/1990,5319.925634
11/30/1990,5303.061912
12/3/1990,5297.657446
12/4/1990,5283.323226
12/5/1990,5263.006311
12/6/1990,5242.82172
12/7/1990,5256.665296
12/10/1990,5269.193249
12/11/1990,5265.648118
12/12/1990,5254.824048
12/13/1990,5259.777715
12/14/1990,5269.081818
12/17/1990,5280.756175
12/18/1990,5245.336488
12/19/1990,5227.429695
12/20/1990,5232.925945
12/21/1990,5213.382723
12/24/1990,5239.084642
12/25/1990,5237.703338
12/26/1990,5224.900821
12/27/1990,5236.281487
12/28/1990,5235.043107
12/31/1990,5239.508835
1/1/1991,5238.251767
1/2/1991,5205.33194
1/3/1991,5241.470383
1/4/1991,5221.142791
1/7/1991,5254.458613
1/8/1991,5231.124358
1/9/1991,5255.531578
1/10/1991,5235.422999
1/11/1991,5214.478037
1/14/1991,5232.828604
1/15/1991,5230.816771
1/16/1991,5183.167894
1/17/1991,5114.422365
1/18/1991,5124.374496
1/21/1991,5137.610736
1/22/1991,5119.220877
1/23/1991,5089.924211
1/24/1991,5049.744996
1/25/1991,5043.598711
1/28/1991,5027.72337
1/29/1991,5005.747071
1/30/1991,4951.691559
1/31/1991,4925.297647
2/1/1991,4916.992222
2/4/1991,4886.926766
2/5/1991,4882.82863
2/6/1991,4871.730687
2/7/1991,4930.73297
2/8/1991,4935.891793
2/11/1991,4917.849209
2/12/1991,4937.581932
2/13/1991,4927.367111
2/14/1991,4952.82715
2/15/1991,4931.732155
2/18/1991,4930.56831
2/19/1991,4911.141716
2/20/1991,4946.841131
2/21/1991,4959.141568
2/22/1991,4958.17966
2/25/1991,4951.505735
2/26/1991,4973.320194
2/27/1991,4982.74167
2/28/1991,4987.503391
3/1/1991,4947.869804
3/4/1991,4940.638563
3/5/1991,4895.680257
3/6/1991,4913.593431
3/7/1991,4901.279473
3/8/1991,4919.012975
3/11/1991,4932.250562
3/12/1991,4951.67177
3/13/1991,4938.123104
3/14/1991,4961.622118
3/15/1991,4960.725004
3/18/1991,4979.057195
3/19/1991,4997.702603
3/20/1991,5003.847818
3/21/1991,4994.98261
3/22/1991,5008.193205
3/25/1991,5037.835153
3/26/1991,5023.434923
3/27/1991,5026.866419
3/28/1991,5052.738328
3/29/1991,5051.577127
4/1/1991,5066.353364
4/2/1991,5054.674911
4/3/1991,5069.943387
4/4/1991,5063.704713
4/5/1991,5081.932501
4/8/1991,5094.593274
4/9/1991,5112.810664
4/10/1991,5144.453479
4/11/1991,5112.664856
4/12/1991,5106.594519
4/15/1991,5122.977237
4/16/1991,5135.89524
4/17/1991,5125.506805
4/18/1991,5148.281951
4/19/1991,5155.900806
4/22/1991,5186.39079
4/23/1991,5213.328694
4/24/1991,5222.927935
4/25/1991,5259.15152
4/26/1991,5293.00219
4/29/1991,5315.743034
4/30/1991,5294.390309
5/1/1991,5293.387029
5/2/1991,5290.141518
5/3/1991,5297.433233
5/6/1991,5325.610412
5/7/1991,5334.391459
5/8/1991,5329.775066
5/9/1991,5329.766533
5/10/1991,5359.124434
5/13/1991,5361.583231
5/14/1991,5380.91214
5/15/1991,5412.62047
5/16/1991,5408.348183
5/17/1991,5414.701984
5/20/1991,5425.524392
5/21/1991,5424.983387
5/22/1991,5414.503148
5/23/1991,5422.977286
5/24/1991,5403.834313
5/27/1991,5402.703823
5/28/1991,5401.688292
5/29/1991,5387.575061
5/30/1991,5381.404915
5/31/1991,5358.613554
6/3/1991,5388.219085
6/4/1991,5421.694949
6/5/1991,5425.079552
6/6/1991,5443.266859
6/7/1991,5459.427713
6/10/1991,5482.845184
6/11/1991,5463.645522
6/12/1991,5469.329407
6/13/1991,5447.318867
6/14/1991,5482.580312
6/17/1991,5485.505067
6/18/1991,5502.444364
6/19/1991,5516.463652
6/20/1991,5517.086733
6/21/1991,5530.750175
6/24/1991,5539.072366
6/25/1991,5540.162879
6/26/1991,5535.387083
6/27/1991,5522.083721
6/28/1991,5530.146028
7/1/1991,5539.778426
7/2/1991,5553.352826
7/3/1991,5578.726033
7/4/1991,5577.545537
7/5/1991,5571.165059
7/8/1991,5557.043925
7/9/1991,5534.781285
7/10/1991,5525.248701
7/11/1991,5515.674836
7/12/1991,5514.430701
7/15/1991,5513.88571
7/16/1991,5501.137753
7/17/1991,5504.717075
7/18/1991,5487.031645
7/19/1991,5512.479653
7/22/1991,5527.356305
7/23/1991,5554.079013
7/24/1991,5550.005577
7/25/1991,5539.416685
7/26/1991,5542.964503
7/29/1991,5546.276262
7/30/1991,5534.440492
7/31/1991,5545.488311
8/1/1991,5560.337772
8/2/1991,5562.018883
8/5/1991,5563.587311
8/6/1991,5548.465689
8/7/1991,5562.032077
8/8/1991,5582.640932
8/9/1991,5600.009228
8/12/1991,5581.259286
8/13/1991,5581.22482
8/14/1991,5586.275397
8/15/1991,5637.820173
8/16/1991,5663.761768
8/19/1991,5650.664111
8/20/1991,5656.350477
8/21/1991,5652.014183
8/22/1991,5650.152249
8/23/1991,5639.046073
8/26/1991,5637.854931
8/27/1991,5640.475957
8/28/1991,5640.458261
8/29/1991,5652.403202
8/30/1991,5651.660045
9/2/1991,5650.539306
9/3/1991,5667.573674
9/4/1991,5675.970548
9/5/1991,5679.5256
9/6/1991,5674.983034
9/9/1991,5672.349574
9/10/1991,5672.331353
9/11/1991,5678.908242
9/12/1991,5658.935093
9/13/1991,5673.40565
9/16/1991,5687.685207
9/17/1991,5701.852071
9/18/1991,5701.992896
9/19/1991,5706.566024
9/20/1991,5704.084157
9/23/1991,5748.247512
9/24/1991,5752.330409
9/25/1991,5782.565489
9/26/1991,5792.745944
9/27/1991,5801.387452
9/30/1991,5804.598181
10/1/1991,5800.513901
10/2/1991,5839.066278
10/3/1991,5867.332295
10/4/1991,5855.632548
10/7/1991,5861.928279
10/8/1991,5848.251865
10/9/1991,5865.898207
10/10/1991,5852.654969
10/11/1991,5864.724006
10/14/1991,5843.466638
10/15/1991,5819.05783
10/16/1991,5811.465723
10/17/1991,5832.892593
10/18/1991,5877.589387
10/21/1991,5889.969187
10/22/1991,5894.570995
10/23/1991,5885.74145
10/24/1991,5915.613887
10/25/1991,5930.140091
10/28/1991,5913.466409
10/29/1991,5927.93155
10/30/1991,5912.905837
10/31/1991,5959.783904
11/1/1991,5956.496609
11/4/1991,5965.943186
11/5/1991,5987.733489
11/6/1991,5999.740049
11/7/1991,5989.795566
11/8/1991,6019.360216
11/11/1991,6021.19512
11/12/1991,6016.057835
11/13/1991,6041.472275
11/14/1991,6040.994241
11/15/1991,6094.149586
11/18/1991,6073.814601
11/19/1991,6049.411598
11/20/1991,6069.986899
11/21/1991,6078.338657
11/22/1991,6096.549029
11/25/1991,6099.817903
11/26/1991,6099.617668
11/27/1991,6089.795246
11/28/1991,6088.702544
11/29/1991,6114.142481
12/2/1991,6088.428533
12/3/1991,6066.185449
12/4/1991,6062.850781
12/5/1991,6062.077266
12/6/1991,6076.879732
12/9/1991,6078.550842
12/10/1991,6095.96831
12/11/1991,6096.999117
12/12/1991,6037.408803
12/13/1991,6028.791826
12/16/1991,6009.990552
12/17/1991,6028.535839
12/18/1991,6006.855908
12/19/1991,6023.558639
12/20/1991,6020.850768
12/23/1991,5990.057434
12/24/1991,5982.746316
12/25/1991,5981.786304
12/26/1991,5965.568183
12/27/1991,5939.20091
12/30/1991,5903.684324
12/31/1991,5913.837211
1/1/1992,5912.995128
1/2/1992,5911.197821
1/3/1992,5901.527466
1/6/1992,5868.653537
1/7/1992,5848.799034
1/8/1992,5786.333329
1/9/1992,5786.550036
1/10/1992,5775.645244
1/13/1992,5799.355679
1/14/1992,5756.344497
1/15/1992,5758.345796
1/16/1992,5765.716595
1/17/1992,5784.885207
1/20/1992,5864.232449
1/21/1992,5925.438084
1/22/1992,5891.849089
1/23/1992,5898.952095
1/24/1992,5917.16916
1/27/1992,5997.104857
1/28/1992,6015.047132
1/29/1992,6089.974576
1/30/1992,6095.427534
1/31/1992,6172.315343
2/3/1992,6211.457849
2/4/1992,6198.509741
2/5/1992,6223.870295
2/6/1992,6229.382041
2/7/1992,6272.119401
2/10/1992,6283.766621
2/11/1992,6290.880302
2/12/1992,6283.634058
2/13/1992,6303.90165
2/14/1992,6339.413352
2/17/1992,6338.504029
2/18/1992,6358.513186
2/19/1992,6338.386655
2/20/1992,6319.574515
2/21/1992,6329.947948
2/24/1992,6356.169535
2/25/1992,6377.336133
2/26/1992,6371.974313
2/27/1992,6391.784797
2/28/1992,6438.746512
3/2/1992,6453.463266
3/3/1992,6463.13884
3/4/1992,6479.828131
3/5/1992,6493.609738
3/6/1992,6503.90902
3/9/1992,6504.771391
3/10/1992,6513.081554
3/11/1992,6540.03224
3/12/1992,6562.034845
3/13/1992,6579.372925
3/16/1992,6604.026843
3/17/1992,6590.866501
3/18/1992,6595.272107
3/19/1992,6582.376658
3/20/1992,6597.077974
3/23/1992,6605.607073
3/24/1992,6627.632891
3/25/1992,6638.061054
3/26/1992,6626.392762
3/27/1992,6653.273155
3/30/1992,6675.43995
3/31/1992,6677.073688
4/1/1992,6677.271256
4/2/1992,6696.203512
4/3/1992,6700.833337
4/6/1992,6666.317024
4/7/1992,6664.28695
4/8/1992,6654.142832
4/9/1992,6615.454682
4/10/1992,6621.207933
4/13/1992,6616.462112
4/14/1992,6597.008439
4/15/1992,6611.348053
4/16/1992,6623.872505
4/17/1992,6622.887238
4/20/1992,6664.349628
4/21/1992,6653.882202
4/22/1992,6676.348615
4/23/1992,6696.390174
4/24/1992,6716.466564
4/27/1992,6710.027517
4/28/1992,6706.918235
4/29/1992,6688.119948
4/30/1992,6655.108349
5/1/1992,6652.222623
5/4/1992,6645.740839
5/5/1992,6647.319295
5/6/1992,6631.994239
5/7/1992,6652.271597
5/8/1992,6653.943474
5/11/1992,6652.521929
5/12/1992,6664.005831
5/13/1992,6662.2475
5/14/1992,6710.04917
5/15/1992,6687.660474
5/18/1992,6691.377532
5/19/1992,6711.684198
5/20/1992,6699.074342
5/21/1992,6710.236328
5/22/1992,6727.660017
5/25/1992,6726.742695
5/26/1992,6748.398444
5/27/1992,6743.219777
5/28/1992,6732.388071
5/29/1992,6721.967394
6/1/1992,6728.195005
6/2/1992,6730.65386
6/3/1992,6724.943628
6/4/1992,6714.594746
6/5/1992,6720.481743
6/8/1992,6732.683856
6/9/1992,6752.397783
6/10/1992,6773.735041
6/11/1992,6776.64946
6/12/1992,6809.608088
6/15/1992,6775.598493
6/16/1992,6847.380251
6/17/1992,6846.858351
6/18/1992,6858.561905
6/19/1992,6872.462699
6/22/1992,6858.224189
6/23/1992,6839.790137
6/24/1992,6845.059416
6/25/1992,6846.193428
6/26/1992,6876.580378
6/29/1992,6844.509172
6/30/1992,6830.298449
7/1/1992,6815.090343
7/2/1992,6843.449648
7/3/1992,6842.56919
7/6/1992,6867.567242
7/7/1992,6898.851477
7/8/1992,6903.488007
7/9/1992,6891.323477
7/10/1992,6925.380715
7/13/1992,6910.793445
7/14/1992,6921.099533
7/15/1992,6927.026076
7/16/1992,6948.12631
7/17/1992,6957.436563
7/20/1992,6899.606834
7/21/1992,6893.777869
7/22/1992,6887.686977
7/23/1992,6902.060036
7/24/1992,6907.649107
7/27/1992,6899.989356
7/28/1992,6900.134604
7/29/1992,6882.407073
7/30/1992,6862.81619
7/31/1992,6916.193716
8/3/1992,6939.330826
8/4/1992,6901.053943
8/5/1992,6926.703998
8/6/1992,6940.01451
8/7/1992,6947.18522
8/10/1992,6951.076951
8/11/1992,6941.940144
8/12/1992,6980.460694
8/13/1992,6955.473119
8/14/1992,6962.472088
8/17/1992,6945.231785
8/18/1992,6926.135532
8/19/1992,6946.786341
8/20/1992,6970.181266
8/21/1992,6981.647986
8/24/1992,7001.43202
8/25/1992,6993.202959
8/26/1992,6969.336283
8/27/1992,6958.877503
8/28/1992,6936.06345
8/31/1992,6978.683822
9/1/1992,6994.390619
9/2/1992,6972.482985
9/3/1992,6998.653703
9/4/1992,6999.514009
9/7/1992,6998.754349
9/8/1992,7003.870483
9/9/1992,6981.572196
9/10/1992,6968.942149
9/11/1992,6980.09359
9/14/1992,6958.440024
9/15/1992,6981.360235
9/16/1992,7014.231701
9/17/1992,7027.05005
9/18/1992,7016.148858
9/21/1992,7035.188114
9/22/1992,7026.125417
9/23/1992,7027.009049
9/24/1992,7043.957479
9/25/1992,7076.291614
9/28/1992,7078.456036
9/29/1992,7100.422642
9/30/1992,7091.242418
10/1/1992,7132.234444
10/2/1992,7135.794893
10/5/1992,7112.744829
10/6/1992,7103.091527
10/7/1992,7125.404977
10/8/1992,7107.148264
10/9/1992,7120.257442
10/12/1992,7115.500281
10/13/1992,7066.474097
10/14/1992,7044.908799
10/15/1992,7095.007557
10/16/1992,7082.895693
10/19/1992,7102.317368
10/20/1992,7095.132995
10/21/1992,7087.730139
10/22/1992,7090.519292
10/23/1992,7091.058311
10/26/1992,7109.486758
10/27/1992,7092.818844
10/28/1992,7113.216623
10/29/1992,7077.324918
10/30/1992,7097.613474
11/2/1992,7085.466837
11/3/1992,7071.607587
11/4/1992,7081.715901
11/5/1992,7058.647328
11/6/1992,7013.403131
11/9/1992,7020.900217
11/10/1992,6978.650381
11/11/1992,6937.844407
11/12/1992,6983.973438
11/13/1992,7010.653624
11/16/1992,7001.814628
11/17/1992,7012.163875
11/18/1992,7011.800775
11/19/1992,7015.156514
11/20/1992,6995.314935
11/23/1992,7043.852973
11/24/1992,7010.131775
11/25/1992,7027.032035
11/26/1992,7026.160765
11/27/1992,7047.68821
11/30/1992,7057.212834
12/1/1992,7063.660677
12/2/1992,7068.745071
12/3/1992,7086.673779
12/4/1992,7129.463761
12/7/1992,7093.353767
12/8/1992,7092.090969
12/9/1992,7091.469115
12/10/1992,7163.598767
12/11/1992,7183.151855
12/14/1992,7154.970696
12/15/1992,7166.01894
12/16/1992,7177.038236
12/17/1992,7163.899278
12/18/1992,7174.279388
12/21/1992,7197.292365
12/22/1992,7203.555665
12/23/1992,7226.438958
12/24/1992,7264.732871
12/25/1992,7263.726355
12/28/1992,7215.245567
12/29/1992,7215.344079
12/30/1992,7239.104426
12/31/1992,7297.145676
1/1/1993,7296.19503
1/4/1993,7410.758989
1/5/1993,7408.635152
1/6/1993,7422.024233
1/7/1993,7511.724997
1/8/1993,7519.362767
1/11/1993,7552.093569
1/12/1993,7551.202423
1/13/1993,7590.277264
1/14/1993,7574.076319
1/15/1993,7618.776855
1/18/1993,7664.305375
1/19/1993,7663.687159
1/20/1993,7710.120829
1/21/1993,7697.980877
1/22/1993,7730.364493
1/25/1993,7786.210141
1/26/1993,7784.433135
1/27/1993,7837.144166
1/28/1993,7864.389554
1/29/1993,7862.893545
2/1/1993,7915.286934
2/2/1993,7903.982097
2/3/1993,7921.5197
2/4/1993,7965.57348
2/5/1993,8010.671964
2/8/1993,8064.240668
2/9/1993,8103.606752
2/10/1993,8162.936806
2/11/1993,8191.051183
2/12/1993,8205.706555
2/15/1993,8204.657333
2/16/1993,8245.468761
2/17/1993,8219.622883
2/18/1993,8184.66887
2/19/1993,8205.871626
2/22/1993,8276.794996
2/23/1993,8298.585448
2/24/1993,8275.227966
2/25/1993,8271.280482
2/26/1993,8321.865922
3/1/1993,8329.612272
3/2/1993,8280.802311
3/3/1993,8290.144502
3/4/1993,8343.431369
3/5/1993,8381.367372
3/8/1993,8356.864788
3/9/1993,8312.362905
3/10/1993,8365.052771
3/11/1993,8363.028589
3/12/1993,8392.690658
3/15/1993,8415.238115
3/16/1993,8429.306211
3/17/1993,8493.496925
3/18/1993,8527.095915
3/19/1993,8619.836493
3/22/1993,8637.331892
3/23/1993,8589.371809
3/24/1993,8638.635247
3/25/1993,8614.279366
3/26/1993,8656.389983
3/29/1993,8671.575904
3/30/1993,8674.089438
3/31/1993,8702.934639
4/1/1993,8777.102123
4/2/1993,8840.977623
4/5/1993,8838.356041
4/6/1993,8805.953365
4/7/1993,8820.062586
4/8/1993,8867.166314
4/9/1993,8866.028212
4/12/1993,8834.902041
4/13/1993,8906.491115
4/14/1993,8960.357356
4/15/1993,9017.70512
4/16/1993,9049.120699
4/19/1993,9067.290961
4/20/1993,9051.152164
4/21/1993,9054.362435
4/22/1993,9084.76837
4/23/1993,9135.965449
4/26/1993,9149.692311
4/27/1993,9119.794139
4/28/1993,9062.804337
4/29/1993,9082.020585
4/30/1993,9126.966019
5/3/1993,9087.923272
5/4/1993,9117.099952
5/5/1993,9087.460287
5/6/1993,9108.423271
5/7/1993,9108.967176
5/10/1993,9136.501863
5/11/1993,9118.943133
5/12/1993,9184.201493
5/13/1993,9276.326956
5/14/1993,9259.71071
5/17/1993,9259.1152
5/18/1993,9226.988781
5/19/1993,9217.238832
5/20/1993,9154.719101
5/21/1993,9229.599059
5/24/1993,9214.087123
5/25/1993,9178.527853
5/26/1993,9144.669724
5/27/1993,9183.193066
5/28/1993,9215.391781
5/31/1993,9214.193043
6/1/1993,9212.079785
6/2/1993,9249.792444
6/3/1993,9282.721423
6/4/1993,9351.173733
6/7/1993,9361.939977
6/8/1993,9366.847422
6/9/1993,9377.166429
6/10/1993,9402.479697
6/11/1993,9401.331271
6/14/1993,9388.903245
6/15/1993,9432.596976
6/16/1993,9454.37383
6/17/1993,9476.818723
6/18/1993,9546.47762
6/21/1993,9525.246924
6/22/1993,9502.04897
6/23/1993,9519.955484
6/24/1993,9537.320619
6/25/1993,9551.886208
6/28/1993,9513.019171
6/29/1993,9517.976406
6/30/1993,9543.359524
7/1/1993,9606.497757
7/2/1993,9604.941713
7/5/1993,9603.622382
7/6/1993,9666.284914
7/7/1993,9670.248393
7/8/1993,9643.137549
7/9/1993,9661.68743
7/12/1993,9696.603572
7/13/1993,9711.033959
7/14/1993,9752.407276
7/15/1993,9746.782756
7/16/1993,9770.12265
7/19/1993,9802.564363
7/20/1993,9770.808456
7/21/1993,9743.476194
7/22/1993,9796.074036
7/23/1993,9735.879853
7/26/1993,9781.651565
7/27/1993,9782.110257
7/28/1993,9814.879852
7/29/1993,9851.530467
7/30/1993,9883.049322
8/2/1993,9941.740909
8/3/1993,9925.383538
8/4/1993,9931.384772
8/5/1993,9883.472874
8/6/1993,9860.238561
8/9/1993,9896.688407
8/10/1993,9902.890723
8/11/1993,9894.580655
8/12/1993,9915.48537
8/13/1993,9918.246822
8/16/1993,9922.992351
8/17/1993,9839.448553
8/18/1993,9870.688697
8/19/1993,9953.166703
8/20/1993,9954.658692
8/23/1993,9970.374516
8/24/1993,10009.40672
8/25/1993,10034.18337
8/26/1993,10039.29657
8/27/1993,10030.87172
8/30/1993,10012.31456
8/31/1993,10011.72591
9/1/1993,10056.84392
9/2/1993,10083.72402
9/3/1993,10086.29441
9/6/1993,10084.88733
9/7/1993,10023.53141
9/8/1993,10057.62186
9/9/1993,10017.55066
9/10/1993,10015.94122
9/13/1993,10009.59562
9/14/1993,10010.11531
9/15/1993,10064.34717
9/16/1993,10077.79748
9/17/1993,10112.69756
9/20/1993,10142.71994
9/21/1993,10092.16633
9/22/1993,10111.50101
9/23/1993,10110.20579
9/24/1993,10158.64066
9/27/1993,10184.91691
9/28/1993,10190.52848
9/29/1993,10194.73603
9/30/1993,10319.05338
10/1/1993,10310.81124
10/4/1993,10312.75885
10/5/1993,10323.83516
10/6/1993,10377.69377
10/7/1993,10459.05334
10/8/1993,10455.70638
10/11/1993,10454.60764
10/12/1993,10463.65304
10/13/1993,10481.24813
10/14/1993,10452.49938
10/15/1993,10587.92738
10/18/1993,10522.42992
10/19/1993,10513.71409
10/20/1993,10529.70613
10/21/1993,10528.38684
10/22/1993,10534.85703
10/25/1993,10519.98063
10/26/1993,10526.3178
10/27/1993,10519.5026
10/28/1993,10537.79218
10/29/1993,10655.75276
11/1/1993,10588.083
11/2/1993,10559.12847
11/3/1993,10570.7866
11/4/1993,10553.43521
11/5/1993,10523.27966
11/8/1993,10466.76242
11/9/1993,10509.99818
11/10/1993,10495.32989
11/11/1993,10530.15235
11/12/1993,10547.74284
11/15/1993,10597.46866
11/16/1993,10468.80065
11/17/1993,10519.85455
11/18/1993,10519.39321
11/19/1993,10497.40377
11/22/1993,10372.26179
11/23/1993,10415.35422
11/24/1993,10373.94611
11/25/1993,10372.47543
11/26/1993,10404.10656
11/29/1993,10281.832
11/30/1993,10282.2239
12/1/1993,10291.53055
12/2/1993,10304.07983
12/3/1993,10302.67937
12/6/1993,10294.26906
12/7/1993,10260.73345
12/8/1993,10336.58998
12/9/1993,10358.27996
12/10/1993,10389.35168
12/13/1993,10381.85802
12/14/1993,10364.66362
12/15/1993,10389.49559
12/16/1993,10332.00493
12/17/1993,10314.99573
12/20/1993,10293.2514
12/21/1993,10250.21215
12/22/1993,10234.81528
12/23/1993,10194.26191
12/24/1993,10192.7746
12/27/1993,10217.66196
12/28/1993,10175.80909
12/29/1993,10196.46608
12/30/1993,10217.24447
12/31/1993,10410.42615
1/3/1994,10488.60715
1/4/1994,10529.63016
1/5/1994,10490.79368
1/6/1994,10545.36913
1/7/1994,10564.69254
1/10/1994,10536.25325
1/11/1994,10590.17086
1/12/1994,10556.00077
1/13/1994,10583.81865
1/14/1994,10618.22858
1/17/1994,10646.45317
1/18/1994,10617.13125
1/19/1994,10663.11751
1/20/1994,10639.27115
1/21/1994,10707.84668
1/24/1994,10642.72044
1/25/1994,10645.95812
1/26/1994,10685.07639
1/27/1994,10718.53395
1/28/1994,10685.65948
1/31/1994,10772.74031
2/1/1994,10770.0459
2/2/1994,10781.41527
2/3/1994,10766.96143
2/4/1994,10732.21453
2/7/1994,10670.08766
2/8/1994,10658.72523
2/9/1994,10660.59328
2/10/1994,10717.65921
2/11/1994,10726.18562
2/14/1994,10657.30466
2/15/1994,10635.92391
2/16/1994,10679.10623
2/17/1994,10674.69258
2/18/1994,10656.447
2/21/1994,10654.97432
2/22/1994,10600.63701
2/23/1994,10574.16076
2/24/1994,10569.398
2/25/1994,10576.62715
2/28/1994,10641.78606
3/1/1994,10595.56147
3/2/1994,10565.0835
3/3/1994,10542.04312
3/4/1994,10594.02298
3/7/1994,10515.59495
3/8/1994,10505.8622
3/9/1994,10511.18224
3/10/1994,10584.62963
3/11/1994,10550.8589
3/14/1994,10603.77678
3/15/1994,10617.19197
3/16/1994,10623.90967
3/17/1994,10620.56038
3/18/1994,10636.26114
3/21/1994,10669.07814
3/22/1994,10720.39411
3/23/1994,10747.661
3/24/1994,10749.74851
3/25/1994,10813.91707
3/28/1994,10743.70398
3/29/1994,10682.01759
3/30/1994,10598.94718
3/31/1994,10552.27014
4/1/1994,10550.6043
4/4/1994,10405.11592
4/5/1994,10397.51381
4/6/1994,10419.62406
4/7/1994,10428.4374
4/8/1994,10448.32474
4/11/1994,10421.63759
4/12/1994,10408.16118
4/13/1994,10413.86814
4/14/1994,10373.76275
4/15/1994,10413.08805
4/18/1994,10424.04486
4/19/1994,10336.42187
4/20/1994,10332.24487
4/21/1994,10313.38005
4/22/1994,10364.10069
4/25/1994,10365.20099
4/26/1994,10342.81542
4/27/1994,10341.17873
4/28/1994,10372.29663
4/29/1994,10426.66431
5/2/1994,10464.64946
5/3/1994,10456.71433
5/4/1994,10477.82441
5/5/1994,10481.18674
5/6/1994,10546.25315
5/9/1994,10515.57895
5/10/1994,10467.37649
5/11/1994,10497.23982
5/12/1994,10518.99014
5/13/1994,10537.78089
5/16/1994,10508.32078
5/17/1994,10463.17007
5/18/1994,10401.19846
5/19/1994,10428.06464
5/20/1994,10419.80605
5/23/1994,10448.03049
5/24/1994,10408.42946
5/25/1994,10388.40376
5/26/1994,10456.49239
5/27/1994,10477.62097
5/30/1994,10475.81864
5/31/1994,10516.9549
6/1/1994,10495.00149
6/2/1994,10489.60245
6/3/1994,10462.00342
6/6/1994,10505.998
6/7/1994,10489.99852
6/8/1994,10604.32392
6/9/1994,10580.71862
6/10/1994,10586.6352
6/13/1994,10586.2887
6/14/1994,10562.6924
6/15/1994,10620.47461
6/16/1994,10631.15675
6/17/1994,10699.94847
6/20/1994,10666.47738
6/21/1994,10664.41007
6/22/1994,10648.18351
6/23/1994,10656.19601
6/24/1994,10669.0224
6/27/1994,10592.69149
6/28/1994,10565.25505
6/29/1994,10516.95503
6/30/1994,10671.81505
7/1/1994,10685.86204
7/4/1994,10683.90509
7/5/1994,10629.22987
7/6/1994,10607.4983
7/7/1994,10613.3084
7/8/1994,10637.32468
7/11/1994,10588.85871
7/12/1994,10578.33264
7/13/1994,10540.62303
7/14/1994,10549.68232
7/15/1994,10641.69356
7/18/1994,10591.3716
7/19/1994,10584.35933
7/20/1994,10600.26087
7/21/1994,10628.33603
7/22/1994,10621.06773
7/25/1994,10571.52124
7/26/1994,10561.12977
7/27/1994,10564.52417
7/28/1994,10574.86522
7/29/1994,10594.17222
8/1/1994,10548.0382
8/2/1994,10549.4376
8/3/1994,10526.68689
8/4/1994,10568.04764
8/5/1994,10503.99716
8/8/1994,10486.96624
8/9/1994,10483.13768
8/10/1994,10444.40376
8/11/1994,10422.66355
8/12/1994,10428.52971
8/15/1994,10424.27751
8/16/1994,10357.89924
8/17/1994,10342.17441
8/18/1994,10342.7354
8/19/1994,10395.492
8/22/1994,10377.07288
8/23/1994,10336.37827
8/24/1994,10377.05718
8/25/1994,10329.58199
8/26/1994,10331.10165
8/29/1994,10323.65858
8/30/1994,10312.63724
8/31/1994,10348.42257
9/1/1994,10413.20862
9/2/1994,10425.26287
9/5/1994,10423.15238
9/6/1994,10440.48928
9/7/1994,10457.84152
9/8/1994,10411.71229
9/9/1994,10483.30647
9/12/1994,10519.11972
9/13/1994,10524.04218
9/14/1994,10550.24586
9/15/1994,10496.57087
9/16/1994,10520.40923
9/19/1994,10582.7051
9/20/1994,10599.8443
9/21/1994,10581.79658
9/22/1994,10581.90286
9/23/1994,10550.50257
9/26/1994,10590.96734
9/27/1994,10603.60451
9/28/1994,10651.19853
9/29/1994,10656.45436
9/30/1994,10741.08677
10/3/1994,10712.8843
10/4/1994,10691.60521
10/5/1994,10600.50412
10/6/1994,10632.55961
10/7/1994,10601.07909
10/10/1994,10548.42874
10/11/1994,10516.70528
10/12/1994,10517.97454
10/13/1994,10490.39871
10/14/1994,10506.95286
10/17/1994,10504.20921
10/18/1994,10514.99977
10/19/1994,10483.15757
10/20/1994,10496.26827
10/21/1994,10499.51698
10/24/1994,10498.07752
10/25/1994,10505.06511
10/26/1994,10503.73493
10/27/1994,10460.53356
10/28/1994,10436.55067
10/31/1994,10524.64434
11/1/1994,10440.97823
11/2/1994,10427.37481
11/3/1994,10419.49038
11/4/1994,10435.54005
11/7/1994,10393.36956
11/8/1994,10438.10969
11/9/1994,10380.80147
11/10/1994,10417.89996
11/11/1994,10411.43121
11/14/1994,10324.14881
11/15/1994,10325.28981
11/16/1994,10316.05277
11/17/1994,10304.35791
11/18/1994,10252.11008
11/21/1994,10210.76235
11/22/1994,10175.57484
11/23/1994,10143.02927
11/24/1994,10140.71048
11/25/1994,10172.55903
11/28/1994,10083.78816
11/29/1994,10050.63305
11/30/1994,10108.20792
12/1/1994,10063.55508
12/2/1994,10053.97182
12/5/1994,9995.64202
12/6/1994,9980.467493
12/7/1994,9920.117581
12/8/1994,9968.370598
12/9/1994,9929.031019
12/12/1994,9885.666813
12/13/1994,9888.948606
12/14/1994,9879.745306
12/15/1994,9891.226567
12/16/1994,9832.601992
12/19/1994,9803.886849
12/20/1994,9878.954643
12/21/1994,9852.265033
12/22/1994,9830.641302
12/23/1994,9826.671526
12/26/1994,9824.223013
12/27/1994,9792.588488
12/28/1994,9808.845348
12/29/1994,9769.61822
12/30/1994,9839.242042
1/2/1995,9836.81005
1/3/1995,9919.865058
1/4/1995,9912.521343
1/5/1995,9913.879232
1/6/1995,9909.929571
1/9/1995,9879.209442
1/10/1995,9877.231125
1/11/1995,9899.346511
1/12/1995,9847.918546
1/13/1995,9876.974958
1/16/1995,9871.194085
1/17/1995,9852.414866
1/18/1995,9895.681296
1/19/1995,9899.14814
1/20/1995,9942.825577
1/23/1995,9946.895119
1/24/1995,9941.945605
1/25/1995,9961.267685
1/26/1995,9923.810716
1/27/1995,9949.535027
1/30/1995,9917.097888
1/31/1995,9936.296501
2/1/1995,9910.402069
2/2/1995,9921.538061
2/3/1995,9915.598625
2/6/1995,9894.066583
2/7/1995,9892.006049
2/8/1995,9888.326717
2/9/1995,9926.755935
2/10/1995,9914.438988
2/13/1995,9897.937974
2/14/1995,9938.532405
2/15/1995,9958.810202
2/16/1995,9937.382299
2/17/1995,9957.44441
2/20/1995,9954.814042
2/21/1995,9967.971869
2/22/1995,9982.088866
2/23/1995,9994.839468
2/24/1995,10046.27935
2/27/1995,10025.45526
2/28/1995,10050.69195
3/1/1995,10078.50403
3/2/1995,10048.61361
3/3/1995,10063.29161
3/6/1995,10029.29269
3/7/1995,10024.16877
3/8/1995,10043.79761
3/9/1995,10014.58622
3/10/1995,10012.79117
3/13/1995,10022.28961
3/14/1995,9979.100343
3/15/1995,10054.20776
3/16/1995,10082.17995
3/17/1995,10089.58502
3/20/1995,10058.64793
3/21/1995,10083.20937
3/22/1995,10031.86336
3/23/1995,10019.38821
3/24/1995,10042.38211
3/27/1995,10043.63562
3/28/1995,10058.74111
3/29/1995,10029.58585
3/30/1995,10078.56246
3/31/1995,10171.07509
4/3/1995,10177.49068
4/4/1995,10139.22898
4/5/1995,10143.65715
4/6/1995,10126.76999
4/7/1995,10216.40064
4/10/1995,10199.1103
4/11/1995,10178.69869
4/12/1995,10158.72233
4/13/1995,10161.16686
4/14/1995,10158.55941
4/17/1995,10202.95695
4/18/1995,10221.33572
4/19/1995,10300.37045
4/20/1995,10294.25014
4/21/1995,10286.20294
4/24/1995,10308.3051
4/25/1995,10275.39079
4/26/1995,10282.75673
4/27/1995,10287.33321
4/28/1995,10275.06943
5/1/1995,10319.45136
5/2/1995,10358.52398
5/3/1995,10369.84065
5/4/1995,10366.10297
5/5/1995,10325.25638
5/8/1995,10351.06094
5/9/1995,10326.76946
5/10/1995,10358.04199
5/11/1995,10332.7783
5/12/1995,10338.72371
5/15/1995,10392.40418
5/16/1995,10399.87111
5/17/1995,10394.67307
5/18/1995,10405.38995
5/19/1995,10418.76717
5/22/1995,10343.96248
5/23/1995,10299.87141
5/24/1995,10335.68717
5/25/1995,10374.2207
5/26/1995,10394.48098
5/29/1995,10391.81337
5/30/1995,10417.79694
5/31/1995,10415.78016
6/1/1995,10417.82733
6/2/1995,10412.72982
6/5/1995,10408.87401
6/6/1995,10371.12113
6/7/1995,10393.62728
6/8/1995,10393.22469
6/9/1995,10446.04469
6/12/1995,10423.52235
6/13/1995,10363.7468
6/14/1995,10379.04019
6/15/1995,10438.86214
6/16/1995,10431.1676
6/19/1995,10446.64817
6/20/1995,10429.49527
6/21/1995,10417.4287
6/22/1995,10433.6985
6/23/1995,10395.11277
6/26/1995,10398.69821
6/27/1995,10483.80071
6/28/1995,10506.36347
6/29/1995,10468.63706
6/30/1995,10602.67335
7/3/1995,10563.78475
7/4/1995,10561.1954
7/5/1995,10581.26079
7/6/1995,10551.77315
7/7/1995,10571.59172
7/10/1995,10574.76433
7/11/1995,10629.06463
7/12/1995,10626.94857
7/13/1995,10633.29588
7/14/1995,10678.22039
7/17/1995,10675.69663
7/18/1995,10688.06537
7/19/1995,10676.17804
7/20/1995,10661.05863
7/21/1995,10728.3299
7/24/1995,10699.6814
7/25/1995,10743.14964
7/26/1995,10765.81402
7/27/1995,10728.92878
7/28/1995,10793.19722
7/31/1995,10770.99534
8/1/1995,10801.37798
8/2/1995,10802.64734
8/3/1995,10836.803
8/4/1995,10819.55449
8/7/1995,10883.67288
8/8/1995,10901.18425
8/9/1995,10897.42343
8/10/1995,10915.62156
8/11/1995,10925.31163
8/14/1995,10907.97354
8/15/1995,10905.61604
8/16/1995,10892.6237
8/17/1995,10888.85613
8/18/1995,10919.85429
8/21/1995,10965.39521
8/22/1995,10910.7866
8/23/1995,10915.87412
8/24/1995,10982.21735
8/25/1995,10977.33485
8/28/1995,11023.33337
8/29/1995,11047.87309
8/30/1995,11116.68951
8/31/1995,11115.22966
9/1/1995,11202.95946
9/4/1995,11200.20826
9/5/1995,11171.29635
9/6/1995,11141.0482
9/7/1995,11139.90663
9/8/1995,11189.7867
9/11/1995,11230.15969
9/12/1995,11291.1328
9/13/1995,11283.10369
9/14/1995,11347.9469
9/15/1995,11346.02811
9/18/1995,11363.94557
9/19/1995,11383.06397
9/20/1995,11373.16002
9/21/1995,11361.56977
9/22/1995,11418.22153
9/25/1995,11457.25977
9/26/1995,11413.95961
9/27/1995,11362.49018
9/28/1995,11372.29683
9/29/1995,11468.22376
10/2/1995,11495.90546
10/3/1995,11495.67735
10/4/1995,11574.97961
10/5/1995,11509.20095
10/6/1995,11536.56605
10/9/1995,11551.23108
10/10/1995,11503.70766
10/11/1995,11442.39814
10/12/1995,11464.03609
10/13/1995,11498.36051
10/16/1995,11477.70014
10/17/1995,11519.76942
10/18/1995,11494.75255
10/19/1995,11482.33344
10/20/1995,11598.33371
10/23/1995,11489.33318
10/24/1995,11503.34914
10/25/1995,11532.20503
10/26/1995,11500.29158
10/27/1995,11459.92851
10/30/1995,11375.60471
10/31/1995,11419.70754
11/1/1995,11372.22122
11/2/1995,11358.90599
11/3/1995,11392.77259
11/6/1995,11313.09101
11/7/1995,11330.68862
11/8/1995,11321.29565
11/9/1995,11282.36629
11/10/1995,11227.94765
11/13/1995,11241.14611
11/14/1995,11281.88705
11/15/1995,11347.48985
11/16/1995,11340.42112
11/17/1995,11325.58686
11/20/1995,11339.87793
11/21/1995,11334.98904
11/22/1995,11344.79696
11/23/1995,11341.98005
11/24/1995,11353.23933
11/27/1995,11323.91671
11/28/1995,11285.99804
11/29/1995,11212.98019
11/30/1995,11297.28478
12/1/1995,11369.07121
12/4/1995,11302.83607
12/5/1995,11324.89527
12/6/1995,11309.66446
12/7/1995,11362.69254
12/8/1995,11418.06396
12/11/1995,11393.39682
12/12/1995,11408.66895
12/13/1995,11434.28044
12/14/1995,11522.81752
12/15/1995,11496.88519
12/18/1995,11501.97209
12/19/1995,11430.70512
12/20/1995,11432.67608
12/21/1995,11461.18819
12/22/1995,11475.3463
12/25/1995,11472.53265
12/26/1995,11387.44782
12/27/1995,11439.74312
12/28/1995,11406.85838
12/29/1995,11549.89538
1/1/1996,11547.27543
1/2/1996,11642.15407
1/3/1996,11704.31076
1/4/1996,11728.24396
1/5/1996,11845.29398
1/8/1996,11873.26449
1/9/1996,11910.73465
1/10/1996,11908.1595
1/11/1996,11830.95324
1/12/1996,11855.24672
1/15/1996,11871.10754
1/16/1996,11963.08742
1/17/1996,11890.80578
1/18/1996,11867.14559
1/19/1996,11830.68018
1/22/1996,11889.40777
1/23/1996,11860.11495
1/24/1996,11846.15371
1/25/1996,11889.54327
1/26/1996,11950.93616
1/29/1996,11980.53873
1/30/1996,12023.12389
1/31/1996,12045.3802
2/1/1996,12100.57953
2/2/1996,12104.26058
2/5/1996,12085.55604
2/6/1996,12104.06984
2/7/1996,12074.97116
2/8/1996,12043.25485
2/9/1996,12085.41302
2/12/1996,12044.65453
2/13/1996,12086.64248
2/14/1996,12132.48548
2/15/1996,12088.19118
2/16/1996,12152.3894
2/19/1996,12149.6827
2/20/1996,12132.49135
2/21/1996,12114.58726
2/22/1996,12070.45619
2/23/1996,12130.5662
2/26/1996,12142.66346
2/27/1996,12130.83534
2/28/1996,12138.15434
2/29/1996,12142.68451
3/1/1996,12226.54776
3/4/1996,12180.21144
3/5/1996,12155.80375
3/6/1996,12146.40924
3/7/1996,12119.72231
3/8/1996,12133.96962
3/11/1996,12046.23555
3/12/1996,12049.93157
3/13/1996,12015.7874
3/14/1996,12032.75507
3/15/1996,12058.91802
3/18/1996,12024.77496
3/19/1996,12047.05642
3/20/1996,12101.38131
3/21/1996,12146.12033
3/22/1996,12196.72511
3/25/1996,12288.27309
3/26/1996,12317.93289
3/27/1996,12343.22587
3/28/1996,12368.56156
3/29/1996,12455.79331
4/1/1996,12428.47047
4/2/1996,12383.98396
4/3/1996,12436.38367
4/4/1996,12462.65157
4/5/1996,12459.78186
4/8/1996,12388.06082
4/9/1996,12385.73496
4/10/1996,12438.54312
4/11/1996,12395.98882
4/12/1996,12425.29741
4/15/1996,12427.89163
4/16/1996,12434.159
4/17/1996,12431.69223
4/18/1996,12452.73549
4/19/1996,12411.40224
4/22/1996,12439.12336
4/23/1996,12383.08306
4/24/1996,12350.58575
4/25/1996,12425.4733
4/26/1996,12468.80789
4/29/1996,12513.69527
4/30/1996,12559.40981
5/1/1996,12572.06952
5/2/1996,12617.42401
5/3/1996,12591.24102
5/6/1996,12518.49918
5/7/1996,12543.25094
5/8/1996,12624.72425
5/9/1996,12689.19511
5/10/1996,12710.3814
5/13/1996,12686.69828
5/14/1996,12711.23985
5/15/1996,12727.4482
5/16/1996,12610.78806
5/17/1996,12694.1967
5/20/1996,12680.29817
5/21/1996,12713.74923
5/22/1996,12716.82374
5/23/1996,12691.5743
5/24/1996,12790.38512
5/27/1996,12787.49242
5/28/1996,12865.2361
5/29/1996,12856.67294
5/30/1996,12866.50709
5/31/1996,12944.16157
6/3/1996,12891.65767
6/4/1996,12922.44156
6/5/1996,12938.9575
6/6/1996,13011.42447
6/7/1996,13013.57004
6/10/1996,12961.07678
6/11/1996,12980.79234
6/12/1996,13004.63767
6/13/1996,13082.84781
6/14/1996,13134.73788
6/17/1996,13166.54312
6/18/1996,13223.56904
6/19/1996,13254.69954
6/20/1996,13310.80757
6/21/1996,13277.36855
6/24/1996,13287.253
6/25/1996,13324.1075
6/26/1996,13404.48483
6/27/1996,13315.08154
6/28/1996,13386.73147
7/1/1996,13325.00104
7/2/1996,13382.43502
7/3/1996,13471.9382
7/4/1996,13468.88848
7/5/1996,13574.83025
7/8/1996,13555.81406
7/9/1996,13554.25102
7/10/1996,13570.30641
7/11/1996,13595.99676
7/12/1996,13608.99388
7/15/1996,13688.99573
7/16/1996,13504.96057
7/17/1996,13431.89861
7/18/1996,13369.40814
7/19/1996,13479.91598
7/22/1996,13474.6639
7/23/1996,13528.9626
7/24/1996,13429.69539
7/25/1996,13390.64504
7/26/1996,13367.26615
7/29/1996,13372.59471
7/30/1996,13345.01106
7/31/1996,13363.60238
8/1/1996,13301.02539
8/2/1996,13244.00251
8/5/1996,13302.59502
8/6/1996,13242.54818
8/7/1996,13195.25749
8/8/1996,13186.1312
8/9/1996,13220.45356
8/12/1996,13214.93228
8/13/1996,13262.90489
8/14/1996,13299.1248
8/15/1996,13285.94015
8/16/1996,13362.44048
8/19/1996,13368.47965
8/20/1996,13426.39976
8/21/1996,13452.88413
8/22/1996,13403.5437
8/23/1996,13451.35932
8/26/1996,13472.94994
8/27/1996,13417.46161
8/28/1996,13400.81574
8/29/1996,13447.02972
8/30/1996,13505.03386
9/2/1996,13502.01133
9/3/1996,13499.0921
9/4/1996,13564.14412
9/5/1996,13685.67026
9/6/1996,13650.57263
9/9/1996,13650.62616
9/10/1996,13673.20221
9/11/1996,13695.93745
9/12/1996,13647.96434
9/13/1996,13624.84418
9/16/1996,13634.53611
9/17/1996,13627.13922
9/18/1996,13642.44206
9/19/1996,13639.16577
9/20/1996,13636.71393
9/23/1996,13635.76046
9/24/1996,13624.27234
9/25/1996,13557.00656
9/26/1996,13597.56898
9/27/1996,13680.779
9/30/1996,13682.08092
10/1/1996,13747.43067
10/2/1996,13712.90051
10/3/1996,13748.07869
10/4/1996,13741.28461
10/7/1996,13733.07912
10/8/1996,13784.96129
10/9/1996,13811.44948
10/10/1996,13809.34713
10/11/1996,13812.04814
10/14/1996,13775.25339
10/15/1996,13751.46149
10/16/1996,13772.2426
10/17/1996,13822.74626
10/18/1996,13864.03213
10/21/1996,13930.70895
10/22/1996,14029.41489
10/23/1996,14003.53793
10/24/1996,14043.47053
10/25/1996,14050.02521
10/28/1996,14149.54693
10/29/1996,14115.07287
10/30/1996,14169.78117
10/31/1996,14121.29441
11/1/1996,14171.38592
11/4/1996,14222.38538
11/5/1996,14202.68112
11/6/1996,14153.80016
11/7/1996,14106.26612
11/8/1996,14076.42086
11/11/1996,14123.06223
11/12/1996,14154.17146
11/13/1996,14129.46848
11/14/1996,14141.69687
11/15/1996,14121.48319
11/18/1996,14118.45271
11/19/1996,14152.00937
11/20/1996,14285.68002
11/21/1996,14239.44224
11/22/1996,14189.44634
11/25/1996,14210.62432
11/26/1996,14234.92544
11/27/1996,14247.99904
11/28/1996,14244.89051
11/29/1996,14247.57848
12/2/1996,14134.22661
12/3/1996,14161.57865
12/4/1996,14112.23733
12/5/1996,14175.50425
12/6/1996,14107.54428
12/9/1996,14045.01574
12/10/1996,14079.31289
12/11/1996,14089.84515
12/12/1996,14128.23188
12/13/1996,14115.94039
12/16/1996,14261.01997
12/17/1996,14276.48759
12/18/1996,14226.04509
12/19/1996,14203.98029
12/20/1996,14227.48186
12/23/1996,14326.4667
12/24/1996,14385.92234
12/25/1996,14382.80172
12/26/1996,14433.85906
12/27/1996,14406.78074
12/30/1996,14436.44984
12/31/1996,14591.98621
1/1/1997,14588.81805
1/2/1997,14594.4413
1/3/1997,14517.50049
1/6/1997,14543.26839
1/7/1997,14581.82688
1/8/1997,14629.83534
1/9/1997,14688.08291
1/10/1997,14698.15862
1/13/1997,14726.5353
1/14/1997,14813.12774
1/15/1997,14896.8315
1/16/1997,14974.11223
1/17/1997,15038.77409
1/20/1997,15060.66549
1/21/1997,15103.3615
1/22/1997,15021.41252
1/23/1997,15140.9477
1/24/1997,15168.62122
1/27/1997,15128.98079
1/28/1997,15193.06708
1/29/1997,15247.67785
1/30/1997,15285.23994
1/31/1997,15158.67485
2/3/1997,15267.3809
2/4/1997,15253.7629
2/5/1997,15363.69424
2/6/1997,15320.92212
2/7/1997,15353.6321
2/10/1997,15384.21772
2/11/1997,15446.84392
2/12/1997,15433.13739
2/13/1997,15438.54408
2/14/1997,15479.2662
2/17/1997,15476.00111
2/18/1997,15568.21417
2/19/1997,15624.74684
2/20/1997,15761.09588
2/21/1997,15863.41571
2/24/1997,15855.44772
2/25/1997,15864.47949
2/26/1997,15938.06939
2/27/1997,16039.82197
2/28/1997,16047.3884
3/3/1997,16074.59201
3/4/1997,16110.67081
3/5/1997,16016.65084
3/6/1997,16098.97903
3/7/1997,16064.31812
3/10/1997,16110.84924
3/11/1997,16158.37952
3/12/1997,16232.58541
3/13/1997,16318.67451
3/14/1997,16324.66381
3/17/1997,16328.2646
3/18/1997,16407.97443
3/19/1997,16448.6264
3/20/1997,16389.55408
3/21/1997,16425.44653
3/24/1997,16452.3044
3/25/1997,16438.84597
3/26/1997,16424.90624
3/27/1997,16444.09531
3/28/1997,16440.5987
3/31/1997,16523.11179
4/1/1997,16502.79543
4/2/1997,16501.59493
4/3/1997,16424.48463
4/4/1997,16212.6592
4/7/1997,16180.72949
4/8/1997,16078.517
4/9/1997,16138.13299
4/10/1997,16295.20512
4/11/1997,16337.3456
4/14/1997,16266.38542
4/15/1997,16207.40641
4/16/1997,16255.26392
4/17/1997,16257.69354
4/18/1997,16310.53443
4/21/1997,16390.20648
4/22/1997,16364.47436
4/23/1997,16364.11101
4/24/1997,16353.80568
4/25/1997,16480.3725
4/28/1997,16418.26877
4/29/1997,16304.15778
4/30/1997,16276.17392
5/1/1997,16195.31507
5/2/1997,16112.54377
5/5/1997,15808.66354
5/6/1997,15828.13375
5/7/1997,15923.00917
5/8/1997,15835.58495
5/9/1997,15891.5331
5/12/1997,15843.02083
5/13/1997,15910.75975
5/14/1997,15973.50115
5/15/1997,15896.33519
5/16/1997,16125.0595
5/19/1997,16101.00713
5/20/1997,16040.7713
5/21/1997,15953.61572
5/22/1997,15966.19473
5/23/1997,15991.8266
5/26/1997,15988.41115
5/27/1997,15972.17634
5/28/1997,15916.62382
5/29/1997,15993.08157
5/30/1997,15990.28385
6/2/1997,15976.29839
6/3/1997,16052.28132
6/4/1997,16190.27729
6/5/1997,16183.78124
6/6/1997,16218.3606
6/9/1997,16229.23744
6/10/1997,16250.09263
6/11/1997,16271.94691
6/12/1997,16286.52328
6/13/1997,16308.72783
6/16/1997,16366.97363
6/17/1997,16312.15796
6/18/1997,16385.68037
6/19/1997,16376.25372
6/20/1997,16459.59062
6/23/1997,16632.28526
6/24/1997,16614.26287
6/25/1997,16688.61971
6/26/1997,16775.88647
6/27/1997,16799.84824
6/30/1997,16860.14798
7/1/1997,16878.73153
7/2/1997,16856.96416
7/3/1997,16888.64501
7/4/1997,16885.10017
7/7/1997,16787.62291
7/8/1997,16776.06973
7/9/1997,16799.82183
7/10/1997,16810.34022
7/11/1997,16831.123
7/14/1997,16767.42215
7/15/1997,16760.99071
7/16/1997,16690.55185
7/17/1997,16795.26582
7/18/1997,16927.86526
7/21/1997,16950.40575
7/22/1997,16852.49779
7/23/1997,16828.04469
7/24/1997,16841.61515
7/25/1997,16826.69866
7/28/1997,16927.79222
7/29/1997,16904.65753
7/30/1997,16955.56054
7/31/1997,16973.19421
8/1/1997,17173.10134
8/4/1997,17099.95102
8/5/1997,17033.52935
8/6/1997,17100.58208
8/7/1997,17147.60846
8/8/1997,17265.98738
8/11/1997,17251.59649
8/12/1997,17310.07855
8/13/1997,17294.16972
8/14/1997,17333.01552
8/15/1997,17418.58937
8/18/1997,17401.00346
8/19/1997,17320.94451
8/20/1997,17278.95512
8/21/1997,17326.45476
8/22/1997,17293.68115
8/25/1997,17224.49997
8/26/1997,17210.16198
8/27/1997,17252.21158
8/28/1997,17376.24271
8/29/1997,17337.32411
9/1/1997,17333.67767
9/2/1997,17387.48721
9/3/1997,17544.12589
9/4/1997,17512.07486
9/5/1997,17544.01951
9/8/1997,17553.02958
9/9/1997,17682.8903
9/10/1997,17838.56861
9/11/1997,17756.48164
9/12/1997,17773.31308
9/15/1997,17800.95458
9/16/1997,17934.7322
9/17/1997,17890.10304
9/18/1997,17927.29916
9/19/1997,18010.62418
9/22/1997,18093.68317
9/23/1997,18256.80874
9/24/1997,18369.15833
9/25/1997,18480.43369
9/26/1997,18584.06413
9/29/1997,18594.34588
9/30/1997,18753.54918
10/1/1997,18903.79605
10/2/1997,18908.61391
10/3/1997,18961.97563
10/6/1997,19000.72656
10/7/1997,19051.65636
10/8/1997,19145.69892
10/9/1997,19156.4699
10/10/1997,19224.83036
10/13/1997,19254.46238
10/14/1997,19307.65951
10/15/1997,19425.96145
10/16/1997,19513.80168
10/17/1997,19469.06929
10/20/1997,19340.77129
10/21/1997,19436.41661
10/22/1997,19424.50281
10/23/1997,19445.14231
10/24/1997,19602.34088
10/27/1997,19739.31199
10/28/1997,19222.70809
10/29/1997,19370.86513
10/30/1997,19555.62262
10/31/1997,19577.32942
11/3/1997,19360.24927
11/4/1997,19402.91828
11/5/1997,19346.26854
11/6/1997,19429.56874
11/7/1997,19515.52228
11/10/1997,19638.7629
11/11/1997,19743.42529
11/12/1997,19958.01262
11/13/1997,19795.59693
11/14/1997,19644.90365
11/17/1997,19445.37622
11/18/1997,19604.28443
11/19/1997,19610.07122
11/20/1997,19565.02831
11/21/1997,19657.44408
11/24/1997,19873.03661
11/25/1997,19859.0325
11/26/1997,19943.99007
11/27/1997,19940.13217
11/28/1997,19903.07179
12/1/1997,19741.99847
12/2/1997,19893.40312
12/3/1997,19985.50454
12/4/1997,19984.06638
12/5/1997,20010.92433
12/8/1997,19921.9491
12/9/1997,20101.65452
12/10/1997,20315.42213
12/11/1997,20523.10713
12/12/1997,20704.46705
12/15/1997,20790.66101
12/16/1997,20732.84772
12/17/1997,20813.80084
12/18/1997,20974.70868
12/19/1997,20954.89957
12/22/1997,20899.82537
12/23/1997,21200.40863
12/24/1997,21332.40369
12/25/1997,21328.27534
12/26/1997,21347.76854
12/29/1997,21174.93743
12/30/1997,21144.32186
12/31/1997,21221.96894
1/1/1998,21217.74599
1/2/1998,21093.69141
1/5/1998,20931.11993
1/6/1998,20882.32448
1/7/1998,20906.05115
1/8/1998,20836.5899
1/9/1998,21014.28514
1/12/1998,20896.38402
1/13/1998,20868.89952
1/14/1998,20866.91319
1/15/1998,20915.23875
1/16/1998,21054.36473
1/19/1998,21050.17678
1/20/1998,20770.28633
1/21/1998,20690.96535
1/22/1998,20952.24003
1/23/1998,21042.51692
1/26/1998,21068.16102
1/27/1998,21076.73975
1/28/1998,20980.35474
1/29/1998,20926.92594
1/30/1998,20932.66821
2/2/1998,20684.52411
2/3/1998,20485.21887
2/4/1998,20477.2698
2/5/1998,20527.27037
2/6/1998,20671.22724
2/9/1998,20681.29322
2/10/1998,20696.0272
2/11/1998,20723.97471
2/12/1998,20756.1271
2/13/1998,20961.39404
2/16/1998,20957.38416
2/17/1998,20925.52044
2/18/1998,20862.7874
2/19/1998,20816.76273
2/20/1998,20807.54976
2/23/1998,20760.42456
2/24/1998,20985.00584
2/25/1998,20840.12099
2/26/1998,20847.87344
2/27/1998,20954.32288
3/2/1998,20978.58292
3/3/1998,21015.34641
3/4/1998,20981.68375
3/5/1998,21125.33649
3/6/1998,21091.95812
3/9/1998,21181.51826
3/10/1998,21012.08412
3/11/1998,21039.07709
3/12/1998,21060.09967
3/13/1998,21105.90174
3/16/1998,21077.50211
3/17/1998,21159.34077
3/18/1998,21171.49935
3/19/1998,21215.89401
3/20/1998,21351.90841
3/23/1998,21416.01468
3/24/1998,21324.86234
3/25/1998,21382.8813
3/26/1998,21368.10676
3/27/1998,21512.28377
3/30/1998,21564.72499
3/31/1998,21725.8765
4/1/1998,21733.61774
4/2/1998,21735.0482
4/3/1998,21949.2065
4/6/1998,22092.59809
4/7/1998,22130.96059
4/8/1998,22113.08704
4/9/1998,22107.11574
4/10/1998,22102.92282
4/13/1998,22217.45968
4/14/1998,22045.10225
4/15/1998,22028.41858
4/16/1998,22154.26936
4/17/1998,22079.28598
4/20/1998,22101.0019
4/21/1998,22082.18601
4/22/1998,22276.47905
4/23/1998,22450.6272
4/24/1998,22455.27427
4/27/1998,22354.05199
4/28/1998,22360.22563
4/29/1998,22344.13535
4/30/1998,22402.80841
5/1/1998,22444.61476
5/4/1998,22327.6324
5/5/1998,22400.16001
5/6/1998,22403.37028
5/7/1998,22466.40231
5/8/1998,22391.32484
5/11/1998,22525.50254
5/12/1998,22402.86658
5/13/1998,22349.97257
5/14/1998,22309.9819
5/15/1998,22484.27226
5/18/1998,22487.64646
5/19/1998,22430.75478
5/20/1998,22533.80007
5/21/1998,22587.65936
5/22/1998,22683.38859
5/25/1998,22679.57861
5/26/1998,22777.56533
5/27/1998,22637.64682
5/28/1998,22636.40618
5/29/1998,22795.45419
6/1/1998,22925.79873
6/2/1998,22926.32917
6/3/1998,23047.06233
6/4/1998,22870.73872
6/5/1998,22734.44671
6/8/1998,22710.06296
6/9/1998,22552.53373
6/10/1998,22726.03886
6/11/1998,22845.28224
6/12/1998,22756.79301
6/15/1998,22841.77399
6/16/1998,22707.07807
6/17/1998,22620.48101
6/18/1998,22707.12797
6/19/1998,22720.95895
6/22/1998,22612.35404
6/23/1998,22460.7391
6/24/1998,22290.43594
6/25/1998,22302.37611
6/26/1998,22392.42618
6/29/1998,22396.88486
6/30/1998,22520.19943
7/1/1998,22433.03232
7/2/1998,22537.18146
7/3/1998,22533.3587
7/6/1998,22438.80356
7/7/1998,22538.17943
7/8/1998,22402.493
7/9/1998,22510.72816
7/10/1998,22474.6958
7/13/1998,22428.72172
7/14/1998,22376.93666
7/15/1998,22218.75964
7/16/1998,22200.7773
7/17/1998,22229.67774
7/20/1998,22288.03211
7/21/1998,22446.01815
7/22/1998,22458.55507
7/23/1998,22651.85898
7/24/1998,22657.91553
7/27/1998,22543.99855
7/28/1998,22589.42077
7/29/1998,22611.97338
7/30/1998,22411.29514
7/31/1998,22447.09198
8/3/1998,22476.19686
8/4/1998,22478.08306
8/5/1998,22247.60483
8/6/1998,21991.59881
8/7/1998,21861.3559
8/10/1998,21968.45383
8/11/1998,21947.24134
8/12/1998,21857.95349
8/13/1998,21921.41833
8/14/1998,22022.39095
8/17/1998,21960.80202
8/18/1998,21812.86139
8/19/1998,21838.51244
8/20/1998,21940.68018
8/21/1998,21956.10861
8/24/1998,21992.11997
8/25/1998,21954.41605
8/26/1998,22002.31064
8/27/1998,22051.45734
8/28/1998,22094.20729
8/31/1998,22252.67902
9/1/1998,21576.73891
9/2/1998,21375.62646
9/3/1998,21408.39866
9/4/1998,21344.90443
9/7/1998,21341.59878
9/8/1998,20853.88876
9/9/1998,21095.3916
9/10/1998,21255.37491
9/11/1998,20922.90946
9/14/1998,20581.03351
9/15/1998,20579.86415
9/16/1998,20516.87098
9/17/1998,20716.27106
9/18/1998,20707.85972
9/21/1998,20683.66544
9/22/1998,20710.08778
9/23/1998,20350.57078
9/24/1998,20619.32767
9/25/1998,20629.89488
9/28/1998,20761.52308
9/29/1998,20953.54843
9/30/1998,21413.61256
10/1/1998,21650.87679
10/2/1998,21638.58534
10/5/1998,21827.39651
10/6/1998,21832.52223
10/7/1998,22071.95127
10/8/1998,21840.43324
10/9/1998,21300.60408
10/12/1998,20922.34169
10/13/1998,21077.35857
10/14/1998,20988.72994
10/15/1998,20666.01879
10/16/1998,20475.15922
10/19/1998,20189.89831
10/20/1998,20156.9443
10/21/1998,19999.03242
10/22/1998,19773.05051
10/23/1998,19697.21019
10/26/1998,19494.88592
10/27/1998,19566.62251
10/28/1998,19706.63261
10/29/1998,19608.62772
10/30/1998,19582.42068
11/2/1998,19377.99804
11/3/1998,19381.23129
11/4/1998,19233.97148
11/5/1998,19082.4735
11/6/1998,19029.55149
11/9/1998,19098.00428
11/10/1998,19257.58352
11/11/1998,19248.62128
11/12/1998,19350.40921
11/13/1998,19315.5562
11/16/1998,19373.47646
11/17/1998,19314.49922
11/18/1998,19275.99201
11/19/1998,19158.90824
11/20/1998,19111.76344
11/23/1998,18886.81172
11/24/1998,18930.61792
11/25/1998,18810.54765
11/26/1998,18807.91554
11/27/1998,18570.90435
11/30/1998,18828.30847
12/1/1998,18824.44653
12/2/1998,18792.90772
12/3/1998,18845.45582
12/4/1998,18698.10735
12/7/1998,18580.01573
12/8/1998,18614.00817
12/9/1998,18531.45895
12/10/1998,18726.64119
12/11/1998,18693.46924
12/14/1998,18882.14195
12/15/1998,18786.41644
12/16/1998,18715.41398
12/17/1998,18615.6697
12/18/1998,18587.61046
12/21/1998,18487.88109
12/22/1998,18475.61515
12/23/1998,18356.13787
12/24/1998,18382.07725
12/25/1998,18379.36264
12/28/1998,18349.42563
12/29/1998,18360.62328
12/30/1998,18318.89685
12/31/1998,18297.98497
1/1/1999,18295.30208
1/4/1999,18266.3813
1/5/1999,18104.70624
1/6/1999,17715.03195
1/7/1999,17662.79385
1/8/1999,17568.26902
1/11/1999,17409.29937
1/12/1999,17514.44283
1/13/1999,17449.83892
1/14/1999,17459.28271
1/15/1999,17295.09859
1/18/1999,17292.59101
1/19/1999,17192.13809
1/20/1999,17204.3716
1/21/1999,17416.57857
1/22/1999,17418.07359
1/25/1999,17465.1808
1/26/1999,17359.65487
1/27/1999,17542.8483
1/28/1999,17485.00038
1/29/1999,17530.34127
2/1/1999,17402.2396
2/2/1999,17456.22377
2/3/1999,17386.92711
2/4/1999,17489.14097
2/5/1999,17585.72791
2/8/1999,17608.70752
2/9/1999,17769.27259
2/10/1999,17759.05543
2/11/1999,17555.76832
2/12/1999,17612.10712
2/15/1999,17609.51606
2/16/1999,17617.2941
2/17/1999,17730.81049
2/18/1999,17723.23898
2/19/1999,17646.30499
2/22/1999,17504.0578
2/23/1999,17501.6401
2/24/1999,17519.5945
2/25/1999,17575.89576
2/26/1999,17706.88951
3/1/1999,17657.55308
3/2/1999,17677.47207
3/3/1999,17746.29108
3/4/1999,17652.06887
3/5/1999,17631.07771
3/8/1999,17453.66733
3/9/1999,17457.48389
3/10/1999,17308.37342
3/11/1999,17285.97371
3/12/1999,17299.57539
3/15/1999,17175.16185
3/16/1999,17139.16209
3/17/1999,17019.25642
3/18/1999,16974.59768
3/19/1999,17086.55118
3/22/1999,17112.67257
3/23/1999,17273.17877
3/24/1999,17249.49317
3/25/1999,17018.90118
3/26/1999,16932.86354
3/29/1999,16725.33831
3/30/1999,16758.48776
3/31/1999,16409.17893
4/1/1999,16485.75482
4/2/1999,16483.29397
4/5/1999,16372.42731
4/6/1999,16375.90957
4/7/1999,16387.20602
4/8/1999,16250.82466
4/9/1999,16152.14943
4/12/1999,16146.73709
4/13/1999,16084.82918
4/14/1999,15941.60565
4/15/1999,15941.07554
4/16/1999,15921.89326
4/19/1999,16348.80179
4/20/1999,16310.92159
4/21/1999,16166.68216
4/22/1999,16111.28201
4/23/1999,16163.2881
4/26/1999,16124.56741
4/27/1999,16067.90848
4/28/1999,16192.43696
4/29/1999,16285.17274
4/30/1999,16370.58175
5/3/1999,16309.79919
5/4/1999,16422.92462
5/5/1999,16485.76084
5/6/1999,16619.76447
5/7/1999,16563.55722
5/10/1999,16535.23441
5/11/1999,16514.78175
5/12/1999,16438.43478
5/13/1999,16465.41744
5/14/1999,16570.05311
5/17/1999,16655.16094
5/18/1999,16605.89567
5/19/1999,16595.6749
5/20/1999,16633.70646
5/21/1999,16821.65915
5/24/1999,16978.94817
5/25/1999,17082.73372
5/26/1999,17038.39047
5/27/1999,17051.35731
5/28/1999,17027.90153
5/31/1999,17025.28605
6/1/1999,17074.48815
6/2/1999,17006.93057
6/3/1999,16986.70335
6/4/1999,16849.18634
6/7/1999,16810.80788
6/8/1999,16909.56623
6/9/1999,16878.44479
6/10/1999,16876.8289
6/11/1999,16918.30776
6/14/1999,17018.47014
6/15/1999,16954.95818
6/16/1999,16866.50315
6/17/1999,16768.46433
6/18/1999,16762.87807
6/21/1999,16669.72507
6/22/1999,16776.00402
6/23/1999,16821.35105
6/24/1999,16925.60446
6/25/1999,17031.13341
6/28/1999,16968.08484
6/29/1999,16931.83973
6/30/1999,16897.49261
7/1/1999,16789.69536
7/2/1999,16761.53107
7/5/1999,16758.82092
7/6/1999,16666.93708
7/7/1999,16731.95833
7/8/1999,16623.33732
7/9/1999,16575.92085
7/12/1999,16503.62041
7/13/1999,16558.96716
7/14/1999,16440.44889
7/15/1999,16415.49816
7/16/1999,16365.75311
7/19/1999,16463.77951
7/20/1999,16694.67893
7/21/1999,16714.37723
7/22/1999,16853.07369
7/23/1999,16863.33906
7/26/1999,16998.66674
7/27/1999,16836.75488
7/28/1999,16761.91573
7/29/1999,16852.73858
7/30/1999,16898.96582
8/2/1999,16968.20322
8/3/1999,17152.88486
8/4/1999,17264.65956
8/5/1999,17182.46932
8/6/1999,17163.44983
8/9/1999,17120.9361
8/10/1999,17120.32564
8/11/1999,16998.9034
8/12/1999,16878.16756
8/13/1999,16749.42851
8/16/1999,16705.71152
8/17/1999,16639.95234
8/18/1999,16598.8299
8/19/1999,16636.87112
8/20/1999,16612.87319
8/23/1999,16465.4303
8/24/1999,16430.2691
8/25/1999,16394.89438
8/26/1999,16401.17503
8/27/1999,16412.55489
8/30/1999,16442.22341
8/31/1999,16445.09936
9/1/1999,16325.47517
9/2/1999,16348.10938
9/3/1999,16144.23565
9/6/1999,16141.51524
9/7/1999,16063.01109
9/8/1999,16058.87504
9/9/1999,15876.1881
9/10/1999,15735.44751
9/13/1999,15776.91223
9/14/1999,15709.87216
9/15/1999,15842.3932
9/16/1999,15858.11236
9/17/1999,15695.69231
9/20/1999,15693.12351
9/21/1999,15780.18802
9/22/1999,15738.30247
9/23/1999,15843.54706
9/24/1999,15857.52357
9/27/1999,15840.23751
9/28/1999,15936.51628
9/29/1999,15687.17161
9/30/1999,15625.58994
10/1/1999,15803.38689
10/4/1999,15736.71842
10/5/1999,15699.29519
10/6/1999,15497.80628
10/7/1999,15497.96053
10/8/1999,15580.70892
10/11/1999,15470.36561
10/12/1999,15481.88155
10/13/1999,15601.68336
10/14/1999,15557.28744
10/15/1999,15626.26702
10/18/1999,15731.11095
10/19/1999,15601.43717
10/20/1999,15511.35937
10/21/1999,15432.94703
10/22/1999,15369.82445
10/25/1999,15315.02976
10/26/1999,15369.53231
10/27/1999,15420.41499
10/28/1999,15319.66073
10/29/1999,15246.165
11/1/1999,15110.7429
11/2/1999,15109.76688
11/3/1999,15001.42928
11/4/1999,14917.70997
11/5/1999,14800.39648
11/8/1999,14685.4031
11/9/1999,14606.35474
11/10/1999,14374.04055
11/11/1999,14261.74464
11/12/1999,14149.10041
11/15/1999,14063.48228
11/16/1999,13975.35266
11/17/1999,13847.79806
11/18/1999,13762.3704
11/19/1999,13734.29474
11/22/1999,13601.65919
11/23/1999,13692.04209
11/24/1999,13551.60974
11/25/1999,13549.34247
11/26/1999,13219.70115
11/29/1999,13242.91503
11/30/1999,13424.27564
12/1/1999,13328.56658
12/2/1999,13128.76446
12/3/1999,13093.67304
12/6/1999,13016.2028
12/7/1999,12900.85097
12/8/1999,12716.10386
12/9/1999,12597.60487
12/10/1999,12553.71959
12/13/1999,12363.54091
12/14/1999,12418.09367
12/15/1999,12504.70108
12/16/1999,12413.41552
12/17/1999,12382.77145
12/20/1999,12335.00469
12/21/1999,12165.88323
12/22/1999,12085.54769
12/23/1999,11976.47099
12/24/1999,11974.36857
12/27/1999,11898.71707
12/28/1999,11923.87616
12/29/1999,11783.07997
12/30/1999,11843.26338
12/31/1999,11885.49286
1/3/2000,11817.44618
1/4/2000,11971.01854
1/5/2000,11999.34639
1/6/2000,12026.98305
1/7/2000,11961.99396
1/10/2000,11802.46378
1/11/2000,11840.10677
1/12/2000,11886.78579
1/13/2000,11763.82454
1/14/2000,11679.66008
1/17/2000,11677.55542
1/18/2000,11595.22055
1/19/2000,11571.96185
1/20/2000,11500.70259
1/21/2000,11463.76012
1/24/2000,11583.75969
1/25/2000,11494.85707
1/26/2000,11463.85668
1/27/2000,11583.95922
1/28/2000,11788.21327
1/31/2000,11889.986
2/1/2000,11781.68369
2/2/2000,11689.31229
2/3/2000,11585.00135
2/4/2000,11551.1307
2/7/2000,11414.57792
2/8/2000,11305.53072
2/9/2000,11343.26567
2/10/2000,11139.94584
2/11/2000,11136.48096
2/14/2000,11043.08315
2/15/2000,11030.22894
2/16/2000,10955.91341
2/17/2000,10828.09847
2/18/2000,10942.61574
2/21/2000,10940.51989
2/22/2000,11008.77231
2/23/2000,10821.85446
2/24/2000,10671.63623
2/25/2000,10674.27898
2/28/2000,10540.28898
2/29/2000,10339.70584
3/1/2000,10215.68756
3/2/2000,10202.00132
3/3/2000,10090.57889
3/6/2000,10040.46269
3/7/2000,10125.58934
3/8/2000,10128.83284
3/9/2000,9963.084789
3/10/2000,9922.508971
3/13/2000,10009.49574
3/14/2000,10198.8427
3/15/2000,10255.54215
3/16/2000,10209.13034
3/17/2000,10222.80325
3/20/2000,10414.11839
3/21/2000,10350.83692
3/22/2000,10196.07602
3/23/2000,10134.52076
3/24/2000,10144.8054
3/27/2000,10210.85934
3/28/2000,10242.1575
3/29/2000,10376.21332
3/30/2000,10513.83586
3/31/2000,10348.44038
4/3/2000,10590.31637
4/4/2000,10737.50424
4/5/2000,10660.33096
4/6/2000,10527.12701
4/7/2000,10467.07431
4/10/2000,10691.09057
4/11/2000,10791.58187
4/12/2000,10994.35814
4/13/2000,11080.60088
4/14/2000,11408.58259
4/17/2000,11313.74195
4/18/2000,11000.80536
4/19/2000,11014.0779
4/20/2000,11064.02875
4/21/2000,11061.78054
4/24/2000,11231.24018
4/25/2000,11054.69852
4/26/2000,11153.95608
4/27/2000,11061.63363
4/28/2000,11045.4362
5/1/2000,10835.90703
5/2/2000,10996.56535
5/3/2000,11182.25154
5/4/2000,11155.12315
5/5/2000,11042.64273
5/8/2000,11193.03622
5/9/2000,11327.72222
5/10/2000,11575.54654
5/11/2000,11475.94598
5/12/2000,11421.44552
5/15/2000,11354.19703
5/16/2000,11228.23337
5/17/2000,11243.69999
5/18/2000,11362.91268
5/19/2000,11527.91833
5/22/2000,11662.68418
5/23/2000,11817.49849
5/24/2000,11827.13078
5/25/2000,11906.187
5/26/2000,11963.25426
5/29/2000,11960.76096
5/30/2000,11750.64174
5/31/2000,11705.40637
6/1/2000,11402.90485
6/2/2000,10966.86758
6/5/2000,10860.55034
6/6/2000,10843.70068
6/7/2000,10742.68781
6/8/2000,10792.14261
6/9/2000,10691.70329
6/12/2000,10866.83424
6/13/2000,10891.11323
6/14/2000,10968.88512
6/15/2000,10981.68211
6/16/2000,10952.72342
6/19/2000,10825.05861
6/20/2000,10709.43578
6/21/2000,10553.65945
6/22/2000,10660.62685
6/23/2000,10708.13449
6/26/2000,10590.97276
6/27/2000,10655.69432
6/28/2000,10605.35756
6/29/2000,10602.9698
6/30/2000,10518.13581
7/3/2000,10532.63121
7/4/2000,10530.37409
7/5/2000,10630.82056
7/6/2000,10623.51646
7/7/2000,10538.05482
7/10/2000,10583.58216
7/11/2000,10601.3844
7/12/2000,10473.99203
7/13/2000,10444.10085
7/14/2000,10390.20934
7/17/2000,10311.44003
7/18/2000,10376.93917
7/19/2000,10529.93937
7/20/2000,10475.59985
7/21/2000,10605.19281
7/24/2000,10652.86178
7/25/2000,10688.14499
7/26/2000,10787.61392
7/27/2000,11017.50204
7/28/2000,11181.84634
7/31/2000,11161.25075
8/1/2000,11208.96776
8/2/2000,11284.20303
8/3/2000,11286.80453
8/4/2000,11190.89894
8/7/2000,11131.342
8/8/2000,11202.44171
8/9/2000,11228.28372
8/10/2000,11318.29316
8/11/2000,11329.86538
8/14/2000,11286.06236
8/15/2000,11309.10692
8/16/2000,11276.84903
8/17/2000,11171.23974
8/18/2000,11113.19729
8/21/2000,11037.07504
8/22/2000,11040.95822
8/23/2000,10978.37153
8/24/2000,10862.77912
8/25/2000,10853.81456
8/28/2000,10781.05182
8/29/2000,10725.79518
8/30/2000,10678.35236
8/31/2000,10581.81728
9/1/2000,10555.34827
9/4/2000,10552.9043
9/5/2000,10623.43306
9/6/2000,10760.22434
9/7/2000,10741.04488
9/8/2000,10863.78207
9/11/2000,10992.99793
9/12/2000,11017.99137
9/13/2000,11018.83992
9/14/2000,10945.194
9/15/2000,11033.11375
9/18/2000,11197.0018
9/19/2000,11095.65169
9/20/2000,11039.44506
9/21/2000,11122.70538
9/22/2000,11109.18909
9/25/2000,11162.86427
9/26/2000,11274.86389
9/27/2000,11382.22334
9/28/2000,11313.17872
9/29/2000,11442.38818
10/2/2000,11479.74587
10/3/2000,11582.87086
10/4/2000,11465.02479
10/5/2000,11518.69158
10/6/2000,11699.28785
10/9/2000,11745.50446
10/10/2000,11905.19338
10/11/2000,11972.69313
10/12/2000,12119.72986
10/13/2000,11877.99615
10/16/2000,11846.35271
10/17/2000,11953.73629
10/18/2000,11956.33779
10/19/2000,11669.9186
10/20/2000,11561.57423
10/23/2000,11464.07616
10/24/2000,11507.74687
10/25/2000,11652.48298
10/26/2000,11647.41197
10/27/2000,11700.86562
10/30/2000,11801.03429
10/31/2000,11584.43896
11/1/2000,11623.10043
11/2/2000,11434.62824
11/3/2000,11398.70249
11/6/2000,11409.71677
11/7/2000,11433.12619
11/8/2000,11602.11454
11/9/2000,11749.17956
11/10/2000,11951.42799
11/13/2000,12084.96324
11/14/2000,11913.63336
11/15/2000,11970.39968
11/16/2000,12136.28553
11/17/2000,12208.65939
11/20/2000,12469.77154
11/21/2000,12583.85995
11/22/2000,12786.83116
11/23/2000,12783.77629
11/24/2000,12613.45339
11/27/2000,12617.8605
11/28/2000,12885.09494
11/29/2000,13012.2063
11/30/2000,13142.23327
12/1/2000,12933.16459
12/4/2000,13162.28865
12/5/2000,12675.49535
12/6/2000,12864.44297
12/7/2000,13065.7218
12/8/2000,12749.35299
12/11/2000,12502.58624
12/12/2000,12683.09226
12/13/2000,12871.76392
12/14/2000,13059.9385
12/15/2000,13259.18107
12/18/2000,13486.2195
12/19/2000,13740.73387
12/20/2000,14053.58793
12/21/2000,14171.04938
12/22/2000,13944.19352
12/25/2000,13940.90877
12/26/2000,14187.4006
12/27/2000,14193.78445
12/28/2000,14130.77405
12/29/2000,14235.78292
1/1/2001,14232.54847
1/2/2001,14410.4695
1/3/2001,13575.05329
1/4/2001,13348.69774
1/5/2001,13643.44391
1/8/2001,13853.98549
1/9/2001,13708.767
1/10/2001,13400.93467
1/11/2001,12760.07191
1/12/2001,12476.25091
1/15/2001,12473.41974
1/16/2001,12218.28665
1/17/2001,11915.22313
1/18/2001,11733.0759
1/19/2001,11837.51933
1/22/2001,11908.47631
1/23/2001,11782.68402
1/24/2001,11706.78353
1/25/2001,11985.46154
1/26/2001,12070.19708
1/29/2001,11856.22724
1/30/2001,11822.99665
1/31/2001,11905.24098
2/1/2001,11978.40108
2/2/2001,12246.66177
2/5/2001,12404.66161
2/6/2001,12380.45383
2/7/2001,12557.96622
2/8/2001,12658.68996
2/9/2001,12877.41373
2/12/2001,12886.94016
2/13/2001,12990.27769
2/14/2001,12971.659
2/15/2001,12894.57904
2/16/2001,13115.98326
2/19/2001,13113.42859
2/20/2001,13334.87494
2/21/2001,13488.44146
2/22/2001,13517.08159
2/23/2001,13457.8543
2/26/2001,13432.50773
2/27/2001,13611.48466
2/28/2001,13729.20594
3/1/2001,13800.65414
3/2/2001,13855.69465
3/5/2001,13865.60151
3/6/2001,13670.1639
3/7/2001,13765.54053
3/8/2001,14051.5644
3/9/2001,14356.95479
3/12/2001,14714.84836
3/13/2001,14538.71479
3/14/2001,14554.74668
3/15/2001,14579.97042
3/16/2001,14794.86138
3/19/2001,14631.21165
3/20/2001,14807.57536
3/21/2001,14897.54181
3/22/2001,14660.31633
3/23/2001,14420.93384
3/26/2001,14522.89761
3/27/2001,14571.31957
3/28/2001,14801.85502
3/29/2001,14972.44535
3/30/2001,15177.36852
4/2/2001,15453.21268
4/3/2001,15849.67226
4/4/2001,16115.09376
4/5/2001,15582.97239
4/6/2001,15669.60485
4/9/2001,15608.67895
4/10/2001,15304.85127
4/11/2001,15116.82155
4/12/2001,14863.38496
4/13/2001,14860.82102
4/16/2001,15125.2076
4/17/2001,15150.9248
4/18/2001,14542.75617
4/19/2001,14193.0878
4/20/2001,14190.64027
4/23/2001,14543.94767
4/24/2001,14679.0713
4/25/2001,14574.29946
4/26/2001,14651.85623
4/27/2001,14589.23371
4/30/2001,14453.07308
5/1/2001,14390.22813
5/2/2001,14164.2847
5/3/2001,14336.46786
5/4/2001,14313.19807
5/7/2001,14377.20563
5/8/2001,14380.8826
5/9/2001,14528.90216
5/10/2001,14547.9791
5/11/2001,14767.2095
5/14/2001,14984.93766
5/15/2001,15039.30777
5/16/2001,14994.23645
5/17/2001,14900.61246
5/18/2001,14938.98013
5/21/2001,14685.83964
5/22/2001,14564.10324
5/23/2001,14818.00537
5/24/2001,14776.59844
5/25/2001,14813.1325
5/28/2001,14810.76537
5/29/2001,15101.94502
5/30/2001,15432.87566
5/31/2001,15391.45645
6/1/2001,15386.44107
6/4/2001,15417.73387
6/5/2001,15221.43602
6/6/2001,15187.10751
6/7/2001,15039.22473
6/8/2001,15139.24931
6/11/2001,15378.13424
6/12/2001,15494.67404
6/13/2001,15585.16087
6/14/2001,15818.77306
6/15/2001,15863.62532
6/18/2001,16064.48467
6/19/2001,16156.40747
6/20/2001,16133.42306
6/21/2001,16043.10126
6/22/2001,16102.66764
6/25/2001,16131.56721
6/26/2001,16151.9124
6/27/2001,16068.26101
6/28/2001,15928.10322
6/29/2001,15917.38904
7/2/2001,15966.49916
7/3/2001,15977.43349
7/4/2001,15975.04051
7/5/2001,16212.66083
7/6/2001,16433.74854
7/9/2001,16381.36966
7/10/2001,16605.06154
7/11/2001,16712.88727
7/12/2001,16488.50773
7/13/2001,16539.93668
7/16/2001,16681.29015
7/17/2001,16708.37286
7/18/2001,16864.13119
7/19/2001,16876.23796
7/20/2001,16874.20692
7/23/2001,16874.84534
7/24/2001,16965.94559
7/25/2001,17057.63696
7/26/2001,17005.03612
7/27/2001,16978.12047
7/30/2001,17011.18705
7/31/2001,17045.99698
8/1/2001,17015.27119
8/2/2001,17003.2331
8/3/2001,16992.28253
8/6/2001,17073.68415
8/7/2001,17083.87968
8/8/2001,17330.97906
8/9/2001,17485.87007
8/10/2001,17583.22093
8/13/2001,17631.52125
8/14/2001,17730.99624
8/15/2001,17994.94083
8/16/2001,18102.03715
8/17/2001,18275.08336
8/20/2001,18288.81993
8/21/2001,18463.79014
8/22/2001,18430.80873
8/23/2001,18454.36144
8/24/2001,18188.58749
8/27/2001,18069.50946
8/28/2001,18138.23605
8/29/2001,18154.74939
8/30/2001,18295.33142
8/31/2001,18230.41782
9/3/2001,18227.84904
9/4/2001,18391.79132
9/5/2001,18613.48422
9/6/2001,18801.65029
9/7/2001,18707.7909
9/10/2001,18761.86595
9/11/2001,18759.22702
9/12/2001,18756.58844
9/13/2001,18753.95021
9/14/2001,18751.31233
9/17/2001,18897.48348
9/18/2001,19098.00954
9/19/2001,18945.59617
9/20/2001,18805.76907
9/21/2001,18706.67835
9/24/2001,18480.49007
9/25/2001,18555.34245
9/26/2001,18791.74614
9/27/2001,19009.0982
9/28/2001,19178.09004
10/1/2001,19241.5788
10/2/2001,19201.62248
10/3/2001,18732.14071
10/4/2001,18596.02824
10/5/2001,18648.09748
10/8/2001,18625.28088
10/9/2001,18796.61583
10/10/2001,18467.18647
10/11/2001,17891.03191
10/12/2001,17837.84634
10/15/2001,17813.41058
10/16/2001,17700.57396
10/17/2001,17965.35236
10/18/2001,18002.93543
10/19/2001,17946.97141
10/22/2001,17861.55357
10/23/2001,17756.75132
10/24/2001,17620.51666
10/25/2001,17440.67621
10/26/2001,17408.33725
10/29/2001,17636.57665
10/30/2001,17940.98881
10/31/2001,17823.04238
11/1/2001,17740.98935
11/2/2001,17717.39389
11/5/2001,17498.65147
11/6/2001,17391.98564
11/7/2001,17330.67165
11/8/2001,17326.51625
11/9/2001,17266.55198
11/12/2001,17247.36658
11/13/2001,16994.45013
11/14/2001,16816.1731
11/15/2001,16801.93765
11/16/2001,16795.51947
11/19/2001,16480.38593
11/20/2001,16803.08846
11/21/2001,16821.26714
11/22/2001,16819.84284
11/23/2001,16697.13748
11/26/2001,16512.5363
11/27/2001,16404.94255
11/28/2001,16671.99306
11/29/2001,16671.93087
11/30/2001,16659.69664
12/3/2001,16760.33691
12/4/2001,16588.48088
12/5/2001,16301.51452
12/6/2001,16227.27827
12/7/2001,16241.62054
12/10/2001,16312.88738
12/11/2001,16195.08651
12/12/2001,16201.97486
12/13/2001,16448.83134
12/14/2001,16545.69371
12/17/2001,16552.64251
12/18/2001,16600.57358
12/19/2001,16784.21238
12/20/2001,16996.1244
12/21/2001,16967.23114
12/24/2001,17043.96104
12/25/2001,17042.70714
12/26/2001,16985.81134
12/27/2001,17010.52137
12/28/2001,16926.34891
12/31/2001,16985.3814
1/1/2002,16984.16454
1/2/2002,16852.74136
1/3/2002,16655.25589
1/4/2002,16557.02217
1/7/2002,16682.4448
1/8/2002,16663.04164
1/9/2002,16662.58179
1/10/2002,16652.08256
1/11/2002,16732.58042
1/14/2002,17045.3455
1/15/2002,17117.59647
1/16/2002,17438.63429
1/17/2002,17330.08433
1/18/2002,17469.50721
1/21/2002,17468.25724
1/22/2002,17620.24565
1/23/2002,17530.02386
1/24/2002,17482.51642
1/25/2002,17517.74309
1/28/2002,17556.63112
1/29/2002,17702.19765
1/30/2002,17786.27363
1/31/2002,17866.62875
2/1/2002,17970.28278
2/4/2002,18267.63883
2/5/2002,18461.73592
2/6/2002,18568.30646
2/7/2002,18673.00766
2/8/2002,18582.00818
2/11/2002,18431.23078
2/12/2002,18448.14755
2/13/2002,18479.19917
2/14/2002,18639.94961
2/15/2002,18837.05894
2/18/2002,18835.6957
2/19/2002,19079.61307
2/20/2002,19090.68631
2/21/2002,19272.27102
2/22/2002,19422.91752
2/25/2002,19371.8671
2/26/2002,19382.81632
2/27/2002,19411.74346
2/28/2002,19592.28533
3/1/2002,19369.57795
3/4/2002,19072.79827
3/5/2002,19105.20155
3/6/2002,18984.26148
3/7/2002,18984.25466
3/8/2002,18743.63128
3/11/2002,18726.87231
3/12/2002,18891.44973
3/13/2002,19161.61886
3/14/2002,19253.61456
3/15/2002,19316.64882
3/18/2002,19400.38608
3/19/2002,19457.24925
3/20/2002,19653.04797
3/21/2002,19647.37687
3/22/2002,19723.19133
3/25/2002,19895.69452
3/26/2002,19997.16672
3/27/2002,20144.63978
3/28/2002,20204.16336
3/29/2002,20202.6687
4/1/2002,20297.84085
4/2/2002,20600.23232
4/3/2002,20701.23727
4/4/2002,20829.03888
4/5/2002,20997.76586
4/8/2002,21123.78042
4/9/2002,21353.24634
4/10/2002,21609.44014
4/11/2002,21782.82747
4/12/2002,21783.74234
4/15/2002,21808.38399
4/16/2002,21559.61978
4/17/2002,21550.29761
4/18/2002,21596.5418
4/19/2002,21712.30327
4/22/2002,21880.87602
4/23/2002,22073.63911
4/24/2002,22260.3394
4/25/2002,22353.90438
4/26/2002,22578.59838
4/29/2002,22782.02746
4/30/2002,22813.8852
5/1/2002,23065.57423
5/2/2002,23460.1803
5/3/2002,23631.8189
5/6/2002,24000.80739
5/7/2002,24095.31729
5/8/2002,23529.04543
5/9/2002,23693.23524
5/10/2002,23814.08304
5/13/2002,23720.74105
5/14/2002,23451.37941
5/15/2002,23547.20904
5/16/2002,23546.66654
5/17/2002,23515.71936
5/20/2002,23666.87227
5/21/2002,23807.08237
5/22/2002,23958.42951
5/23/2002,23886.22417
5/24/2002,24017.90176
5/27/2002,24016.15169
5/28/2002,24070.32305
5/29/2002,24251.21915
5/30/2002,24310.05004
5/31/2002,24505.43262
6/3/2002,24795.03419
6/4/2002,24610.83025
6/5/2002,24670.10095
6/6/2002,24820.15321
6/7/2002,24867.04685
6/10/2002,24944.60324
6/11/2002,25290.01212
6/12/2002,25443.22461
6/13/2002,25515.80001
6/14/2002,25471.17222
6/17/2002,25360.9161
6/18/2002,25508.72905
6/19/2002,25707.06635
6/20/2002,26085.0306
6/21/2002,26225.78974
6/24/2002,26213.43574
6/25/2002,26386.11293
6/26/2002,26417.30712
6/27/2002,26372.11788
6/28/2002,26483.83183
7/1/2002,27043.10108
7/2/2002,27233.85192
7/3/2002,26934.28499
7/4/2002,26932.37157
7/5/2002,26587.23538
7/8/2002,26788.98864
7/9/2002,26931.79581
7/10/2002,27026.56621
7/11/2002,26638.43681
7/12/2002,26317.20515
7/15/2002,25930.53481
7/16/2002,25696.31901
7/17/2002,25605.15359
7/18/2002,25483.41801
7/19/2002,25192.55671
7/22/2002,24963.10668
7/23/2002,24530.2925
7/24/2002,24775.83294
7/25/2002,25474.96275
7/26/2002,25697.71059
7/29/2002,25905.99918
7/30/2002,25836.68586
7/31/2002,26137.88562
8/1/2002,26406.62024
8/2/2002,26566.25515
8/5/2002,26930.54799
8/6/2002,26836.48324
8/7/2002,26900.71032
8/8/2002,26727.41538
8/9/2002,26809.00044
8/12/2002,27024.23151
8/13/2002,27113.30186
8/14/2002,27058.34307
8/15/2002,26973.42131
8/16/2002,26715.41478
8/19/2002,26455.15147
8/20/2002,26531.49727
8/21/2002,26278.09713
8/22/2002,25995.77399
8/23/2002,26312.95411
8/26/2002,26233.24171
8/27/2002,26591.57663
8/28/2002,26856.37159
8/29/2002,26783.0878
8/30/2002,26932.40985
9/2/2002,26930.61728
9/3/2002,27158.03307
9/4/2002,26957.09548
9/5/2002,27227.56122
9/6/2002,26885.5398
9/9/2002,26921.97328
9/10/2002,26740.8176
9/11/2002,26689.52828
9/12/2002,26856.24304
9/13/2002,27022.91032
9/16/2002,27306.44369
9/17/2002,27317.94531
9/18/2002,27481.42444
9/19/2002,27864.62407
9/20/2002,27846.77932
9/23/2002,28120.37081
9/24/2002,27972.57698
9/25/2002,27706.03581
9/26/2002,28042.80348
9/27/2002,28169.79248
9/30/2002,28410.73943
10/1/2002,28342.27988
10/2/2002,28480.81848
10/3/2002,28700.64814
10/4/2002,28790.14519
10/7/2002,28819.54233
10/8/2002,28736.86171
10/9/2002,28550.65074
10/10/2002,28210.06475
10/11/2002,27869.48282
10/14/2002,27742.37539
10/15/2002,27264.30752
10/16/2002,27934.37532
10/17/2002,27321.77762
10/18/2002,27178.67891
10/21/2002,26790.44798
10/22/2002,26814.86576
10/23/2002,26491.76731
10/24/2002,26371.2379
10/25/2002,26084.91632
10/28/2002,26090.68099
10/29/2002,26394.13968
10/30/2002,26040.48111
10/31/2002,25896.81881
11/1/2002,25438.37886
11/4/2002,24868.05838
11/5/2002,24785.79706
11/6/2002,24221.82248
11/7/2002,24608.13247
11/8/2002,24708.30259
11/11/2002,25258.95888
11/12/2002,24926.30769
11/13/2002,24881.54457
11/14/2002,24401.82361
11/15/2002,24523.79262
11/18/2002,24358.64767
11/19/2002,24594.43519
11/20/2002,24024.15252
11/21/2002,23212.78288
11/22/2002,23027.1179
11/25/2002,22426.89918
11/26/2002,22761.15833
11/27/2002,22193.51298
11/28/2002,22192.24534
11/29/2002,22196.27222
12/2/2002,22052.66806
12/3/2002,22402.62378
12/4/2002,22788.61669
12/5/2002,23027.54636
12/6/2002,23081.21359
12/9/2002,23636.65397
12/10/2002,23434.52129
12/11/2002,23466.57595
12/12/2002,23592.67472
12/13/2002,23890.27698
12/16/2002,23830.28864
12/17/2002,24016.2245
12/18/2002,24327.40751
12/19/2002,24399.13899
12/20/2002,24468.05768
12/23/2002,24520.34148
12/24/2002,24540.47234
12/25/2002,24539.27818
12/26/2002,24597.76794
12/27/2002,24701.13035
12/30/2002,24800.41999
12/31/2002,24905.39659
1/1/2003,24904.17535
1/2/2003,24396.60769
1/3/2003,24441.2723
1/6/2003,24252.93988
1/7/2003,24173.9798
1/8/2003,24400.18323
1/9/2003,24116.75084
1/10/2003,23960.50922
1/13/2003,23921.52432
1/14/2003,23818.20984
1/15/2003,24039.06368
1/16/2003,24296.66867
1/17/2003,24714.38897
1/20/2003,24713.17689
1/21/2003,24919.31749
1/22/2003,24968.40033
1/23/2003,24879.06814
1/24/2003,25080.93809
1/27/2003,25254.55062
1/28/2003,24977.23656
1/29/2003,24907.2092
1/30/2003,25210.08661
1/31/2003,25293.3404
2/3/2003,25351.24455
2/4/2003,25589.21384
2/5/2003,25506.09988
2/6/2003,25518.09157
2/7/2003,25626.07622
2/10/2003,25580.73751
2/11/2003,25519.77234
2/12/2003,25557.78898
2/13/2003,25709.83022
2/14/2003,25515.81374
2/17/2003,25514.60359
2/18/2003,25169.35664
2/19/2003,25334.4261
2/20/2003,25390.35909
2/21/2003,25358.58746
2/24/2003,25627.12224
2/25/2003,25660.91815
2/26/2003,25787.41673
2/27/2003,25748.76356
2/28/2003,25763.88819
3/3/2003,25868.32917
3/4/2003,26023.81964
3/5/2003,26076.37378
3/6/2003,26184.73076
3/7/2003,26218.6272
3/10/2003,26373.82037
3/11/2003,26435.02158
3/12/2003,26357.78014
3/13/2003,25933.35665
3/14/2003,25975.75983
3/17/2003,25568.76984
3/18/2003,25267.66459
3/19/2003,25335.11041
3/20/2003,25341.81121
3/21/2003,25227.13428
3/24/2003,25567.59921
3/25/2003,25447.81051
3/26/2003,25530.94759
3/27/2003,25661.63426
3/28/2003,25835.89003
3/31/2003,26070.73529
4/1/2003,26165.67788
4/2/2003,25777.31031
4/3/2003,25707.36724
4/4/2003,25801.31301
4/7/2003,25707.47076
4/8/2003,25871.15617
4/9/2003,26010.6441
4/10/2003,26054.24681
4/11/2003,26086.48826
4/14/2003,25947.3748
4/15/2003,25883.89247
4/16/2003,25910.84786
4/17/2003,25662.81477
4/18/2003,25661.64151
4/21/2003,25692.77952
4/22/2003,25473.91793
4/23/2003,25236.94742
4/24/2003,25270.37632
4/25/2003,25512.06414
4/28/2003,25260.57518
4/29/2003,25167.57152
4/30/2003,25171.942
5/1/2003,25281.23662
5/2/2003,24926.85742
5/5/2003,24621.88251
5/6/2003,24630.94386
5/7/2003,24800.82592
5/8/2003,24997.94049
5/9/2003,24965.36068
5/12/2003,24763.8246
5/13/2003,24665.27201
5/14/2003,24547.36819
5/15/2003,24384.88431
5/16/2003,24469.78121
5/19/2003,24752.09694
5/20/2003,24801.077
5/21/2003,24878.23573
5/22/2003,24609.06123
5/23/2003,24694.87115
5/26/2003,24693.74859
5/27/2003,24240.97332
5/28/2003,23987.79614
5/29/2003,23836.74609
5/30/2003,23732.49336
6/2/2003,23672.37605
6/3/2003,23714.4182
6/4/2003,23398.01903
6/5/2003,23079.92812
6/6/2003,23272.70221
6/9/2003,23760.5155
6/10/2003,23831.43036
6/11/2003,23840.20309
6/12/2003,23674.40652
6/13/2003,23934.8086
6/16/2003,23866.15226
6/17/2003,23805.95529
6/18/2003,23716.24986
6/19/2003,23889.03062
6/20/2003,23978.88884
6/23/2003,24212.2665
6/24/2003,24308.93521
6/25/2003,24302.30553
6/26/2003,24093.65335
6/27/2003,24198.59338
6/30/2003,24177.70899
7/1/2003,24215.33295
7/2/2003,24201.2139
7/3/2003,24285.94464
7/4/2003,24285.03732
7/7/2003,23962.46627
7/8/2003,23722.62338
7/9/2003,23581.43564
7/10/2003,23705.8299
7/11/2003,23697.98892
7/14/2003,23467.9844
7/15/2003,23503.84179
7/16/2003,23715.46398
7/17/2003,24217.05369
7/18/2003,24150.69217
7/21/2003,24213.31859
7/22/2003,24144.61957
7/23/2003,24146.46453
7/24/2003,24421.14086
7/25/2003,24291.81384
7/28/2003,24199.09587
7/29/2003,24325.3106
7/30/2003,24499.1214
7/31/2003,24313.02021
8/1/2003,24258.65935
8/4/2003,24194.12163
8/5/2003,24344.75216
8/6/2003,24561.41355
8/7/2003,24757.50341
8/8/2003,24802.10154
8/11/2003,24858.02617
8/12/2003,24815.38619
8/13/2003,24847.27439
8/14/2003,24755.87547
8/15/2003,24847.58492
8/18/2003,24690.71822
8/19/2003,24701.62179
8/20/2003,24739.297
8/21/2003,24594.73799
8/22/2003,24475.76407
8/25/2003,24534.95872
8/26/2003,24536.71264
8/27/2003,24540.28215
8/28/2003,24306.52016
8/29/2003,24293.44184
9/1/2003,24292.42547
9/2/2003,24258.18627
9/3/2003,24216.41985
9/4/2003,24070.83154
9/5/2003,24012.74597
9/8/2003,23827.26392
9/9/2003,23690.86046
9/10/2003,24045.36141
9/11/2003,23994.8258
9/12/2003,23971.99408
9/15/2003,23931.93139
9/16/2003,23767.5661
9/17/2003,23750.01378
9/18/2003,23622.101
9/19/2003,23717.55416
9/22/2003,23843.2561
9/23/2003,23631.19335
9/24/2003,23910.81683
9/25/2003,24215.78577
9/26/2003,24535.36048
9/29/2003,24521.46713
9/30/2003,24711.03499
10/1/2003,24828.90041
10/2/2003,24708.40447
10/3/2003,24537.03881
10/6/2003,24452.6955
10/7/2003,24471.63534
10/8/2003,24406.49722
10/9/2003,24269.30612
10/10/2003,24272.63468
10/13/2003,24281.6531
10/14/2003,24212.72531
10/15/2003,24224.10475
10/16/2003,24157.92507
10/17/2003,24377.95048
10/20/2003,24356.05382
10/21/2003,24240.13251
10/22/2003,24450.19672
10/23/2003,24718.46596
10/24/2003,24786.60675
10/27/2003,24727.09194
10/28/2003,24540.02372
10/29/2003,24604.94628
10/30/2003,24670.3746
10/31/2003,24769.82054
11/3/2003,24855.92425
11/4/2003,24814.97418
11/5/2003,24870.29994
11/6/2003,24844.53893
11/7/2003,24901.44997
11/10/2003,25163.01899
11/11/2003,25232.28291
11/12/2003,25218.03817
11/13/2003,25353.73081
11/14/2003,25517.74736
11/17/2003,25574.94617
11/18/2003,25677.44868
11/19/2003,25864.69696
11/20/2003,25856.75947
11/21/2003,25887.99096
11/24/2003,25828.53297
11/25/2003,25912.51982
11/26/2003,26011.85798
11/27/2003,26010.78476
11/28/2003,25912.65602
12/1/2003,25910.11797
12/2/2003,26006.39474
12/3/2003,26084.37233
12/4/2003,26277.72164
12/5/2003,26426.70462
12/8/2003,26695.54767
12/9/2003,26859.47278
12/10/2003,27025.40796
12/11/2003,26796.65873
12/12/2003,26879.5235
12/15/2003,27055.28882
12/16/2003,27186.05994
12/17/2003,27277.59127
12/18/2003,27123.1951
12/19/2003,27161.07351
12/22/2003,27209.42335
12/23/2003,27149.90713
12/24/2003,27247.05996
12/25/2003,27245.98423
12/26/2003,27299.74564
12/29/2003,27406.09569
12/30/2003,27491.98626
12/31/2003,27457.91523
1/1/2004,27456.81573
1/2/2004,27281.37702
1/5/2004,27035.58028
1/6/2004,26821.73809
1/7/2004,26566.31928
1/8/2004,26486.79042
1/9/2004,26506.25243
1/12/2004,26338.65101
1/13/2004,26367.45952
1/14/2004,26283.24152
1/15/2004,26267.12921
1/16/2004,25948.93289
1/19/2004,25947.88952
1/20/2004,25883.4896
1/21/2004,26097.11024
1/22/2004,26368.50839
1/23/2004,26530.01409
1/26/2004,26501.67088
1/27/2004,26712.53006
1/28/2004,26906.51086
1/29/2004,27087.37751
1/30/2004,27023.50311
2/2/2004,27094.60564
2/3/2004,27259.02597
2/4/2004,27512.21881
2/5/2004,27515.68085
2/6/2004,27331.00272
2/9/2004,27392.38817
2/10/2004,27492.45862
2/11/2004,27511.6202
2/12/2004,27529.81086
2/13/2004,27715.53244
2/16/2004,27714.46254
2/17/2004,27772.67491
2/18/2004,27787.17387
2/19/2004,28002.49545
2/20/2004,28177.00669
2/23/2004,28493.60472
2/24/2004,28586.1799
2/25/2004,28517.68552
2/26/2004,28501.5657
2/27/2004,28655.8135
3/1/2004,28679.46715
3/2/2004,28733.57279
3/3/2004,28880.56128
3/4/2004,28808.88258
3/5/2004,29005.16603
3/8/2004,29241.62193
3/9/2004,29486.96245
3/10/2004,29646.72891
3/11/2004,29606.04262
3/12/2004,29515.36052
3/15/2004,29709.91865
3/16/2004,29778.40159
3/17/2004,29744.14689
3/18/2004,29833.00437
3/19/2004,29997.30925
3/22/2004,30262.46372
3/23/2004,30336.97636
3/24/2004,30263.24922
3/25/2004,29958.8103
3/26/2004,29910.51791
3/29/2004,29909.5454
3/30/2004,29938.77739
3/31/2004,30192.13373
4/1/2004,30202.25836
4/2/2004,29973.50974
4/5/2004,29802.50578
4/6/2004,29765.77419
4/7/2004,29796.38097
4/8/2004,29769.39696
4/9/2004,29768.22247
4/12/2004,29545.3695
4/13/2004,29351.43149
4/14/2004,29068.63316
4/15/2004,29423.6012
4/16/2004,29785.62714
4/19/2004,29608.41922
4/20/2004,29628.85192
4/21/2004,29454.529
4/22/2004,29540.3967
4/23/2004,29422.66435
4/26/2004,29446.24296
4/27/2004,29685.88478
4/28/2004,29836.2524
4/29/2004,30023.04038
4/30/2004,30198.936
5/3/2004,30308.31679
5/4/2004,30241.17947
5/5/2004,30232.84633
5/6/2004,30308.52823
5/7/2004,30060.81425
5/10/2004,29933.07243
5/11/2004,29793.57618
5/12/2004,29862.6268
5/13/2004,29830.63717
5/14/2004,30110.91475
5/17/2004,30307.31528
5/18/2004,30201.81158
5/19/2004,30092.68702
5/20/2004,30283.08363
5/21/2004,30298.23209
5/24/2004,30283.2562
5/25/2004,30254.27273
5/26/2004,30208.50204
5/27/2004,30216.1288
5/28/2004,30304.64479
5/31/2004,30303.44178
6/1/2004,30254.33739
6/2/2004,30318.22741
6/3/2004,30449.97993
6/4/2004,30343.12474
6/7/2004,30307.69008
6/8/2004,30274.51566
6/9/2004,30452.31877
6/10/2004,30571.19554
6/11/2004,30569.88237
6/14/2004,30606.94367
6/15/2004,30666.73353
6/16/2004,30775.68628
6/17/2004,30954.58078
6/18/2004,31008.56286
6/21/2004,31142.49497
6/22/2004,31019.31397
6/23/2004,30903.83083
6/24/2004,30960.15627
6/25/2004,30962.21426
6/28/2004,31020.21273
6/29/2004,30981.74354
6/30/2004,31061.14176
7/1/2004,31299.01362
7/2/2004,31587.59717
7/5/2004,31585.93519
7/6/2004,32015.04133
7/7/2004,32177.23458
7/8/2004,32294.81722
7/9/2004,32276.45209
7/12/2004,32468.21293
7/13/2004,32559.12726
7/14/2004,32715.35819
7/15/2004,32761.51254
7/16/2004,32991.88227
7/19/2004,33131.15442
7/20/2004,32987.70659
7/21/2004,33101.14375
7/22/2004,32847.18048
7/23/2004,32959.0569
7/26/2004,33009.76555
7/27/2004,32890.22062
7/28/2004,33049.50021
7/29/2004,32937.15298
7/30/2004,32915.68339
8/2/2004,32987.66491
8/3/2004,33382.57667
8/4/2004,33397.31752
8/5/2004,33393.10155
8/6/2004,33574.83964
8/9/2004,33589.92729
8/10/2004,33495.91233
8/11/2004,33693.36089
8/12/2004,33762.76545
8/13/2004,33799.56458
8/16/2004,33811.82528
8/17/2004,33645.37955
8/18/2004,33329.48846
8/19/2004,33335.18327
8/20/2004,33340.60991
8/23/2004,33249.08523
8/24/2004,33304.33058
8/25/2004,33219.64144
8/26/2004,33360.82378
8/27/2004,33365.38988
8/30/2004,33592.71305
8/31/2004,33801.87761
9/1/2004,33769.12248
9/2/2004,33808.27824
9/3/2004,34114.0953
9/6/2004,34111.96304
9/7/2004,34090.84776
9/8/2004,34182.6544
9/9/2004,34018.71212
9/10/2004,33801.49054
9/13/2004,33602.00343
9/14/2004,33602.02297
9/15/2004,33831.93475
9/16/2004,33831.31006
9/17/2004,33809.14228
9/20/2004,33845.47657
9/21/2004,33938.36277
9/22/2004,34139.43097
9/23/2004,34084.07725
9/24/2004,34303.20341
9/27/2004,34583.01627
9/28/2004,34724.15726
9/29/2004,34626.18132
9/30/2004,34805.0326
10/1/2004,34725.26672
10/4/2004,34456.45569
10/5/2004,34547.64531
10/6/2004,34669.08914
10/7/2004,34762.70324
10/8/2004,35088.33287
10/11/2004,35018.92163
10/12/2004,35083.70836
10/13/2004,34903.70689
10/14/2004,35076.93217
10/15/2004,35218.96456
10/18/2004,35073.87282
10/19/2004,34968.06674
10/20/2004,34995.31555
10/21/2004,34924.15876
10/22/2004,35121.83165
10/25/2004,35209.73748
10/26/2004,35397.63599
10/27/2004,35148.93646
10/28/2004,35163.26935
10/29/2004,35334.55178
11/1/2004,35217.8706
11/2/2004,35103.24398
11/3/2004,35372.83312
11/4/2004,35502.44034
11/5/2004,35455.70204
11/8/2004,35465.28174
11/9/2004,35513.06227
11/10/2004,35647.76134
11/11/2004,35722.22807
11/12/2004,35858.47025
11/15/2004,35707.60053
11/16/2004,35804.20169
11/17/2004,35663.24036
11/18/2004,35587.58428
11/19/2004,35964.45038
11/22/2004,36143.96317
11/23/2004,36218.21786
11/24/2004,36303.35944
11/25/2004,36300.69948
11/26/2004,36347.76175
11/29/2004,36327.42401
11/30/2004,36411.85637
12/1/2004,36275.46903
12/2/2004,36001.57741
12/3/2004,35898.70981
12/6/2004,35845.05518
12/7/2004,35819.70091
12/8/2004,36013.1362
12/9/2004,36094.16
12/10/2004,36138.22186
12/13/2004,36182.10546
12/14/2004,36128.57755
12/15/2004,36090.57735
12/16/2004,36272.02531
12/17/2004,36355.47313
12/20/2004,36602.40253
12/21/2004,36682.2664
12/22/2004,36640.58098
12/23/2004,36662.12247
12/24/2004,36659.00715
12/27/2004,36692.06505
12/28/2004,36702.96538
12/29/2004,36732.05991
12/30/2004,36858.72546
12/31/2004,36952.73345
1/3/2005,36797.1371
1/4/2005,37016.03238
1/5/2005,37016.7755
1/6/2005,37087.86533
1/7/2005,37150.28157
1/10/2005,37370.92392
1/11/2005,37535.70488
1/12/2005,37496.00916
1/13/2005,37567.92494
1/14/2005,37552.87219
1/17/2005,37549.72584
1/18/2005,37715.02888
1/19/2005,37919.09883
1/20/2005,37898.5847
1/21/2005,38087.01917
1/24/2005,38253.31267
1/25/2005,38150.12713
1/26/2005,38089.17032
1/27/2005,38193.43779
1/28/2005,38283.43201
1/31/2005,38348.79134
2/1/2005,38423.31415
2/2/2005,38617.35885
2/3/2005,38713.74967
2/4/2005,38682.06531
2/7/2005,38743.3698
2/8/2005,38699.64949
2/9/2005,39015.59022
2/10/2005,39207.06194
2/11/2005,39196.13931
2/14/2005,39258.50715
2/15/2005,39203.86733
2/16/2005,39305.83087
2/17/2005,39463.7582
2/18/2005,39408.71376
2/21/2005,39404.99923
2/22/2005,39336.64117
2/23/2005,39344.56667
2/24/2005,39358.53818
2/25/2005,39536.46836
2/28/2005,39655.28654
3/1/2005,39571.52939
3/2/2005,39681.09227
3/3/2005,39838.0481
3/4/2005,40164.78709
3/7/2005,40287.54163
3/8/2005,40409.41964
3/9/2005,40162.03242
3/10/2005,40086.68511
3/11/2005,40145.78086
3/14/2005,40139.10411
3/15/2005,40202.21103
3/16/2005,40154.52372
3/17/2005,40312.99285
3/18/2005,40262.35837
3/21/2005,40141.85655
3/22/2005,40039.45363
3/23/2005,39680.43137
3/24/2005,39670.84871
3/25/2005,39666.7744
3/28/2005,39686.83482
3/29/2005,39712.91907
3/30/2005,39588.9097
3/31/2005,39869.41716
4/1/2005,39962.09847
4/4/2005,40015.05389
4/5/2005,40135.14403
4/6/2005,40066.22122
4/7/2005,39996.51359
4/8/2005,39905.62828
4/11/2005,39949.72233
4/12/2005,39934.06788
4/13/2005,39962.05452
4/14/2005,39815.056
4/15/2005,39794.86369
4/18/2005,39734.70974
4/19/2005,39749.5401
4/20/2005,39719.46875
4/21/2005,39637.41391
4/22/2005,40034.72082
4/25/2005,40097.55652
4/26/2005,40103.95536
4/27/2005,40093.69558
4/28/2005,40202.75153
4/29/2005,40413.00479
5/2/2005,40277.98795
5/3/2005,40238.7965
5/4/2005,40171.28937
5/5/2005,40166.10598
5/6/2005,40129.8109
5/9/2005,40010.78217
5/10/2005,40057.01208
5/11/2005,39970.21924
5/12/2005,39858.50174
5/13/2005,40068.18633
5/16/2005,39781.68036
5/17/2005,39845.08515
5/18/2005,39642.61296
5/19/2005,39530.52733
5/20/2005,39476.20408
5/23/2005,39509.87173
5/24/2005,39450.13625
5/25/2005,39496.71196
5/26/2005,39350.76054
5/27/2005,39503.79957
5/30/2005,39499.65604
5/31/2005,39655.70658
6/1/2005,39718.53797
6/2/2005,39548.5328
6/3/2005,39808.98815
6/6/2005,39971.83658
6/7/2005,40048.66304
6/8/2005,40135.04672
6/9/2005,40095.52352
6/10/2005,40166.22683
6/13/2005,40238.15064
6/14/2005,40243.01832
6/15/2005,40428.43967
6/16/2005,40452.61226
6/17/2005,40518.5211
6/20/2005,40618.43115
6/21/2005,40676.16783
6/22/2005,40636.25278
6/23/2005,40705.35507
6/24/2005,40720.29983
6/27/2005,40898.72269
6/28/2005,40782.48295
6/29/2005,40889.15237
6/30/2005,41102.57513
7/1/2005,41178.06758
7/4/2005,41173.45968
7/5/2005,41225.24726
7/6/2005,41179.10078
7/7/2005,41189.52449
7/8/2005,41146.22812
7/11/2005,41070.47976
7/12/2005,41130.26093
7/13/2005,41141.10526
7/14/2005,40685.14618
7/15/2005,40817.17192
7/18/2005,40840.33715
7/19/2005,40757.85824
7/20/2005,40731.85364
7/21/2005,40822.4958
7/22/2005,41054.84008
7/25/2005,41179.22777
7/26/2005,41080.95056
7/27/2005,41221.37661
7/28/2005,41557.7672
7/29/2005,41761.05144
8/1/2005,41569.17662
8/2/2005,41696.98045
8/3/2005,41835.66212
8/4/2005,41856.208
8/5/2005,41680.65481
8/8/2005,41568.85376
8/9/2005,41642.47636
8/10/2005,41712.40649
8/11/2005,41813.23191
8/12/2005,41929.32404
8/15/2005,41831.23262
8/16/2005,41758.44629
8/17/2005,41525.25293
8/18/2005,41473.6799
8/19/2005,41542.44906
8/22/2005,41538.1803
8/23/2005,41539.20279
8/24/2005,41672.94306
8/25/2005,41660.23842
8/26/2005,41619.47501
8/29/2005,41552.27419
8/30/2005,41645.16151
8/31/2005,41872.30166
9/1/2005,42022.27639
9/2/2005,41974.42762
9/5/2005,41969.2954
9/6/2005,42031.01332
9/7/2005,41942.01272
9/8/2005,41821.13079
9/9/2005,41905.54505
9/12/2005,41734.30027
9/13/2005,41513.4101
9/14/2005,41554.85652
9/15/2005,41692.85808
9/16/2005,41878.56129
9/19/2005,41989.7575
9/20/2005,41968.24906
9/21/2005,41900.94306
9/22/2005,41766.9667
9/23/2005,41817.39172
9/26/2005,41846.15039
9/27/2005,41879.62941
9/28/2005,41929.62071
9/29/2005,41901.12404
9/30/2005,41958.77307
10/3/2005,41889.2542
10/4/2005,41856.43325
10/5/2005,41671.21338
10/6/2005,41546.06685
10/7/2005,41584.06371
10/10/2005,41564.78035
10/11/2005,41661.11266
10/12/2005,41477.5767
10/13/2005,41069.84661
10/14/2005,41218.82651
10/17/2005,41253.88247
10/18/2005,41218.40136
10/19/2005,41128.4981
10/20/2005,40939.14136
10/21/2005,41003.72599
10/24/2005,40942.48964
10/25/2005,40958.17014
10/26/2005,40843.75612
10/27/2005,40868.8669
10/28/2005,41019.34307
10/31/2005,41033.46499
11/1/2005,40983.65384
11/2/2005,40986.37764
11/3/2005,40898.7583
11/4/2005,40842.62332
11/7/2005,40723.30026
11/8/2005,40819.05364
11/9/2005,40918.38782
11/10/2005,40933.56217
11/11/2005,40910.55908
11/14/2005,40812.36611
11/15/2005,40809.64325
11/16/2005,40839.8136
11/17/2005,40889.56161
11/18/2005,40780.18535
11/21/2005,40728.64541
11/22/2005,40767.42737
11/23/2005,40896.31333
11/24/2005,40890.7838
11/25/2005,40977.18623
11/28/2005,41045.51828
11/29/2005,41141.20733
11/30/2005,41032.916
12/1/2005,40936.72562
12/2/2005,40917.93769
12/5/2005,40937.69674
12/6/2005,40990.0539
12/7/2005,41072.42302
12/8/2005,41079.72405
12/9/2005,41004.6355
12/12/2005,40912.79429
12/13/2005,41018.98182
12/14/2005,41077.01931
12/15/2005,41161.52687
12/16/2005,41174.01615
12/19/2005,41285.88557
12/20/2005,41233.2758
12/21/2005,41081.49506
12/22/2005,41144.66916
12/23/2005,41298.05653
12/26/2005,41292.50134
12/27/2005,41216.00474
12/28/2005,41300.89877
12/29/2005,41294.94171
12/30/2005,41605.092
1/2/2006,41599.38226
1/3/2006,41448.20709
1/4/2006,41437.5261
1/5/2006,41194.87601
1/6/2006,41163.79514
1/9/2006,41037.77052
1/10/2006,41048.40891
1/11/2006,41013.99259
1/12/2006,41108.27937
1/13/2006,41263.75268
1/16/2006,41258.09741
1/17/2006,41486.52222
1/18/2006,41384.34523
1/19/2006,41391.63531
1/20/2006,41690.4698
1/23/2006,41738.2251
1/24/2006,41655.47944
1/25/2006,41622.08154
1/26/2006,41607.94185
1/27/2006,41772.9283
1/30/2006,41742.68315
1/31/2006,41978.63282
2/1/2006,41977.04729
2/2/2006,42054.52651
2/3/2006,42169.31662
2/6/2006,42177.46941
2/7/2006,42162.17551
2/8/2006,42064.92572
2/9/2006,42131.56602
2/10/2006,42150.56881
2/13/2006,42085.57343
2/14/2006,41995.23294
2/15/2006,41957.88441
2/16/2006,42086.22978
2/17/2006,42165.67868
2/20/2006,42159.35153
2/21/2006,42263.20561
2/22/2006,42175.68387
2/23/2006,42247.48336
2/24/2006,42307.649
2/27/2006,42200.26329
2/28/2006,42241.46333
3/1/2006,42114.33356
3/2/2006,42183.15623
3/3/2006,42247.16656
3/6/2006,42279.91188
3/7/2006,42307.51439
3/8/2006,42294.80018
3/9/2006,42333.59789
3/10/2006,42418.03021
3/13/2006,42427.73654
3/14/2006,42282.53309
3/15/2006,42277.79332
3/16/2006,42428.44505
3/17/2006,42371.90855
3/20/2006,42245.66464
3/21/2006,42192.04534
3/22/2006,42168.99252
3/23/2006,42266.27672
3/24/2006,42291.55537
3/27/2006,42284.69224
3/28/2006,42381.91571
3/29/2006,42399.71325
3/30/2006,42379.98848
3/31/2006,42675.59232
4/3/2006,42639.86343
4/4/2006,42508.0212
4/5/2006,42478.04326
4/6/2006,42462.37503
4/7/2006,42684.58204
4/10/2006,42722.69313
4/11/2006,42736.94816
4/12/2006,42677.44448
4/13/2006,42613.98368
4/14/2006,42607.3439
4/17/2006,42675.3224
4/18/2006,42491.09284
4/19/2006,42569.3335
4/20/2006,42454.0241
4/21/2006,42743.77218
4/24/2006,42834.38172
4/25/2006,42798.00164
4/26/2006,42975.58249
4/27/2006,42982.47106
4/28/2006,43269.61239
5/1/2006,43270.58515
5/2/2006,43256.01203
5/3/2006,43195.53285
5/4/2006,43120.52814
5/5/2006,43225.57492
5/8/2006,43186.8871
5/9/2006,43247.12038
5/10/2006,43402.75295
5/11/2006,43405.11772
5/12/2006,43397.8624
5/15/2006,43334.2546
5/16/2006,43365.24853
5/17/2006,43276.5815
5/18/2006,43343.19495
5/19/2006,43153.98548
5/22/2006,43156.73106
5/23/2006,43339.33856
5/24/2006,43100.17986
5/25/2006,43089.25872
5/26/2006,43206.40339
5/29/2006,43199.54357
5/30/2006,43416.66333
5/31/2006,43370.81444
6/1/2006,43320.29967
6/2/2006,43481.09552
6/5/2006,43743.68243
6/6/2006,43598.49099
6/7/2006,43714.29283
6/8/2006,43555.54348
6/9/2006,43703.39463
6/12/2006,43784.29073
6/13/2006,43536.13862
6/14/2006,43253.28699
6/15/2006,43122.90794
6/16/2006,43283.32623
6/19/2006,43323.95064
6/20/2006,43437.79004
6/21/2006,43272.64323
6/22/2006,43380.25783
6/23/2006,43362.94887
6/26/2006,43280.60667
6/27/2006,43446.13533
6/28/2006,43487.52043
6/29/2006,43230.53231
6/30/2006,43391.91708
7/3/2006,43492.37362
7/4/2006,43485.10016
7/5/2006,43657.05094
7/6/2006,43821.42272
7/7/2006,43959.24137
7/10/2006,44098.01363
7/11/2006,44045.71085
7/12/2006,44173.69271
7/13/2006,44271.11736
7/14/2006,44356.36327
7/17/2006,44298.9961
7/18/2006,44286.68624
7/19/2006,44107.12484
7/20/2006,44335.42291
7/21/2006,44521.84308
7/24/2006,44170.61035
7/25/2006,44113.80468
7/26/2006,44209.761
7/27/2006,44425.36546
7/28/2006,44285.5773
7/31/2006,44281.21634
8/1/2006,44556.44088
8/2/2006,44444.88353
8/3/2006,44179.22973
8/4/2006,44251.03347
8/7/2006,44209.84622
8/8/2006,44293.93724
8/9/2006,44348.71292
8/10/2006,44218.56265
8/11/2006,44322.04114
8/14/2006,44159.14802
8/15/2006,43733.37402
8/16/2006,43392.09476
8/17/2006,43342.03428
8/18/2006,43464.60102
8/21/2006,43737.71449
8/22/2006,43839.50018
8/23/2006,43995.20051
8/24/2006,44051.35649
8/25/2006,43980.53886
8/28/2006,43830.20832
8/29/2006,43763.43594
8/30/2006,43691.83815
8/31/2006,43998.33952
9/1/2006,44117.72667
9/4/2006,44110.19991
9/5/2006,44078.89449
9/6/2006,44414.15974
9/7/2006,44393.98466
9/8/2006,44276.04545
9/11/2006,44086.0839
9/12/2006,43622.12
9/13/2006,43667.96166
9/14/2006,43617.84504
9/15/2006,43655.67225
9/18/2006,43543.94391
9/19/2006,43634.47201
9/20/2006,43468.22982
9/21/2006,43643.25616
9/22/2006,43762.83527
9/25/2006,43510.93096
9/26/2006,43441.10548
9/27/2006,43558.68044
9/28/2006,43690.36312
9/29/2006,43927.80122
10/2/2006,43885.93093
10/3/2006,43703.20109
10/4/2006,43448.55739
10/5/2006,43509.13369
10/6/2006,43694.43643
10/9/2006,43597.30825
10/10/2006,43631.52405
10/11/2006,43551.78575
10/12/2006,43461.29294
10/13/2006,43498.2033
10/16/2006,43383.42296
10/17/2006,43521.01695
10/18/2006,43789.89275
10/19/2006,43891.52801
10/20/2006,44120.14286
10/23/2006,44012.0219
10/24/2006,44000.08645
10/25/2006,43949.70219
10/26/2006,43785.98188
10/27/2006,43996.14176
10/30/2006,43903.64677
10/31/2006,44125.72989
11/1/2006,44162.59018
11/2/2006,44040.47178
11/3/2006,44016.01978
11/6/2006,43889.22529
11/7/2006,43784.70446
11/8/2006,43740.27685
11/9/2006,43915.61389
11/10/2006,43723.28998
11/13/2006,43630.95274
11/14/2006,43604.03629
11/15/2006,43506.73503
11/16/2006,43707.60895
11/17/2006,43771.80795
11/20/2006,43762.24359
11/21/2006,43964.00251
11/22/2006,43932.35012
11/23/2006,43924.66636
11/24/2006,44184.54151
11/27/2006,44452.66429
11/28/2006,44628.94081
11/29/2006,44678.27233
11/30/2006,44770.35169
12/1/2006,44918.09616
12/4/2006,44817.22089
12/5/2006,44808.16789
12/6/2006,44929.51143
12/7/2006,45096.27295
12/8/2006,44963.33666
12/11/2006,45031.20097
12/12/2006,45115.65293
12/13/2006,45137.76453
12/14/2006,45063.01084
12/15/2006,45060.77334
12/18/2006,45137.65042
12/19/2006,45103.33052
12/20/2006,45000.4803
12/21/2006,45073.77106
12/22/2006,45199.59791
12/25/2006,45191.83297
12/26/2006,45198.9697
12/27/2006,45285.44766
12/28/2006,45554.2512
12/29/2006,45892.73139
1/1/2007,45884.95279
1/2/2007,45877.17571
1/3/2007,45777.00536
1/4/2007,45650.65725
1/5/2007,45632.34702
1/8/2007,45619.26216
1/9/2007,45639.47158
1/10/2007,45595.18486
1/11/2007,45543.03966
1/12/2007,45578.98439
1/15/2007,45571.26715
1/16/2007,45716.64119
1/17/2007,45884.12234
1/18/2007,45968.54953
1/19/2007,45922.01253
1/22/2007,46061.26203
1/23/2007,46103.73024
1/24/2007,46102.19031
1/25/2007,46247.2336
1/26/2007,46386.48757
1/29/2007,46476.58643
1/30/2007,46484.91483
1/31/2007,46558.966
2/1/2007,46535.51047
2/2/2007,46501.60839
2/5/2007,46660.30781
2/6/2007,46726.9968
2/7/2007,46685.97103
2/8/2007,46763.94623
2/9/2007,47031.87373
2/12/2007,46946.53139
2/13/2007,46903.06764
2/14/2007,46914.92429
2/15/2007,46834.58665
2/16/2007,46957.72306
2/19/2007,46949.65872
2/20/2007,47000.93644
2/21/2007,47027.76087
2/22/2007,47097.68735
2/23/2007,47217.36447
2/26/2007,47197.97539
2/27/2007,46914.47309
2/28/2007,47108.63513
3/1/2007,46868.59093
3/2/2007,47075.02278
3/5/2007,46907.97611
3/6/2007,46901.51737
3/7/2007,47011.09583
3/8/2007,47042.06638
3/9/2007,47079.95623
3/12/2007,47101.43726
3/13/2007,47020.0903
3/14/2007,46799.48544
3/15/2007,46799.67907
3/16/2007,46872.55246
3/19/2007,46922.37704
3/20/2007,46934.94682
3/21/2007,46825.58115
3/22/2007,46944.80645
3/23/2007,46866.16946
3/26/2007,46864.61617
3/27/2007,46875.64394
3/28/2007,46905.92178
3/29/2007,46994.93159
3/30/2007,47124.94977
4/2/2007,47160.17457
4/3/2007,47005.0692
4/4/2007,47058.364
4/5/2007,46977.75833
4/6/2007,46969.97058
4/9/2007,46990.6944
4/10/2007,46996.52194
4/11/2007,47059.64012
4/12/2007,46984.02501
4/13/2007,47137.37216
4/16/2007,47074.97639
4/17/2007,47188.29983
4/18/2007,47046.66219
4/19/2007,47028.87519
4/20/2007,47093.39854
4/23/2007,47226.77137
4/24/2007,47157.55738
4/25/2007,47062.35728
4/26/2007,46985.68562
4/27/2007,47133.88679
4/30/2007,47536.5694
5/1/2007,47383.49256
5/2/2007,47191.40047
5/3/2007,47245.62772
5/4/2007,47126.38942
5/7/2007,47330.99253
5/8/2007,47301.13601
5/9/2007,47264.0754
5/10/2007,47387.5364
5/11/2007,47408.9782
5/14/2007,47378.28025
5/15/2007,47379.22467
5/16/2007,47187.42119
5/17/2007,47054.21459
5/18/2007,46883.48584
5/21/2007,46823.84304
5/22/2007,46848.68739
5/23/2007,46865.02747
5/24/2007,46903.42451
5/25/2007,46908.10833
5/28/2007,46900.55804
5/29/2007,46936.63889
5/30/2007,46909.27656
5/31/2007,46961.67534
6/1/2007,46955.20979
6/4/2007,47161.12225
6/5/2007,47206.37411
6/6/2007,47276.82204
6/7/2007,47331.6283
6/8/2007,47078.65769
6/11/2007,47111.86754
6/12/2007,47031.91274
6/13/2007,46908.58659
6/14/2007,46822.8455
6/15/2007,46787.29212
6/18/2007,46860.7552
6/19/2007,46962.07055
6/20/2007,47014.19696
6/21/2007,46867.93956
6/22/2007,46977.05218
6/25/2007,46874.95245
6/26/2007,46965.87496
6/27/2007,46860.46269
6/28/2007,47011.12661
6/29/2007,47335.91069
7/2/2007,47391.16805
7/3/2007,47396.6514
7/4/2007,47389.32127
7/5/2007,47355.35314
7/6/2007,47381.58051
7/9/2007,47333.17854
7/10/2007,47451.64624
7/11/2007,47351.16431
7/12/2007,47190.01163
7/13/2007,47239.36825
7/16/2007,47390.49674
7/17/2007,47294.56286
7/18/2007,47189.75926
7/19/2007,47182.95579
7/20/2007,47326.49571
7/23/2007,47307.23344
7/24/2007,47205.52015
7/25/2007,47002.88844
7/26/2007,46736.76221
7/27/2007,46799.9686
7/30/2007,46610.07571
7/31/2007,47054.08995
8/1/2007,46769.97478
8/2/2007,46706.96933
8/3/2007,46985.62491
8/6/2007,46494.3401
8/7/2007,46459.17819
8/8/2007,45994.20727
8/9/2007,45847.04014
8/10/2007,45483.31506
8/13/2007,45934.61243
8/14/2007,45814.98324
8/15/2007,45622.2204
8/16/2007,44618.68528
8/17/2007,44716.06877
8/20/2007,44762.01321
8/21/2007,44774.16806
8/22/2007,44903.54838
8/23/2007,45289.53437
8/24/2007,45219.95185
8/27/2007,45432.87037
8/28/2007,45617.78699
8/29/2007,45454.37454
8/30/2007,45506.33169
8/31/2007,45657.61711
9/3/2007,45651.76398
9/4/2007,45499.8585
9/5/2007,45774.55904
9/6/2007,45838.9353
9/7/2007,45988.27816
9/10/2007,45962.51979
9/11/2007,45712.31542
9/12/2007,45958.3983
9/13/2007,45960.16295
9/14/2007,45791.60884
9/17/2007,45817.40526
9/18/2007,45308.27261
9/19/2007,45264.28721
9/20/2007,45512.10498
9/21/2007,45538.56379
9/24/2007,45799.20575
9/25/2007,45854.65875
9/26/2007,45784.64898
9/27/2007,45879.40457
9/28/2007,46312.3722
10/1/2007,45740.01795
10/2/2007,45648.97443
10/3/2007,45797.47708
10/4/2007,45909.18037
10/5/2007,45520.79723
10/8/2007,45802.90262
10/9/2007,45767.469
10/10/2007,46130.17138
10/11/2007,46242.21425
10/12/2007,46266.70319
10/15/2007,46480.86982
10/16/2007,46696.57417
10/17/2007,46705.84735
10/18/2007,46834.49179
10/19/2007,47076.53638
10/22/2007,46396.04513
10/23/2007,46307.76678
10/24/2007,46461.0471
10/25/2007,46922.50372
10/26/2007,46547.61354
10/29/2007,46476.74494
10/30/2007,46423.0286
10/31/2007,46562.76051
11/1/2007,47025.46249
11/2/2007,46866.29323
11/5/2007,46695.1849
11/6/2007,46289.35445
11/7/2007,46616.55302
11/8/2007,46175.24234
11/9/2007,46011.04473
11/12/2007,45753.9863
11/13/2007,45025.16271
11/14/2007,45132.34809
11/15/2007,45385.94715
11/16/2007,45355.04915
11/19/2007,45529.07463
11/20/2007,45273.33992
11/21/2007,45220.46869
11/22/2007,45214.82434
11/23/2007,45015.74038
11/26/2007,45314.17489
11/27/2007,44820.24406
11/28/2007,44349.50855
11/29/2007,44519.73793
11/30/2007,44682.22861
12/3/2007,44764.91208
12/4/2007,44805.2081
12/5/2007,44424.1313
12/6/2007,43731.61513
12/7/2007,43767.68275
12/10/2007,43329.31525
12/11/2007,43974.57879
12/12/2007,43716.62819
12/13/2007,43623.16294
12/14/2007,43884.16578
12/17/2007,43793.13816
12/18/2007,43062.73087
12/19/2007,43000.21499
12/20/2007,42647.33164
12/21/2007,42332.39301
12/24/2007,42207.79577
12/25/2007,42203.66978
12/26/2007,42204.61067
12/27/2007,42888.35828
12/28/2007,43070.56438
12/31/2007,43590.79339
1/1/2008,43586.17621
1/2/2008,44086.54157
1/3/2008,44425.09321
1/4/2008,44833.2894
1/7/2008,44722.51628
1/8/2008,45257.07314
1/9/2008,44694.61591
1/10/2008,44385.80876
1/11/2008,44940.10542
1/14/2008,44596.59507
1/15/2008,44812.92478
1/16/2008,44546.16102
1/17/2008,44553.41243
1/18/2008,44567.64095
1/21/2008,44562.89521
1/22/2008,43369.32659
1/23/2008,42321.64855
1/24/2008,42596.48545
1/25/2008,42993.22393
1/28/2008,42553.38706
1/29/2008,42656.59846
1/30/2008,43136.5077
1/31/2008,42684.90643
2/1/2008,42243.81549
2/4/2008,42814.71271
2/5/2008,43286.27568
2/6/2008,43519.57873
2/7/2008,43068.32247
2/8/2008,43293.06504
2/11/2008,43249.44209
2/12/2008,43197.74044
2/13/2008,42794.19624
2/14/2008,43222.33888
2/15/2008,43217.04232
2/18/2008,43214.35465
2/19/2008,43314.62325
2/20/2008,42747.87565
2/21/2008,43136.32441
2/22/2008,43133.94543
2/25/2008,42657.69729
2/26/2008,42593.96385
2/27/2008,42603.85644
2/28/2008,43111.33349
2/29/2008,43640.03038
3/3/2008,43473.78303
3/4/2008,43092.42637
3/5/2008,42783.69218
3/6/2008,43287.95481
3/7/2008,42998.11175
3/10/2008,43041.05355
3/11/2008,41866.72783
3/12/2008,41987.84227
3/13/2008,41544.0681
3/14/2008,41896.79704
3/17/2008,41438.38806
3/18/2008,40333.55532
3/19/2008,40567.45074
3/20/2008,39544.34521
3/21/2008,39542.07257
3/24/2008,38898.4462
3/25/2008,39167.61511
3/26/2008,39527.8303
3/27/2008,40199.97776
3/28/2008,40537.71985
3/31/2008,40719.11165
4/1/2008,39775.26186
4/2/2008,39720.19535
4/3/2008,39400.6684
4/4/2008,39695.18832
4/7/2008,39793.61016
4/8/2008,39832.4917
4/9/2008,40549.19314
4/10/2008,40075.34999
4/11/2008,40597.69438
4/14/2008,40449.24912
4/15/2008,40144.03686
4/16/2008,39502.84457
4/17/2008,39701.5781
4/18/2008,39421.39968
4/21/2008,39668.16953
4/22/2008,40010.12854
4/23/2008,39884.21009
4/24/2008,39317.75964
4/25/2008,39326.72748
4/28/2008,39360.24987
4/29/2008,39453.7654
4/30/2008,39918.10951
5/1/2008,39224.44805
5/2/2008,39308.87264
5/5/2008,39496.39147
5/6/2008,39418.40977
5/7/2008,39861.59838
5/8/2008,39938.39035
5/9/2008,40004.20337
5/12/2008,39607.84168
5/13/2008,39608.59044
5/14/2008,39658.66878
5/15/2008,39422.54552
5/16/2008,39670.17394
5/19/2008,39898.97853
5/20/2008,40410.64878
5/21/2008,40885.16815
5/22/2008,40442.4633
5/23/2008,40763.26919
5/26/2008,40761.3721
5/27/2008,40388.23914
5/28/2008,40157.52156
5/29/2008,39722.32087
5/30/2008,40259.36403
6/2/2008,40354.55206
6/3/2008,40367.05928
6/4/2008,40169.01159
6/5/2008,39792.88862
6/6/2008,40478.21507
6/9/2008,40550.18008
6/10/2008,40494.23548
6/11/2008,41034.94912
6/12/2008,40872.30229
6/13/2008,40532.71213
6/16/2008,40265.84812
6/17/2008,40570.0526
6/18/2008,40610.9334
6/19/2008,39998.66064
6/20/2008,40168.85337
6/23/2008,40415.19625
6/24/2008,40331.24365
6/25/2008,39983.25926
6/26/2008,40229.39336
6/27/2008,40136.32549
6/30/2008,40427.65255
7/1/2008,39822.19478
7/2/2008,40012.11035
7/3/2008,39922.57169
7/4/2008,39920.14594
7/7/2008,39578.78554
7/8/2008,38511.04007
7/9/2008,39398.61194
7/10/2008,39416.65909
7/11/2008,39159.05481
7/14/2008,39244.98538
7/15/2008,38862.05174
7/16/2008,37648.54657
7/17/2008,37186.15729
7/18/2008,37696.88966
7/21/2008,37731.72171
7/22/2008,36939.45143
7/23/2008,36764.11092
7/24/2008,37646.54563
7/25/2008,37588.67257
7/28/2008,38029.93694
7/29/2008,37027.73173
7/30/2008,37155.49843
7/31/2008,37683.31653
8/1/2008,37599.07915
8/4/2008,37717.28322
8/5/2008,36857.3042
8/6/2008,36909.32198
8/7/2008,37401.18071
8/8/2008,36662.78392
8/11/2008,36063.93757
8/12/2008,36475.63469
8/13/2008,36744.447
8/14/2008,36455.84982
8/15/2008,36545.04976
8/18/2008,36879.88383
8/19/2008,37240.59467
8/20/2008,37182.63742
8/21/2008,37415.83835
8/22/2008,37080.79144
8/25/2008,37438.69675
8/26/2008,37377.68753
8/27/2008,37269.92691
8/28/2008,36923.64271
8/29/2008,37168.48845
9/1/2008,37166.43505
9/2/2008,36905.2977
9/3/2008,36514.52786
9/4/2008,36901.3761
9/5/2008,36558.86026
9/8/2008,35948.96892
9/9/2008,36273.21508
9/10/2008,35991.78836
9/11/2008,35633.26941
9/12/2008,35588.87826
9/15/2008,35706.01645
9/16/2008,34678.775
9/17/2008,34669.0967
9/18/2008,33092.07846
9/19/2008,33068.40349
9/22/2008,33966.39064
9/23/2008,34132.35372
9/24/2008,34186.78225
9/25/2008,34054.61308
9/26/2008,33839.765
9/29/2008,34268.356
9/30/2008,33803.17031
10/1/2008,33865.91811
10/2/2008,34514.72001
10/3/2008,34841.17045
10/6/2008,33157.57867
10/7/2008,33621.93065
10/8/2008,32817.43485
10/9/2008,32860.23299
10/10/2008,31067.84177
10/13/2008,31465.72147
10/14/2008,32276.98202
10/15/2008,32849.23842
10/16/2008,32172.62229
10/17/2008,32744.34285
10/20/2008,32880.9016
10/21/2008,33432.41744
10/22/2008,33406.7239
10/23/2008,33302.71677
10/24/2008,33062.21552
10/27/2008,32953.49604
10/28/2008,32273.41123
10/29/2008,32131.64074
10/30/2008,31879.33359
10/31/2008,32092.69937
11/3/2008,32207.23516
11/4/2008,31412.2953
11/5/2008,32670.47807
11/6/2008,33325.28756
11/7/2008,33029.05503
11/10/2008,33473.2234
11/11/2008,33608.01686
11/12/2008,34043.97713
11/13/2008,32762.74349
11/14/2008,33543.83321
11/17/2008,33302.88187
11/18/2008,33460.83962
11/19/2008,33663.03357
11/20/2008,33300.36831
11/21/2008,32245.0132
11/24/2008,31241.90989
11/25/2008,31084.17595
11/26/2008,30463.41961
11/27/2008,30463.0233
11/28/2008,30962.48065
12/1/2008,33038.1555
12/2/2008,32142.14303
12/3/2008,31743.02385
12/4/2008,31961.51542
12/5/2008,31250.28776
12/8/2008,29979.00669
12/9/2008,30113.91441
12/10/2008,29253.79691
12/11/2008,30352.89563
12/12/2008,29776.4188
12/15/2008,30267.25986
12/16/2008,29366.33787
12/17/2008,29012.84241
12/18/2008,29548.63177
12/19/2008,28255.54733
12/22/2008,29125.04442
12/23/2008,29139.362
12/24/2008,29146.86026
12/25/2008,29146.85142
12/26/2008,28880.04159
12/29/2008,29051.31903
12/30/2008,28534.70199
12/31/2008,28691.07595
1/1/2009,28690.97589
1/2/2009,28947.76121
1/5/2009,28798.25568
1/6/2009,28601.88113
1/7/2009,29650.28818
1/8/2009,29225.09728
1/9/2009,30057.91178
1/12/2009,30950.95321
1/13/2009,30937.43057
1/14/2009,31517.99655
1/15/2009,31267.33366
1/16/2009,31203.59155
1/19/2009,31203.48043
1/20/2009,32226.69509
1/21/2009,31329.45382
1/22/2009,31829.79015
1/23/2009,31231.79213
1/26/2009,31082.128
1/27/2009,31105.99369
1/28/2009,30483.28378
1/29/2009,31351.70797
1/30/2009,32017.57646
2/2/2009,31548.90486
2/3/2009,31575.61866
2/4/2009,31893.35648
2/5/2009,31606.42764
2/6/2009,30702.09187
2/9/2009,30632.83244
2/10/2009,31788.7906
2/11/2009,31811.64673
2/12/2009,31933.68114
2/13/2009,32001.01708
2/16/2009,32000.77241
2/17/2009,32672.60481
2/18/2009,32628.66024
2/19/2009,32675.17261
2/20/2009,31993.14458
2/23/2009,32156.48131
2/24/2009,30927.26144
2/25/2009,31404.58021
2/26/2009,31545.54869
2/27/2009,31850.89171
3/2/2009,31934.61207
3/3/2009,31678.25009
3/4/2009,31128.07669
3/5/2009,31848.19526
3/6/2009,31437.89391
3/9/2009,31389.46634
3/10/2009,30253.02985
3/11/2009,30442.743
3/12/2009,29570.56796
3/13/2009,29992.28849
3/16/2009,30418.52064
3/17/2009,29811.22197
3/18/2009,28850.41824
3/19/2009,29220.24619
3/20/2009,30101.09323
3/23/2009,28208.77461
3/24/2009,29410.52115
3/25/2009,29149.97579
3/26/2009,28381.82389
3/27/2009,29387.72844
3/30/2009,30694.29751
3/31/2009,30887.79135
4/1/2009,30283.62468
4/2/2009,29255.16317
4/3/2009,28815.37728
4/6/2009,29181.0758
4/7/2009,30158.63338
4/8/2009,29749.69988
4/9/2009,28366.07169
4/10/2009,28365.88881
4/13/2009,27976.97543
4/14/2009,29007.32709
4/15/2009,28184.44978
4/16/2009,27612.7861
4/17/2009,27358.45327
4/20/2009,29528.48316
4/21/2009,28318.26667
4/22/2009,28519.13096
4/23/2009,28861.97324
4/24/2009,28003.25435
4/27/2009,29331.37273
4/28/2009,29149.7951
4/29/2009,28227.51249
4/30/2009,28604.41747
5/1/2009,28579.54682
5/4/2009,27763.74863
5/5/2009,28223.28736
5/6/2009,27988.51056
5/7/2009,28828.55753
5/8/2009,27821.6898
5/11/2009,28631.578
5/12/2009,29135.20808
5/13/2009,30455.02481
5/14/2009,29988.54346
5/15/2009,30402.09043
5/18/2009,29618.20907
5/19/2009,29956.70542
5/20/2009,30185.74842
5/21/2009,30354.27062
5/22/2009,30579.07236
5/25/2009,30578.93365
5/26/2009,29859.9292
5/27/2009,30308.38877
5/28/2009,30432.22964
5/29/2009,30497.01933
6/1/2009,29932.99592
6/2/2009,30041.58472
6/3/2009,30398.44776
6/4/2009,30229.36845
6/5/2009,30450.69675
6/8/2009,30831.70799
6/9/2009,30866.68976
6/10/2009,30948.76727
6/11/2009,31430.0919
6/12/2009,31453.17068
6/15/2009,31773.58903
6/16/2009,32016.66663
6/17/2009,32251.50398
6/18/2009,32332.33186
6/19/2009,32409.68084
6/22/2009,33101.21104
6/23/2009,32744.84112
6/24/2009,32572.49999
6/25/2009,32572.49725
6/26/2009,33261.81467
6/29/2009,33036.74015
6/30/2009,33268.03117
7/1/2009,33301.26834
7/2/2009,33600.64581
7/3/2009,33600.44248
7/6/2009,33866.3674
7/7/2009,34032.40477
7/8/2009,34036.16116
7/9/2009,33930.51902
7/10/2009,33883.90602
7/13/2009,33400.57453
7/14/2009,33234.02612
7/15/2009,32746.04948
7/16/2009,32569.6477
7/17/2009,32630.03533
7/20/2009,32400.8575
7/21/2009,32501.73562
7/22/2009,32589.2302
7/23/2009,32206.2923
7/24/2009,32152.80656
7/27/2009,31838.29395
7/28/2009,32025.86965
7/29/2009,32386.28239
7/30/2009,32012.39177
7/31/2009,32060.94236
8/3/2009,31800.47261
8/4/2009,31517.529
8/5/2009,31275.3031
8/6/2009,31454.70935
8/7/2009,30916.22501
8/10/2009,30803.02091
8/11/2009,31312.15284
8/12/2009,31263.04113
8/13/2009,31114.71976
8/14/2009,31242.68844
8/17/2009,31634.66947
8/18/2009,31295.19366
8/19/2009,31314.0259
8/20/2009,31140.51777
8/21/2009,30905.41576
8/24/2009,30858.76328
8/25/2009,30775.20988
8/26/2009,30856.76343
8/27/2009,30844.63288
8/28/2009,30919.13709
8/31/2009,31298.4738
9/1/2009,31594.90072
9/2/2009,31758.78648
9/3/2009,31476.23315
9/4/2009,31365.76671
9/7/2009,31365.61712
9/8/2009,31284.89077
9/9/2009,31233.73389
9/10/2009,31054.71331
9/11/2009,30932.9939
9/14/2009,31057.06213
9/15/2009,30851.45795
9/16/2009,30468.29093
9/17/2009,30842.09831
9/18/2009,30487.05165
9/21/2009,30823.42019
9/22/2009,30525.91454
9/23/2009,30968.65005
9/24/2009,31222.34672
9/25/2009,31319.18872
9/28/2009,31021.44193
9/29/2009,31096.10176
9/30/2009,31182.35214
10/1/2009,31527.0092
10/2/2009,31588.29567
10/5/2009,31218.12125
10/6/2009,31031.9694
10/7/2009,31212.06198
10/8/2009,30909.58692
10/9/2009,31049.02682
10/12/2009,31060.88828
10/13/2009,31137.91742
10/14/2009,30937.03262
10/15/2009,31006.86284
10/16/2009,31392.30334
10/19/2009,31390.03921
10/20/2009,31373.89672
10/21/2009,31424.02101
10/22/2009,31184.33959
10/23/2009,31412.19874
10/26/2009,31371.90185
10/27/2009,31433.38262
10/28/2009,31570.83874
10/29/2009,31096.16684
10/30/2009,31446.31813
11/2/2009,31506.4097
11/3/2009,31365.49877
11/4/2009,31496.18669
11/5/2009,31245.88536
11/6/2009,31324.98026
11/9/2009,31143.72555
11/10/2009,31238.30196
11/11/2009,31105.78272
11/12/2009,31113.99469
11/13/2009,31051.98428
11/16/2009,30799.64616
11/17/2009,30696.70407
11/18/2009,30643.18082
11/19/2009,30836.36029
11/20/2009,30976.70632
11/23/2009,30821.92948
11/24/2009,30970.29043
11/25/2009,31107.96288
11/26/2009,31107.91396
11/27/2009,31274.03957
11/30/2009,31072.53256
12/1/2009,30960.78919
12/2/2009,30961.51801
12/3/2009,31031.90041
12/4/2009,30837.84101
12/7/2009,30981.46959
12/8/2009,30992.92772
12/9/2009,30963.27835
12/10/2009,30956.64933
12/11/2009,30844.75139
12/14/2009,30712.1155
12/15/2009,30726.13763
12/16/2009,30508.5401
12/17/2009,30490.39892
12/18/2009,30344.0451
12/21/2009,30351.30879
12/22/2009,30330.64774
12/23/2009,30430.10208
12/24/2009,30542.91503
12/25/2009,30542.85868
12/28/2009,30703.20809
12/29/2009,30909.14059
12/30/2009,31044.07634
12/31/2009,31368.65131
1/1/2010,31368.59438
1/4/2010,31173.84861
1/5/2010,31006.24131
1/6/2010,31022.50117
1/7/2010,30917.24147
1/8/2010,30901.94183
1/11/2010,31044.56987
1/12/2010,31278.92221
1/13/2010,31259.42049
1/14/2010,31372.94316
1/15/2010,31359.44625
1/18/2010,31359.38935
1/19/2010,31287.39757
1/20/2010,31282.09209
1/21/2010,31345.25115
1/22/2010,31493.3944
1/25/2010,31469.7279
1/26/2010,31577.89208
1/27/2010,31467.88591
1/28/2010,31523.52596
1/29/2010,31682.07805
2/1/2010,31517.3872
2/2/2010,31471.8939
2/3/2010,31583.85932
2/4/2010,31715.7803
2/5/2010,31657.84974
2/8/2010,31763.23704
2/9/2010,31730.81712
2/10/2010,31650.27816
2/11/2010,31616.90243
2/12/2010,31597.78842
2/15/2010,31597.71259
2/16/2010,31503.09656
2/17/2010,31551.03201
2/18/2010,31600.88124
2/19/2010,31597.58098
2/22/2010,31676.29935
2/23/2010,31966.99883
2/24/2010,31958.30095
2/25/2010,31842.81101
2/26/2010,31925.4222
3/1/2010,31917.17234
3/2/2010,31949.20686
3/3/2010,31945.60261
3/4/2010,31927.28093
3/5/2010,31870.4231
3/8/2010,32044.22505
3/9/2010,31949.7795
3/10/2010,31959.87787
3/11/2010,32003.25074
3/12/2010,32036.79119
3/15/2010,32117.46483
3/16/2010,32105.86216
3/17/2010,32125.42177
3/18/2010,32188.51028
3/19/2010,32524.10239
3/22/2010,32334.46049
3/23/2010,32293.30193
3/24/2010,32207.61829
3/25/2010,32260.44592
3/26/2010,32229.88465
3/29/2010,32303.86605
3/30/2010,32418.54342
3/31/2010,32418.34717
4/1/2010,32272.69456
4/2/2010,32272.54872
4/5/2010,31998.62956
4/6/2010,32045.89166
4/7/2010,32105.219
4/8/2010,32090.1432
4/9/2010,32227.13306
4/12/2010,32334.41502
4/13/2010,32289.87981
4/14/2010,32134.63902
4/15/2010,32198.1292
4/16/2010,32394.56034
4/19/2010,32432.12513
4/20/2010,32398.89121
4/21/2010,32340.54131
4/22/2010,32214.19086
4/23/2010,32246.85543
4/26/2010,32772.00302
4/27/2010,32879.02871
4/28/2010,32870.06693
4/29/2010,32657.17637
4/30/2010,32903.94483
5/3/2010,32864.97053
5/4/2010,32993.59954
5/5/2010,32890.57791
5/6/2010,32775.06736
5/7/2010,32819.9885
5/10/2010,32744.01021
5/11/2010,32796.10251
5/12/2010,32756.74519
5/13/2010,32917.99716
5/14/2010,33037.60394
5/17/2010,33040.84141
5/18/2010,33158.79411
5/19/2010,33101.43705
5/20/2010,32946.87385
5/21/2010,32792.52407
5/24/2010,32880.69293
5/25/2010,32623.5501
5/26/2010,32748.85718
5/27/2010,32620.28197
5/28/2010,32722.66096
5/31/2010,32722.5182
6/1/2010,33051.91106
6/2/2010,32926.77685
6/3/2010,32877.07473
6/4/2010,32982.32939
6/7/2010,33159.93205
6/8/2010,33112.23028
6/9/2010,33171.14003
6/10/2010,32947.35699
6/11/2010,32843.14182
6/14/2010,32788.1976
6/15/2010,32708.32741
6/16/2010,32841.61762
6/17/2010,32954.21251
6/18/2010,33031.47132
6/21/2010,32959.16503
6/22/2010,33114.72183
6/23/2010,33069.00563
6/24/2010,33206.60517
6/25/2010,33116.6776
6/28/2010,33155.67614
6/29/2010,33344.49142
6/30/2010,33479.16999
7/1/2010,33314.74134
7/2/2010,33489.37521
7/5/2010,33489.21573
7/6/2010,33543.13202
7/7/2010,33188.05914
7/8/2010,33056.71443
7/9/2010,32858.63742
7/12/2010,32971.22553
7/13/2010,32702.63228
7/14/2010,32746.16042
7/15/2010,32878.83155
7/16/2010,33226.3604
7/19/2010,33276.50899
7/20/2010,33066.00664
7/21/2010,33055.65222
7/22/2010,32698.94862
7/23/2010,32526.01041
7/26/2010,32373.05539
7/27/2010,32584.23646
7/28/2010,32624.05375
7/29/2010,32565.74098
7/30/2010,32697.26463
8/2/2010,32507.28732
8/3/2010,32663.3479
8/4/2010,32604.76503
8/5/2010,32670.00771
8/6/2010,32704.21601
8/9/2010,32583.31709
8/10/2010,32847.63509
8/11/2010,33129.14758
8/12/2010,33152.67159
8/13/2010,33252.92432
8/16/2010,33162.68042
8/17/2010,33017.8864
8/18/2010,32936.26088
8/19/2010,33077.06123
8/20/2010,33172.16523
8/23/2010,33226.4547
8/24/2010,33250.49248
8/25/2010,33076.75677
8/26/2010,33179.13842
8/27/2010,33088.14344
8/30/2010,33225.22747
8/31/2010,33238.32885
9/1/2010,32963.35058
9/2/2010,32727.25126
9/3/2010,32552.14398
9/6/2010,32552.02549
9/7/2010,32767.50615
9/8/2010,32664.58715
9/9/2010,32784.67769
9/10/2010,32917.50534
9/13/2010,32767.42615
9/14/2010,32844.37994
9/15/2010,32848.99496
9/16/2010,32919.07512
9/17/2010,33002.03296
9/20/2010,32744.19081
9/21/2010,32731.54945
9/22/2010,32987.66006
9/23/2010,33057.61055
9/24/2010,32728.00137
9/27/2010,32660.81509
9/28/2010,32659.58299
9/29/2010,32587.53517
9/30/2010,32844.57065
10/1/2010,32808.15909
10/4/2010,32925.74827
10/5/2010,32733.51915
10/6/2010,32831.12296
10/7/2010,32793.61043
10/8/2010,32704.95832
10/11/2010,32684.55322
10/12/2010,32674.57342
10/13/2010,32598.00271
10/14/2010,32683.00903
10/15/2010,32786.26784
10/18/2010,32813.87202
10/19/2010,33049.19003
10/20/2010,33011.03302
10/21/2010,33086.87513
10/22/2010,33159.32265
10/25/2010,33074.84908
10/26/2010,33142.64923
10/27/2010,33172.48028
10/28/2010,33366.55417
10/29/2010,33510.88549
11/1/2010,33547.39883
11/2/2010,33440.60032
11/3/2010,33454.84342
11/4/2010,33165.45134
11/5/2010,33299.007
11/8/2010,33297.41592
11/9/2010,33461.09581
11/10/2010,33316.90441
11/11/2010,33272.77614
11/12/2010,33412.88357
11/15/2010,33455.64047
11/16/2010,33587.46364
11/17/2010,33490.35657
11/18/2010,33230.37361
11/19/2010,33268.42015
11/22/2010,33230.26443
11/23/2010,33341.72989
11/24/2010,33156.60472
11/25/2010,33156.50156
11/26/2010,33287.95048
11/29/2010,33215.72047
11/30/2010,33339.29345
12/1/2010,33167.86
12/2/2010,32951.57181
12/3/2010,32887.59672
12/6/2010,32713.5004
12/7/2010,32712.66497
12/8/2010,32715.92992
12/9/2010,32644.04792
12/10/2010,32542.08554
12/13/2010,32683.73046
12/14/2010,32800.70973
12/15/2010,32872.0739
12/16/2010,32774.84435
12/17/2010,32796.20397
12/20/2010,32641.86185
12/21/2010,32574.42969
12/22/2010,32593.74889
12/23/2010,32784.98183
12/24/2010,32784.83852
12/27/2010,32754.71763
12/28/2010,32862.23556
12/29/2010,32860.08189
12/30/2010,33013.25547
12/31/2010,33278.63478
1/3/2011,33122.89073
1/4/2011,33246.02155
1/5/2011,33240.4732
1/6/2011,33387.87303
1/7/2011,33461.20722
1/10/2011,33462.09759
1/11/2011,33548.07198
1/12/2011,33491.41752
1/13/2011,33669.0069
1/14/2011,33673.39218
1/17/2011,33673.28605
1/18/2011,33833.81309
1/19/2011,34100.19541
1/20/2011,34130.35998
1/21/2011,34231.6504
1/24/2011,34169.66848
1/25/2011,34234.10608
1/26/2011,34283.46431
1/27/2011,34270.60523
1/28/2011,34336.51951
1/31/2011,34282.59136
2/1/2011,34088.67791
2/2/2011,34134.84267
2/3/2011,34222.55508
2/4/2011,34217.53587
2/7/2011,34156.41042
2/8/2011,34157.36192
2/9/2011,34292.42415
2/10/2011,34255.45681
2/11/2011,34132.63112
2/14/2011,34111.92527
2/15/2011,34286.19842
2/16/2011,34205.86841
2/17/2011,34238.17913
2/18/2011,34441.14011
2/21/2011,34441.00574
2/22/2011,34686.2216
2/23/2011,34674.05734
2/24/2011,34510.32276
2/25/2011,34417.83877
2/28/2011,34503.54279
3/1/2011,34743.96976
3/2/2011,34663.37072
3/3/2011,34614.95647
3/4/2011,34615.9166
3/7/2011,34755.3228
3/8/2011,34779.63045
3/9/2011,34844.5421
3/10/2011,34900.80365
3/11/2011,34782.00282
3/14/2011,34669.76452
3/15/2011,34549.54865
3/16/2011,34577.27394
3/17/2011,34574.02341
3/18/2011,34582.80831
3/21/2011,34531.48377
3/22/2011,34669.56593
3/23/2011,34607.76796
3/24/2011,34605.02573
3/25/2011,34620.15876
3/28/2011,34709.57892
3/29/2011,34643.9907
3/30/2011,34573.61612
3/31/2011,34650.92178
4/1/2011,34649.9732
4/4/2011,34647.85093
4/5/2011,34633.48322
4/6/2011,34746.30234
4/7/2011,34781.836
4/8/2011,34834.12205
4/11/2011,34982.09976
4/12/2011,35122.50543
4/13/2011,35101.79166
4/14/2011,35074.33413
4/15/2011,35038.54411
4/18/2011,35059.03379
4/19/2011,35011.58714
4/20/2011,34881.37385
4/21/2011,34834.41558
4/22/2011,34834.33371
4/25/2011,34765.67974
4/26/2011,34594.30033
4/27/2011,34774.18055
4/28/2011,34823.56068
4/29/2011,34841.79944
5/2/2011,35056.66982
5/3/2011,35202.74532
5/4/2011,35293.65088
5/5/2011,35202.61161
5/6/2011,35275.59118
5/9/2011,35168.96484
5/10/2011,35174.57603
5/11/2011,35351.52446
5/12/2011,35435.88163
5/13/2011,35553.39856
5/16/2011,35637.20396
5/17/2011,35685.81071
5/18/2011,35610.9567
5/19/2011,35651.7085
5/20/2011,35654.37013
5/23/2011,35634.94007
5/24/2011,35675.40979
5/25/2011,35425.9118
5/26/2011,35397.96576
5/27/2011,35340.31095
5/30/2011,35340.27394
5/31/2011,35324.95878
6/1/2011,35507.44738
6/2/2011,35418.10765
6/3/2011,35455.28869
6/6/2011,35433.88091
6/7/2011,35454.30103
6/8/2011,35598.56867
6/9/2011,35630.09131
6/10/2011,35748.96638
6/13/2011,35513.35366
6/14/2011,35379.12483
6/15/2011,35434.26432
6/16/2011,35457.75391
6/17/2011,35588.49367
6/20/2011,35437.51427
6/21/2011,35267.85084
6/22/2011,35465.72315
6/23/2011,35259.02243
6/24/2011,35463.06027
6/27/2011,35569.61348
6/28/2011,35482.43931
6/29/2011,35458.14868
6/30/2011,35542.03709
7/1/2011,35469.59879
7/4/2011,35469.57194
7/5/2011,35478.07572
7/6/2011,35544.92022
7/7/2011,35481.35495
7/8/2011,35552.91439
7/11/2011,35752.72085
7/12/2011,35812.69896
7/13/2011,35805.08784
7/14/2011,35973.17353
7/15/2011,35785.55155
7/18/2011,35827.05851
7/19/2011,35668.09832
7/20/2011,35673.84061
7/21/2011,35604.94048
7/22/2011,35506.5816
7/25/2011,35571.9343
7/26/2011,35468.26393
7/27/2011,35476.47615
7/28/2011,35406.32707
7/29/2011,35392.0635
8/1/2011,35369.9321
8/2/2011,35561.30834
8/3/2011,35484.21836
8/4/2011,35590.8366
8/5/2011,35594.7507
8/8/2011,35255.87136
8/9/2011,35418.74697
8/10/2011,35521.21188
8/11/2011,35447.62329
8/12/2011,35449.40217
8/15/2011,35456.5251
8/16/2011,35605.99971
8/17/2011,35650.68654
8/18/2011,35774.24919
8/19/2011,35862.31697
8/22/2011,35878.95784
8/23/2011,35801.23564
8/24/2011,35796.45074
8/25/2011,35806.54734
8/26/2011,35679.99419
8/29/2011,35504.21629
8/30/2011,35547.035
8/31/2011,35663.17833
9/1/2011,35882.75467
9/2/2011,36215.80933
9/5/2011,36215.79051
9/6/2011,36106.58561
9/7/2011,35686.37189
9/8/2011,35906.84735
9/9/2011,36053.74393
9/12/2011,35788.64343
9/13/2011,35590.91787
9/14/2011,35495.39972
9/15/2011,35350.60384
9/16/2011,35563.51341
9/19/2011,35547.84273
9/20/2011,35853.38278
9/21/2011,36097.83391
9/22/2011,36076.44078
9/23/2011,36028.86589
9/26/2011,35616.09405
9/27/2011,35532.62057
9/28/2011,35936.76756
9/29/2011,35925.31486
9/30/2011,36389.00977
10/3/2011,36659.88817
10/4/2011,35550.00999
10/5/2011,35286.11701
10/6/2011,35018.22995
10/7/2011,35440.92042
10/10/2011,34981.6793
10/11/2011,34819.55898
10/12/2011,34528.87204
10/13/2011,34587.15619
10/14/2011,34318.34474
10/17/2011,34976.78209
10/18/2011,34342.46581
10/19/2011,34838.36996
10/20/2011,34759.34438
10/21/2011,34673.96969
10/24/2011,34021.51426
10/25/2011,34514.26508
10/26/2011,34268.47498
10/27/2011,33509.06983
10/28/2011,33546.0555
10/31/2011,34213.23506
11/1/2011,34567.62524
11/2/2011,34232.00752
11/3/2011,34013.68689
11/4/2011,34031.34127
11/7/2011,34126.95964
11/8/2011,34188.76966
11/9/2011,34694.14096
11/10/2011,34607.79708
11/11/2011,34367.8321
11/14/2011,34420.13213
11/15/2011,34226.63189
11/16/2011,34350.61447
11/17/2011,34614.00453
11/18/2011,34753.44527
11/21/2011,34858.80272
11/22/2011,34995.60665
11/23/2011,35178.73678
11/24/2011,35178.72729
11/25/2011,35369.29428
11/28/2011,34844.04262
11/29/2011,34888.49495
11/30/2011,34422.91071
12/1/2011,34445.2106
12/2/2011,34368.85405
12/5/2011,34114.72719
12/6/2011,34152.53577
12/7/2011,34051.78942
12/8/2011,34388.31363
12/9/2011,34138.30363
12/12/2011,34278.11806
12/13/2011,34692.19218
12/14/2011,34867.50313
12/15/2011,34863.98902
12/16/2011,34608.86275
12/19/2011,34862.01919
12/20/2011,34379.42977
12/21/2011,34460.6571
12/22/2011,34241.23687
12/23/2011,34324.37433
12/26/2011,34324.36513
12/27/2011,34344.89708
12/28/2011,34582.06367
12/29/2011,34448.31358
12/30/2011,34859.30131
1/2/2012,34859.28239
1/3/2012,34512.77455
1/4/2012,34672.42513
1/5/2012,34649.46134
1/6/2012,34879.42258
1/9/2012,34861.089
1/10/2012,34779.43578
1/11/2012,34623.74975
1/12/2012,34586.41452
1/13/2012,34804.13105
1/16/2012,34804.11217
1/17/2012,34895.21665
1/18/2012,34533.88967
1/19/2012,34428.77253
1/20/2012,34494.01798
1/23/2012,34539.83023
1/24/2012,34511.95628
1/25/2012,34486.95704
1/26/2012,34727.00174
1/27/2012,34593.66949
1/30/2012,34793.89114
1/31/2012,35099.33287
2/1/2012,34925.14081
2/2/2012,34892.27202
2/3/2012,34681.37077
2/6/2012,34660.19749
2/7/2012,34760.22157
2/8/2012,34885.85907
2/9/2012,35013.28771
2/10/2012,35309.54094
2/13/2012,35164.76755
2/14/2012,35214.18594
2/15/2012,35314.98824
2/16/2012,35106.41663
2/17/2012,35369.48764
2/20/2012,35369.42983
2/21/2012,35434.70025
2/22/2012,35608.99085
2/23/2012,35545.35738
2/24/2012,35640.71747
2/27/2012,35574.03044
2/28/2012,35730.51215
2/29/2012,36005.34447
3/1/2012,35987.48041
3/2/2012,36223.32595
3/5/2012,36433.14919
3/6/2012,36690.0962
3/7/2012,36620.98673
3/8/2012,36526.78576
3/9/2012,36521.65383
3/12/2012,36576.26262
3/13/2012,36329.85708
3/14/2012,36365.34814
3/15/2012,36230.80916
3/16/2012,36232.71708
3/19/2012,36035.38423
3/20/2012,36351.05146
3/21/2012,36449.87879
3/22/2012,36719.25653
3/23/2012,36640.74941
3/26/2012,36586.76463
3/27/2012,36743.91031
3/28/2012,36953.98132
3/29/2012,37228.78521
3/30/2012,37424.61392
4/2/2012,37331.41921
4/3/2012,37399.68019
4/4/2012,37564.22417
4/5/2012,37799.54946
4/6/2012,37799.47699
4/9/2012,37817.83168
4/10/2012,37799.29526
4/11/2012,37609.48095
4/12/2012,37342.09339
4/13/2012,37767.90008
4/16/2012,37892.303
4/17/2012,37719.78598
4/18/2012,37856.66278
4/19/2012,38032.98838
4/20/2012,38183.44453
4/23/2012,38422.06124
4/24/2012,38500.72477
4/25/2012,38353.00995
4/26/2012,38346.332
4/27/2012,38243.75195
4/30/2012,38507.53474
5/1/2012,38553.71033
5/2/2012,38649.34778
5/3/2012,38834.37578
5/4/2012,39051.32649
5/7/2012,39236.75331
5/8/2012,39172.74989
5/9/2012,39299.8016
5/10/2012,39499.96587
5/11/2012,39551.33337
5/14/2012,39642.32061
5/15/2012,39654.54411
5/16/2012,39721.04571
5/17/2012,39773.25406
5/18/2012,39646.22695
5/21/2012,39333.92398
5/22/2012,39449.81288
5/23/2012,39091.86452
5/24/2012,39254.68798
5/25/2012,39359.86905
5/28/2012,39359.76089
5/29/2012,39059.4412
5/30/2012,39334.96698
5/31/2012,39412.12279
6/1/2012,39855.23329
6/4/2012,39896.20618
6/5/2012,39795.12456
6/6/2012,39455.2212
6/7/2012,39578.16661
6/8/2012,39542.55225
6/11/2012,40009.07324
6/12/2012,39766.13138
6/13/2012,40038.36767
6/14/2012,40126.72033
6/15/2012,39813.81831
6/18/2012,39922.81945
6/19/2012,39565.56002
6/20/2012,39593.47048
6/21/2012,39970.86494
6/22/2012,39876.25132
6/25/2012,40203.40693
6/26/2012,40177.14935
6/27/2012,40045.73298
6/28/2012,39943.76077
6/29/2012,39811.45463
7/2/2012,39779.58277
7/3/2012,39593.71866
7/4/2012,39593.62221
7/5/2012,39578.31972
7/6/2012,39951.25639
7/9/2012,40092.95201
7/10/2012,40391.58427
7/11/2012,40499.8947
7/12/2012,40564.91688
7/13/2012,40555.45219
7/16/2012,40652.65993
7/17/2012,40605.6661
7/18/2012,40332.03218
7/19/2012,40200.76832
7/20/2012,40345.08663
7/23/2012,40457.51752
7/24/2012,40627.93256
7/25/2012,40689.24418
7/26/2012,40391.20906
7/27/2012,40068.14813
7/30/2012,40136.58558
7/31/2012,40226.65838
8/1/2012,40247.39132
8/2/2012,40296.97751
8/3/2012,39940.76239
8/6/2012,39813.84783
8/7/2012,39554.00507
8/8/2012,39470.01713
8/9/2012,39335.48089
8/10/2012,39262.05922
8/13/2012,39376.43488
8/14/2012,39414.33198
8/15/2012,39402.68646
8/16/2012,39208.45324
8/17/2012,39238.4147
8/20/2012,39381.4644
8/21/2012,39308.97146
8/22/2012,39254.74321
8/23/2012,39423.21825
8/24/2012,39498.43855
8/27/2012,39571.16859
8/28/2012,39577.4748
8/29/2012,39660.08929
8/30/2012,39849.83091
8/31/2012,39878.00631
9/3/2012,39877.91048
9/4/2012,39857.03526
9/5/2012,39811.62534
9/6/2012,39583.89222
9/7/2012,39268.92458
9/10/2012,39285.22783
9/11/2012,39119.03198
9/12/2012,39121.88752
9/13/2012,38994.7617
9/14/2012,38594.61082
9/17/2012,38784.06785
9/18/2012,39066.6538
9/19/2012,39098.78099
9/20/2012,39243.63603
9/21/2012,39525.64168
9/24/2012,39603.17536
9/25/2012,39863.82165
9/26/2012,39941.6143
9/27/2012,39831.30861
9/28/2012,40064.82701
10/1/2012,40152.0556
10/2/2012,40200.47636
10/3/2012,40376.20289
10/4/2012,40491.37765
10/5/2012,40486.38853
10/8/2012,40528.73486
10/9/2012,40491.87069
10/10/2012,40452.37589
10/11/2012,40357.39326
10/12/2012,40461.9949
10/15/2012,40447.00874
10/16/2012,40514.27823
10/17/2012,40420.80409
10/18/2012,40556.80874
10/19/2012,40590.48713
10/22/2012,40545.01337
10/23/2012,40578.29613
10/24/2012,40661.58928
10/25/2012,40592.47017
10/26/2012,40709.84064
10/29/2012,40709.73225
10/30/2012,40709.62386
10/31/2012,40867.94181
11/1/2012,40641.13706
11/2/2012,40694.29217
11/5/2012,40450.34514
11/6/2012,40390.25521
11/7/2012,40401.00397
11/8/2012,40433.12981
11/9/2012,40321.77702
11/12/2012,40350.44839
11/13/2012,40330.63305
11/14/2012,40198.06038
11/15/2012,40150.39159
11/16/2012,40236.83443
11/19/2012,40219.41022
11/20/2012,40266.64609
11/21/2012,40266.10365
11/22/2012,40265.99043
11/23/2012,40259.03872
11/26/2012,40265.85931
11/27/2012,40211.94122
11/28/2012,40209.51586
11/29/2012,40251.84864
11/30/2012,40320.30123
12/3/2012,40358.79747
12/4/2012,40252.71631
12/5/2012,40240.23723
12/6/2012,40187.10914
12/7/2012,40191.87277
12/10/2012,40106.00157
12/11/2012,40008.9377
12/12/2012,39900.68477
12/13/2012,39967.36725
12/14/2012,39980.95829
12/17/2012,39948.25632
12/18/2012,39831.99852
12/19/2012,39888.25851
12/20/2012,39932.05155
12/21/2012,39906.2739
12/24/2012,39945.87624
12/25/2012,39945.79623
12/26/2012,39795.22549
12/27/2012,39748.65527
12/28/2012,39780.20684
12/31/2012,39895.72962
1/1/2013,39895.68012
1/2/2013,40091.01428
1/3/2013,40076.68207
1/4/2013,40122.24079
1/7/2013,40194.80459
1/8/2013,40349.35042
1/9/2013,40374.07539
1/10/2013,40457.84944
1/11/2013,40559.79332
1/14/2013,40666.82774
1/15/2013,40741.23264
1/16/2013,40917.24127
1/17/2013,40926.81551
1/18/2013,41053.76799
1/21/2013,41053.71617
1/22/2013,41218.55916
1/23/2013,41250.88284
1/24/2013,41386.02515
1/25/2013,41330.32523
1/28/2013,41351.61242
1/29/2013,41528.98796
1/30/2013,41651.55159
1/31/2013,41645.78871
2/1/2013,41768.44447
2/4/2013,41830.58651
2/5/2013,41767.29729
2/6/2013,41759.95339
2/7/2013,41858.96583
2/8/2013,41807.34738
2/11/2013,41872.67214
2/12/2013,41893.67101
2/13/2013,41918.53253
2/14/2013,41782.00208
2/15/2013,41898.5586
2/18/2013,41898.48592
2/19/2013,41939.00374
2/20/2013,42133.47725
2/21/2013,42183.43677
2/22/2013,42235.10829
2/25/2013,42283.27519
2/26/2013,42375.00142
2/27/2013,42395.94851
2/28/2013,42431.26301
3/1/2013,42625.95819
3/4/2013,42924.30079
3/5/2013,42883.44284
3/6/2013,42779.75932
3/7/2013,42621.15173
3/8/2013,42621.36329
3/11/2013,42759.62974
3/12/2013,42819.98944
3/13/2013,42762.11696
3/14/2013,42713.17469
3/15/2013,42698.36254
3/18/2013,42659.91004
3/19/2013,42739.33697
3/20/2013,42755.9288
3/21/2013,42842.6866
3/22/2013,43019.37437
3/25/2013,43109.75208
3/26/2013,43213.59055
3/27/2013,43222.805
3/28/2013,43425.12311
3/29/2013,43425.00268
4/1/2013,43584.01529
4/2/2013,43725.35588
4/3/2013,43679.01528
4/4/2013,43821.94248
4/5/2013,43767.42521
4/8/2013,43718.3232
4/9/2013,43598.24143
4/10/2013,43606.08573
4/11/2013,43603.39357
4/12/2013,43714.3859
4/15/2013,43763.30221
4/16/2013,43902.89272
4/17/2013,43974.39594
4/18/2013,44013.93659
4/19/2013,44184.96459
4/22/2013,44144.48223
4/23/2013,44151.98729
4/24/2013,43968.72695
4/25/2013,43796.40062
4/26/2013,43892.18747
4/29/2013,44052.28859
4/30/2013,44150.02873
5/1/2013,44062.69839
5/2/2013,43959.41786
5/3/2013,43884.4887
5/6/2013,43874.71143
5/7/2013,43996.00748
5/8/2013,43970.46494
5/9/2013,43865.68976
5/10/2013,43838.71398
5/13/2013,43966.40285
5/14/2013,43903.40153
5/15/2013,44134.74374
5/16/2013,44067.73819
5/17/2013,43973.68968
5/20/2013,43788.00251
5/21/2013,43919.3013
5/22/2013,43954.00322
5/23/2013,43790.51899
5/24/2013,43891.05576
5/27/2013,43891.00156
5/28/2013,43756.5035
5/29/2013,43509.46094
5/30/2013,43505.66622
5/31/2013,43490.05325
6/3/2013,43490.50534
6/4/2013,43481.80407
6/5/2013,43422.68017
6/6/2013,43466.60327
6/7/2013,43404.54514
6/10/2013,43510.43663
6/11/2013,43680.98659
6/12/2013,43719.99346
6/13/2013,43673.77347
6/14/2013,43829.03592
6/17/2013,43816.51601
6/18/2013,43907.60834
6/19/2013,43754.264
6/20/2013,43609.90657
6/21/2013,43946.96612
6/24/2013,43962.34399
6/25/2013,43963.04647
6/26/2013,44181.45603
6/27/2013,44283.82749
6/28/2013,44389.82681
7/1/2013,44303.1794
7/2/2013,44408.40559
7/3/2013,44449.94888
7/4/2013,44449.9064
7/5/2013,44446.4955
7/8/2013,44681.07922
7/9/2013,44637.24363
7/10/2013,44698.22379
7/11/2013,44725.39079
7/12/2013,44705.30749
7/15/2013,44844.82191
7/16/2013,44785.69573
7/17/2013,44816.54398
7/18/2013,44777.08457
7/19/2013,44849.62087
7/22/2013,44820.74273
7/23/2013,44879.79746
7/24/2013,44937.18067
7/25/2013,44956.82254
7/26/2013,45151.90984
7/29/2013,45232.17269
7/30/2013,45133.01283
7/31/2013,45191.07011
8/1/2013,45127.07105
8/2/2013,45112.24009
8/5/2013,45129.92571
8/6/2013,45464.90639
8/7/2013,45597.60719
8/8/2013,45479.02792
8/9/2013,45432.91919
8/12/2013,45275.08443
8/13/2013,45189.64955
8/14/2013,45122.75089
8/15/2013,44839.46671
8/16/2013,44866.95518
8/19/2013,44932.36956
8/20/2013,44992.9184
8/21/2013,44997.04585
8/22/2013,45017.68721
8/23/2013,45043.53617
8/26/2013,44961.84122
8/27/2013,44978.39445
8/28/2013,44910.2184
8/29/2013,44931.21619
8/30/2013,45016.90561
9/2/2013,45016.87435
9/3/2013,44894.62429
9/4/2013,44811.8948
9/5/2013,44858.84879
9/6/2013,44789.70967
9/9/2013,44714.58485
9/10/2013,44803.97625
9/11/2013,44803.41439
9/12/2013,44924.47973
9/13/2013,45011.72251
9/16/2013,45128.87483
9/17/2013,45024.02898
9/18/2013,45099.06613
9/19/2013,45055.67341
9/20/2013,45253.47607
9/23/2013,45366.59483
9/24/2013,45313.07209
9/25/2013,45259.19808
9/26/2013,45295.89366
9/27/2013,45325.48863
9/30/2013,45363.22715
10/1/2013,45404.27782
10/2/2013,45316.42569
10/3/2013,45250.30197
10/4/2013,45280.34327
10/7/2013,45282.41104
10/8/2013,45460.17112
10/9/2013,45495.03608
10/10/2013,45692.2317
10/11/2013,45809.71012
10/14/2013,45787.41803
10/15/2013,45824.58851
10/16/2013,45968.73785
10/17/2013,46062.99526
10/18/2013,46120.53753
10/21/2013,46140.74537
10/22/2013,46210.97392
10/23/2013,46426.20806
10/24/2013,46313.00843
10/25/2013,46414.58308
10/28/2013,46516.67555
10/29/2013,46546.38763
10/30/2013,46683.23241
10/31/2013,46679.80356
11/1/2013,46736.74753
11/4/2013,46558.90875
11/5/2013,46667.00254
11/6/2013,46920.17467
11/7/2013,46921.93306
11/8/2013,47031.72038
11/11/2013,46931.0011
11/12/2013,46952.3911
11/13/2013,46980.22772
11/14/2013,47098.34449
11/15/2013,47106.28702
11/18/2013,47382.31115
11/19/2013,47469.72533
11/20/2013,47390.66234
11/21/2013,47311.84094
11/22/2013,47394.88962
11/25/2013,47528.86253
11/26/2013,47576.24979
11/27/2013,47696.61654
11/28/2013,47696.57026
11/29/2013,47589.977
12/2/2013,47719.74493
12/3/2013,47715.17809
12/4/2013,47639.83203
12/5/2013,47592.93501
12/6/2013,47846.13835
12/9/2013,47831.09694
12/10/2013,47806.81207
12/11/2013,47822.85875
12/12/2013,47799.42845
12/13/2013,47663.67661
12/16/2013,47682.71496
12/17/2013,47578.21166
12/18/2013,47750.65482
12/19/2013,47673.14174
12/20/2013,47584.42422
12/23/2013,47649.53691
12/24/2013,47654.34581
12/25/2013,47654.277
12/26/2013,47581.14656
12/27/2013,47554.52913
12/30/2013,47610.16427
12/31/2013,47725.88048
1/1/2014,47725.80083
1/2/2014,47667.46193
1/3/2014,47708.63802
1/6/2014,47660.72656
1/7/2014,47734.0552
1/8/2014,47817.27324
1/9/2014,48088.32817
1/10/2014,48178.57127
1/13/2014,48423.31779
1/14/2014,48369.6715
1/15/2014,48371.55163
1/16/2014,48285.24639
1/17/2014,48275.58402
1/20/2014,48275.50284
1/21/2014,48433.93683
1/22/2014,48487.33871
1/23/2014,48551.12707
1/24/2014,48599.02355
1/27/2014,48720.22029
1/28/2014,48582.97664
1/29/2014,48454.62971
1/30/2014,48676.49154
1/31/2014,48707.63706
2/3/2014,48708.71155
2/4/2014,48646.83753
2/5/2014,48623.58228
2/6/2014,48525.77976
2/7/2014,48553.02645
2/10/2014,48686.37768
2/11/2014,48730.97523
2/12/2014,48640.39009
2/13/2014,48684.63232
2/14/2014,48780.76469
2/17/2014,48780.74143
2/18/2014,48745.08875
2/19/2014,48685.14473
2/20/2014,48639.55555
2/21/2014,48666.68675
2/24/2014,48655.03169
2/25/2014,48504.76527
2/26/2014,48474.04249
2/27/2014,48420.48423
2/28/2014,48614.76843
3/3/2014,48636.13714
3/4/2014,48590.97025
3/5/2014,48484.89902
3/6/2014,48512.3075
3/7/2014,48721.71812
3/10/2014,48874.78101
3/11/2014,49042.98173
3/12/2014,48900.09528
3/13/2014,49025.24628
3/14/2014,49136.15715
3/17/2014,49248.11004
3/18/2014,49036.78633
3/19/2014,49155.66326
3/20/2014,49299.7373
3/21/2014,49350.01558
3/24/2014,49375.46994
3/25/2014,49253.99276
3/26/2014,49493.08291
3/27/2014,49377.4845
3/28/2014,49263.0092
3/31/2014,49382.5249
4/1/2014,49196.48924
4/2/2014,49122.81054
4/3/2014,49258.46248
4/4/2014,49332.65327
4/7/2014,49396.79904
4/8/2014,49281.51111
4/9/2014,49170.22746
4/10/2014,49344.03146
4/11/2014,49409.99929
4/14/2014,49452.38141
4/15/2014,49379.7862
4/16/2014,49419.16627
4/17/2014,49398.42363
4/18/2014,49398.3634
4/21/2014,49442.21033
4/22/2014,49343.67089
4/23/2014,49381.44749
4/24/2014,49392.52816
4/25/2014,49561.10269
4/28/2014,49731.97042
4/29/2014,49621.7945
4/30/2014,49552.77396
5/1/2014,49429.9247
5/2/2014,49414.79297
5/5/2014,49336.75024
5/6/2014,49483.27889
5/7/2014,49726.37763
5/8/2014,49850.4478
5/9/2014,49796.26762
5/12/2014,49663.18787
5/13/2014,49759.1443
5/14/2014,49759.75114
5/15/2014,49792.7099
5/16/2014,49833.45748
5/19/2014,49724.55701
5/20/2014,49827.53976
5/21/2014,49760.51306
5/22/2014,49704.12219
5/23/2014,49658.36888
5/26/2014,49658.3326
5/27/2014,49771.76896
5/28/2014,49802.2053
5/29/2014,49831.32919
5/30/2014,50081.41709
6/2/2014,50188.93111
6/3/2014,50174.35063
6/4/2014,50207.89388
6/5/2014,50160.99906
6/6/2014,50177.16523
6/9/2014,50031.69234
6/10/2014,50053.49894
6/11/2014,49979.84877
6/12/2014,50053.18444
6/13/2014,49944.14766
6/16/2014,49981.16846
6/17/2014,49908.22079
6/18/2014,49858.71228
6/19/2014,49859.47028
6/20/2014,49874.82455
6/23/2014,49865.49457
6/24/2014,50102.27351
6/25/2014,49833.9535
6/26/2014,49904.3356
6/27/2014,50062.92878
6/30/2014,49887.53037
7/1/2014,49982.39487
7/2/2014,49903.19384
7/3/2014,49759.37591
7/4/2014,49759.32771
7/7/2014,49983.1587
7/8/2014,50123.98269
7/9/2014,50090.2866
7/10/2014,50126.19232
7/11/2014,50033.99295
7/14/2014,50056.21942
7/15/2014,50257.16139
7/16/2014,50183.44091
7/17/2014,50227.70311
7/18/2014,50245.66388
7/21/2014,50206.39223
7/22/2014,50235.52269
7/23/2014,50354.84683
7/24/2014,50490.04521
7/25/2014,50447.09835
7/28/2014,50623.26635
7/29/2014,50456.94563
7/30/2014,50325.92285
7/31/2014,50321.19791
8/1/2014,50385.89599
8/4/2014,50325.5544
8/5/2014,50200.89062
8/6/2014,50161.58787
8/7/2014,50244.61346
8/8/2014,50281.68837
8/11/2014,50339.36187
8/12/2014,50523.26347
8/13/2014,50614.69499
8/14/2014,50764.49955
8/15/2014,50744.91204
8/18/2014,50693.68193
8/19/2014,50698.18161
8/20/2014,50740.03981
8/21/2014,50864.22528
8/22/2014,50864.24379
8/25/2014,51058.79547
8/26/2014,50982.48225
8/27/2014,50993.82719
8/28/2014,51122.83461
8/29/2014,51181.42356
9/1/2014,51181.38604
9/2/2014,51320.01579
9/3/2014,51524.83508
9/4/2014,51611.88117
9/5/2014,51768.7977
9/8/2014,51904.7227
9/9/2014,51999.65887
9/10/2014,51938.69979
9/11/2014,51850.88991
9/12/2014,51773.26567
9/15/2014,51818.69834
9/16/2014,51760.1936
9/17/2014,51717.34887
9/18/2014,51749.83571
9/19/2014,52002.7324
9/22/2014,52095.57307
9/23/2014,51902.40833
9/24/2014,51909.90434
9/25/2014,51939.68766
9/26/2014,52054.9808
9/29/2014,52206.3177
9/30/2014,52443.9898
10/1/2014,52586.91584
10/2/2014,52581.22101
10/3/2014,52645.49687
10/6/2014,52834.14931
10/7/2014,53015.41912
10/8/2014,53015.6535
10/9/2014,53234.77312
10/10/2014,53532.0642
10/13/2014,53616.40086
10/14/2014,53398.69212
10/15/2014,52848.99708
10/16/2014,52796.31532
10/17/2014,53213.85936
10/20/2014,53098.06667
10/21/2014,53088.37788
10/22/2014,53431.49299
10/23/2014,53169.78523
10/24/2014,53349.27368
10/27/2014,53491.5495
10/28/2014,53232.23502
10/29/2014,53257.07255
10/30/2014,53503.84653
10/31/2014,53541.44389
11/3/2014,53527.91809
11/4/2014,53727.02912
11/5/2014,53961.23071
11/6/2014,53878.52016
11/7/2014,53744.83412
11/10/2014,53880.76729
11/11/2014,53850.34211
11/12/2014,53826.18423
11/13/2014,54028.61624
11/14/2014,53785.08118
11/17/2014,53998.98695
11/18/2014,53939.57526
11/19/2014,54103.37775
11/20/2014,53851.31195
11/21/2014,53797.3926
11/24/2014,53845.63523
11/25/2014,53933.32005
11/26/2014,54244.47591
11/27/2014,54244.46215
11/28/2014,54807.03521
12/1/2014,54877.39099
12/2/2014,55064.00927
12/3/2014,54846.65089
12/4/2014,55080.03308
12/5/2014,55098.8832
12/8/2014,55351.3989
12/9/2014,55076.2692
12/10/2014,55124.46159
12/11/2014,55359.85664
12/12/2014,55298.30145
12/15/2014,55223.83809
12/16/2014,55154.01773
12/17/2014,54977.05422
12/18/2014,54897.04489
12/19/2014,54580.15893
12/22/2014,54752.81974
12/23/2014,54773.7983
12/24/2014,54840.75992
12/25/2014,54840.73237
12/26/2014,54819.55105
12/29/2014,54988.90578
12/30/2014,55000.11063
12/31/2014,54934.56841
1/1/2015,54934.51221
1/2/2015,54993.13996
1/5/2015,55240.50293
1/6/2015,55514.56416
1/7/2015,55773.47466
1/8/2015,55747.44466
1/9/2015,55765.49722
1/12/2015,55905.18977
1/13/2015,56028.30563
1/14/2015,56057.62243
1/15/2015,56320.93069
1/16/2015,56183.35876
1/19/2015,56183.30056
1/20/2015,56110.29725
1/21/2015,56013.32451
1/22/2015,56259.61678
1/23/2015,56236.4556
1/26/2015,56092.16478
1/27/2015,56075.2098
1/28/2015,56419.96002
1/29/2015,56570.98378
1/30/2015,56367.62867
2/2/2015,56070.92667
2/3/2015,55651.21387
2/4/2015,55702.07564
2/5/2015,55600.36427
2/6/2015,55325.08881
2/9/2015,54979.76759
2/10/2015,55180.80371
2/11/2015,55234.0468
2/12/2015,55115.21033
2/13/2015,54725.38598
2/16/2015,54725.35827
2/17/2015,54570.60059
2/18/2015,54795.14365
2/19/2015,54632.04354
2/20/2015,54946.0659
2/23/2015,55079.45536
2/24/2015,55009.11433
2/25/2015,55005.47725
2/26/2015,55093.86819
2/27/2015,55197.83534
3/2/2015,55090.73707
3/3/2015,55104.15404
3/4/2015,55089.17985
3/5/2015,55275.66521
3/6/2015,55231.0483
3/9/2015,55403.97852
3/10/2015,55610.91556
3/11/2015,55437.76519
3/12/2015,55820.99147
3/13/2015,55854.49763
3/16/2015,56003.99164
3/17/2015,56048.32309
3/18/2015,55920.57986
3/19/2015,56080.01423
3/20/2015,56055.97198
3/23/2015,56041.91948
3/24/2015,55993.03188
3/25/2015,55837.33196
3/26/2015,55887.85012
3/27/2015,55986.28692
3/30/2015,55991.95429
3/31/2015,55986.90706
4/1/2015,55911.39802
4/2/2015,55872.25553
4/3/2015,55872.21232
4/6/2015,55520.55116
4/7/2015,55272.40622
4/8/2015,55420.06234
4/9/2015,55158.15852
4/10/2015,55283.38104
4/13/2015,55161.6676
4/14/2015,54901.54951
4/15/2015,54376.01854
4/16/2015,54468.21194
4/17/2015,54572.79738
4/20/2015,54420.44057
4/21/2015,54442.94896
4/22/2015,54506.79898
4/23/2015,54646.49893
4/24/2015,55041.23036
4/27/2015,54848.06075
4/28/2015,54827.31991
4/29/2015,54557.08149
4/30/2015,54450.70925
5/1/2015,54565.24501
5/4/2015,54667.30016
5/5/2015,54519.14414
5/6/2015,54661.16624
5/7/2015,54923.52037
5/8/2015,54990.90067
5/11/2015,55052.56196
5/12/2015,55019.2312
5/13/2015,54929.22173
5/14/2015,55133.93639
5/15/2015,55490.00659
5/18/2015,55487.16961
5/19/2015,55762.84345
5/20/2015,55696.11815
5/21/2015,55513.10453
5/22/2015,55584.24504
5/25/2015,55584.23069
5/26/2015,55559.38545
5/27/2015,55630.74366
5/28/2015,55776.81621
5/29/2015,55950.61413
6/1/2015,56008.70831
6/2/2015,55780.16652
6/3/2015,55757.81673
6/4/2015,55897.42922
6/5/2015,55834.07683
6/8/2015,55974.21682
6/9/2015,55968.4293
6/10/2015,55988.77986
6/11/2015,56094.02142
6/12/2015,56180.34693
6/15/2015,56592.964
6/16/2015,56627.39679
6/17/2015,56798.31701
6/18/2015,56981.82939
6/19/2015,56755.45917
6/22/2015,56974.96535
6/23/2015,56816.46091
6/24/2015,56842.24188
6/25/2015,56863.47635
6/26/2015,57225.20464
6/29/2015,56967.93116
6/30/2015,57022.15241
7/1/2015,57636.81689
7/2/2015,57646.52744
7/3/2015,57646.51202
7/6/2015,58054.37663
7/7/2015,58182.81765
7/8/2015,58326.88446
7/9/2015,58340.9491
7/10/2015,58678.57954
7/13/2015,58532.85556
7/14/2015,58365.00155
7/15/2015,58632.14883
7/16/2015,58830.1216
7/17/2015,59090.91143
7/20/2015,59260.84408
7/21/2015,59097.07641
7/22/2015,59459.38359
7/23/2015,59266.60197
7/24/2015,59509.6902
7/27/2015,59622.89269
7/28/2015,59376.45235
7/29/2015,59399.48795
7/30/2015,59598.82108
7/31/2015,59870.51658
8/3/2015,60279.58806
8/4/2015,60348.7795
8/5/2015,60508.05402
8/6/2015,59813.1942
8/7/2015,60011.74923
8/10/2015,59215.46481
8/11/2015,59531.8605
8/12/2015,59403.66188
8/13/2015,59955.40945
8/14/2015,60179.01941
8/17/2015,60291.24051
8/18/2015,60421.37412
8/19/2015,60596.31163
8/20/2015,60496.08635
8/21/2015,60290.99935
8/24/2015,59564.77513
8/25/2015,59710.28596
8/26/2015,59972.99646
8/27/2015,59651.57797
8/28/2015,59208.65854
8/31/2015,58947.42134
9/1/2015,59318.14157
9/2/2015,59269.85711
9/3/2015,59344.91841
9/4/2015,59539.20681
9/7/2015,59539.07818
9/8/2015,59681.06615
9/9/2015,59947.02229
9/10/2015,60233.93809
9/11/2015,60842.26485
9/14/2015,61057.91127
9/15/2015,61000.73019
9/16/2015,60712.9965
9/17/2015,61068.75323
9/18/2015,62285.41114
9/21/2015,62141.30606
9/22/2015,62251.6541
9/23/2015,62821.11258
9/24/2015,62581.62909
9/25/2015,62561.25139
9/28/2015,62382.96669
9/29/2015,62176.50661
9/30/2015,62272.95864
10/1/2015,62143.8552
10/2/2015,61262.75455
10/5/2015,60803.8614
10/6/2015,60086.70325
10/7/2015,59693.06225
10/8/2015,59717.5589
10/9/2015,59572.5259
10/12/2015,60566.13967
10/13/2015,60481.82605
10/14/2015,59832.00566
10/15/2015,60177.97896
10/16/2015,60690.27857
10/19/2015,61159.51697
10/20/2015,60882.28538
10/21/2015,61240.61119
10/22/2015,61201.43592
10/23/2015,61165.94399
10/26/2015,61849.80034
10/27/2015,62141.39522
10/28/2015,61816.94544
10/29/2015,62166.5233
10/30/2015,61626.47568
11/2/2015,61419.77713
11/3/2015,61069.79235
11/4/2015,61301.9402
11/5/2015,61498.50806
11/6/2015,61177.09734
11/9/2015,61342.58894
11/10/2015,61748.00118
11/11/2015,62068.06199
11/12/2015,62253.97799
11/13/2015,61933.39657
11/16/2015,61903.87826
11/17/2015,62133.8306
11/18/2015,61849.06337
11/19/2015,62232.81413
11/20/2015,62530.82759
11/23/2015,62579.34085
11/24/2015,62064.9116
11/25/2015,62013.85029
11/26/2015,62013.71628
11/27/2015,62508.3246
11/30/2015,62455.14248
12/1/2015,62611.69404
12/2/2015,62698.74943
12/3/2015,62536.83707
12/4/2015,63264.98552
12/7/2015,63823.52767
12/8/2015,63941.71613
12/9/2015,63654.27208
12/10/2015,63375.14179
12/11/2015,63355.38233
12/14/2015,63649.05256
12/15/2015,63635.49685
12/16/2015,63704.82143
12/17/2015,64189.95374
12/18/2015,64180.10669
12/21/2015,64028.3876
12/22/2015,63997.32227
12/23/2015,63510.38492
12/24/2015,63538.43834
12/25/2015,63538.06048
12/28/2015,63893.39213
12/29/2015,64040.09108
12/30/2015,64156.64631
12/31/2015,64064.98117
1/1/2016,64064.70744
1/4/2016,63388.93352
1/5/2016,64100.32253
1/6/2016,65092.11591
1/7/2016,65441.89172
1/8/2016,65451.02815
1/11/2016,65780.00159
1/12/2016,65731.17018
1/13/2016,65531.41993
1/14/2016,65106.65584
1/15/2016,64720.02819
1/18/2016,64719.75026
1/19/2016,65305.07959
1/20/2016,64582.31405
1/21/2016,64186.77862
1/22/2016,64385.82173
1/25/2016,64781.23745
1/26/2016,64506.17606
1/27/2016,64427.90341
1/28/2016,64688.43745
1/29/2016,64573.79261
2/1/2016,65153.49152
2/2/2016,65880.66089
2/3/2016,65334.46845
2/4/2016,64403.48073
2/5/2016,64510.38273
2/8/2016,65037.26712
2/9/2016,65346.72705
2/10/2016,65687.31363
2/11/2016,65472.48063
2/12/2016,65180.68776
2/15/2016,65180.12788
2/16/2016,64805.7741
2/17/2016,64092.82579
2/18/2016,64365.90468
2/19/2016,64741.12107
2/22/2016,64391.70166
2/23/2016,64930.15317
2/24/2016,64919.67098
2/25/2016,65208.73051
2/26/2016,64712.44709
2/29/2016,64158.73008
3/1/2016,64283.28653
3/2/2016,63509.44431
3/3/2016,62350.86816
3/4/2016,61632.61062
3/7/2016,60713.10053
3/8/2016,62252.43364
3/9/2016,62391.17914
3/10/2016,62654.20262
3/11/2016,62049.0762
3/14/2016,62203.77394
3/15/2016,62902.3434
3/16/2016,62446.49354
3/17/2016,61888.99439
3/18/2016,61930.76967
3/21/2016,62105.02935
3/22/2016,62028.63272
3/23/2016,63049.48643
3/24/2016,62982.81867
3/25/2016,62982.25763
3/28/2016,63214.83362
3/29/2016,63098.13851
3/30/2016,63028.18108
3/31/2016,62609.17002
4/1/2016,63080.95354
4/4/2016,63616.65212
4/5/2016,63542.60932
4/6/2016,63137.79908
4/7/2016,63302.10332
4/8/2016,62936.02439
4/11/2016,62828.96267
4/12/2016,62379.58955
4/13/2016,61857.27116
4/14/2016,62083.36727
4/15/2016,62243.31671
4/18/2016,62090.36155
4/19/2016,61834.27741
4/20/2016,61449.60395
4/21/2016,61244.18513
4/22/2016,60750.59652
4/25/2016,61463.48749
4/26/2016,61131.14879
4/27/2016,60550.38238
4/28/2016,60928.66076
4/29/2016,61194.19346
5/2/2016,61436.64364
5/3/2016,62445.93905
5/4/2016,62914.36255
5/5/2016,63030.40349
5/6/2016,62902.6815
5/9/2016,63468.81098
5/10/2016,63263.99663
5/11/2016,63175.80589
5/12/2016,63428.75841
5/13/2016,63749.71751
5/16/2016,63776.14889
5/17/2016,63197.16457
5/18/2016,63121.5204
5/19/2016,63206.34388
5/20/2016,63051.17789
5/23/2016,63182.4087
5/24/2016,63289.03508
5/25/2016,62612.60515
5/26/2016,62867.73987
5/27/2016,62973.66713
5/30/2016,62973.27648
5/31/2016,63112.68297
6/1/2016,63015.06804
6/2/2016,62943.54599
6/3/2016,63358.37756
6/6/2016,62666.83289
6/7/2016,62725.20333
6/8/2016,62737.00549
6/9/2016,63188.26955
6/10/2016,63794.07781
6/13/2016,63647.60926
6/14/2016,63642.90999
6/15/2016,63591.30368
6/16/2016,63836.71924
6/17/2016,63209.57217
6/20/2016,63193.77742
6/21/2016,63318.56355
6/22/2016,63510.02833
6/23/2016,63104.37818
6/24/2016,64074.78261
6/27/2016,64941.73904
6/28/2016,64821.74528
6/29/2016,64829.97603
6/30/2016,64932.9048
7/1/2016,64709.05798
7/4/2016,64708.57957
7/5/2016,65881.97219
7/6/2016,66060.20976
7/7/2016,65738.09542
7/8/2016,65688.45143
7/11/2016,65622.94462
7/12/2016,64754.76291
7/13/2016,65258.03215
7/14/2016,65066.69538
7/15/2016,65143.61193
7/18/2016,65064.61893
7/19/2016,65608.11862
7/20/2016,65451.46735
7/21/2016,65611.82642
7/22/2016,66331.43557
7/25/2016,66679.36557
7/26/2016,66116.26363
7/27/2016,65943.36607
7/28/2016,66459.00941
7/29/2016,66440.35683
8/1/2016,66895.92241
8/2/2016,66756.74923
8/3/2016,66321.90208
8/4/2016,66250.4894
8/5/2016,65899.15655
8/8/2016,65664.61879
8/9/2016,65839.25402
8/10/2016,65847.8058
8/11/2016,65492.43686
8/12/2016,65455.0873
8/15/2016,65066.84834
8/16/2016,64888.5139
8/17/2016,65116.2076
8/18/2016,64900.62144
8/19/2016,64882.11708
8/22/2016,65338.12567
8/23/2016,65065.95252
8/24/2016,65471.64683
8/25/2016,65481.73817
8/26/2016,65293.86275
8/29/2016,65299.3083
8/30/2016,65120.3854
8/31/2016,65399.15839
9/1/2016,65663.11298
9/2/2016,65671.83089
9/5/2016,65671.20416
9/6/2016,65834.99918
9/7/2016,65609.51155
9/8/2016,65468.45392
9/9/2016,65285.89678
9/12/2016,65368.29999
9/13/2016,65456.44737
9/14/2016,65501.38569
9/15/2016,65592.04956
9/16/2016,66043.40939
9/19/2016,66008.44966
9/20/2016,66114.14539
9/21/2016,65971.88265
9/22/2016,65969.31162
9/23/2016,66288.79795
9/26/2016,66185.21234
9/27/2016,66201.82112
9/28/2016,65447.90638
9/29/2016,65164.20291
9/30/2016,65293.89632
10/3/2016,65097.40527
10/4/2016,64753.58679
10/5/2016,64153.85851
10/6/2016,64151.49247
10/7/2016,64661.00439
10/10/2016,64629.90593
10/11/2016,64713.31955
10/12/2016,65027.81964
10/13/2016,65108.73078
10/14/2016,65265.33225
10/17/2016,65360.07721
10/18/2016,65211.62357
10/19/2016,65118.46315
10/20/2016,64886.10114
10/21/2016,65002.99371
10/24/2016,65121.51805
10/25/2016,65309.86853
10/26/2016,65188.63676
10/27/2016,65149.11903
10/28/2016,65431.90522
10/31/2016,66010.77572
11/1/2016,65561.72696
11/2/2016,65631.24564
11/3/2016,65360.81325
11/4/2016,64911.34168
11/7/2016,64867.26315
11/8/2016,64998.1776
11/9/2016,64135.83371
11/10/2016,63712.10453
11/11/2016,64084.53963
11/14/2016,63849.40316
11/15/2016,63504.99327
11/16/2016,63603.0114
11/17/2016,64069.1748
11/18/2016,64351.58712
11/21/2016,64351.14878
11/22/2016,64810.82472
11/23/2016,64363.42753
11/24/2016,64362.80693
11/25/2016,64956.56294
11/28/2016,65481.19464
11/29/2016,66112.04472
11/30/2016,64935.45734
12/1/2016,64581.21094
12/2/2016,64759.92214
12/5/2016,64765.18645
12/6/2016,64893.81736
12/7/2016,65215.91998
12/8/2016,65106.73306
12/9/2016,65334.79546
12/12/2016,65719.65739
12/13/2016,65782.79781
12/14/2016,65788.7528
12/15/2016,65499.15187
12/16/2016,65638.06742
12/19/2016,65978.00944
12/20/2016,65972.41809
12/21/2016,65834.00644
12/22/2016,66087.87104
12/23/2016,66442.88828
12/26/2016,66441.97699
12/27/2016,66328.98656
12/28/2016,66365.67864
12/29/2016,67008.17446
12/30/2016,67385.33693
1/2/2017,67384.39869
1/3/2017,66827.73927
1/4/2017,66413.7822
1/5/2017,66801.39374
1/6/2017,66662.49482
1/9/2017,66548.59883
1/10/2017,66285.23915
1/11/2017,67034.45307
1/12/2017,66607.44049
1/13/2017,66677.70633
1/16/2017,66676.78224
1/17/2017,67099.95801
1/18/2017,67192.1446
1/19/2017,67047.68087
1/20/2017,67139.17522
1/23/2017,67213.39901
1/24/2017,67059.54772
1/25/2017,66926.50118
1/26/2017,67091.5266
1/27/2017,67215.03005
1/30/2017,67357.76245
1/31/2017,67442.58493
2/1/2017,67197.12088
2/2/2017,67600.26524
2/3/2017,67737.74733
2/6/2017,67943.23699
2/7/2017,68255.72037
2/8/2017,68218.09045
2/9/2017,68130.57055
2/10/2017,68274.55768
2/13/2017,68309.2036
2/14/2017,67999.11809
2/15/2017,67916.91572
2/16/2017,68215.94036
2/17/2017,68399.21837
2/20/2017,68398.24356
2/21/2017,68248.03792
2/22/2017,68614.15287
2/23/2017,68916.79199
2/24/2017,69102.42993
2/27/2017,68984.64744
2/28/2017,68731.32078
3/1/2017,68499.23773
3/2/2017,68636.06074
3/3/2017,68552.15162
3/6/2017,68453.55401
3/7/2017,68586.35988
3/8/2017,68480.38304
3/9/2017,68456.54294
3/10/2017,68487.44669
3/13/2017,68653.67416
3/14/2017,68908.51019
3/15/2017,68894.96889
3/16/2017,68848.14662
3/17/2017,69531.47623
3/20/2017,69423.08931
3/21/2017,69717.43091
3/22/2017,69498.7903
3/23/2017,69640.15894
3/24/2017,69724.08041
3/27/2017,69702.25437
3/28/2017,69473.90264
3/29/2017,69439.93898
3/30/2017,69601.12339
3/31/2017,69645.24825
4/3/2017,69695.27999
4/4/2017,69613.91737
4/5/2017,69924.79222
4/6/2017,69804.35685
4/7/2017,69893.67412
4/10/2017,69593.17246
4/11/2017,69681.71396
4/12/2017,70246.98036
4/13/2017,70304.09918
4/14/2017,70302.74041
4/17/2017,70702.35204
4/18/2017,70635.53158
4/19/2017,70883.04212
4/20/2017,70912.81371
4/21/2017,71103.46681
4/24/2017,70942.18739
4/25/2017,70838.33369
4/26/2017,70740.51273
4/27/2017,70803.72975
4/28/2017,71072.88156
5/1/2017,70952.59886
5/2/2017,71298.22614
5/3/2017,71297.21031
5/4/2017,71493.00388
5/5/2017,71229.85122
5/8/2017,71249.55807
5/9/2017,71119.83989
5/10/2017,70964.71145
5/11/2017,70973.20699
5/12/2017,71008.94265
5/15/2017,70957.45485
5/16/2017,70978.09001
5/17/2017,71265.84104
5/18/2017,71325.43612
5/19/2017,71182.13603
5/22/2017,71360.16669
5/23/2017,71469.38681
5/24/2017,71677.58828
5/25/2017,72180.41413
5/26/2017,72233.53286
5/29/2017,72232.05992
5/30/2017,72386.62488
5/31/2017,72745.77379
6/1/2017,72419.90831
6/2/2017,73029.22042
6/5/2017,72980.23058
6/6/2017,72730.8381
6/7/2017,73085.22953
6/8/2017,72803.27652
6/9/2017,72751.89119
6/12/2017,72665.29268
6/13/2017,72687.6381
6/14/2017,72917.54805
6/15/2017,73341.58482
6/16/2017,73081.1764
6/19/2017,72845.54317
6/20/2017,73056.01351
6/21/2017,73109.59607
6/22/2017,72940.55831
6/23/2017,72957.42226
6/26/2017,72804.22421
6/27/2017,72681.14065
6/28/2017,72560.93087
6/29/2017,72469.85944
6/30/2017,72624.2852
7/3/2017,72465.11253
7/4/2017,72463.34188
7/5/2017,72451.44857
7/6/2017,72556.16305
7/7/2017,72716.11487
7/10/2017,72500.92201
7/11/2017,72242.0181
7/12/2017,72419.28918
7/13/2017,71985.84324
7/14/2017,72146.82807
7/17/2017,72180.5288
7/18/2017,72401.89235
7/19/2017,72189.46237
7/20/2017,72362.0647
7/21/2017,72678.98952
7/24/2017,72612.24773
7/25/2017,72257.3038
7/26/2017,72555.60112
7/27/2017,72476.30266
7/28/2017,72522.57661
7/31/2017,72757.14512
8/1/2017,73018.94906
8/2/2017,73023.68194
8/3/2017,73227.23835
8/4/2017,72935.60176
8/7/2017,72921.33945
8/8/2017,72887.44728
8/9/2017,72847.17195
8/10/2017,73119.49727
8/11/2017,72817.68319
8/14/2017,73342.74167
8/15/2017,73245.031
8/16/2017,73388.32707
8/17/2017,73327.87199
8/18/2017,73372.21495
8/21/2017,73505.43623
8/22/2017,73366.75869
8/23/2017,73211.24495
8/24/2017,73069.44166
8/25/2017,73108.86598
8/28/2017,72928.18106
8/29/2017,72942.27492
8/30/2017,73005.26447
8/31/2017,72695.80286
9/1/2017,72685.60158
9/4/2017,72683.85751
9/5/2017,72775.93724
9/6/2017,72584.57893
9/7/2017,72544.21126
9/8/2017,72870.54376
9/11/2017,72817.743
9/12/2017,72767.60308
9/13/2017,72657.36643
9/14/2017,72770.48464
9/15/2017,72628.58335
9/18/2017,72542.05416
9/19/2017,72472.65607
9/20/2017,72410.745
9/21/2017,72378.89331
9/22/2017,72707.61169
9/25/2017,72361.46055
9/26/2017,72564.32498
9/27/2017,72393.53144
9/28/2017,72690.67894
9/29/2017,72559.3248
10/2/2017,72436.79841
10/3/2017,72292.82192
10/4/2017,72416.70301
10/5/2017,72468.6749
10/6/2017,72679.80762
10/9/2017,72838.18507
10/10/2017,72924.52183
10/11/2017,73250.00285
10/12/2017,73052.71745
10/13/2017,73297.44971
10/16/2017,73197.82761
10/17/2017,73122.7563
10/18/2017,73066.33181
10/19/2017,73190.42444
10/20/2017,72987.08663
10/23/2017,73065.2568
10/24/2017,72815.35106
10/25/2017,72808.61331
10/26/2017,72872.47016
10/27/2017,73059.29703
10/30/2017,72730.35629
10/31/2017,72767.99747
11/1/2017,72666.49871
11/2/2017,72914.48731
11/3/2017,72636.82461
11/6/2017,72052.52393
11/7/2017,72163.83221
11/8/2017,72901.07149
11/9/2017,72863.12324
11/10/2017,72764.85888
11/13/2017,73058.39925
11/14/2017,73475.27631
11/15/2017,73294.84961
11/16/2017,74018.97672
11/17/2017,73704.05661
11/20/2017,73832.87922
11/21/2017,73809.82834
11/22/2017,73811.90728
11/23/2017,73809.92789
11/24/2017,74036.59106
11/27/2017,74414.76578
11/28/2017,74370.43477
11/29/2017,74280.1896
11/30/2017,74222.40018
12/1/2017,74216.18019
12/4/2017,74283.62333
12/5/2017,74163.2607
12/6/2017,74337.22603
12/7/2017,74252.08961
12/8/2017,74194.40882
12/11/2017,73849.44405
12/12/2017,73973.53715
12/13/2017,74222.5172
12/14/2017,74478.63738
12/15/2017,74611.69206
12/18/2017,74517.09333
12/19/2017,74293.60062
12/20/2017,74217.71681
12/21/2017,74111.62144
12/22/2017,74203.83539
12/25/2017,74201.64991
12/26/2017,74167.84763
12/27/2017,74173.13354
12/28/2017,74275.83138
12/29/2017,74570.01341
1/1/2018,74567.60902
1/2/2018,73868.40913
1/3/2018,73945.4634
1/4/2018,73976.99932
1/5/2018,74198.52888
1/8/2018,74275.9112
1/9/2018,74060.78929
1/10/2018,73840.45876
1/11/2018,73640.26321
1/12/2018,73615.8962
1/15/2018,73613.5441
1/16/2018,74197.59111
1/17/2018,74149.2599
1/18/2018,74093.20666
1/19/2018,74287.79408
1/22/2018,74112.01247
1/23/2018,74218.14671
1/24/2018,74331.70181
1/25/2018,74449.92428
1/26/2018,74493.28472
1/29/2018,74180.34913
1/30/2018,74314.06565
1/31/2018,74531.44905
2/1/2018,74380.93398
2/2/2018,74192.98622
2/5/2018,73541.13079
2/6/2018,73098.6727
2/7/2018,73266.36369
2/8/2018,73164.39606
2/9/2018,73288.69426
2/12/2018,73245.76316
2/13/2018,73422.47811
2/14/2018,73212.68516
2/15/2018,73456.43968
2/16/2018,73560.81359
2/19/2018,73558.31416
2/20/2018,73045.90266
2/21/2018,73080.07534
2/22/2018,73101.31016
2/23/2018,73294.07882
2/26/2018,73195.35761
2/27/2018,73051.42535
2/28/2018,73072.44236
3/1/2018,73291.36327
3/2/2018,73024.06313
3/5/2018,73051.06602
3/6/2018,72798.44556
3/7/2018,72854.98561
3/8/2018,73074.53676
3/9/2018,72984.76265
3/12/2018,73173.0371
3/13/2018,73187.80406
3/14/2018,73619.61295
3/15/2018,74036.73273
3/16/2018,74116.64738
3/19/2018,74362.45979
3/20/2018,74204.9632
3/21/2018,73717.14836
3/22/2018,74105.00003
3/23/2018,74158.56579
3/26/2018,74091.00803
3/27/2018,74674.80166
3/28/2018,74984.93922
3/29/2018,74893.92631
3/30/2018,74890.85277
4/2/2018,75138.5371
4/3/2018,74844.73805
4/4/2018,74658.65284
4/5/2018,74613.11995
4/6/2018,74974.68489
4/9/2018,75040.02741
4/10/2018,74464.25087
4/11/2018,74309.50049
4/12/2018,73790.3851
4/13/2018,74049.45274
4/16/2018,74250.72763
4/17/2018,74385.49673
4/18/2018,73980.02514
4/19/2018,74249.35382
4/20/2018,74275.27084
4/23/2018,74325.85056
4/24/2018,74576.12912
4/25/2018,74412.57005
4/26/2018,74258.15657
4/27/2018,74647.23511
4/30/2018,74948.53415
5/1/2018,75015.15934
5/2/2018,74780.89454
5/3/2018,75023.80868
5/4/2018,75067.77379
5/7/2018,75009.72983
5/8/2018,75030.89086
5/9/2018,74458.28507
5/10/2018,74756.39557
5/11/2018,74655.43517
5/14/2018,74084.74311
5/15/2018,73906.97176
5/16/2018,73659.10716
5/17/2018,73785.53318
5/18/2018,74016.99213
5/21/2018,74022.66711
5/22/2018,74024.9176
5/23/2018,74608.76882
5/24/2018,74875.08165
5/25/2018,75283.88814
5/28/2018,75280.32077
5/29/2018,75223.24311
5/30/2018,74985.62272
5/31/2018,75402.45312
6/1/2018,75467.28313
6/4/2018,75615.47196
6/5/2018,75486.9322
6/6/2018,74950.30591
6/7/2018,75223.64495
6/8/2018,75163.73587
6/11/2018,75186.15818
6/12/2018,75012.2703
6/13/2018,75013.48028
6/14/2018,75226.34531
6/15/2018,75539.70935
6/18/2018,75397.48295
6/19/2018,75389.46632
6/20/2018,75511.00026
6/21/2018,75989.21726
6/22/2018,76211.02404
6/25/2018,76961.7177
6/26/2018,76913.13058
6/27/2018,76703.59229
6/28/2018,76971.19799
6/29/2018,77206.85278
7/2/2018,77194.46819
7/3/2018,77581.26564
7/4/2018,77577.46513
7/5/2018,77501.67686
7/6/2018,77288.25536
7/9/2018,77047.45804
7/10/2018,76659.72678
7/11/2018,76969.41836
7/12/2018,76831.40955
7/13/2018,76773.98465
7/16/2018,77211.3393
7/17/2018,76823.57817
7/18/2018,76822.1834
7/19/2018,77056.46375
7/20/2018,77333.57471
7/23/2018,77310.73448
7/24/2018,77280.18397
7/25/2018,77504.10448
7/26/2018,77421.78021
7/27/2018,77266.39063
7/30/2018,76985.28037
7/31/2018,76917.94466
8/1/2018,77275.2754
8/2/2018,77261.83978
8/3/2018,77314.30371
8/6/2018,77286.14415
8/7/2018,76809.70348
8/8/2018,76876.49326
8/9/2018,77019.09419
8/10/2018,76962.93562
8/13/2018,77060.3198
8/14/2018,76969.32153
8/15/2018,77360.86972
8/16/2018,77306.63673
8/17/2018,77381.84484
8/20/2018,77291.56654
8/21/2018,76732.87003
8/22/2018,76595.6198
8/23/2018,76670.15745
8/24/2018,76763.45571
8/27/2018,76049.79324
8/28/2018,75983.18892
8/29/2018,75731.84523
8/30/2018,75933.6592
8/31/2018,75979.52939
9/3/2018,75975.45683
9/4/2018,75966.42221
9/5/2018,76151.05749
9/6/2018,76852.42375
9/7/2018,76622.85895
9/10/2018,76164.01123
9/11/2018,75879.64495
9/12/2018,76393.24082
9/13/2018,76550.05947
9/14/2018,76138.44472
9/17/2018,76504.7611
9/18/2018,76176.61498
9/19/2018,75717.68079
9/20/2018,75857.75221
9/21/2018,75951.10066
9/24/2018,75353.61986
9/25/2018,75350.82122
9/26/2018,75292.82758
9/27/2018,75316.05648
9/28/2018,75510.31697
10/1/2018,75461.24257
10/2/2018,75704.64056
10/3/2018,75390.17789
10/4/2018,75696.47487
10/5/2018,76074.39548
10/8/2018,76315.83373
10/9/2018,76434.83055
10/10/2018,76811.53911
10/11/2018,76487.9559
10/12/2018,76129.82074
10/15/2018,76212.65304
10/16/2018,76199.08493
10/17/2018,76168.23026
10/18/2018,76543.31051
10/19/2018,76933.80756
10/22/2018,76673.92268
10/23/2018,76839.49438
10/24/2018,77786.79774
10/25/2018,77103.61259
10/26/2018,76954.82196
10/29/2018,77684.09645
10/30/2018,77530.12775
10/31/2018,77010.56486
11/1/2018,75943.35774
11/2/2018,75496.26438
11/5/2018,75641.56762
11/6/2018,76067.79385
11/7/2018,75792.08046
11/8/2018,76346.07309
11/9/2018,77006.67245
11/12/2018,77604.67507
11/13/2018,77592.74779
11/14/2018,77247.88231
11/15/2018,76568.37112
11/16/2018,76601.90808
11/19/2018,77390.17367
11/20/2018,77201.64851
11/21/2018,76931.44093
11/22/2018,76926.83932
11/23/2018,77079.81389
11/26/2018,76397.56129
11/27/2018,76713.57927
11/28/2018,76643.853
11/29/2018,76921.55614
11/30/2018,76895.97155
12/3/2018,76563.9703
12/4/2018,77322.85122
12/5/2018,77318.10375
12/6/2018,77390.09255
12/7/2018,78148.56139
12/10/2018,77812.74655
12/11/2018,77648.93112
12/12/2018,77354.91179
12/13/2018,77776.66157
12/14/2018,77979.80299
12/17/2018,77473.69992
12/18/2018,77502.78784
12/19/2018,77257.17979
12/20/2018,77331.36314
12/21/2018,77341.81016
12/24/2018,76573.65361
12/25/2018,76568.97567
12/26/2018,75928.11384
12/27/2018,75789.96177
12/28/2018,76769.9773
12/31/2018,76884.18836
1/1/2019,76879.43829
1/2/2019,76623.65785
1/3/2019,77557.04097
1/4/2019,76684.92985
1/7/2019,75853.28547
1/8/2019,76086.04709
1/9/2019,75402.64597
1/10/2019,74843.82373
1/11/2019,75045.39633
1/14/2019,75270.61288
1/15/2019,75548.43742
1/16/2019,75932.18894
1/17/2019,75549.64664
1/18/2019,75013.11627
1/21/2019,75008.54582
1/22/2019,75914.64685
1/23/2019,76907.10726
1/24/2019,76379.10464
1/25/2019,75802.61237
1/28/2019,76693.27637
1/29/2019,76833.84991
1/30/2019,76460.88901
1/31/2019,76500.96473
2/1/2019,76317.95735
2/4/2019,76331.89006
2/5/2019,76288.40133
2/6/2019,76384.22865
2/7/2019,77376.28415
2/8/2019,77408.64833
2/11/2019,77138.48342
2/12/2019,76495.75801
2/13/2019,76408.99384
2/14/2019,76018.88305
2/15/2019,76007.40821
2/18/2019,76002.79481
2/19/2019,76662.81401
2/20/2019,75814.10949
2/21/2019,76404.73921
2/22/2019,76380.42451
2/25/2019,75857.47278
2/26/2019,76150.22862
2/27/2019,75901.38526
2/28/2019,76472.82545
3/1/2019,76092.97502
3/4/2019,76163.37252
3/5/2019,76470.20063
3/6/2019,76821.06977
3/7/2019,77017.12957
3/8/2019,77298.22034
3/11/2019,77124.99184
3/12/2019,76709.15149
3/13/2019,76639.17837
3/14/2019,76690.88607
3/15/2019,77061.23729
3/18/2019,76348.7048
3/19/2019,76054.73819
3/20/2019,75990.35152
3/21/2019,75589.39703
3/22/2019,76613.9418
3/25/2019,77110.58489
3/26/2019,77453.87276
3/27/2019,77672.22939
3/28/2019,77261.93367
3/29/2019,76871.10803
4/1/2019,76257.44507
4/2/2019,76201.52594
4/3/2019,75735.5342
4/4/2019,75917.08729
4/5/2019,75654.51091
4/8/2019,75495.5032
4/9/2019,75931.6834
4/10/2019,75426.05334
4/11/2019,75613.9493
4/12/2019,75594.89264
4/15/2019,75795.35846
4/16/2019,75284.66364
4/17/2019,75425.09314
4/18/2019,75889.18239
4/19/2019,75884.5681
4/22/2019,75138.08003
4/23/2019,75118.84487
4/24/2019,75433.65253
4/25/2019,76161.59436
4/26/2019,76341.33155
4/29/2019,76274.71424
4/30/2019,76758.42479
5/1/2019,77047.27799
5/2/2019,77082.52486
5/3/2019,76920.55146
5/6/2019,76565.82368
5/7/2019,77106.7668
5/8/2019,77164.95187
5/9/2019,77384.82721
5/10/2019,77604.56268
5/13/2019,78661.39366
5/14/2019,78235.77574
5/15/2019,77957.18034
5/16/2019,78075.16004
5/17/2019,78616.63053
5/20/2019,79031.99792
5/21/2019,78580.94115
5/22/2019,78932.47479
5/23/2019,79499.49774
5/24/2019,79458.45524
5/27/2019,79453.45893
5/28/2019,79358.49918
5/29/2019,79205.37239
5/30/2019,79466.76644
5/31/2019,79991.46872
6/3/2019,80107.9586
6/4/2019,78987.63731
6/5/2019,79613.92432
6/6/2019,79830.89647
6/7/2019,79486.62874
6/10/2019,79255.65999
6/11/2019,79460.12525
6/12/2019,80280.78065
6/13/2019,79959.67478
6/14/2019,80803.20516
6/17/2019,80408.58267
6/18/2019,79515.61444
6/19/2019,79999.75291
6/20/2019,79943.24966
6/21/2019,79908.51068
6/24/2019,80386.78464
6/25/2019,80296.13052
6/26/2019,79267.99969
6/27/2019,79338.14395
6/28/2019,79714.86688
7/1/2019,79231.00403
7/2/2019,80028.09806
7/3/2019,80244.04452
7/4/2019,80239.66587
7/5/2019,80268.37131
7/8/2019,80434.11411
7/9/2019,80381.49475
7/10/2019,80470.25828
7/11/2019,80551.80015
7/12/2019,80126.59452
7/15/2019,80464.40859
7/16/2019,80645.77208
7/17/2019,81125.26049
7/18/2019,81316.5215
7/19/2019,80973.13481
7/22/2019,80872.07056
7/23/2019,80781.41746
7/24/2019,80558.06984
7/25/2019,80950.18217
7/26/2019,81290.33726
7/29/2019,81613.20699
7/30/2019,81717.1338
7/31/2019,81412.07616
8/1/2019,82043.54354
8/2/2019,82684.72727
8/5/2019,82691.89422
8/6/2019,82753.15147
8/7/2019,83184.8243
8/8/2019,82991.77694
8/9/2019,83433.8585
8/12/2019,83754.3971
8/13/2019,83363.79604
8/14/2019,83374.82684
8/15/2019,83776.40625
8/16/2019,83441.4749
8/19/2019,83225.72018
8/20/2019,83303.38217
8/21/2019,83064.56268
8/22/2019,83346.78234
8/23/2019,83817.70839
8/26/2019,84061.93856
8/27/2019,84209.52085
8/28/2019,83881.65127
8/29/2019,83170.11162
8/30/2019,83339.66954
9/2/2019,83335.38589
9/3/2019,84324.89497
9/4/2019,83773.90712
9/5/2019,82460.74945
9/6/2019,82017.54253
9/9/2019,80892.37384
9/10/2019,79623.13808
9/11/2019,79270.31545
9/12/2019,79685.4061
9/13/2019,79782.89235
9/16/2019,79087.39137
9/17/2019,79927.44591
9/18/2019,80155.30488
9/19/2019,80702.57119
9/20/2019,81453.52648
9/23/2019,81494.78567
9/24/2019,82350.65765
9/25/2019,81898.79831
9/26/2019,82546.23388
9/27/2019,82300.53307
9/30/2019,82367.22391
10/1/2019,83025.99781
10/2/2019,82779.07629
10/3/2019,82646.65327
10/4/2019,82861.3504
10/7/2019,82562.15624
10/8/2019,83380.81843
10/9/2019,83245.86558
10/10/2019,82985.49113
10/11/2019,82036.62388
10/14/2019,81461.18071
10/15/2019,81050.96618
10/16/2019,81227.64268
10/17/2019,81142.71177
10/18/2019,81782.05045
10/21/2019,81797.91322
10/22/2019,81407.19547
10/23/2019,81234.62281
10/24/2019,81401.36444
10/25/2019,80489.25997
10/28/2019,80003.55754
10/29/2019,80311.14931
10/30/2019,81157.28728
10/31/2019,81827.06056
11/1/2019,80702.98986
11/4/2019,79562.06159
11/5/2019,78933.96625
11/6/2019,79610.58304
11/7/2019,78899.6342
11/8/2019,78624.09624
11/11/2019,79111.70803
11/12/2019,79001.74564
11/13/2019,79656.78125
11/14/2019,79771.51092
11/15/2019,79259.96155
11/18/2019,79881.71149
11/19/2019,80160.15451
11/20/2019,79846.44226
11/21/2019,79710.67085
11/22/2019,79102.60075
11/25/2019,78737.06267
11/26/2019,79128.62158
11/27/2019,79158.60806
11/28/2019,79155.49228
11/29/2019,79516.08153
12/2/2019,79546.31122
12/3/2019,79877.69245
12/4/2019,79545.46515
12/5/2019,79891.5952
12/6/2019,79110.79821
12/9/2019,79300.169
12/10/2019,79728.46024
12/11/2019,79735.0405
12/12/2019,78779.33117
12/13/2019,79357.52609
12/16/2019,79166.62852
12/17/2019,78977.0052
12/18/2019,78949.42222
12/19/2019,78784.0148
12/20/2019,79000.08125
12/23/2019,78224.40205
12/24/2019,78456.58759
12/25/2019,78453.3859
12/26/2019,78529.37538
12/27/2019,79035.96004
12/30/2019,79352.22233
12/31/2019,79323.59779
1/1/2020,79320.38682
1/2/2020,78888.30125
1/3/2020,79061.22894
1/6/2020,79454.71007
1/7/2020,78912.90509
1/8/2020,79008.40269
1/9/2020,78786.79411
1/10/2020,79708.85595
1/13/2020,79984.50396
1/14/2020,79531.40664
1/15/2020,80036.89705
1/16/2020,79903.3161
1/17/2020,80071.80678
1/20/2020,80068.55032
1/21/2020,80914.09599
1/22/2020,81037.73606
1/23/2020,81464.44516
1/24/2020,82008.9953
1/27/2020,83271.05122
1/28/2020,82509.40502
1/29/2020,82511.46731
1/30/2020,83143.40427
1/31/2020,83626.48322
2/3/2020,83247.4834
2/4/2020,82754.18316
2/5/2020,82446.69256
2/6/2020,82903.80466
2/7/2020,83289.31148
2/10/2020,83603.70471
2/11/2020,83252.5137
2/12/2020,82668.67289
2/13/2020,83135.66305
2/14/2020,83639.90267
2/17/2020,83636.51767
2/18/2020,83940.87143
2/19/2020,83295.7586
2/20/2020,83267.00441
2/21/2020,83907.78065
2/24/2020,84494.38143
2/25/2020,84368.22171
2/26/2020,84532.8817
2/27/2020,83227.48601
2/28/2020,80933.08809
3/2/2020,82766.94074
3/3/2020,83064.36932
3/4/2020,83909.11041
3/5/2020,83809.106
3/6/2020,84045.83739
3/9/2020,82403.01887
3/10/2020,82165.36764
3/11/2020,80799.90146
3/12/2020,76417.41009
3/13/2020,76949.97394
3/16/2020,72680.26343
3/17/2020,75049.2338
3/18/2020,70373.14682
3/19/2020,71565.45731
3/20/2020,69606.66429
3/23/2020,67596.64899
3/24/2020,69276.67869
3/25/2020,70482.62028
3/26/2020,72938.35248
3/27/2020,72743.55754
3/30/2020,73321.87133
3/31/2020,73165.46867
4/1/2020,75105.51083
4/2/2020,75307.85183
4/3/2020,75789.99494
4/6/2020,74456.65788
4/7/2020,73882.39591
4/8/2020,72465.89255
4/9/2020,72158.12803
4/10/2020,72157.94907
4/13/2020,74200.50737
4/14/2020,74842.88449
4/15/2020,76339.74999
4/16/2020,77898.57296
4/17/2020,76134.99207
4/20/2020,77251.86649
4/21/2020,77103.18952
4/22/2020,77752.07454
4/23/2020,76728.35714
4/24/2020,76740.41729
4/27/2020,76112.39666
4/28/2020,74330.50235
4/29/2020,71736.58895
4/30/2020,71949.21354
5/1/2020,73215.55416
5/4/2020,73830.65943
5/5/2020,74667.24747
5/6/2020,75213.23922
5/7/2020,75117.46836
5/8/2020,74354.49927
5/11/2020,75384.10004
5/12/2020,76050.24868
5/13/2020,76994.98907
5/14/2020,76367.0204
5/15/2020,76913.51735
5/18/2020,75055.60731
5/19/2020,75329.27185
5/20/2020,75406.0699
5/21/2020,74746.98443
5/22/2020,75594.06562
5/25/2020,75593.90193
5/26/2020,73740.80453
5/27/2020,72941.11205
5/28/2020,74195.70919
5/29/2020,75791.05129
6/1/2020,75561.02581
6/2/2020,74921.27859
6/3/2020,72840.83062
6/4/2020,71751.15087
6/5/2020,68714.44519
6/8/2020,65865.36406
6/9/2020,69347.81429
6/10/2020,73042.43663
6/11/2020,74989.89805
6/12/2020,73599.21058
6/15/2020,74757.73625
6/16/2020,74703.33584
6/17/2020,77185.21742
6/18/2020,77576.39006
6/19/2020,79051.05954
6/22/2020,78848.99074
6/23/2020,78693.47344
6/24/2020,80513.12713
6/25/2020,80545.07064
6/26/2020,80222.04224
6/29/2020,79368.12588
6/30/2020,80082.57571
7/1/2020,81129.81322
7/2/2020,81314.6876
7/3/2020,81314.37596
7/6/2020,81525.73707
7/7/2020,82638.23154
7/8/2020,82857.92285
7/9/2020,84007.52914
7/10/2020,83056.20489
7/13/2020,82126.9863
7/14/2020,82682.14101
7/15/2020,81586.16245
7/16/2020,82153.56006
7/17/2020,83728.4332
7/20/2020,85663.11981
7/21/2020,84931.24048
7/22/2020,85011.87381
7/23/2020,84157.27629
7/24/2020,84188.79313
7/27/2020,85294.34028
7/28/2020,85268.08708
7/29/2020,84051.06198
7/30/2020,84893.92838
7/31/2020,85063.85487
8/3/2020,86182.07289
8/4/2020,86687.79353
8/5/2020,85816.53414
8/6/2020,85522.19191
8/7/2020,84713.6726
8/10/2020,83618.75274
8/11/2020,81722.74008
8/12/2020,82146.84654
8/13/2020,83063.3917
8/14/2020,82149.36728
8/17/2020,83330.91733
8/18/2020,84099.71519
8/19/2020,83767.08457
8/20/2020,83813.3738
8/21/2020,83337.30732
8/24/2020,80896.92025
8/25/2020,81684.56606
8/26/2020,82375.55176
8/27/2020,81234.46544
8/28/2020,80821.6146
8/31/2020,82047.79663
9/1/2020,81157.71221
9/2/2020,81053.05266
9/3/2020,80074.40628
9/4/2020,78951.9223
9/7/2020,78951.71959
9/8/2020,79591.9323
9/9/2020,80741.40344
9/10/2020,80635.39852
9/11/2020,80514.25436
9/14/2020,81005.26468
9/15/2020,81219.2315
9/16/2020,80695.89994
9/17/2020,80870.54669
9/18/2020,81811.64379
9/21/2020,81987.44738
9/22/2020,82009.76965
9/23/2020,81131.99322
9/24/2020,81014.01486
9/25/2020,82201.80695
9/28/2020,82105.77024
9/29/2020,83319.12765
9/30/2020,83057.97693
10/1/2020,82740.97494
10/2/2020,81601.87279
10/5/2020,82052.69711
10/6/2020,82618.8733
10/7/2020,83092.9937
10/8/2020,82115.98116
10/9/2020,83336.75533
10/12/2020,83507.43476
10/13/2020,84363.65635
10/14/2020,83971.65887
10/15/2020,83474.49036
10/16/2020,83819.29131
10/19/2020,83798.52238
10/20/2020,83073.88587
10/21/2020,83793.81009
10/22/2020,82480.79932
10/23/2020,82683.07856
10/26/2020,83035.5064
10/27/2020,84095.36399
10/28/2020,83009.59306
10/29/2020,82488.96551
10/30/2020,81422.84978
11/2/2020,80452.7029
11/3/2020,80493.9128
11/4/2020,81482.582
11/5/2020,81476.61095
11/6/2020,82016.32083
11/9/2020,76517.69446
11/10/2020,76404.18942
11/11/2020,78111.23052
11/12/2020,79110.01793
11/13/2020,78391.81378
11/16/2020,76466.36708
11/17/2020,75680.31088
11/18/2020,75281.14137
11/19/2020,75214.74948
11/20/2020,75770.2874
11/23/2020,74049.5312
11/24/2020,72257.58389
11/25/2020,73512.19609
11/26/2020,73512.05026
11/27/2020,74813.37343
11/30/2020,77242.37893
12/1/2020,77168.35264
12/2/2020,76520.84983
12/3/2020,76395.86821
12/4/2020,75639.97541
12/7/2020,76668.18408
12/8/2020,77299.92759
12/9/2020,76197.27177
12/10/2020,76805.05621
12/11/2020,77446.6238
12/14/2020,78025.85188
12/15/2020,77979.08263
12/16/2020,78225.06211
12/17/2020,79230.10479
12/18/2020,79736.72766
12/21/2020,80468.1968
12/22/2020,81020.78229
12/23/2020,80784.37737
12/24/2020,80985.2311
12/25/2020,80985.0711
12/28/2020,80843.50669
12/29/2020,80836.27194
12/30/2020,81653.79202
12/31/2020,81422.22279
1/1/2021,81422.0467
1/4/2021,82818.88499
1/5/2021,83102.36963
1/6/2021,81737.66574
1/7/2021,83398.59043
1/8/2021,84382.57766
1/11/2021,84376.99159
1/12/2021,84172.73079
1/13/2021,84838.90466
1/14/2021,84838.32988
1/15/2021,85054.90931
1/18/2021,85054.72015
1/19/2021,86468.15095
1/20/2021,87962.74834
1/21/2021,88453.02407
1/22/2021,89215.73428
1/25/2021,90655.29929
1/26/2021,91412.29587
1/27/2021,89837.41369
1/28/2021,89869.49209
1/29/2021,90511.83935
2/1/2021,91778.28656
2/2/2021,91914.32627
2/3/2021,93006.26956
2/4/2021,93247.99667
2/5/2021,94092.24741
2/8/2021,96985.13012
2/9/2021,99525.83764
2/10/2021,99492.38572
2/11/2021,98255.71331
2/12/2021,98568.12183
2/15/2021,98567.97152
2/16/2021,99556.47451
2/17/2021,100020.8509
2/18/2021,98525.97739
2/19/2021,97841.93124
2/22/2021,95353.4204
2/23/2021,91020.75737
2/24/2021,91100.80472
2/25/2021,89917.19058
2/26/2021,88342.14354
3/1/2021,88977.27931
3/2/2021,88862.74901
3/3/2021,86755.00424
3/4/2021,84010.01596
3/5/2021,83552.35116
3/8/2021,82682.97061
3/9/2021,85457.89363
3/10/2021,85313.98982
3/11/2021,86789.30978
3/12/2021,86665.30158
3/15/2021,87739.10971
3/16/2021,88107.09032
3/17/2021,88167.8813
3/18/2021,87949.16427
3/19/2021,89012.36405
3/22/2021,90372.16088
3/23/2021,89781.18503
3/24/2021,87684.35393
3/25/2021,87088.66821
3/26/2021,86360.72153
3/29/2021,86233.44718
3/30/2021,85138.94944
3/31/2021,86044.7746
4/1/2021,86563.60696
4/2/2021,86563.55186
4/5/2021,87050.57881
4/6/2021,86967.82326
4/7/2021,86879.668
4/8/2021,87108.23813
4/9/2021,86905.60211
4/12/2021,86448.92677
4/13/2021,86921.7136
4/14/2021,86422.94253
4/15/2021,86809.48486
4/16/2021,86777.15597
4/19/2021,86611.41038
4/20/2021,87391.45574
4/21/2021,87364.15042
4/22/2021,87640.35699
4/23/2021,87208.52763
4/26/2021,86918.55901
4/27/2021,86486.85943
4/28/2021,86235.29323
4/29/2021,86050.66883
4/30/2021,86365.75848
5/3/2021,86713.07735
5/4/2021,86135.70266
5/5/2021,85768.0534
5/6/2021,86007.54985
5/7/2021,85676.10779
5/10/2021,86193.00672
5/11/2021,85874.31239
5/12/2021,85854.01769
5/13/2021,85664.78356
5/14/2021,85571.99453
5/17/2021,85471.83785
5/18/2021,85794.10211
5/19/2021,86162.99469
5/20/2021,86868.3692
5/21/2021,86963.51286
5/24/2021,86693.40486
5/25/2021,86675.52527
5/26/2021,86221.30269
5/27/2021,85628.28252
5/28/2021,85767.38821
5/31/2021,85767.37093
6/1/2021,85070.52847
6/2/2021,85134.86378
6/3/2021,85316.27067
6/4/2021,85617.26136
6/7/2021,85624.49675
6/8/2021,85158.20046
6/9/2021,85907.67583
6/10/2021,86890.87178
6/11/2021,86508.29817
6/14/2021,86724.98128
6/15/2021,86397.30897
6/16/2021,85964.66805
6/17/2021,86488.78958
6/18/2021,86293.02074
6/21/2021,85874.55961
6/22/2021,85767.72762
6/23/2021,85482.74952
6/24/2021,85470.0228
6/25/2021,86060.73063
6/28/2021,86351.06033
6/29/2021,86514.97066
6/30/2021,86205.93654
7/1/2021,86333.4462
7/2/2021,86769.06822
7/5/2021,86768.98377
7/6/2021,87223.70774
7/7/2021,87669.12391
7/8/2021,87603.10851
7/9/2021,87833.20435
7/12/2021,88460.31603
7/13/2021,88275.37479
7/14/2021,88883.43634
7/15/2021,89177.93555
7/16/2021,89692.17017
7/19/2021,89760.81632
7/20/2021,89239.62779
7/21/2021,88843.00392
7/22/2021,89291.56472
7/23/2021,89679.40833
7/26/2021,89112.68867
7/27/2021,89600.86967
7/28/2021,89400.87126
7/29/2021,89374.34785
7/30/2021,89482.07923
8/2/2021,89547.52018
8/3/2021,89712.68271
8/4/2021,89937.33633
8/5/2021,89505.31907
8/6/2021,89159.54018
8/9/2021,89399.56098
8/10/2021,88789.28033
8/11/2021,88824.64138
8/12/2021,88970.52371
8/13/2021,89449.84529
8/16/2021,89818.56179
8/17/2021,90288.27009
8/18/2021,89995.27138
8/19/2021,90424.93559
8/20/2021,90447.06391
8/23/2021,90005.23574
8/24/2021,89236.20934
8/25/2021,89056.29721
8/26/2021,89405.76731
8/27/2021,89016.07868
8/30/2021,89580.71828
8/31/2021,89853.19164
9/1/2021,90243.03805
9/2/2021,90348.02628
9/3/2021,90601.88992
9/6/2021,90601.81775
9/7/2021,90089.51624
9/8/2021,90996.37605
9/9/2021,90348.39029
9/10/2021,90148.4034
9/13/2021,89491.42563
9/14/2021,89679.84167
9/15/2021,89210.13799
9/16/2021,89070.76378
9/17/2021,89091.69669
9/20/2021,89194.10264
9/21/2021,89511.01596
9/22/2021,88782.38214
9/23/2021,88015.71437
9/24/2021,88132.75038
9/27/2021,87172.75196
9/28/2021,87116.18892
9/29/2021,87545.38184
9/30/2021,87457.94839
10/1/2021,87065.71106
10/4/2021,87205.88883
10/5/2021,87375.30533
10/6/2021,87839.30235
10/7/2021,87684.03889
10/8/2021,87524.66019
10/11/2021,87243.19057
10/12/2021,87279.12686
10/13/2021,87593.83859
10/14/2021,87830.30689
10/15/2021,87730.48356
10/18/2021,87432.1677
10/19/2021,87585.15961
10/20/2021,87784.37976
10/21/2021,87987.37747
10/22/2021,88489.58687
10/25/2021,88168.71582
10/26/2021,88654.27343
10/27/2021,88630.32033
10/28/2021,88553.78517
10/29/2021,88552.1869
11/1/2021,87898.38684
11/2/2021,88270.00956
11/3/2021,88100.37918
11/4/2021,88233.02241
11/5/2021,87908.57312
11/8/2021,87727.59278
11/9/2021,88040.02408
11/10/2021,88759.12927
11/11/2021,88463.51739
11/12/2021,88658.61947
11/15/2021,88908.21527
11/16/2021,89040.71367
11/17/2021,89357.46509
11/18/2021,89315.63023
11/19/2021,89448.36039
11/22/2021,89323.11092
11/23/2021,89077.98788
11/24/2021,89265.42952
11/25/2021,89265.34224
11/26/2021,89525.33207
11/29/2021,89345.66623
11/30/2021,89080.37453
12/1/2021,89448.41058
12/2/2021,89334.84198
12/3/2021,89841.01864
12/6/2021,90166.14983
12/7/2021,89659.53417
12/8/2021,89676.3677
12/9/2021,89853.18055
12/10/2021,90388.46668
12/13/2021,90996.07645
12/14/2021,91044.34769
12/15/2021,91130.89438
12/16/2021,92068.61752
12/17/2021,91419.7031
12/20/2021,91553.47338
12/21/2021,91092.66135
12/22/2021,91138.14393
12/23/2021,91180.46065
12/24/2021,91180.37038
12/27/2021,91376.36866
12/28/2021,91920.15295
12/29/2021,92124.74688
12/30/2021,92060.95099
12/31/2021,92232.5791
1/3/2022,91488.32475
1/4/2022,91312.62703
1/5/2022,92089.84378
1/6/2022,91777.66498
1/7/2022,92113.60255
1/10/2022,92412.17004
1/11/2022,91874.48306
1/12/2022,91933.31163
1/13/2022,92060.16615
1/14/2022,91705.86412
1/17/2022,91705.75638
1/18/2022,91948.00367
1/19/2022,92288.17017
1/20/2022,92185.0731
1/21/2022,92494.38463
1/24/2022,91564.72135
1/25/2022,91443.53094
1/26/2022,91356.56551
1/27/2022,91924.49526
1/28/2022,92146.25033
1/31/2022,91851.63824
2/1/2022,91408.19135
2/2/2022,92198.32891
2/3/2022,92641.27629
2/4/2022,91900.28934
2/7/2022,91669.03123
2/8/2022,91585.47266
2/9/2022,90745.02473
2/10/2022,90553.12269
2/11/2022,91441.58312
2/14/2022,91204.24948
2/15/2022,89938.0976
2/16/2022,90288.10782
2/17/2022,91126.85266
2/18/2022,91477.71923
2/21/2022,91477.2857
2/22/2022,91762.84108
2/23/2022,91582.78414
2/24/2022,90081.05269
2/25/2022,90777.59484
2/28/2022,90035.6852
3/1/2022,90423.0912
3/2/2022,90422.83198
3/3/2022,91611.55964
3/4/2022,92633.95934
3/7/2022,92970.92637
3/8/2022,91633.84409
3/9/2022,91191.66327
3/10/2022,91432.4464
3/11/2022,92034.67249
3/14/2022,92731.16236
3/15/2022,92462.79503
3/16/2022,91390.69493
3/17/2022,91310.61602
3/18/2022,90944.10023
3/21/2022,91426.51989
3/22/2022,91094.4072
3/23/2022,91196.41553
3/24/2022,91016.30632
3/25/2022,91616.50699
3/28/2022,91610.03019
3/29/2022,90987.21709
3/30/2022,91827.96243
3/31/2022,91747.95561
4/1/2022,92126.59954
4/4/2022,91248.78846
4/5/2022,92290.66317
4/6/2022,93244.1035
4/7/2022,93465.91497
4/8/2022,93991.43729
4/11/2022,93858.30977
4/12/2022,93707.72088
4/13/2022,93257.15719
4/14/2022,93558.95191
4/15/2022,93557.93132
4/18/2022,93261.41888
4/19/2022,92926.71419
4/20/2022,93926.71851
4/21/2022,94600.68249
4/22/2022,94404.34385
4/25/2022,93605.15593
4/26/2022,93568.57083
4/27/2022,93687.21964
4/28/2022,93389.74786
4/29/2022,93126.66661
5/2/2022,91272.21034
5/3/2022,91303.22665
5/4/2022,91154.32726
5/5/2022,92057.6092
5/6/2022,92707.72233
5/9/2022,93840.45034
5/10/2022,93078.93251
5/11/2022,94137.01564
5/12/2022,93229.20047
5/13/2022,92190.91445
5/16/2022,92878.13313
5/17/2022,92177.28554
5/18/2022,92565.80293
5/19/2022,92104.7748
5/20/2022,92325.69713
5/23/2022,93059.98498
5/24/2022,94751.33232
5/25/2022,94007.34079
5/26/2022,93418.4929
5/27/2022,92974.84137
5/30/2022,92973.20434
5/31/2022,93175.39019
6/1/2022,93715.9716
6/2/2022,93132.80391
6/3/2022,93033.99017
6/6/2022,93075.49914
6/7/2022,91860.04738
6/8/2022,91464.33202
6/9/2022,91719.23284
6/10/2022,93234.07548
6/13/2022,93408.33084
6/14/2022,92866.47184
6/15/2022,92682.338
6/16/2022,93664.30277
6/17/2022,93348.24602
6/20/2022,93345.93119
6/21/2022,93391.27003
6/22/2022,93509.5946
6/23/2022,92812.24875
6/24/2022,93137.55856
6/27/2022,93260.47573
6/28/2022,93723.3126
6/29/2022,94217.93964
6/30/2022,95019.85347
7/1/2022,95440.3043
7/4/2022,95436.76204
7/5/2022,93629.2849
7/6/2022,94191.4006
7/7/2022,92506.11197
7/8/2022,92270.19034
7/11/2022,93836.92679
7/12/2022,93468.9764
7/13/2022,92964.54618
7/14/2022,92913.29267
7/15/2022,92950.04502
7/18/2022,92350.81913
7/19/2022,91360.8279
7/20/2022,89890.35424
7/21/2022,89929.15411
7/22/2022,91714.95278
7/25/2022,92375.70683
7/26/2022,93684.48308
7/27/2022,92525.68749
7/28/2022,92622.02316
7/29/2022,92684.76412
8/1/2022,93018.78003
8/2/2022,92070.0947
8/3/2022,91392.11314
8/4/2022,91230.47277
8/5/2022,90752.8041
8/8/2022,90346.25983
8/9/2022,91542.36386
8/10/2022,89818.95989
8/11/2022,89679.67489
8/12/2022,89111.49534
8/15/2022,89239.7017
8/16/2022,89496.49777
8/17/2022,90420.27099
8/18/2022,90372.06373
8/19/2022,91893.71167
8/22/2022,92309.6529
8/23/2022,91432.4348
8/24/2022,90757.63357
8/25/2022,90283.576
8/26/2022,91081.23732
8/29/2022,90900.82373
8/30/2022,91043.82368
8/31/2022,91009.18796
9/1/2022,91286.26497
9/2/2022,91049.07531
9/5/2022,91043.05143
9/6/2022,91100.27299
9/7/2022,90895.54925
9/8/2022,90161.0726
9/9/2022,89545.11141
9/12/2022,89171.47992
9/13/2022,89714.07514
9/14/2022,89198.31526
9/15/2022,89521.68679
9/16/2022,91112.92975
9/19/2022,90888.98449
9/20/2022,91022.75378
9/21/2022,91506.88676
9/22/2022,91815.55962
9/23/2022,91538.01134
9/26/2022,91181.96203
9/27/2022,90072.54559
9/28/2022,89610.58917
9/29/2022,89856.97421
9/30/2022,89911.92221
10/3/2022,90152.7873
10/4/2022,89123.03376
10/5/2022,88260.036
10/6/2022,87715.05547
10/7/2022,88373.86391
10/10/2022,89554.23718
10/11/2022,89936.96031
10/12/2022,89998.43728
10/13/2022,90759.05713
10/14/2022,91443.43364
10/17/2022,90899.54968
10/18/2022,90944.62142
10/19/2022,91628.35361
10/20/2022,91162.42555
10/21/2022,91233.5346
10/24/2022,91657.63463
10/25/2022,90841.06227
10/26/2022,90813.39213
10/27/2022,91664.5299
10/28/2022,92054.29909
10/31/2022,91910.81927
11/1/2022,91876.01974
11/2/2022,93131.26211
11/3/2022,93147.68542
11/4/2022,93838.45019
11/7/2022,93763.19338
11/8/2022,93740.67166
11/9/2022,94835.91166
11/10/2022,92847.58446
11/11/2022,90144.75004
11/14/2022,90714.91646
11/15/2022,89726.30107
11/16/2022,90987.48324
11/17/2022,91531.33085
11/18/2022,92363.0139
11/21/2022,93231.54952
11/22/2022,93188.87855
11/23/2022,92825.37994
11/24/2022,92816.64425
11/25/2022,93338.9544
11/28/2022,93536.38468
11/29/2022,93441.79705
11/30/2022,92887.25312
12/1/2022,92584.34276
12/2/2022,92533.72498
12/5/2022,92869.30667
12/6/2022,93534.76594
12/7/2022,93813.74978
12/8/2022,93393.1341
12/9/2022,93564.64572
12/12/2022,93236.11762
12/13/2022,92555.37548
12/14/2022,91997.5908
12/15/2022,92289.319
12/16/2022,92403.83305
12/19/2022,92928.52024
12/20/2022,93035.00782
12/21/2022,92971.4738
12/22/2022,93325.83246
12/23/2022,93906.54971
12/26/2022,93897.06254
12/27/2022,94290.17529
12/28/2022,93800.96883
12/29/2022,92955.5382
12/30/2022,92255.00596
1/2/2023,92245.67652
1/3/2023,92670.80983
1/4/2023,91578.97887
1/5/2023,91340.95126
1/6/2023,91950.89523
1/9/2023,91206.07204
1/10/2023,90487.44053
1/11/2023,90275.94493
1/12/2023,89417.49439
1/13/2023,88990.55013
1/16/2023,88981.78213
1/17/2023,88845.11802
1/18/2023,88812.77013
1/19/2023,89404.64452
1/20/2023,88695.133
1/23/2023,87408.76633
1/24/2023,87821.55157
1/25/2023,88054.83564
1/26/2023,87501.87061
1/27/2023,86894.17229
1/30/2023,88459.32599
1/31/2023,88055.20663
2/1/2023,87423.28257
2/2/2023,86805.11356
2/3/2023,87350.96629
2/6/2023,87783.86164
2/7/2023,87537.66373
2/8/2023,87732.43481
2/9/2023,87992.50137
2/10/2023,88854.45794
2/13/2023,88628.72479
2/14/2023,88006.10689
2/15/2023,87553.2218
2/16/2023,88080.72295
2/17/2023,88891.99709
2/20/2023,88882.36538
2/21/2023,89723.08615
2/22/2023,89196.46183
2/23/2023,89055.53867
2/24/2023,89458.26105
2/27/2023,89101.52134
2/28/2023,88714.48902
3/1/2023,88415.07384
3/2/2023,88460.68696
3/3/2023,87699.01603
3/6/2023,87920.78438
3/7/2023,87636.3921
3/8/2023,87594.78721
3/9/2023,87912.99959
3/10/2023,88337.69639
3/13/2023,87110.37573
3/14/2023,87275.33366
3/15/2023,87291.17362
3/16/2023,87733.06151
3/17/2023,87436.91638
3/20/2023,87635.64606
3/21/2023,86721.59211
3/22/2023,86514.18371
3/23/2023,85841.18657
3/24/2023,87197.55671
3/27/2023,87368.8986
3/28/2023,87636.63269
3/29/2023,86970.61927
3/30/2023,86812.67273
3/31/2023,86589.3927
4/3/2023,86907.08051
4/4/2023,87455.59411
4/5/2023,88597.6278
4/6/2023,88784.78703
4/7/2023,88775.02433
4/10/2023,88071.15313
4/11/2023,87456.3288
4/12/2023,88051.81672
4/13/2023,87109.1028
4/14/2023,86885.63761
4/17/2023,86699.92546
4/18/2023,86210.52349
4/19/2023,86338.57469
4/20/2023,86982.32353
4/21/2023,86601.04578
4/24/2023,86706.47927
4/25/2023,87190.30521
4/26/2023,86925.52862
4/27/2023,87043.41546
4/28/2023,86650.55837
5/1/2023,86541.6338
5/2/2023,85921.11763
5/3/2023,85255.71912
5/4/2023,85109.54133
5/5/2023,85122.76989
5/8/2023,84045.85332
5/9/2023,84040.62716
5/10/2023,83993.14566
5/11/2023,84077.08338
5/12/2023,84360.96641
5/15/2023,83691.09491
5/16/2023,83674.43436
5/17/2023,83393.21334
5/18/2023,83056.58368
5/19/2023,83263.01756
5/22/2023,82889.23565
5/23/2023,83288.62985
5/24/2023,83447.86727
5/25/2023,83032.08859
5/26/2023,82464.36622
5/29/2023,82455.32726
5/30/2023,81969.37459
5/31/2023,82039.97208
6/1/2023,82043.33048
6/2/2023,82308.22026
6/5/2023,82053.60358
6/6/2023,81964.24219
6/7/2023,82405.81118
6/8/2023,82531.55166
6/9/2023,82462.77397
6/12/2023,82087.78398
6/13/2023,81589.20999
6/14/2023,81611.57755
6/15/2023,81898.70173
6/16/2023,82858.21874
6/19/2023,82848.39501
6/20/2023,82275.05307
6/21/2023,82818.8879
6/22/2023,82513.25323
6/23/2023,82423.57248
6/26/2023,82708.04165
6/27/2023,82093.43445
6/28/2023,81432.52547
6/29/2023,81606.20598
6/30/2023,81288.69092
7/3/2023,81312.96947
7/4/2023,81303.71777
7/5/2023,81215.46078
7/6/2023,81401.51601
7/7/2023,80858.29453
7/10/2023,79780.88199
7/11/2023,79417.99466
7/12/2023,79244.30319
7/13/2023,79134.28293
7/14/2023,79924.90651
7/17/2023,79714.16883
7/18/2023,79885.58957
7/19/2023,80173.43743
7/20/2023,81328.20584
7/21/2023,81239.25855
7/24/2023,81918.62213
7/25/2023,81786.40261
7/26/2023,81793.48247
7/27/2023,82199.08446
7/28/2023,81348.60624
7/31/2023,80664.166
8/1/2023,80666.65251
8/2/2023,81562.96618
8/3/2023,81652.55478
8/4/2023,81713.78517
8/7/2023,82405.54103
8/8/2023,82409.42262
8/9/2023,82773.44656
8/10/2023,82908.2934
8/11/2023,83265.72292
8/14/2023,82602.89743
8/15/2023,82589.65972
8/16/2023,82988.8447
8/17/2023,83064.98645
8/18/2023,83031.91794
8/21/2023,82872.96354
8/22/2023,82656.9446
8/23/2023,82570.73213
8/24/2023,83046.22955
8/25/2023,83170.55786
8/28/2023,83195.66135
8/29/2023,82646.51512
8/30/2023,82478.92566
8/31/2023,81922.47484
9/1/2023,81870.66449
9/4/2023,81861.19658
9/5/2023,81409.37308
9/6/2023,81289.2741
9/7/2023,81696.2158
9/8/2023,81940.5294
9/11/2023,82071.87245
9/12/2023,82124.11994
9/13/2023,82314.98503
9/14/2023,82678.58789
9/15/2023,83083.2708
9/18/2023,83435.10744
9/19/2023,83333.32708
9/20/2023,83620.74309
9/21/2023,83855.25953
9/22/2023,83978.35284
9/25/2023,83896.1862
9/26/2023,83622.60484
9/27/2023,83267.13127
9/28/2023,83033.50255
9/29/2023,82789.46793
10/2/2023,82535.42018
10/3/2023,82904.65287
10/4/2023,83290.78095
10/5/2023,83565.3061
10/6/2023,83402.16255
10/9/2023,84071.9044
10/10/2023,83472.79575
10/11/2023,83305.91559
10/12/2023,83869.50075
10/13/2023,84361.72197
10/16/2023,84358.41635
10/17/2023,84403.54169
10/18/2023,84602.13518
10/19/2023,84520.50414
10/20/2023,84722.26794
10/23/2023,84516.49348
10/24/2023,84467.54446
10/25/2023,85328.87749
10/26/2023,85653.82631
10/27/2023,85603.80466
10/30/2023,85822.08679
10/31/2023,85754.77065
11/1/2023,86115.6248
11/2/2023,85835.96004
11/3/2023,85015.92058
11/6/2023,85281.55078
11/7/2023,84774.19084
11/8/2023,84838.75731
11/9/2023,85534.85548
11/10/2023,85779.29853
11/13/2023,85744.54308
11/14/2023,85524.98844
11/15/2023,84744.74324
11/16/2023,85260.15268
11/17/2023,84724.3439
11/20/2023,84375.03918
11/21/2023,85147.90409
11/22/2023,85289.57185
11/23/2023,85279.81627
11/24/2023,85666.61534
11/27/2023,85512.31227
11/28/2023,85193.1529
11/29/2023,84660.80387
11/30/2023,85112.19647
12/1/2023,84699.30537
12/4/2023,84451.88006
12/5/2023,84671.47322
12/6/2023,84231.81015
12/7/2023,84202.78655
12/8/2023,83971.47174
12/11/2023,84323.17417
12/12/2023,84302.16859
12/13/2023,83897.47525
12/14/2023,82695.54083
12/15/2023,83015.25516
12/18/2023,83799.38569
12/19/2023,83595.67104
12/20/2023,84186.84901
12/21/2023,83599.29902
12/22/2023,83583.16581
12/25/2023,83574.10611
12/26/2023,83155.03634
12/27/2023,83054.51667
12/28/2023,82838.71616
12/29/2023,83525.74296
1/1/2024,83516.69279
1/2/2024,84179.64108
1/3/2024,84666.10017
1/4/2024,84744.89319
1/5/2024,84595.05394
1/8/2024,84014.29238
1/9/2024,83639.76659
1/10/2024,83651.79963
1/11/2024,83953.3282
1/12/2024,84666.67578
1/15/2024,84657.38833
1/16/2024,84663.45148
1/17/2024,84994.62777
1/18/2024,85168.32504
1/19/2024,85287.79447
1/22/2024,84991.94184
1/23/2024,84898.22884
1/24/2024,84952.09904
1/25/2024,85134.77605
1/26/2024,85031.63004
1/29/2024,84379.93611
1/30/2024,84691.59294
1/31/2024,84598.81077
2/1/2024,84892.12615
2/2/2024,84654.53916
2/5/2024,84507.7873
2/6/2024,84083.09945
2/7/2024,84097.75791
2/8/2024,83653.93467
2/9/2024,83573.376
2/12/2024,83254.32232
2/13/2024,83644.97983
2/14/2024,83375.50536
2/15/2024,83662.51489
2/16/2024,83755.73048
2/19/2024,83746.72788
2/20/2024,83968.6885
2/21/2024,84486.50329
2/22/2024,84634.35778
2/23/2024,84951.18124
2/26/2024,84298.37934
2/27/2024,83527.23381
2/28/2024,83516.59364
2/29/2024,83278.98757
3/1/2024,83005.99498
3/4/2024,83578.19745
3/5/2024,83934.23715
3/6/2024,83949.08096
3/7/2024,83867.96726
3/8/2024,83983.49291
3/11/2024,84372.31684
3/12/2024,84709.72954
3/13/2024,84685.78624
3/14/2024,84925.9872
3/15/2024,85053.03328
3/18/2024,84832.02585
3/19/2024,84969.43985
3/20/2024,84920.47728
3/21/2024,84956.31776
3/22/2024,84951.47591
3/25/2024,85015.95424
3/26/2024,85034.94992
3/27/2024,84992.63509
3/28/2024,84981.65296
3/29/2024,84972.23648
4/1/2024,85159.76413
4/2/2024,85303.09112
4/3/2024,85207.59854
4/4/2024,85344.75974
4/5/2024,85495.50641
4/8/2024,85378.62091
4/9/2024,85078.07249
4/10/2024,85118.00905
4/11/2024,85112.85219
4/12/2024,85433.76762
4/15/2024,85729.74795
4/16/2024,85768.34063
4/17/2024,85858.66454
4/18/2024,86220.05547
4/19/2024,86945.33567
4/22/2024,87263.01113
4/23/2024,87008.96248
4/24/2024,86973.29799
4/25/2024,87026.69117
4/26/2024,86816.86812
4/29/2024,86908.1111
4/30/2024,86821.14739
5/1/2024,86822.89826
5/2/2024,86589.37706
5/3/2024,86321.12985
5/6/2024,86088.79492
5/7/2024,86435.47978
5/8/2024,86810.02451
5/9/2024,86945.36996
5/10/2024,87317.44932
5/13/2024,86544.98779
5/14/2024,86326.02272
5/15/2024,86304.65157
5/16/2024,86788.84766
5/17/2024,87079.9413
5/20/2024,87018.23104
5/21/2024,87356.48112
5/22/2024,87125.03368
5/23/2024,87214.89937
5/24/2024,87382.18658
5/27/2024,87372.30337
5/28/2024,87316.51116
5/29/2024,87024.42126
5/30/2024,87204.16151
5/31/2024,87648.25232
6/3/2024,87544.63819
6/4/2024,87674.28933
6/5/2024,86988.97038
6/6/2024,87239.64361
6/7/2024,87191.1095
6/10/2024,87017.21373
6/11/2024,86990.8111
6/12/2024,86872.9441
6/13/2024,86851.97687
6/14/2024,87169.87193
6/17/2024,87186.34381
6/18/2024,87278.92517
6/19/2024,87269.04622
6/20/2024,87729.65531
6/21/2024,87553.58681
6/24/2024,87951.57651
6/25/2024,87509.55262
6/26/2024,87425.07491
6/27/2024,87580.3433
6/28/2024,87848.38241
7/1/2024,87865.21586
7/2/2024,87952.77255
7/3/2024,87750.29182
7/4/2024,87740.42525
7/5/2024,87454.49349
7/8/2024,87088.41731
7/9/2024,86765.15279
7/10/2024,86909.78288
7/11/2024,86688.73428
7/12/2024,86750.7965
7/15/2024,86768.88618
7/16/2024,86895.25138
7/17/2024,87839.76173
7/18/2024,88377.11783
7/19/2024,88293.34638
7/22/2024,88287.00961
7/23/2024,88172.84394
7/24/2024,88694.14225
7/25/2024,88586.99258
7/26/2024,88706.25919
7/29/2024,88832.97187
7/30/2024,89439.65892
7/31/2024,89487.41315
8/1/2024,89915.67715
8/2/2024,90070.69922
8/5/2024,89009.39662
8/6/2024,89232.95972
8/7/2024,89603.81819
8/8/2024,89416.63079
8/9/2024,89569.90481
8/12/2024,89548.64281
8/13/2024,89505.33011
8/14/2024,89982.08556
8/15/2024,89799.43177
8/16/2024,90162.62851
8/19/2024,90247.4894
8/20/2024,90145.05485
8/21/2024,89930.82992
8/22/2024,90275.10828
8/23/2024,90362.77577
8/26/2024,90447.60504
8/27/2024,90699.57705
8/28/2024,91251.17834
8/29/2024,91509.39673
8/30/2024,91901.58616
9/2/2024,91891.58898
9/3/2024,92424.45369
9/4/2024,92402.54532
9/5/2024,92322.22477
9/6/2024,92356.6663
9/9/2024,92114.51174
9/10/2024,92187.82793
9/11/2024,91514.69776
9/12/2024,91737.65602
9/13/2024,91522.43502
9/16/2024,92003.50544
9/17/2024,91338.62617
9/18/2024,91110.48374
9/19/2024,91133.54547
9/20/2024,91609.18477
9/23/2024,91879.09911
9/24/2024,91985.76877
9/25/2024,91966.13067
9/26/2024,91558.58135
9/27/2024,91581.83027
9/30/2024,91966.21462
10/1/2024,92442.2632
10/2/2024,92146.48656
10/3/2024,92076.25326
10/4/2024,91863.01847
10/7/2024,91868.17106
10/8/2024,91807.41876
10/9/2024,91885.84459
10/10/2024,92006.90431
10/11/2024,91863.87441
10/14/2024,91821.61293
10/15/2024,91958.56726
10/16/2024,92001.66291
10/17/2024,92352.50021
10/18/2024,92075.39624
10/21/2024,91250.51594
10/22/2024,90987.07246
10/23/2024,91484.1018
10/24/2024,91640.21433
10/25/2024,91386.4576
10/28/2024,90777.93076
10/29/2024,90749.82612
10/30/2024,90854.63563
10/31/2024,91083.94286
11/1/2024,90544.8451
11/4/2024,90511.02509
11/5/2024,90597.6118
11/6/2024,91604.2638
11/7/2024,91073.69392
11/8/2024,91125.06762
11/11/2024,90731.42129
11/12/2024,90904.42734
11/13/2024,90948.27756
11/14/2024,90866.94914
11/15/2024,91269.7458
11/18/2024,91684.32855
11/19/2024,91266.12362
11/20/2024,91228.90512
11/21/2024,91330.95403
11/22/2024,90771.47738
11/25/2024,89932.18284
11/26/2024,90371.84048
11/27/2024,90323.28391
11/28/2024,90314.44149
11/29/2024,89887.33875
12/2/2024,89306.59999
12/3/2024,89672.36638
12/4/2024,89182.64225
12/5/2024,89325.56749
12/6/2024,88757.58054
12/9/2024,88682.07735
12/10/2024,89117.94579
12/11/2024,89055.40882
12/12/2024,89506.05095
12/13/2024,89623.82361
12/16/2024,88921.22431
12/17/2024,88726.04611
12/18/2024,88077.123
12/19/2024,88266.74811
12/20/2024,88417.76531
12/23/2024,88330.76092
12/24/2024,88460.17095
12/25/2024,88451.69381
12/26/2024,88449.25662
12/27/2024,88286.84094
12/30/2024,89534.32711
12/31/2024,89372.64456
1/1/2025,89364.12276
1/2/2025,89404.84324
1/3/2025,89109.76682
1/6/2025,87980.35188
1/7/2025,87800.59002
1/8/2025,88631.43588
1/9/2025,88623.03949
1/10/2025,88267.9757
1/13/2025,88645.29533
1/14/2025,89181.15038
1/15/2025,88990.34477
1/16/2025,89199.29759
1/17/2025,89091.92569
1/20/2025,89083.45139
1/21/2025,89274.23602
1/22/2025,88808.5761
1/23/2025,88773.67213
1/24/2025,88916.54178
1/27/2025,89934.97732
1/28/2025,89505.17066
1/29/2025,89617.77555
1/30/2025,89615.12012
1/31/2025,89479.48134
2/3/2025,89758.02765
2/4/2025,89383.89733
2/5/2025,89262.68204
2/6/2025,89404.22953
2/7/2025,89677.51622
2/10/2025,89560.22489
2/11/2025,90351.83711
2/12/2025,90095.36972
2/13/2025,90248.70164
2/14/2025,89991.39296
2/17/2025,89982.79275
2/18/2025,89927.13585
2/19/2025,90331.35406
2/20/2025,90645.36843
2/21/2025,91420.44416
2/24/2025,91669.32336
2/25/2025,92215.92089
2/26/2025,91925.81253
2/27/2025,92331.17655
2/28/2025,92868.60723
3/3/2025,93488.65654
3/4/2025,92816.26321
3/5/2025,92384.39539
3/6/2025,92730.30547
3/7/2025,93086.93698
3/10/2025,93441.89477
3/11/2025,92606.23367
3/12/2025,92277.00255
3/13/2025,92957.84733
3/14/2025,93068.99666
3/17/2025,92982.32221
3/18/2025,93654.20996
3/19/2025,93493.49727
3/20/2025,93762.2142
3/21/2025,93536.70998
3/24/2025,93117.82514
3/25/2025,93124.14953
3/26/2025,93730.70434
3/27/2025,94305.12061
3/28/2025,94334.24086
3/31/2025,95199.00135
4/1/2025,95287.83016
4/2/2025,94407.75591
4/3/2025,95517.89181
4/4/2025,92257.43958
4/7/2025,90959.1809
4/8/2025,91174.13143
4/9/2025,90960.12372
4/10/2025,90678.97035
4/11/2025,91314.55909
4/14/2025,92106.36881
4/15/2025,92320.87561
4/16/2025,92885.57371
4/17/2025,93480.07891
4/18/2025,93470.20337
4/21/2025,93059.01609
4/22/2025,93354.07433
4/23/2025,92783.15875
4/24/2025,92138.06485
4/25/2025,91707.8609
4/28/2025,91867.02404
4/29/2025,92429.09778
4/30/2025,92453.93478
5/1/2025,91976.55989
5/2/2025,91726.01352
5/5/2025,91910.63936
5/6/2025,92098.2204
5/7/2025,91866.45469
5/8/2025,90721.47632
5/9/2025,90982.02186
5/12/2025,89375.7142
5/13/2025,88228.0136
5/14/2025,88194.95455
5/15/2025,89619.58688
5/16/2025,89555.90457
5/19/2025,91120.9497
5/20/2025,90881.61539
5/21/2025,91003.09972
5/22/2025,90074.74333
5/23/2025,90553.39461
5/26/2025,90543.6523
5/27/2025,89722.18985
5/28/2025,89852.56893
5/29/2025,89901.21904
5/30/2025,90421.25479
6/2/2025,90657.41722
6/3/2025,89730.7713
6/4/2025,88620.09823
6/5/2025,88626.07904
6/6/2025,87941.85041
6/9/2025,87130.81751
6/10/2025,87109.51482
6/11/2025,86887.45969
6/12/2025,87980.89974
6/13/2025,88727.88923
6/16/2025,87567.02091
6/17/2025,88383.80357
6/18/2025,87978.65748
6/19/2025,87969.00979
6/20/2025,88172.78074
6/23/2025,88893.51937
6/24/2025,87983.19375
6/25/2025,87384.43974
6/26/2025,87308.93976
6/27/2025,87524.42264
6/30/2025,87491.50457
7/1/2025,88036.04582
7/2/2025,87510.92349
7/3/2025,87711.55857
7/4/2025,87701.52346
7/7/2025,87678.47174
7/8/2025,86920.86422
7/9/2025,86565.52026
7/10/2025,86551.72431
7/11/2025,86506.26728
7/14/2025,87134.48236
7/15/2025,86581.86286
7/16/2025,86332.8696
7/17/2025,86135.50137
7/18/2025,85624.85254
7/21/2025,85791.04347
7/22/2025,85812.25156
7/23/2025,85554.77901
7/24/2025,85614.69134
7/25/2025,85729.40972
7/28/2025,85444.14636
7/29/2025,86777.57016
7/30/2025,86362.56134
7/31/2025,86450.03641
8/1/2025,87038.24005
8/4/2025,87065.3556
8/5/2025,86948.52927
8/6/2025,87079.15101
8/7/2025,86932.25414
8/8/2025,87456.67338
8/11/2025,87470.97488
8/12/2025,87166.51661
8/13/2025,86804.84143
8/14/2025,86620.84732
8/15/2025,86678.45448
8/18/2025,86290.15437
8/19/2025,87259.67656
8/20/2025,88308.58502
8/21/2025,88058.04563
8/22/2025,88018.85668
8/25/2025,87757.52287
8/26/2025,87473.53121
8/27/2025,87486.49982
8/28/2025,86944.83319
8/29/2025,87744.8752
9/1/2025,87735.39808
9/2/2025,88404.26689
9/3/2025,88735.53546
9/4/2025,89253.99123
9/5/2025,88339.17507
9/8/2025,88376.74465
9/9/2025,88203.93557
9/10/2025,88024.82026
9/11/2025,87717.30893
9/12/2025,87591.59596
9/15/2025,86850.36235
9/16/2025,86495.08049
9/17/2025,87340.44317
9/18/2025,86514.99763
9/19/2025,86205.1608
9/22/2025,85374.11519
9/23/2025,85927.59659
9/24/2025,86107.56427
9/25/2025,86114.0284
9/26/2025,86149.50205
9/29/2025,85275.24443
9/30/2025,86019.90533
10/1/2025,85554.54758
10/2/2025,84826.62318
10/3/2025,84903.13664
10/6/2025,84243.71218
10/7/2025,84389.74486
10/8/2025,83795.98654
10/9/2025,83321.30144
10/10/2025,84211.63985
10/13/2025,83754.95025
10/14/2025,83735.9298
10/15/2025,82842.60229
10/16/2025,82532.47605
10/17/2025,83844.71552
10/20/2025,83267.97633
10/21/2025,83173.87431
10/22/2025,84517.15737
10/23/2025,83751.9307
10/24/2025,83266.33823
10/27/2025,82669.16188
10/28/2025,82984.46271
10/29/2025,82127.93966
10/30/2025,82606.54901
10/31/2025,82253.17793
11/3/2025,82732.78567
11/4/2025,83815.49015
11/5/2025,83717.20135
11/6/2025,84063.35426
11/7/2025,84251.56275
11/10/2025,84249.03009
11/11/2025,85068.45932
11/12/2025,84936.40458
11/13/2025,85679.09088
11/14/2025,85895.17638
11/17/2025,85522.78903
11/18/2025,85452.87186
11/19/2025,85042.83912
11/20/2025,85276.73973
11/21/2025,85664.97809
11/24/2025,84856.96271
11/25/2025,85367.28262
11/26/2025,85260.83171
11/27/2025,85252.08867
11/28/2025,85498.88119
12/1/2025,85590.74959
12/2/2025,84964.71099
12/3/2025,84583.4357
12/4/2025,84267.83176
12/5/2025,84958.09792
12/8/2025,84156.25617
12/9/2025,83720.27005
12/10/2025,84191.25216
12/11/2025,84700.13724
12/12/2025,85730.9058
12/15/2025,86802.52783
12/16/2025,86373.19036
12/17/2025,87085.62746
12/18/2025,86665.95804
12/19/2025,85954.38969
12/22/2025,85453.84302
12/23/2025,85821.59924
12/24/2025,85930.62149
12/25/2025,85921.91438
12/26/2025,86045.62595
12/29/2025,86208.22359
12/30/2025,85945.29757
12/31/2025,86002.03303
