Date,GOLD
1980-06-24,622.0
1980-06-25,627.0
1980-06-26,650.0
1980-06-29,647.40002441
1980-06-30,666.5
1980-07-01,660.79998779
1980-07-02,670.5
1980-07-06,678.5
1980-07-07,684.0
1980-07-08,662.0
1980-07-09,661.0
1980-07-10,666.5
1980-07-13,633.0
1980-07-14,608.5
1980-07-15,626.40002441
1980-07-16,618.40002441
1980-07-17,612.0
1980-07-20,612.20001221
1980-07-21,629.0
1980-07-22,631.0
1980-07-23,639.0
1980-07-24,650.0
1980-07-27,646.0
1980-07-28,637.5
1980-07-29,613.5
1980-07-30,619.70001221
1980-07-31,617.5
1980-08-03,627.09997559
1980-08-04,627.5
1980-08-05,632.0
1980-08-06,634.5
1980-08-07,626.20001221
1980-08-10,603.20001221
1980-08-11,614.20001221
1980-08-12,616.29998779
1980-08-13,628.59997559
1980-08-14,616.20001221
1980-08-17,621.0
1980-08-18,623.09997559
1980-08-19,645.5
1980-08-20,638.20001221
1980-08-21,636.59997559
1980-08-24,622.79998779
1980-08-25,630.20001221
1980-08-26,632.29998779
1980-08-27,634.0
1980-08-28,635.0
1980-09-01,639.0
1980-09-02,637.79998779
1980-09-03,652.0
1980-09-04,652.5
1980-09-07,680.0
1980-09-08,671.5
1980-09-09,681.5
1980-09-10,689.90002441
1980-09-11,682.5
1980-09-14,663.90002441
1980-09-15,677.0
1980-09-16,674.0
1980-09-17,673.90002441
1980-09-18,686.0
1980-09-21,715.0
1980-09-22,711.5
1980-09-23,709.5
1980-09-24,705.0
1980-09-25,669.5
1980-09-28,660.5
1980-09-29,671.5
1980-09-30,680.5
1980-10-01,670.5
1980-10-02,670.0
1980-10-05,679.0
1980-10-06,674.29998779
1980-10-07,676.5
1980-10-08,686.0
1980-10-09,686.70001221
1980-10-12,679.0
1980-10-13,676.0
1980-10-14,674.5
1980-10-15,670.0
1980-10-16,655.20001221
1980-10-19,657.20001221
1980-10-20,658.0
1980-10-21,651.0
1980-10-22,623.5
1980-10-23,631.5
1980-10-26,633.79998779
1980-10-27,636.29998779
1980-10-28,641.0
1980-10-29,641.0
1980-10-30,630.0
1980-11-02,648.0
1980-11-04,648.0
1980-11-05,614.0
1980-11-06,602.5
1980-11-09,608.0
1980-11-10,602.0
1980-11-11,614.79998779
1980-11-12,615.0
1980-11-13,616.0
1980-11-16,614.0
1980-11-17,618.29998779
1980-11-18,631.5
1980-11-19,642.0
1980-11-20,640.0
1980-11-23,617.5
1980-11-24,628.0
1980-11-25,622.59997559
1980-11-27,624.59997559
1980-11-30,626.59997559
1980-12-01,622.20001221
1980-12-02,628.70001221
1980-12-03,621.79998779
1980-12-04,620.79998779
1980-12-07,613.20001221
1980-12-08,591.29998779
1980-12-09,565.0
1980-12-10,544.0
1980-12-11,572.5
1980-12-14,573.59997559
1980-12-15,565.0
1980-12-16,574.0
1980-12-17,570.0
1980-12-18,594.29998779
1980-12-21,592.20001221
1980-12-22,605.59997559
1980-12-23,606.5
1980-12-28,592.0
1980-12-29,586.0
1980-12-30,591.29998779
1981-01-01,586.29998779
1981-01-04,594.0
1981-01-05,597.79998779
1981-01-06,571.5
1981-01-07,571.59997559
1981-01-08,575.5
1981-01-11,562.0
1981-01-12,561.29998779
1981-01-13,569.0
1981-01-14,564.0
1981-01-15,561.0
1981-01-18,562.5
1981-01-19,563.0
1981-01-20,573.0
1981-01-21,555.79998779
1981-01-22,551.5
1981-01-25,521.5
1981-01-26,520.5
1981-01-27,507.0
1981-01-28,515.79998779
1981-01-29,501.70001221
1981-02-01,482.0
1981-02-02,494.70001221
1981-02-03,490.5
1981-02-04,500.5
1981-02-05,504.5
1981-02-08,518.70001221
1981-02-09,509.0
1981-02-10,498.5
1981-02-11,495.79998779
1981-02-12,492.70001221
1981-02-16,499.0
1981-02-17,494.0
1981-02-18,507.29998779
1981-02-19,507.0
1981-02-22,498.0
1981-02-23,504.6000061
1981-02-24,498.0
1981-02-25,492.0
1981-02-26,483.0
1981-03-01,461.5
1981-03-02,472.0
1981-03-03,458.70001221
1981-03-04,462.0
1981-03-05,467.0
1981-03-08,471.8999939
1981-03-09,482.5
1981-03-10,471.0
1981-03-11,479.0
1981-03-12,488.0
1981-03-15,493.1000061
1981-03-16,503.0
1981-03-17,506.8999939
1981-03-18,507.29998779
1981-03-19,541.0
1981-03-22,525.90002441
1981-03-23,535.29998779
1981-03-24,531.0
1981-03-25,544.5
1981-03-26,529.29998779
1981-03-29,512.09997559
1981-03-30,513.79998779
1981-03-31,516.59997559
1981-04-01,517.5
1981-04-02,521.5
1981-04-05,526.59997559
1981-04-06,512.09997559
1981-04-07,514.0
1981-04-08,492.0
1981-04-09,486.6000061
1981-04-12,478.0
1981-04-13,483.20001221
1981-04-14,473.8999939
1981-04-15,487.6000061
1981-04-19,488.0
1981-04-20,489.8999939
1981-04-21,489.0
1981-04-22,491.29998779
1981-04-23,485.29998779
1981-04-26,485.1000061
1981-04-27,483.0
1981-04-28,477.29998779
1981-04-29,483.0
1981-04-30,488.0
1981-05-03,480.0
1981-05-04,476.0
1981-05-05,480.0
1981-05-06,479.5
1981-05-07,491.5
1981-05-10,488.0
1981-05-11,486.5
1981-05-12,485.0
1981-05-13,476.5
1981-05-14,483.0
1981-05-17,480.0
1981-05-18,480.0
1981-05-19,478.0
1981-05-20,470.0
1981-05-21,470.0
1981-05-25,465.29998779
1981-05-26,469.70001221
1981-05-27,481.20001221
1981-05-28,479.3999939
1981-05-31,474.70001221
1981-06-01,474.6000061
1981-06-02,469.79998779
1981-06-03,465.20001221
1981-06-04,452.0
1981-06-07,462.3999939
1981-06-08,459.1000061
1981-06-09,466.79998779
1981-06-10,465.8999939
1981-06-11,467.0
1981-06-14,462.5
1981-06-15,463.5
1981-06-16,460.29998779
1981-06-17,458.5
1981-06-18,459.3999939
1981-06-21,464.0
1981-06-22,463.3999939
1981-06-23,453.5
1981-06-24,444.8999939
1981-06-25,441.20001221
1981-06-28,426.79998779
1981-06-29,423.5
1981-06-30,414.5
1981-07-01,412.1000061
1981-07-05,400.20001221
1981-07-06,405.70001221
1981-07-07,403.20001221
1981-07-08,410.0
1981-07-09,415.70001221
1981-07-12,413.0
1981-07-13,411.3999939
1981-07-14,412.0
1981-07-15,414.70001221
1981-07-16,420.0
1981-07-19,411.0
1981-07-20,407.0
1981-07-21,408.0
1981-07-22,407.5
1981-07-23,406.5
1981-07-26,403.0
1981-07-27,406.0
1981-07-28,403.5
1981-07-29,404.5
1981-07-30,403.5
1981-08-02,388.5
1981-08-03,391.20001221
1981-08-04,391.79998779
1981-08-05,400.0
1981-08-06,396.5
1981-08-09,397.29998779
1981-08-10,409.8999939
1981-08-11,404.0
1981-08-12,409.6000061
1981-08-13,411.5
1981-08-16,413.79998779
1981-08-17,435.79998779
1981-08-18,435.70001221
1981-08-19,428.5
1981-08-20,432.6000061
1981-08-23,415.0
1981-08-24,409.29998779
1981-08-25,413.5
1981-08-26,414.5
1981-08-27,426.20001221
1981-08-30,425.0
1981-08-31,426.8999939
1981-09-01,434.0
1981-09-02,442.0
1981-09-03,437.5
1981-09-07,435.0
1981-09-08,446.29998779
1981-09-09,450.0
1981-09-10,448.5
1981-09-13,455.0
1981-09-14,455.0
1981-09-15,451.1000061
1981-09-16,442.1000061
1981-09-17,449.0
1981-09-20,466.0
1981-09-21,460.0
1981-09-22,456.5
1981-09-23,447.20001221
1981-09-24,430.0
1981-09-27,430.6000061
1981-09-28,430.79998779
1981-09-29,432.70001221
1981-09-30,429.5
1981-10-01,436.79998779
1981-10-04,435.29998779
1981-10-05,451.70001221
1981-10-06,444.3999939
1981-10-07,448.6000061
1981-10-08,448.29998779
1981-10-11,445.0
1981-10-12,448.0
1981-10-13,444.5
1981-10-14,442.8999939
1981-10-15,441.0
1981-10-18,436.20001221
1981-10-19,433.0
1981-10-20,432.1000061
1981-10-21,433.5
1981-10-22,430.29998779
1981-10-25,424.70001221
1981-10-26,430.0
1981-10-27,429.0
1981-10-28,429.0
1981-10-29,427.5
1981-11-01,428.5
1981-11-02,430.0
1981-11-03,429.79998779
1981-11-04,428.0
1981-11-05,427.70001221
1981-11-08,420.6000061
1981-11-09,415.0
1981-11-10,410.79998779
1981-11-11,411.5
1981-11-12,412.5
1981-11-15,401.0
1981-11-16,401.5
1981-11-17,404.0
1981-11-18,399.6000061
1981-11-19,400.0
1981-11-22,394.0
1981-11-23,399.5
1981-11-24,412.5
1981-11-26,414.0
1981-11-29,408.29998779
1981-11-30,406.70001221
1981-12-01,422.20001221
1981-12-02,420.8999939
1981-12-03,422.20001221
1981-12-06,417.29998779
1981-12-07,410.0
1981-12-08,410.79998779
1981-12-09,407.79998779
1981-12-10,407.5
1981-12-13,414.5
1981-12-14,416.79998779
1981-12-15,422.5
1981-12-16,416.6000061
1981-12-17,412.70001221
1981-12-20,401.0
1981-12-21,403.70001221
1981-12-22,403.0
1981-12-23,403.0
1981-12-27,394.5
1981-12-28,395.1000061
1981-12-29,399.3999939
1981-12-30,401.0
1982-01-03,397.5
1982-01-04,405.0
1982-01-05,401.0
1982-01-06,395.0
1982-01-07,396.0
1982-01-10,386.0
1982-01-11,388.0
1982-01-12,377.79998779
1982-01-13,376.0
1982-01-14,372.0
1982-01-17,375.70001221
1982-01-18,373.5
1982-01-19,373.5
1982-01-20,375.79998779
1982-01-21,376.0
1982-01-24,372.0
1982-01-25,376.5
1982-01-26,384.20001221
1982-01-27,385.20001221
1982-01-28,384.6000061
1982-01-31,381.5
1982-02-01,376.70001221
1982-02-02,379.20001221
1982-02-03,386.1000061
1982-02-04,384.5
1982-02-07,379.5
1982-02-08,380.5
1982-02-09,384.29998779
1982-02-10,377.29998779
1982-02-11,378.3999939
1982-02-15,375.3999939
1982-02-16,375.0
1982-02-17,368.5
1982-02-18,364.0
1982-02-21,364.0
1982-02-22,363.20001221
1982-02-23,368.0
1982-02-24,365.70001221
1982-02-25,360.5
1982-02-28,361.79998779
1982-03-01,358.0
1982-03-02,350.6000061
1982-03-03,343.8999939
1982-03-04,333.3999939
1982-03-07,328.20001221
1982-03-08,333.5
1982-03-09,336.70001221
1982-03-10,328.1000061
1982-03-11,317.79998779
1982-03-14,324.20001221
1982-03-15,312.79998779
1982-03-16,318.0
1982-03-17,324.0
1982-03-18,316.6000061
1982-03-21,323.5
1982-03-22,326.3999939
1982-03-23,333.8999939
1982-03-24,326.70001221
1982-03-25,322.20001221
1982-03-28,323.20001221
1982-03-29,319.5
1982-03-30,327.5
1982-03-31,326.29998779
1982-04-01,330.20001221
1982-04-04,346.70001221
1982-04-05,360.3999939
1982-04-06,350.20001221
1982-04-07,359.1000061
1982-04-11,350.8999939
1982-04-12,356.3999939
1982-04-13,369.70001221
1982-04-14,365.5
1982-04-15,360.0
1982-04-18,341.0
1982-04-19,345.5
1982-04-20,344.3999939
1982-04-21,344.70001221
1982-04-22,352.0
1982-04-25,353.0
1982-04-26,355.8999939
1982-04-27,354.5
1982-04-28,350.0
1982-04-29,342.70001221
1982-05-02,345.5
1982-05-03,343.20001221
1982-05-04,337.0
1982-05-05,335.6000061
1982-05-06,333.0
1982-05-09,328.0
1982-05-10,333.0
1982-05-11,331.5
1982-05-12,331.0
1982-05-13,335.0
1982-05-16,334.6000061
1982-05-17,340.79998779
1982-05-18,341.20001221
1982-05-19,343.0
1982-05-20,336.3999939
1982-05-23,328.20001221
1982-05-24,328.5
1982-05-25,324.79998779
1982-05-26,326.3999939
1982-05-27,322.20001221
1982-05-31,317.3999939
1982-06-01,320.29998779
1982-06-02,317.5
1982-06-03,319.3999939
1982-06-06,336.3999939
1982-06-07,331.29998779
1982-06-08,327.20001221
1982-06-09,326.79998779
1982-06-10,327.70001221
1982-06-13,317.29998779
1982-06-14,316.0
1982-06-15,316.5
1982-06-16,307.70001221
1982-06-17,304.79998779
1982-06-20,301.0
1982-06-21,299.0
1982-06-22,307.70001221
1982-06-23,305.0
1982-06-24,307.20001221
1982-06-27,310.8999939
1982-06-28,314.79998779
1982-06-29,314.79998779
1982-06-30,311.5
1982-07-01,312.5
1982-07-05,309.1000061
1982-07-06,309.0
1982-07-07,322.0
1982-07-08,345.0
1982-07-11,341.1000061
1982-07-12,356.0
1982-07-13,349.0
1982-07-14,349.0
1982-07-15,349.8999939
1982-07-18,347.5
1982-07-19,357.0
1982-07-20,363.0
1982-07-21,358.0
1982-07-22,363.0
1982-07-25,355.29998779
1982-07-26,352.0
1982-07-27,339.5
1982-07-28,338.6000061
1982-07-29,342.70001221
1982-08-01,353.70001221
1982-08-02,345.8999939
1982-08-03,351.0
1982-08-04,345.0
1982-08-05,343.70001221
1982-08-08,335.20001221
1982-08-09,332.5
1982-08-10,334.0
1982-08-11,338.0
1982-08-12,334.3999939
1982-08-15,338.5
1982-08-16,345.0
1982-08-17,359.70001221
1982-08-18,375.1000061
1982-08-19,386.5
1982-08-22,399.20001221
1982-08-23,403.8999939
1982-08-24,407.8999939
1982-08-25,427.29998779
1982-08-26,403.1000061
1982-08-29,409.5
1982-08-30,412.0
1982-08-31,405.8999939
1982-09-01,438.0
1982-09-02,458.0
1982-09-06,470.0
1982-09-07,486.0
1982-09-08,448.0
1982-09-09,442.0
1982-09-12,447.0
1982-09-13,437.29998779
1982-09-14,445.0
1982-09-15,444.5
1982-09-16,435.0
1982-09-19,427.0
1982-09-20,428.0
1982-09-21,439.0
1982-09-22,438.0
1982-09-23,418.0
1982-09-26,404.6000061
1982-09-27,413.5
1982-09-28,393.29998779
1982-09-29,398.5
1982-09-30,406.79998779
1982-10-03,386.3999939
1982-10-04,392.5
1982-10-05,400.0
1982-10-06,432.0
1982-10-07,418.3999939
1982-10-10,448.0
1982-10-11,438.0
1982-10-12,451.0
1982-10-13,441.0
1982-10-14,428.0
1982-10-17,434.6000061
1982-10-18,422.20001221
1982-10-19,432.3999939
1982-10-20,423.20001221
1982-10-21,431.29998779
1982-10-24,417.0
1982-10-25,423.8999939
1982-10-26,422.0
1982-10-27,419.70001221
1982-10-28,419.70001221
1982-10-31,429.3999939
1982-11-02,423.20001221
1982-11-03,420.0
1982-11-04,416.70001221
1982-11-07,405.5
1982-11-08,412.0
1982-11-09,403.29998779
1982-11-10,404.3999939
1982-11-11,409.0
1982-11-14,405.1000061
1982-11-15,410.20001221
1982-11-16,407.5
1982-11-17,412.29998779
1982-11-18,413.8999939
1982-11-21,405.20001221
1982-11-22,404.79998779
1982-11-23,411.20001221
1982-11-25,427.29998779
1982-11-28,434.29998779
1982-11-29,442.6000061
1982-11-30,435.3999939
1982-12-01,442.8999939
1982-12-02,441.3999939
1982-12-05,446.0
1982-12-06,453.0
1982-12-07,438.70001221
1982-12-08,443.70001221
1982-12-09,436.20001221
1982-12-12,444.0
1982-12-13,431.70001221
1982-12-14,438.70001221
1982-12-15,441.20001221
1982-12-16,439.6000061
1982-12-19,442.29998779
1982-12-20,451.1000061
1982-12-21,444.5
1982-12-22,446.79998779
1982-12-26,458.20001221
1982-12-27,456.29998779
1982-12-28,461.8999939
1982-12-29,449.8999939
1983-01-02,450.5
1983-01-03,454.0
1983-01-04,458.29998779
1983-01-05,453.8999939
1983-01-06,467.0
1983-01-09,480.6000061
1983-01-10,479.8999939
1983-01-11,490.1000061
1983-01-12,488.29998779
1983-01-13,488.5
1983-01-16,491.1000061
1983-01-17,502.5
1983-01-18,488.6000061
1983-01-19,491.5
1983-01-20,484.20001221
1983-01-23,481.8999939
1983-01-24,489.79998779
1983-01-25,491.29998779
1983-01-26,496.0
1983-01-27,494.79998779
1983-01-30,510.1000061
1983-01-31,503.70001221
1983-02-01,507.29998779
1983-02-02,496.70001221
1983-02-03,493.8999939
1983-02-06,494.20001221
1983-02-07,492.70001221
1983-02-08,492.20001221
1983-02-09,503.6000061
1983-02-10,504.1000061
1983-02-13,508.3999939
1983-02-14,505.79998779
1983-02-15,505.70001221
1983-02-16,502.79998779
1983-02-17,505.70001221
1983-02-21,480.0
1983-02-22,467.8999939
1983-02-23,469.8999939
1983-02-24,443.0
1983-02-27,400.5
1983-02-28,412.3999939
1983-03-01,433.5
1983-03-02,430.29998779
1983-03-03,417.6000061
1983-03-06,427.0
1983-03-07,422.20001221
1983-03-08,424.20001221
1983-03-09,431.0
1983-03-10,427.5
1983-03-13,436.70001221
1983-03-14,429.0
1983-03-15,418.1000061
1983-03-16,416.5
1983-03-17,416.0
1983-03-20,418.29998779
1983-03-21,419.0
1983-03-22,414.5
1983-03-23,410.0
1983-03-24,413.5
1983-03-27,410.0
1983-03-28,415.79998779
1983-03-29,413.20001221
1983-03-30,415.8999939
1983-04-03,427.5
1983-04-04,428.79998779
1983-04-05,429.6000061
1983-04-06,425.3999939
1983-04-07,421.70001221
1983-04-10,431.5
1983-04-11,431.8999939
1983-04-12,432.5
1983-04-13,438.20001221
1983-04-14,437.3999939
1983-04-17,445.0
1983-04-18,433.20001221
1983-04-19,438.79998779
1983-04-20,435.6000061
1983-04-21,439.20001221
1983-04-24,438.0
1983-04-25,438.79998779
1983-04-26,432.0
1983-04-27,431.0
1983-04-28,430.29998779
1983-05-01,429.5
1983-05-02,433.70001221
1983-05-03,432.70001221
1983-05-04,434.8999939
1983-05-05,437.20001221
1983-05-08,440.5
1983-05-09,443.20001221
1983-05-10,443.5
1983-05-11,440.0
1983-05-12,441.20001221
1983-05-15,436.5
1983-05-16,436.5
1983-05-17,442.0
1983-05-18,440.0
1983-05-19,437.20001221
1983-05-22,438.29998779
1983-05-23,437.1000061
1983-05-24,440.1000061
1983-05-25,437.29998779
1983-05-26,435.8999939
1983-05-30,412.0
1983-05-31,405.70001221
1983-06-01,412.0
1983-06-02,412.3999939
1983-06-05,402.1000061
1983-06-06,404.70001221
1983-06-07,402.8999939
1983-06-08,412.8999939
1983-06-09,407.5
1983-06-12,413.79998779
1983-06-13,411.6000061
1983-06-14,409.3999939
1983-06-15,415.29998779
1983-06-16,413.5
1983-06-19,416.0
1983-06-20,418.79998779
1983-06-21,421.0
1983-06-22,421.5
1983-06-23,423.0
1983-06-26,415.5
1983-06-27,414.20001221
1983-06-28,416.20001221
1983-06-29,415.5
1983-06-30,416.5
1983-07-04,410.1000061
1983-07-05,411.5
1983-07-06,412.79998779
1983-07-07,426.5
1983-07-10,430.29998779
1983-07-11,429.0
1983-07-12,426.0
1983-07-13,422.0
1983-07-14,421.0
1983-07-17,424.8999939
1983-07-18,423.70001221
1983-07-19,428.20001221
1983-07-20,423.20001221
1983-07-21,425.20001221
1983-07-24,428.20001221
1983-07-25,426.5
1983-07-26,425.0
1983-07-27,425.1000061
1983-07-28,412.79998779
1983-07-31,412.3999939
1983-08-01,413.8999939
1983-08-02,415.29998779
1983-08-03,411.0
1983-08-04,413.5
1983-08-07,412.20001221
1983-08-08,409.8999939
1983-08-09,411.8999939
1983-08-10,411.5
1983-08-11,413.29998779
1983-08-14,420.0
1983-08-15,419.8999939
1983-08-16,421.6000061
1983-08-17,420.6000061
1983-08-18,418.20001221
1983-08-21,425.5
1983-08-22,425.20001221
1983-08-23,423.5
1983-08-24,417.6000061
1983-08-25,419.6000061
1983-08-28,417.79998779
1983-08-29,419.0
1983-08-30,414.3999939
1983-08-31,415.3999939
1983-09-01,415.5
1983-09-05,412.5
1983-09-06,412.79998779
1983-09-07,414.8999939
1983-09-08,413.5
1983-09-11,405.29998779
1983-09-12,407.1000061
1983-09-13,406.20001221
1983-09-14,405.5
1983-09-15,405.20001221
1983-09-18,411.0
1983-09-19,412.5
1983-09-20,413.0
1983-09-21,415.0
1983-09-22,414.5
1983-09-25,416.0
1983-09-26,413.8999939
1983-09-27,411.0
1983-09-28,405.29998779
1983-09-29,401.8999939
1983-10-02,390.8999939
1983-10-03,393.6000061
1983-10-04,397.20001221
1983-10-05,395.29998779
1983-10-06,400.29998779
1983-10-09,403.20001221
1983-10-10,398.20001221
1983-10-11,397.1000061
1983-10-12,399.20001221
1983-10-13,399.3999939
1983-10-16,397.3999939
1983-10-17,396.29998779
1983-10-18,391.1000061
1983-10-19,393.79998779
1983-10-20,393.5
1983-10-23,398.29998779
1983-10-24,397.5
1983-10-25,390.0
1983-10-26,383.1000061
1983-10-27,387.0
1983-10-30,376.20001221
1983-10-31,378.0
1983-11-01,382.20001221
1983-11-02,378.0
1983-11-03,381.0
1983-11-06,378.5
1983-11-07,382.3999939
1983-11-08,381.79998779
1983-11-09,381.70001221
1983-11-10,382.0
1983-11-13,382.29998779
1983-11-14,382.5
1983-11-15,382.70001221
1983-11-16,377.20001221
1983-11-17,375.5
1983-11-20,374.29998779
1983-11-21,377.29998779
1983-11-22,374.5
1983-11-24,377.1000061
1983-11-27,395.20001221
1983-11-28,397.6000061
1983-11-29,403.0
1983-11-30,401.20001221
1983-12-01,398.70001221
1983-12-04,399.0
1983-12-05,398.8999939
1983-12-06,403.3999939
1983-12-07,388.8999939
1983-12-08,388.3999939
1983-12-11,390.3999939
1983-12-12,390.29998779
1983-12-13,388.5
1983-12-14,380.6000061
1983-12-15,372.6000061
1983-12-18,374.0
1983-12-19,379.3999939
1983-12-20,377.79998779
1983-12-21,380.0
1983-12-22,380.29998779
1983-12-26,379.79998779
1983-12-27,379.0
1983-12-28,381.5
1983-12-29,385.0
1984-01-02,379.20001221
1984-01-03,374.5
1984-01-04,376.0
1984-01-05,370.0
1984-01-08,365.20001221
1984-01-09,369.0
1984-01-10,368.5
1984-01-11,369.5
1984-01-12,374.5
1984-01-15,369.0
1984-01-16,369.6000061
1984-01-17,369.29998779
1984-01-18,374.6000061
1984-01-19,371.79998779
1984-01-22,370.5
1984-01-23,366.5
1984-01-24,366.5
1984-01-25,366.29998779
1984-01-26,369.5
1984-01-29,370.20001221
1984-01-30,373.79998779
1984-01-31,379.29998779
1984-02-01,386.5
1984-02-02,386.1000061
1984-02-05,381.79998779
1984-02-06,381.1000061
1984-02-07,383.0
1984-02-08,378.8999939
1984-02-09,377.8999939
1984-02-12,377.20001221
1984-02-13,383.5
1984-02-14,382.5
1984-02-15,383.3999939
1984-02-16,384.70001221
1984-02-20,388.3999939
1984-02-21,399.70001221
1984-02-22,399.1000061
1984-02-23,396.0
1984-02-26,401.5
1984-02-27,395.1000061
1984-02-28,395.79998779
1984-02-29,393.5
1984-03-01,400.0
1984-03-04,404.6000061
1984-03-05,404.5
1984-03-06,400.5
1984-03-07,401.0
1984-03-08,402.0
1984-03-11,396.79998779
1984-03-12,399.0
1984-03-13,394.5
1984-03-14,393.20001221
1984-03-15,393.5
1984-03-18,394.20001221
1984-03-19,394.29998779
1984-03-20,393.20001221
1984-03-21,388.0
1984-03-22,386.29998779
1984-03-25,388.5
1984-03-26,388.79998779
1984-03-27,390.29998779
1984-03-28,389.79998779
1984-03-29,387.5
1984-04-01,379.29998779
1984-04-02,381.29998779
1984-04-03,382.1000061
1984-04-04,379.29998779
1984-04-05,381.20001221
1984-04-08,382.29998779
1984-04-09,382.3999939
1984-04-10,383.29998779
1984-04-11,379.3999939
1984-04-12,382.0
1984-04-15,379.6000061
1984-04-16,381.0
1984-04-17,387.3999939
1984-04-18,384.29998779
1984-04-22,386.3999939
1984-04-23,382.1000061
1984-04-24,382.0
1984-04-25,377.70001221
1984-04-26,378.0
1984-04-29,376.1000061
1984-04-30,377.1000061
1984-05-01,378.29998779
1984-05-02,378.0
1984-05-03,378.0
1984-05-06,372.5
1984-05-07,373.0
1984-05-08,372.70001221
1984-05-09,372.8999939
1984-05-10,371.29998779
1984-05-13,373.0
1984-05-14,373.5
1984-05-15,376.5
1984-05-16,375.0
1984-05-17,375.5
1984-05-20,380.0
1984-05-21,380.0
1984-05-22,377.0
1984-05-23,378.5
1984-05-24,389.70001221
1984-05-28,385.20001221
1984-05-29,384.5
1984-05-30,386.79998779
1984-05-31,390.1000061
1984-06-03,395.6000061
1984-06-04,394.70001221
1984-06-05,392.70001221
1984-06-06,390.20001221
1984-06-07,384.5
1984-06-10,373.29998779
1984-06-11,374.3999939
1984-06-12,374.1000061
1984-06-13,375.0
1984-06-14,370.5
1984-06-17,369.70001221
1984-06-18,371.29998779
1984-06-19,371.0
1984-06-20,373.3999939
1984-06-21,375.0
1984-06-24,368.5
1984-06-25,370.20001221
1984-06-26,371.0
1984-06-27,372.20001221
1984-06-28,373.5
1984-07-01,370.70001221
1984-07-02,369.70001221
1984-07-04,364.0
1984-07-05,342.0
1984-07-08,344.0
1984-07-09,345.5
1984-07-10,341.6000061
1984-07-11,338.0
1984-07-12,343.20001221
1984-07-15,349.5
1984-07-16,346.1000061
1984-07-17,348.0
1984-07-18,349.5
1984-07-19,340.1000061
1984-07-22,337.3999939
1984-07-23,338.0
1984-07-24,343.6000061
1984-07-25,333.70001221
1984-07-26,342.0
1984-07-29,342.0
1984-07-30,337.70001221
1984-07-31,345.70001221
1984-08-01,344.5
1984-08-02,350.3999939
1984-08-05,348.79998779
1984-08-06,344.0
1984-08-07,344.3999939
1984-08-08,349.20001221
1984-08-09,343.0
1984-08-12,350.79998779
1984-08-13,355.0
1984-08-14,354.29998779
1984-08-15,350.8999939
1984-08-16,351.1000061
1984-08-19,344.0
1984-08-20,346.29998779
1984-08-21,354.29998779
1984-08-22,349.79998779
1984-08-23,351.8999939
1984-08-26,348.6000061
1984-08-27,348.70001221
1984-08-28,349.79998779
1984-08-29,348.5
1984-08-30,348.3999939
1984-09-02,348.3999939
1984-09-03,340.0
1984-09-04,337.0
1984-09-05,340.5
1984-09-06,335.5
1984-09-09,338.3999939
1984-09-10,339.29998779
1984-09-11,339.70001221
1984-09-12,338.0
1984-09-13,340.20001221
1984-09-16,335.0
1984-09-17,340.0
1984-09-18,340.0
1984-09-19,342.3999939
1984-09-20,343.5
1984-09-23,345.5
1984-09-24,345.5
1984-09-25,342.20001221
1984-09-26,343.79998779
1984-09-27,344.8999939
1984-09-30,344.70001221
1984-10-01,347.20001221
1984-10-02,346.0
1984-10-03,346.8999939
1984-10-04,341.3999939
1984-10-07,342.3999939
1984-10-08,337.0
1984-10-09,338.79998779
1984-10-10,336.70001221
1984-10-11,341.70001221
1984-10-14,340.70001221
1984-10-15,338.8999939
1984-10-16,336.8999939
1984-10-17,340.5
1984-10-18,338.70001221
1984-10-21,338.3999939
1984-10-22,340.5
1984-10-23,339.70001221
1984-10-24,337.3999939
1984-10-25,338.0
1984-10-28,335.1000061
1984-10-29,333.79998779
1984-10-30,333.6000061
1984-10-31,335.8999939
1984-11-01,343.20001221
1984-11-04,347.6000061
1984-11-05,345.5
1984-11-06,350.0
1984-11-07,347.0
1984-11-08,345.8999939
1984-11-11,347.6000061
1984-11-12,346.1000061
1984-11-13,346.5
1984-11-14,344.6000061
1984-11-15,344.20001221
1984-11-18,343.0
1984-11-19,343.1000061
1984-11-20,342.3999939
1984-11-22,340.0
1984-11-25,331.20001221
1984-11-26,327.29998779
1984-11-27,330.79998779
1984-11-28,330.79998779
1984-11-29,329.1000061
1984-12-02,331.6000061
1984-12-03,329.79998779
1984-12-04,330.1000061
1984-12-05,330.5
1984-12-06,326.79998779
1984-12-09,325.3999939
1984-12-10,325.5
1984-12-11,325.8999939
1984-12-12,324.29998779
1984-12-13,322.20001221
1984-12-16,314.0
1984-12-17,308.70001221
1984-12-18,308.70001221
1984-12-19,307.0
1984-12-20,311.0
1984-12-25,312.1000061
1984-12-26,333.0
1984-12-27,308.0
1984-12-30,307.8999939
1985-01-01,302.6000061
1985-01-02,301.6000061
1985-01-03,299.79998779
1985-01-06,298.0
1985-01-07,300.0
1985-01-08,300.0
1985-01-09,303.5
1985-01-10,299.20001221
1985-01-13,302.5
1985-01-14,302.20001221
1985-01-15,303.70001221
1985-01-16,307.79998779
1985-01-17,306.6000061
1985-01-20,307.8999939
1985-01-21,307.0
1985-01-22,301.20001221
1985-01-23,301.0
1985-01-24,300.3999939
1985-01-27,302.8999939
1985-01-28,301.79998779
1985-01-29,304.29998779
1985-01-30,304.1000061
1985-01-31,303.20001221
1985-02-03,302.1000061
1985-02-04,302.29998779
1985-02-05,302.20001221
1985-02-06,299.70001221
1985-02-07,300.5
1985-02-10,304.6000061
1985-02-11,301.79998779
1985-02-12,302.79998779
1985-02-13,303.20001221
1985-02-14,304.29998779
1985-02-18,303.8999939
1985-02-19,303.20001221
1985-02-20,298.70001221
1985-02-21,295.0
1985-02-24,282.0
1985-02-25,288.0
1985-02-26,288.29998779
1985-02-27,289.0
1985-02-28,289.0
1985-03-03,288.29998779
1985-03-04,287.29998779
1985-03-05,287.5
1985-03-06,289.3999939
1985-03-07,289.6000061
1985-03-10,289.1000061
1985-03-11,287.0
1985-03-12,290.3999939
1985-03-13,291.0
1985-03-14,294.5
1985-03-17,303.29998779
1985-03-18,339.0
1985-03-19,323.79998779
1985-03-20,318.0
1985-03-21,316.3999939
1985-03-24,316.1000061
1985-03-25,324.20001221
1985-03-26,331.0
1985-03-27,326.79998779
1985-03-28,329.6000061
1985-03-31,318.3999939
1985-04-01,322.0
1985-04-02,316.79998779
1985-04-03,320.1000061
1985-04-07,325.0
1985-04-08,324.1000061
1985-04-09,326.20001221
1985-04-10,332.70001221
1985-04-11,328.0
1985-04-14,329.8999939
1985-04-15,327.3999939
1985-04-16,324.8999939
1985-04-17,327.8999939
1985-04-18,328.0
1985-04-21,327.3999939
1985-04-22,323.0
1985-04-23,322.79998779
1985-04-24,323.8999939
1985-04-25,323.0
1985-04-28,325.29998779
1985-04-29,315.0
1985-04-30,315.0
1985-05-01,314.1000061
1985-05-02,311.79998779
1985-05-05,309.79998779
1985-05-06,313.5
1985-05-07,313.0
1985-05-08,313.20001221
1985-05-09,315.0
1985-05-12,324.8999939
1985-05-13,324.6000061
1985-05-14,322.5
1985-05-15,320.0
1985-05-16,320.1000061
1985-05-19,313.20001221
1985-05-20,314.5
1985-05-21,317.0
1985-05-22,315.0
1985-05-23,314.5
1985-05-27,310.1000061
1985-05-28,315.3999939
1985-05-29,313.20001221
1985-05-30,316.20001221
1985-06-02,317.0
1985-06-03,315.79998779
1985-06-04,315.1000061
1985-06-05,315.70001221
1985-06-06,314.3999939
1985-06-09,314.1000061
1985-06-10,313.79998779
1985-06-11,313.6000061
1985-06-12,314.3999939
1985-06-13,319.1000061
1985-06-16,318.8999939
1985-06-17,327.70001221
1985-06-18,322.5
1985-06-19,313.70001221
1985-06-20,314.20001221
1985-06-23,315.6000061
1985-06-24,316.0
1985-06-25,315.70001221
1985-06-26,317.0
1985-06-27,316.3999939
1985-06-30,309.0
1985-07-01,309.0
1985-07-02,310.0
1985-07-07,310.29998779
1985-07-08,314.70001221
1985-07-09,315.1000061
1985-07-10,314.0
1985-07-11,318.1000061
1985-07-14,317.29998779
1985-07-15,320.0
1985-07-16,326.0
1985-07-17,318.20001221
1985-07-18,319.5
1985-07-21,321.70001221
1985-07-22,322.0
1985-07-23,318.8999939
1985-07-24,319.29998779
1985-07-25,321.79998779
1985-07-28,324.1000061
1985-07-29,324.0
1985-07-30,327.1000061
1985-07-31,320.0
1985-08-01,321.70001221
1985-08-04,322.70001221
1985-08-05,320.70001221
1985-08-06,322.20001221
1985-08-07,322.0
1985-08-08,328.5
1985-08-11,327.1000061
1985-08-12,326.70001221
1985-08-13,326.79998779
1985-08-14,332.8999939
1985-08-15,337.8999939
1985-08-18,338.1000061
1985-08-19,335.6000061
1985-08-20,338.8999939
1985-08-21,333.79998779
1985-08-22,335.70001221
1985-08-25,336.29998779
1985-08-26,337.1000061
1985-08-27,340.3999939
1985-08-28,335.0
1985-08-29,333.20001221
1985-09-02,327.0
1985-09-03,324.8999939
1985-09-04,321.0
1985-09-05,317.0
1985-09-08,319.3999939
1985-09-09,321.5
1985-09-10,321.1000061
1985-09-11,320.79998779
1985-09-12,318.70001221
1985-09-15,320.5
1985-09-16,316.6000061
1985-09-17,314.8999939
1985-09-18,319.8999939
1985-09-19,319.1000061
1985-09-22,328.8999939
1985-09-23,330.1000061
1985-09-24,329.70001221
1985-09-25,327.70001221
1985-09-26,328.3999939
1985-09-29,322.79998779
1985-09-30,323.0
1985-10-01,324.20001221
1985-10-02,329.8999939
1985-10-03,328.20001221
1985-10-06,326.6000061
1985-10-07,325.79998779
1985-10-08,325.3999939
1985-10-09,325.0
1985-10-10,327.20001221
1985-10-13,326.29998779
1985-10-14,326.20001221
1985-10-15,323.79998779
1985-10-16,326.0
1985-10-17,327.0
1985-10-20,326.29998779
1985-10-21,327.20001221
1985-10-22,326.20001221
1985-10-23,325.70001221
1985-10-24,326.1000061
1985-10-27,326.6000061
1985-10-28,327.0
1985-10-29,326.20001221
1985-10-30,324.70001221
1985-10-31,326.1000061
1985-11-03,325.1000061
1985-11-04,325.0
1985-11-05,323.0
1985-11-06,322.70001221
1985-11-07,324.20001221
1985-11-10,323.1000061
1985-11-11,322.79998779
1985-11-12,325.0
1985-11-13,325.1000061
1985-11-14,324.0
1985-11-17,323.70001221
1985-11-18,324.3999939
1985-11-19,326.1000061
1985-11-20,326.8999939
1985-11-21,326.8999939
1985-11-24,332.0
1985-11-25,331.70001221
1985-11-26,325.70001221
1985-11-28,322.8999939
1985-12-01,322.29998779
1985-12-02,322.5
1985-12-03,321.70001221
1985-12-04,322.8999939
1985-12-05,322.29998779
1985-12-08,316.20001221
1985-12-09,317.70001221
1985-12-10,316.79998779
1985-12-11,317.1000061
1985-12-12,319.0
1985-12-15,321.6000061
1985-12-16,320.8999939
1985-12-17,324.0
1985-12-18,324.29998779
1985-12-19,325.8999939
1985-12-22,326.5
1985-12-23,325.6000061
1985-12-25,325.29998779
1985-12-26,326.70001221
1985-12-29,327.1000061
1985-12-30,329.0
1986-01-01,327.0
1986-01-02,327.5
1986-01-05,328.79998779
1986-01-06,330.0
1986-01-07,334.0
1986-01-08,338.29998779
1986-01-09,341.5
1986-01-12,340.0
1986-01-13,340.0
1986-01-14,346.0
1986-01-15,361.5
1986-01-16,355.0
1986-01-19,354.1000061
1986-01-20,353.79998779
1986-01-21,353.0
1986-01-22,351.29998779
1986-01-23,357.8999939
1986-01-26,353.8999939
1986-01-27,353.3999939
1986-01-28,356.1000061
1986-01-29,355.20001221
1986-01-30,348.79998779
1986-02-02,343.70001221
1986-02-03,334.1000061
1986-02-04,336.0
1986-02-05,337.3999939
1986-02-06,339.5
1986-02-09,337.79998779
1986-02-10,338.79998779
1986-02-11,338.0
1986-02-12,333.0
1986-02-13,333.70001221
1986-02-17,337.20001221
1986-02-18,336.70001221
1986-02-19,339.1000061
1986-02-20,340.29998779
1986-02-23,348.70001221
1986-02-24,348.0
1986-02-25,337.5
1986-02-26,336.0
1986-02-27,339.0
1986-03-02,336.20001221
1986-03-03,344.20001221
1986-03-04,344.0
1986-03-05,342.79998779
1986-03-06,344.29998779
1986-03-09,341.8999939
1986-03-10,342.6000061
1986-03-11,351.79998779
1986-03-12,348.20001221
1986-03-13,347.8999939
1986-03-16,350.0
1986-03-17,349.5
1986-03-18,350.0
1986-03-19,352.1000061
1986-03-20,356.8999939
1986-03-23,350.8999939
1986-03-24,343.6000061
1986-03-25,343.5
1986-03-26,343.1000061
1986-03-30,331.1000061
1986-03-31,333.70001221
1986-04-01,336.20001221
1986-04-02,335.20001221
1986-04-03,335.3999939
1986-04-06,339.3999939
1986-04-07,340.0
1986-04-08,339.29998779
1986-04-09,338.8999939
1986-04-10,344.70001221
1986-04-13,341.5
1986-04-14,340.79998779
1986-04-15,339.3999939
1986-04-16,339.1000061
1986-04-17,344.3999939
1986-04-20,343.3999939
1986-04-21,346.79998779
1986-04-22,346.0
1986-04-23,345.1000061
1986-04-24,345.0
1986-04-27,343.8999939
1986-04-28,345.5
1986-04-29,346.20001221
1986-04-30,341.1000061
1986-05-01,343.0
1986-05-04,342.70001221
1986-05-05,342.5
1986-05-06,342.0
1986-05-07,344.20001221
1986-05-08,344.0
1986-05-11,345.29998779
1986-05-12,343.29998779
1986-05-13,342.1000061
1986-05-14,341.20001221
1986-05-15,341.79998779
1986-05-18,340.70001221
1986-05-19,339.0
1986-05-20,339.29998779
1986-05-21,342.5
1986-05-22,341.6000061
1986-05-26,341.8999939
1986-05-27,342.5
1986-05-28,343.6000061
1986-05-29,344.1000061
1986-06-01,342.3999939
1986-06-02,342.29998779
1986-06-03,341.70001221
1986-06-04,341.29998779
1986-06-05,341.5
1986-06-08,351.1000061
1986-06-09,348.1000061
1986-06-10,348.6000061
1986-06-11,346.70001221
1986-06-12,346.1000061
1986-06-15,334.79998779
1986-06-16,336.70001221
1986-06-17,338.20001221
1986-06-18,338.5
1986-06-19,340.3999939
1986-06-22,341.0
1986-06-23,342.8999939
1986-06-24,345.0
1986-06-25,344.6000061
1986-06-26,345.0
1986-06-29,346.29998779
1986-06-30,344.1000061
1986-07-01,343.3999939
1986-07-06,344.3999939
1986-07-07,349.70001221
1986-07-08,349.5
1986-07-09,347.0
1986-07-10,347.70001221
1986-07-13,345.29998779
1986-07-14,348.0
1986-07-15,347.6000061
1986-07-16,348.0
1986-07-17,355.70001221
1986-07-20,355.0
1986-07-21,353.0
1986-07-22,349.20001221
1986-07-23,348.8999939
1986-07-24,347.8999939
1986-07-27,354.79998779
1986-07-28,352.1000061
1986-07-29,352.0
1986-07-30,362.70001221
1986-07-31,360.79998779
1986-08-03,360.29998779
1986-08-04,359.29998779
1986-08-05,360.79998779
1986-08-06,362.6000061
1986-08-07,375.6000061
1986-08-10,391.3999939
1986-08-11,385.3999939
1986-08-12,384.79998779
1986-08-13,386.79998779
1986-08-14,383.5
1986-08-17,376.3999939
1986-08-18,374.79998779
1986-08-19,378.8999939
1986-08-20,384.6000061
1986-08-21,373.8999939
1986-08-24,380.70001221
1986-08-25,380.1000061
1986-08-26,380.8999939
1986-08-27,382.5
1986-08-28,387.6000061
1986-09-01,405.70001221
1986-09-02,404.5
1986-09-03,407.5
1986-09-04,422.79998779
1986-09-07,411.0
1986-09-08,410.70001221
1986-09-09,404.70001221
1986-09-10,407.5
1986-09-11,419.5
1986-09-14,414.0
1986-09-15,417.3999939
1986-09-16,413.3999939
1986-09-17,417.79998779
1986-09-18,430.5
1986-09-21,440.3999939
1986-09-22,431.20001221
1986-09-23,431.5
1986-09-24,431.0
1986-09-25,427.20001221
1986-09-28,422.8999939
1986-09-29,425.70001221
1986-09-30,425.20001221
1986-10-01,437.20001221
1986-10-02,433.70001221
1986-10-05,439.0
1986-10-06,440.0
1986-10-07,438.79998779
1986-10-08,429.5
1986-10-09,431.0
1986-10-12,433.5
1986-10-13,427.20001221
1986-10-14,425.6000061
1986-10-15,424.5
1986-10-16,419.29998779
1986-10-19,426.1000061
1986-10-20,425.20001221
1986-10-21,426.1000061
1986-10-22,415.1000061
1986-10-23,408.0
1986-10-26,408.1000061
1986-10-27,411.79998779
1986-10-28,405.29998779
1986-10-29,408.0
1986-10-30,400.5
1986-11-02,405.0
1986-11-03,407.79998779
1986-11-04,406.8999939
1986-11-05,410.8999939
1986-11-06,410.5
1986-11-09,406.29998779
1986-11-10,408.1000061
1986-11-11,407.20001221
1986-11-12,408.5
1986-11-13,398.0
1986-11-16,388.6000061
1986-11-17,389.5
1986-11-18,387.8999939
1986-11-19,391.29998779
1986-11-20,378.8999939
1986-11-23,382.0
1986-11-24,385.5
1986-11-25,383.1000061
1986-11-27,390.8999939
1986-11-30,393.79998779
1986-12-01,389.29998779
1986-12-02,392.20001221
1986-12-03,388.3999939
1986-12-04,389.5
1986-12-07,390.29998779
1986-12-08,387.0
1986-12-09,389.79998779
1986-12-10,390.6000061
1986-12-11,392.79998779
1986-12-14,395.5
1986-12-15,393.20001221
1986-12-16,392.20001221
1986-12-17,394.79998779
1986-12-18,392.8999939
1986-12-21,393.1000061
1986-12-22,388.70001221
1986-12-23,390.20001221
1986-12-28,389.29998779
1986-12-29,390.1000061
1986-12-30,400.0
1987-01-01,401.5
1987-01-04,400.0
1987-01-05,402.3999939
1987-01-06,402.6000061
1987-01-07,403.20001221
1987-01-08,406.0
1987-01-11,410.0
1987-01-12,409.0
1987-01-13,417.5
1987-01-14,415.0
1987-01-15,416.29998779
1987-01-18,424.5
1987-01-19,414.0
1987-01-20,408.1000061
1987-01-21,408.29998779
1987-01-22,404.8999939
1987-01-25,404.0
1987-01-26,415.5
1987-01-27,410.29998779
1987-01-28,412.6000061
1987-01-29,405.1000061
1987-02-01,401.1000061
1987-02-02,403.6000061
1987-02-03,402.70001221
1987-02-04,404.79998779
1987-02-05,404.1000061
1987-02-08,403.8999939
1987-02-09,403.0
1987-02-10,402.3999939
1987-02-11,395.29998779
1987-02-12,397.79998779
1987-02-16,392.1000061
1987-02-17,392.70001221
1987-02-18,400.20001221
1987-02-19,406.20001221
1987-02-22,402.20001221
1987-02-23,402.3999939
1987-02-24,403.1000061
1987-02-25,403.5
1987-02-26,405.3999939
1987-03-01,403.6000061
1987-03-02,407.20001221
1987-03-03,410.3999939
1987-03-04,410.5
1987-03-05,407.5
1987-03-08,405.5
1987-03-09,404.29998779
1987-03-10,406.8999939
1987-03-11,408.70001221
1987-03-12,403.8999939
1987-03-15,405.5
1987-03-16,406.0
1987-03-17,405.1000061
1987-03-18,405.29998779
1987-03-19,404.79998779
1987-03-22,410.20001221
1987-03-23,413.0
1987-03-24,413.0
1987-03-25,412.0
1987-03-26,422.70001221
1987-03-29,421.1000061
1987-03-30,418.0
1987-03-31,418.0
1987-04-01,418.0
1987-04-02,419.5
1987-04-05,418.5
1987-04-06,422.20001221
1987-04-07,420.20001221
1987-04-08,432.79998779
1987-04-09,433.0
1987-04-12,437.1000061
1987-04-13,450.8999939
1987-04-14,443.1000061
1987-04-15,444.1000061
1987-04-19,453.6000061
1987-04-20,447.6000061
1987-04-21,449.3999939
1987-04-22,460.3999939
1987-04-23,462.8999939
1987-04-26,445.0
1987-04-27,452.20001221
1987-04-28,451.0
1987-04-29,454.0
1987-04-30,457.1000061
1987-05-03,462.79998779
1987-05-04,465.0
1987-05-05,458.6000061
1987-05-06,457.6000061
1987-05-07,454.79998779
1987-05-10,455.8999939
1987-05-11,461.20001221
1987-05-12,460.0
1987-05-13,460.5
1987-05-14,474.79998779
1987-05-17,474.0
1987-05-18,470.0
1987-05-19,472.29998779
1987-05-20,470.0
1987-05-21,464.79998779
1987-05-25,450.5
1987-05-26,450.5
1987-05-27,453.3999939
1987-05-28,450.20001221
1987-05-31,446.20001221
1987-06-01,456.20001221
1987-06-02,450.20001221
1987-06-03,453.1000061
1987-06-04,453.79998779
1987-06-07,449.5
1987-06-08,457.8999939
1987-06-09,456.6000061
1987-06-10,463.70001221
1987-06-11,454.6000061
1987-06-14,452.6000061
1987-06-15,447.8999939
1987-06-16,447.79998779
1987-06-17,450.8999939
1987-06-18,445.0
1987-06-21,437.3999939
1987-06-22,440.3999939
1987-06-23,443.0
1987-06-24,440.79998779
1987-06-25,447.1000061
1987-06-28,447.20001221
1987-06-29,446.0
1987-06-30,446.79998779
1987-07-01,446.29998779
1987-07-05,448.0
1987-07-06,446.0
1987-07-07,446.0
1987-07-08,444.8999939
1987-07-09,445.29998779
1987-07-12,446.8999939
1987-07-13,447.29998779
1987-07-14,452.20001221
1987-07-15,454.20001221
1987-07-16,450.5
1987-07-19,451.29998779
1987-07-20,453.29998779
1987-07-21,454.8999939
1987-07-22,455.1000061
1987-07-23,454.0
1987-07-26,453.70001221
1987-07-27,456.5
1987-07-28,457.3999939
1987-07-29,462.20001221
1987-07-30,464.1000061
1987-08-02,477.1000061
1987-08-03,477.6000061
1987-08-04,466.79998779
1987-08-05,468.0
1987-08-06,454.6000061
1987-08-09,460.3999939
1987-08-10,464.20001221
1987-08-11,463.20001221
1987-08-12,458.3999939
1987-08-13,452.0
1987-08-16,454.0
1987-08-17,458.6000061
1987-08-18,458.29998779
1987-08-19,453.29998779
1987-08-20,456.8999939
1987-08-23,460.70001221
1987-08-24,457.0
1987-08-25,457.29998779
1987-08-26,455.3999939
1987-08-27,452.79998779
1987-08-30,450.6000061
1987-08-31,454.5
1987-09-01,465.29998779
1987-09-02,464.0
1987-09-03,465.0
1987-09-07,457.79998779
1987-09-08,456.8999939
1987-09-09,459.5
1987-09-10,456.79998779
1987-09-13,456.5
1987-09-14,458.6000061
1987-09-15,457.79998779
1987-09-16,459.70001221
1987-09-17,462.0
1987-09-20,462.1000061
1987-09-21,461.0
1987-09-22,462.0
1987-09-23,462.1000061
1987-09-24,460.0
1987-09-27,461.0
1987-09-28,458.0
1987-09-29,452.70001221
1987-09-30,454.0
1987-10-01,454.5
1987-10-04,457.29998779
1987-10-05,457.20001221
1987-10-06,458.1000061
1987-10-07,461.3999939
1987-10-08,461.8999939
1987-10-11,461.70001221
1987-10-12,459.1000061
1987-10-13,460.79998779
1987-10-14,462.8999939
1987-10-15,470.0
1987-10-18,481.70001221
1987-10-19,463.20001221
1987-10-20,468.1000061
1987-10-21,470.0
1987-10-22,473.3999939
1987-10-25,476.20001221
1987-10-26,475.70001221
1987-10-27,478.0
1987-10-28,466.29998779
1987-10-29,468.79998779
1987-11-01,470.0
1987-11-02,463.0
1987-11-03,466.20001221
1987-11-04,457.0
1987-11-05,457.5
1987-11-08,461.8999939
1987-11-09,461.0
1987-11-10,461.8999939
1987-11-11,463.0
1987-11-12,465.0
1987-11-15,463.29998779
1987-11-16,464.8999939
1987-11-17,463.8999939
1987-11-18,465.0
1987-11-19,466.0
1987-11-22,475.3999939
1987-11-23,474.8999939
1987-11-24,476.8999939
1987-11-26,486.1000061
1987-11-29,491.0
1987-11-30,490.3999939
1987-12-01,488.1000061
1987-12-02,488.79998779
1987-12-03,482.8999939
1987-12-06,481.5
1987-12-07,483.5
1987-12-08,484.5
1987-12-09,492.29998779
1987-12-10,497.1000061
1987-12-13,497.0
1987-12-14,482.70001221
1987-12-15,485.29998779
1987-12-16,485.1000061
1987-12-17,479.79998779
1987-12-20,479.6000061
1987-12-21,483.8999939
1987-12-22,482.8999939
1987-12-23,486.0
1987-12-27,488.0
1987-12-28,486.1000061
1987-12-29,482.70001221
1987-12-30,486.1000061
1988-01-03,479.20001221
1988-01-04,480.8999939
1988-01-05,483.29998779
1988-01-06,481.20001221
1988-01-07,483.70001221
1988-01-10,483.0
1988-01-11,479.0
1988-01-12,480.5
1988-01-13,487.0
1988-01-14,473.6000061
1988-01-17,476.0
1988-01-18,477.0
1988-01-19,476.5
1988-01-20,478.5
1988-01-21,477.5
1988-01-24,476.0
1988-01-25,468.0
1988-01-26,467.0
1988-01-27,466.5
1988-01-28,454.20001221
1988-01-31,454.1000061
1988-02-01,453.8999939
1988-02-02,438.70001221
1988-02-03,444.3999939
1988-02-04,439.3999939
1988-02-07,441.0
1988-02-08,441.6000061
1988-02-09,440.6000061
1988-02-10,440.0
1988-02-11,445.29998779
1988-02-15,444.20001221
1988-02-16,446.0
1988-02-17,443.0
1988-02-18,445.1000061
1988-02-21,445.0
1988-02-22,441.79998779
1988-02-23,435.0
1988-02-24,433.20001221
1988-02-25,429.6000061
1988-02-28,425.0
1988-02-29,431.0
1988-03-01,430.79998779
1988-03-02,427.70001221
1988-03-03,437.3999939
1988-03-06,437.0
1988-03-07,435.29998779
1988-03-08,436.20001221
1988-03-09,443.20001221
1988-03-10,441.3999939
1988-03-13,441.8999939
1988-03-14,446.29998779
1988-03-15,445.5
1988-03-16,446.0
1988-03-17,444.29998779
1988-03-20,445.5
1988-03-21,448.70001221
1988-03-22,449.3999939
1988-03-23,452.3999939
1988-03-24,453.20001221
1988-03-27,455.79998779
1988-03-28,455.3999939
1988-03-29,457.79998779
1988-03-30,454.3999939
1988-04-03,456.70001221
1988-04-04,453.3999939
1988-04-05,449.0
1988-04-06,450.79998779
1988-04-07,451.6000061
1988-04-10,452.79998779
1988-04-11,450.8999939
1988-04-12,447.0
1988-04-13,454.0
1988-04-14,456.0
1988-04-17,459.3999939
1988-04-18,458.3999939
1988-04-19,457.0
1988-04-20,455.3999939
1988-04-21,450.8999939
1988-04-24,449.0
1988-04-25,449.79998779
1988-04-26,452.29998779
1988-04-27,450.6000061
1988-04-28,451.0
1988-05-01,445.6000061
1988-05-02,443.5
1988-05-03,444.79998779
1988-05-04,445.3999939
1988-05-05,443.70001221
1988-05-08,447.29998779
1988-05-09,446.5
1988-05-10,449.70001221
1988-05-11,451.8999939
1988-05-12,450.70001221
1988-05-15,454.8999939
1988-05-16,456.6000061
1988-05-17,457.29998779
1988-05-18,459.29998779
1988-05-19,457.6000061
1988-05-22,462.20001221
1988-05-23,460.6000061
1988-05-24,454.0
1988-05-25,454.1000061
1988-05-26,450.79998779
1988-05-30,455.0
1988-05-31,457.6000061
1988-06-01,467.0
1988-06-02,464.79998779
1988-06-05,462.8999939
1988-06-06,460.0
1988-06-07,456.29998779
1988-06-08,457.1000061
1988-06-09,449.1000061
1988-06-12,449.6000061
1988-06-13,450.6000061
1988-06-14,451.8999939
1988-06-15,450.0
1988-06-16,454.5
1988-06-19,450.70001221
1988-06-20,451.79998779
1988-06-21,449.5
1988-06-22,447.70001221
1988-06-23,443.0
1988-06-26,443.0
1988-06-27,441.0
1988-06-28,435.0
1988-06-29,435.29998779
1988-06-30,437.20001221
1988-07-04,437.8999939
1988-07-05,437.6000061
1988-07-06,440.3999939
1988-07-07,439.1000061
1988-07-10,434.0
1988-07-11,437.0
1988-07-12,436.1000061
1988-07-13,439.0
1988-07-14,440.20001221
1988-07-17,437.79998779
1988-07-18,446.5
1988-07-19,444.70001221
1988-07-20,447.0
1988-07-21,442.20001221
1988-07-24,425.8999939
1988-07-25,431.1000061
1988-07-26,433.29998779
1988-07-27,432.5
1988-07-28,436.1000061
1988-07-31,434.3999939
1988-08-01,431.5
1988-08-02,433.29998779
1988-08-03,433.3999939
1988-08-04,432.29998779
1988-08-07,430.3999939
1988-08-08,427.3999939
1988-08-09,429.20001221
1988-08-10,429.29998779
1988-08-11,431.29998779
1988-08-14,433.0
1988-08-15,428.8999939
1988-08-16,431.0
1988-08-17,431.79998779
1988-08-18,432.0
1988-08-21,433.6000061
1988-08-22,432.29998779
1988-08-23,434.8999939
1988-08-24,432.79998779
1988-08-25,432.1000061
1988-08-28,429.5
1988-08-29,427.5
1988-08-30,429.29998779
1988-08-31,430.0
1988-09-01,429.0
1988-09-05,426.70001221
1988-09-06,428.1000061
1988-09-07,428.79998779
1988-09-08,421.20001221
1988-09-11,421.20001221
1988-09-12,420.8999939
1988-09-13,422.5
1988-09-14,418.6000061
1988-09-15,411.70001221
1988-09-18,409.20001221
1988-09-19,405.29998779
1988-09-20,398.3999939
1988-09-21,398.29998779
1988-09-22,394.0
1988-09-25,395.20001221
1988-09-26,397.0
1988-09-27,398.20001221
1988-09-28,396.79998779
1988-09-29,394.3999939
1988-10-02,397.5
1988-10-03,398.1000061
1988-10-04,400.79998779
1988-10-05,403.79998779
1988-10-06,403.20001221
1988-10-09,408.6000061
1988-10-10,404.70001221
1988-10-11,408.3999939
1988-10-12,406.8999939
1988-10-13,409.1000061
1988-10-16,412.20001221
1988-10-17,412.6000061
1988-10-18,411.3999939
1988-10-19,412.20001221
1988-10-20,409.1000061
1988-10-23,405.79998779
1988-10-24,407.0
1988-10-25,407.5
1988-10-26,407.6000061
1988-10-27,412.3999939
1988-10-30,412.70001221
1988-10-31,411.0
1988-11-01,418.20001221
1988-11-02,422.0
1988-11-03,420.5
1988-11-06,422.79998779
1988-11-07,420.0
1988-11-08,423.1000061
1988-11-09,421.0
1988-11-10,419.0
1988-11-13,423.8999939
1988-11-14,425.70001221
1988-11-15,424.0
1988-11-16,424.0
1988-11-17,417.5
1988-11-20,415.79998779
1988-11-21,417.70001221
1988-11-22,419.20001221
1988-11-27,424.5
1988-11-28,421.8999939
1988-11-29,424.79998779
1988-11-30,423.8999939
1988-12-01,431.70001221
1988-12-04,429.29998779
1988-12-05,427.5
1988-12-06,422.79998779
1988-12-07,422.5
1988-12-08,422.8999939
1988-12-11,420.1000061
1988-12-12,419.79998779
1988-12-13,421.5
1988-12-14,412.8999939
1988-12-15,414.0
1988-12-18,414.3999939
1988-12-19,414.0
1988-12-20,415.29998779
1988-12-21,418.0
1988-12-22,418.5
1988-12-26,418.0
1988-12-27,413.8999939
1988-12-28,408.20001221
1988-12-29,410.0
1989-01-02,410.79998779
1989-01-03,408.70001221
1989-01-04,407.8999939
1989-01-05,406.70001221
1989-01-08,404.8999939
1989-01-09,403.79998779
1989-01-10,403.3999939
1989-01-11,404.5
1989-01-12,402.29998779
1989-01-15,402.20001221
1989-01-16,402.70001221
1989-01-17,402.29998779
1989-01-18,403.5
1989-01-19,404.79998779
1989-01-22,407.79998779
1989-01-23,406.0
1989-01-24,406.0
1989-01-25,403.0
1989-01-26,396.1000061
1989-01-29,395.29998779
1989-01-30,391.6000061
1989-01-31,393.70001221
1989-02-01,392.29998779
1989-02-02,393.1000061
1989-02-05,394.0
1989-02-06,392.70001221
1989-02-07,396.20001221
1989-02-08,395.5
1989-02-09,388.79998779
1989-02-12,386.20001221
1989-02-13,385.3999939
1989-02-14,384.6000061
1989-02-15,383.6000061
1989-02-16,380.79998779
1989-02-20,385.8999939
1989-02-21,386.8999939
1989-02-22,391.0
1989-02-23,391.1000061
1989-02-26,390.5
1989-02-27,387.5
1989-02-28,384.29998779
1989-03-01,383.5
1989-03-02,386.6000061
1989-03-05,388.0
1989-03-06,393.29998779
1989-03-07,393.1000061
1989-03-08,395.1000061
1989-03-09,394.29998779
1989-03-12,392.5
1989-03-13,395.0
1989-03-14,392.1000061
1989-03-15,389.79998779
1989-03-16,393.0
1989-03-19,396.20001221
1989-03-20,394.6000061
1989-03-21,394.3999939
1989-03-22,396.5
1989-03-26,392.0
1989-03-27,383.0
1989-03-28,383.29998779
1989-03-29,382.20001221
1989-03-30,385.1000061
1989-04-02,386.20001221
1989-04-03,386.1000061
1989-04-04,383.79998779
1989-04-05,384.0
1989-04-06,383.3999939
1989-04-09,386.0
1989-04-10,385.79998779
1989-04-11,388.20001221
1989-04-12,390.29998779
1989-04-13,386.0
1989-04-16,386.0
1989-04-17,383.5
1989-04-18,383.3999939
1989-04-19,385.29998779
1989-04-20,384.8999939
1989-04-23,387.70001221
1989-04-24,385.70001221
1989-04-25,385.29998779
1989-04-26,384.29998779
1989-04-27,377.8999939
1989-04-30,378.20001221
1989-05-01,377.79998779
1989-05-02,378.3999939
1989-05-03,377.70001221
1989-05-04,377.0
1989-05-07,378.5
1989-05-08,378.79998779
1989-05-09,378.70001221
1989-05-10,379.79998779
1989-05-11,377.8999939
1989-05-14,375.6000061
1989-05-15,375.5
1989-05-16,370.6000061
1989-05-17,369.5
1989-05-18,367.3999939
1989-05-21,363.20001221
1989-05-22,363.79998779
1989-05-23,364.5
1989-05-24,367.0
1989-05-25,365.70001221
1989-05-29,365.70001221
1989-05-30,363.29998779
1989-05-31,364.1000061
1989-06-01,368.6000061
1989-06-04,367.5
1989-06-05,379.8999939
1989-06-06,376.1000061
1989-06-07,373.5
1989-06-08,358.1000061
1989-06-11,361.8999939
1989-06-12,363.1000061
1989-06-13,363.79998779
1989-06-14,367.0
1989-06-15,365.1000061
1989-06-18,367.1000061
1989-06-19,366.29998779
1989-06-20,369.0
1989-06-21,372.0
1989-06-22,372.5
1989-06-25,376.0
1989-06-26,376.6000061
1989-06-27,376.5
1989-06-28,371.20001221
1989-06-29,374.0
1989-07-02,378.3999939
1989-07-04,386.0
1989-07-05,385.79998779
1989-07-06,383.29998779
1989-07-09,384.6000061
1989-07-10,381.5
1989-07-11,377.20001221
1989-07-12,377.0
1989-07-13,370.79998779
1989-07-16,371.0
1989-07-17,372.6000061
1989-07-18,370.0
1989-07-19,371.5
1989-07-20,372.3999939
1989-07-23,372.0
1989-07-24,373.70001221
1989-07-25,375.20001221
1989-07-26,373.70001221
1989-07-27,367.0
1989-07-30,370.5
1989-07-31,370.79998779
1989-08-01,370.1000061
1989-08-02,373.70001221
1989-08-03,367.79998779
1989-08-06,365.8999939
1989-08-07,366.20001221
1989-08-08,366.8999939
1989-08-09,367.29998779
1989-08-10,365.20001221
1989-08-13,367.1000061
1989-08-14,368.70001221
1989-08-15,369.0
1989-08-16,368.29998779
1989-08-17,368.1000061
1989-08-20,368.29998779
1989-08-21,368.0
1989-08-22,365.79998779
1989-08-23,364.5
1989-08-24,360.79998779
1989-08-27,360.0
1989-08-28,363.6000061
1989-08-29,361.79998779
1989-08-30,360.79998779
1989-08-31,360.6000061
1989-09-04,359.0
1989-09-05,361.29998779
1989-09-06,360.20001221
1989-09-07,359.3999939
1989-09-10,359.20001221
1989-09-11,359.5
1989-09-12,359.8999939
1989-09-13,360.5
1989-09-14,363.8999939
1989-09-17,361.70001221
1989-09-18,362.0
1989-09-19,361.3999939
1989-09-20,365.5
1989-09-21,366.1000061
1989-09-24,368.20001221
1989-09-25,368.5
1989-09-26,367.6000061
1989-09-27,368.1000061
1989-09-28,367.20001221
1989-10-01,367.5
1989-10-02,366.8999939
1989-10-03,367.0
1989-10-04,363.3999939
1989-10-05,363.70001221
1989-10-08,363.1000061
1989-10-09,361.8999939
1989-10-10,362.0
1989-10-11,363.3999939
1989-10-12,363.29998779
1989-10-15,367.29998779
1989-10-16,367.29998779
1989-10-17,368.3999939
1989-10-18,367.1000061
1989-10-19,367.29998779
1989-10-22,367.0
1989-10-23,368.5
1989-10-24,369.1000061
1989-10-25,372.5
1989-10-26,378.0
1989-10-29,377.79998779
1989-10-30,374.70001221
1989-10-31,374.20001221
1989-11-01,380.3999939
1989-11-02,378.5
1989-11-05,381.5
1989-11-06,384.0
1989-11-07,388.79998779
1989-11-08,387.1000061
1989-11-09,386.79998779
1989-11-12,391.0
1989-11-13,391.0
1989-11-14,390.0
1989-11-15,391.3999939
1989-11-16,394.6000061
1989-11-19,395.5
1989-11-20,404.0
1989-11-21,408.5
1989-11-23,415.5
1989-11-26,413.8999939
1989-11-27,413.3999939
1989-11-28,409.5
1989-11-29,411.6000061
1989-11-30,413.6000061
1989-12-03,401.1000061
1989-12-04,403.5
1989-12-05,404.8999939
1989-12-06,410.0
1989-12-07,411.79998779
1989-12-10,416.79998779
1989-12-11,417.8999939
1989-12-12,408.1000061
1989-12-13,408.29998779
1989-12-14,413.8999939
1989-12-17,411.79998779
1989-12-18,411.8999939
1989-12-19,413.6000061
1989-12-20,411.8999939
1989-12-21,413.20001221
1989-12-25,406.79998779
1989-12-26,400.79998779
1989-12-27,398.6000061
1989-12-28,402.5
1990-01-01,399.6000061
1990-01-02,394.0
1990-01-03,398.6000061
1990-01-04,406.29998779
1990-01-07,403.0
1990-01-08,404.20001221
1990-01-09,412.3999939
1990-01-10,414.0
1990-01-11,413.20001221
1990-01-14,413.70001221
1990-01-15,410.79998779
1990-01-16,412.5
1990-01-17,410.20001221
1990-01-18,410.0
1990-01-21,407.20001221
1990-01-22,413.0
1990-01-23,417.20001221
1990-01-24,416.0
1990-01-25,420.1000061
1990-01-28,419.1000061
1990-01-29,418.1000061
1990-01-30,412.3999939
1990-01-31,418.0
1990-02-01,418.20001221
1990-02-04,422.3999939
1990-02-05,421.29998779
1990-02-06,418.1000061
1990-02-07,418.70001221
1990-02-08,416.1000061
1990-02-11,419.20001221
1990-02-12,417.6000061
1990-02-13,416.70001221
1990-02-14,412.3999939
1990-02-15,417.1000061
1990-02-19,419.8999939
1990-02-20,418.0
1990-02-21,415.70001221
1990-02-22,415.0
1990-02-25,408.6000061
1990-02-26,408.0
1990-02-27,406.1000061
1990-02-28,406.20001221
1990-03-01,403.0
1990-03-04,404.1000061
1990-03-05,403.6000061
1990-03-06,400.20001221
1990-03-07,400.0
1990-03-08,399.79998779
1990-03-11,399.79998779
1990-03-12,399.0
1990-03-13,398.0
1990-03-14,398.1000061
1990-03-15,399.6000061
1990-03-18,400.70001221
1990-03-19,392.20001221
1990-03-20,391.79998779
1990-03-21,394.0
1990-03-22,388.8999939
1990-03-25,365.79998779
1990-03-26,368.70001221
1990-03-27,369.0
1990-03-28,370.79998779
1990-03-29,370.20001221
1990-04-01,369.79998779
1990-04-02,375.29998779
1990-04-03,377.1000061
1990-04-04,374.79998779
1990-04-05,380.70001221
1990-04-08,376.0
1990-04-09,375.0
1990-04-10,374.29998779
1990-04-11,375.8999939
1990-04-15,375.20001221
1990-04-16,375.20001221
1990-04-17,376.1000061
1990-04-18,377.29998779
1990-04-19,376.6000061
1990-04-22,378.8999939
1990-04-23,375.8999939
1990-04-24,370.70001221
1990-04-25,370.5
1990-04-26,371.1000061
1990-04-29,368.3999939
1990-04-30,370.0
1990-05-01,369.5
1990-05-02,371.3999939
1990-05-03,370.8999939
1990-05-06,371.8999939
1990-05-07,370.0
1990-05-08,371.8999939
1990-05-09,370.1000061
1990-05-10,368.79998779
1990-05-13,368.3999939
1990-05-14,370.8999939
1990-05-15,369.0
1990-05-16,369.5
1990-05-17,374.70001221
1990-05-20,373.29998779
1990-05-21,375.6000061
1990-05-22,364.1000061
1990-05-23,366.5
1990-05-24,368.20001221
1990-05-28,367.3999939
1990-05-29,364.1000061
1990-05-30,364.29998779
1990-05-31,359.20001221
1990-06-03,358.6000061
1990-06-04,359.79998779
1990-06-05,357.3999939
1990-06-06,354.6000061
1990-06-07,355.29998779
1990-06-10,356.3999939
1990-06-11,356.0
1990-06-12,352.0
1990-06-13,346.79998779
1990-06-14,349.29998779
1990-06-17,349.5
1990-06-18,349.1000061
1990-06-19,350.5
1990-06-20,350.70001221
1990-06-21,350.3999939
1990-06-24,353.79998779
1990-06-25,350.3999939
1990-06-26,351.3999939
1990-06-27,352.1000061
1990-06-28,357.8999939
1990-07-01,358.70001221
1990-07-02,362.1000061
1990-07-04,361.3999939
1990-07-05,361.1000061
1990-07-08,361.0
1990-07-09,353.0
1990-07-10,354.1000061
1990-07-11,358.1000061
1990-07-12,364.3999939
1990-07-15,363.29998779
1990-07-16,361.79998779
1990-07-17,361.6000061
1990-07-18,361.3999939
1990-07-19,361.5
1990-07-22,369.1000061
1990-07-23,367.8999939
1990-07-24,372.0
1990-07-25,369.29998779
1990-07-26,367.79998779
1990-07-29,367.79998779
1990-07-30,370.0
1990-07-31,373.29998779
1990-08-01,376.79998779
1990-08-02,377.3999939
1990-08-05,384.70001221
1990-08-06,384.5
1990-08-07,383.20001221
1990-08-08,385.79998779
1990-08-09,396.8999939
1990-08-12,396.8999939
1990-08-13,404.79998779
1990-08-14,402.6000061
1990-08-15,409.0
1990-08-16,409.6000061
1990-08-19,410.1000061
1990-08-20,407.3999939
1990-08-21,411.0
1990-08-22,412.0
1990-08-23,415.0
1990-08-26,388.29998779
1990-08-27,385.0
1990-08-28,385.29998779
1990-08-29,386.70001221
1990-08-30,382.29998779
1990-09-03,383.70001221
1990-09-04,386.1000061
1990-09-05,389.70001221
1990-09-06,389.5
1990-09-09,378.6000061
1990-09-10,380.5
1990-09-11,382.1000061
1990-09-12,382.8999939
1990-09-13,385.1000061
1990-09-16,389.3999939
1990-09-17,387.6000061
1990-09-18,386.0
1990-09-19,389.1000061
1990-09-20,389.3999939
1990-09-23,403.0
1990-09-24,402.3999939
1990-09-25,406.6000061
1990-09-26,405.0
1990-09-27,402.5
1990-09-30,386.6000061
1990-10-01,389.1000061
1990-10-02,393.8999939
1990-10-03,392.29998779
1990-10-04,393.6000061
1990-10-07,394.8999939
1990-10-08,389.70001221
1990-10-09,388.1000061
1990-10-10,389.70001221
1990-10-11,387.5
1990-10-14,375.0
1990-10-15,362.0
1990-10-16,366.70001221
1990-10-17,370.1000061
1990-10-18,372.79998779
1990-10-21,369.6000061
1990-10-22,371.20001221
1990-10-23,373.5
1990-10-24,375.79998779
1990-10-25,370.8999939
1990-10-28,373.70001221
1990-10-29,379.70001221
1990-10-30,379.3999939
1990-10-31,381.5
1990-11-01,376.3999939
1990-11-04,379.5
1990-11-05,386.6000061
1990-11-06,386.29998779
1990-11-07,387.29998779
1990-11-08,384.79998779
1990-11-11,382.29998779
1990-11-12,386.0
1990-11-13,377.6000061
1990-11-14,379.1000061
1990-11-15,378.8999939
1990-11-18,381.3999939
1990-11-19,377.6000061
1990-11-20,378.8999939
1990-11-22,383.70001221
1990-11-25,386.1000061
1990-11-26,385.20001221
1990-11-27,385.20001221
1990-11-28,388.8999939
1990-11-29,383.29998779
1990-12-02,376.6000061
1990-12-03,378.8999939
1990-12-04,374.20001221
1990-12-05,371.70001221
1990-12-06,370.29998779
1990-12-09,374.20001221
1990-12-10,372.0
1990-12-11,372.70001221
1990-12-12,374.29998779
1990-12-13,376.70001221
1990-12-16,377.5
1990-12-17,376.5
1990-12-18,386.0
1990-12-19,385.20001221
1990-12-20,382.5
1990-12-25,385.6000061
1990-12-26,385.29998779
1990-12-27,394.0
1990-12-30,394.20001221
1991-01-01,389.1000061
1991-01-02,386.5
1991-01-03,384.8999939
1991-01-06,394.1000061
1991-01-07,390.29998779
1991-01-08,391.20001221
1991-01-09,390.3999939
1991-01-10,391.6000061
1991-01-13,400.1000061
1991-01-14,398.79998779
1991-01-15,403.0
1991-01-16,373.3999939
1991-01-17,374.20001221
1991-01-20,378.70001221
1991-01-21,379.3999939
1991-01-22,378.3999939
1991-01-23,373.0
1991-01-24,375.70001221
1991-01-27,376.70001221
1991-01-28,376.1000061
1991-01-29,368.79998779
1991-01-30,365.79998779
1991-01-31,366.1000061
1991-02-03,368.6000061
1991-02-04,366.3999939
1991-02-05,362.8999939
1991-02-06,367.79998779
1991-02-07,370.1000061
1991-02-10,367.1000061
1991-02-11,368.0
1991-02-12,367.20001221
1991-02-13,368.20001221
1991-02-14,364.3999939
1991-02-18,364.5
1991-02-19,364.70001221
1991-02-20,362.70001221
1991-02-21,357.0
1991-02-24,359.5
1991-02-25,359.0
1991-02-26,361.70001221
1991-02-27,367.3999939
1991-02-28,367.0
1991-03-03,367.8999939
1991-03-04,364.70001221
1991-03-05,365.8999939
1991-03-06,366.8999939
1991-03-07,369.70001221
1991-03-10,364.70001221
1991-03-11,364.79998779
1991-03-12,366.8999939
1991-03-13,365.29998779
1991-03-14,364.8999939
1991-03-17,363.0
1991-03-18,363.79998779
1991-03-19,363.0
1991-03-20,363.0
1991-03-21,363.1000061
1991-03-24,359.0
1991-03-25,357.29998779
1991-03-26,356.29998779
1991-03-27,357.1000061
1991-03-31,360.3999939
1991-04-01,358.5
1991-04-02,360.29998779
1991-04-03,359.5
1991-04-04,359.79998779
1991-04-07,361.79998779
1991-04-08,364.8999939
1991-04-09,364.3999939
1991-04-10,362.8999939
1991-04-11,361.29998779
1991-04-14,361.6000061
1991-04-15,361.3999939
1991-04-16,361.79998779
1991-04-17,357.8999939
1991-04-18,356.70001221
1991-04-21,357.8999939
1991-04-22,357.1000061
1991-04-23,356.1000061
1991-04-24,354.0
1991-04-25,353.8999939
1991-04-28,352.1000061
1991-04-29,355.8999939
1991-04-30,356.0
1991-05-01,355.0
1991-05-02,353.8999939
1991-05-05,355.3999939
1991-05-06,356.5
1991-05-07,357.1000061
1991-05-08,358.1000061
1991-05-09,357.1000061
1991-05-12,358.6000061
1991-05-13,360.1000061
1991-05-14,359.8999939
1991-05-15,356.0
1991-05-16,355.20001221
1991-05-19,357.3999939
1991-05-20,357.20001221
1991-05-21,356.29998779
1991-05-22,355.20001221
1991-05-23,356.5
1991-05-27,363.5
1991-05-28,361.1000061
1991-05-29,363.1000061
1991-05-30,361.3999939
1991-06-02,363.0
1991-06-03,362.5
1991-06-04,362.6000061
1991-06-05,365.1000061
1991-06-06,366.29998779
1991-06-09,373.70001221
1991-06-10,370.8999939
1991-06-11,370.20001221
1991-06-12,370.20001221
1991-06-13,367.1000061
1991-06-16,368.20001221
1991-06-17,368.29998779
1991-06-18,368.6000061
1991-06-19,368.0
1991-06-20,365.8999939
1991-06-23,363.0
1991-06-24,364.6000061
1991-06-25,365.8999939
1991-06-26,366.0
1991-06-27,368.1000061
1991-06-30,368.20001221
1991-07-01,367.8999939
1991-07-02,370.20001221
1991-07-07,370.8999939
1991-07-08,369.3999939
1991-07-09,370.0
1991-07-10,367.79998779
1991-07-11,368.6000061
1991-07-14,369.1000061
1991-07-15,368.8999939
1991-07-16,369.70001221
1991-07-17,370.20001221
1991-07-18,370.6000061
1991-07-21,367.6000061
1991-07-22,368.1000061
1991-07-23,364.3999939
1991-07-24,364.5
1991-07-25,366.20001221
1991-07-28,363.3999939
1991-07-29,362.29998779
1991-07-30,363.6000061
1991-07-31,363.20001221
1991-08-01,355.6000061
1991-08-04,356.20001221
1991-08-05,356.70001221
1991-08-06,356.6000061
1991-08-07,357.20001221
1991-08-08,358.3999939
1991-08-11,357.5
1991-08-12,356.29998779
1991-08-13,357.79998779
1991-08-14,357.0
1991-08-15,358.0
1991-08-18,358.6000061
1991-08-19,355.8999939
1991-08-20,356.8999939
1991-08-21,354.29998779
1991-08-22,353.3999939
1991-08-25,355.20001221
1991-08-26,354.3999939
1991-08-27,353.8999939
1991-08-28,350.8999939
1991-08-29,348.1000061
1991-09-02,348.29998779
1991-09-03,348.5
1991-09-04,347.0
1991-09-05,351.1000061
1991-09-08,351.1000061
1991-09-09,349.8999939
1991-09-10,345.3999939
1991-09-11,344.29998779
1991-09-12,344.3999939
1991-09-15,345.5
1991-09-16,346.70001221
1991-09-17,348.6000061
1991-09-18,348.29998779
1991-09-19,348.5
1991-09-22,350.79998779
1991-09-23,352.1000061
1991-09-24,352.5
1991-09-25,350.79998779
1991-09-26,349.1000061
1991-09-29,354.0
1991-09-30,354.20001221
1991-10-01,355.79998779
1991-10-02,357.70001221
1991-10-03,358.0
1991-10-06,359.5
1991-10-07,357.6000061
1991-10-08,359.0
1991-10-09,358.8999939
1991-10-10,358.0
1991-10-13,359.5
1991-10-14,357.70001221
1991-10-15,358.20001221
1991-10-16,359.1000061
1991-10-17,360.5
1991-10-20,364.0
1991-10-21,363.0
1991-10-22,362.5
1991-10-23,361.5
1991-10-24,360.8999939
1991-10-27,359.0
1991-10-28,359.0
1991-10-29,359.0
1991-10-30,358.1000061
1991-10-31,355.6000061
1991-11-03,356.79998779
1991-11-04,357.0
1991-11-05,354.6000061
1991-11-06,353.70001221
1991-11-07,354.20001221
1991-11-10,355.29998779
1991-11-11,355.8999939
1991-11-12,356.6000061
1991-11-13,355.0
1991-11-14,359.5
1991-11-17,361.0
1991-11-18,363.8999939
1991-11-19,364.29998779
1991-11-20,368.20001221
1991-11-21,369.29998779
1991-11-24,368.1000061
1991-11-25,366.20001221
1991-11-26,367.8999939
1991-11-28,367.8999939
1991-12-01,367.0
1991-12-02,363.5
1991-12-03,365.1000061
1991-12-04,367.3999939
1991-12-05,369.3999939
1991-12-08,369.5
1991-12-09,368.8999939
1991-12-10,366.6000061
1991-12-11,358.0
1991-12-12,359.3999939
1991-12-15,359.0
1991-12-16,357.29998779
1991-12-17,358.8999939
1991-12-18,357.8999939
1991-12-19,358.6000061
1991-12-22,359.29998779
1991-12-23,359.1000061
1991-12-25,355.0
1991-12-26,353.6000061
1991-12-29,351.0
1991-12-30,354.1000061
1992-01-01,352.1000061
1992-01-02,353.0
1992-01-05,349.29998779
1992-01-06,349.5
1992-01-07,350.6000061
1992-01-08,352.0
1992-01-09,356.20001221
1992-01-12,353.79998779
1992-01-13,353.1000061
1992-01-14,354.1000061
1992-01-15,356.3999939
1992-01-16,356.1000061
1992-01-19,357.79998779
1992-01-20,358.0
1992-01-21,357.8999939
1992-01-22,354.6000061
1992-01-23,354.3999939
1992-01-26,354.79998779
1992-01-27,355.79998779
1992-01-28,356.1000061
1992-01-29,353.3999939
1992-01-30,357.0
1992-02-02,356.70001221
1992-02-03,356.20001221
1992-02-04,355.6000061
1992-02-05,355.70001221
1992-02-06,355.3999939
1992-02-09,355.8999939
1992-02-10,356.29998779
1992-02-11,358.1000061
1992-02-12,355.8999939
1992-02-13,353.70001221
1992-02-17,353.3999939
1992-02-18,353.29998779
1992-02-19,353.20001221
1992-02-20,351.3999939
1992-02-23,349.79998779
1992-02-24,349.5
1992-02-25,349.29998779
1992-02-26,353.20001221
1992-02-27,352.70001221
1992-03-01,350.0
1992-03-02,350.3999939
1992-03-03,350.6000061
1992-03-04,351.3999939
1992-03-05,349.5
1992-03-08,348.8999939
1992-03-09,349.0
1992-03-10,350.70001221
1992-03-11,347.3999939
1992-03-12,346.70001221
1992-03-15,343.29998779
1992-03-16,340.1000061
1992-03-17,338.3999939
1992-03-18,338.79998779
1992-03-19,338.20001221
1992-03-22,338.20001221
1992-03-23,339.6000061
1992-03-24,341.1000061
1992-03-25,341.0
1992-03-26,342.3999939
1992-03-29,341.8999939
1992-03-30,343.70001221
1992-03-31,342.8999939
1992-04-01,340.8999939
1992-04-02,341.20001221
1992-04-05,340.3999939
1992-04-06,338.70001221
1992-04-07,337.8999939
1992-04-08,339.29998779
1992-04-09,341.1000061
1992-04-12,339.5
1992-04-13,339.5
1992-04-14,336.20001221
1992-04-15,337.29998779
1992-04-19,336.8999939
1992-04-20,341.1000061
1992-04-21,339.29998779
1992-04-22,338.70001221
1992-04-23,336.8999939
1992-04-26,336.6000061
1992-04-27,337.20001221
1992-04-28,336.1000061
1992-04-29,337.6000061
1992-04-30,338.5
1992-05-03,337.29998779
1992-05-04,337.5
1992-05-05,337.20001221
1992-05-06,335.6000061
1992-05-07,336.0
1992-05-10,336.70001221
1992-05-11,335.29998779
1992-05-12,335.6000061
1992-05-13,338.0
1992-05-14,338.70001221
1992-05-17,338.3999939
1992-05-18,337.79998779
1992-05-19,338.0
1992-05-20,336.70001221
1992-05-21,337.8999939
1992-05-25,338.20001221
1992-05-26,338.0
1992-05-27,337.0
1992-05-28,336.3999939
1992-05-31,337.79998779
1992-06-01,339.29998779
1992-06-02,338.70001221
1992-06-03,338.6000061
1992-06-04,338.70001221
1992-06-07,338.20001221
1992-06-08,338.29998779
1992-06-09,337.8999939
1992-06-10,340.5
1992-06-11,342.8999939
1992-06-14,343.1000061
1992-06-15,342.20001221
1992-06-16,341.5
1992-06-17,342.6000061
1992-06-18,341.0
1992-06-21,343.70001221
1992-06-22,344.5
1992-06-23,342.79998779
1992-06-24,343.20001221
1992-06-25,342.79998779
1992-06-28,343.70001221
1992-06-29,343.1000061
1992-06-30,344.29998779
1992-07-01,346.5
1992-07-05,346.5
1992-07-06,346.20001221
1992-07-07,347.6000061
1992-07-08,348.70001221
1992-07-09,348.29998779
1992-07-12,349.1000061
1992-07-13,351.1000061
1992-07-14,354.0
1992-07-15,352.6000061
1992-07-16,357.5
1992-07-19,359.1000061
1992-07-20,357.6000061
1992-07-21,358.8999939
1992-07-22,358.6000061
1992-07-23,359.29998779
1992-07-26,357.8999939
1992-07-27,358.8999939
1992-07-28,356.5
1992-07-29,356.5
1992-07-30,357.3999939
1992-08-02,352.6000061
1992-08-03,352.70001221
1992-08-04,349.20001221
1992-08-05,349.0
1992-08-06,350.29998779
1992-08-09,350.3999939
1992-08-10,347.29998779
1992-08-11,338.6000061
1992-08-12,334.1000061
1992-08-13,334.79998779
1992-08-16,336.8999939
1992-08-17,335.79998779
1992-08-18,337.8999939
1992-08-19,336.79998779
1992-08-20,337.0
1992-08-23,342.0
1992-08-24,340.70001221
1992-08-25,338.29998779
1992-08-26,338.8999939
1992-08-27,339.6000061
1992-08-30,344.5
1992-08-31,340.79998779
1992-09-01,338.5
1992-09-02,340.79998779
1992-09-03,341.29998779
1992-09-06,341.29998779
1992-09-07,342.5
1992-09-08,342.20001221
1992-09-09,342.20001221
1992-09-10,340.8999939
1992-09-13,346.79998779
1992-09-14,346.0
1992-09-15,349.79998779
1992-09-16,347.8999939
1992-09-17,351.20001221
1992-09-20,347.5
1992-09-21,348.79998779
1992-09-22,348.6000061
1992-09-23,349.20001221
1992-09-24,349.29998779
1992-09-27,347.6000061
1992-09-28,348.20001221
1992-09-29,347.79998779
1992-09-30,347.5
1992-10-01,347.79998779
1992-10-04,350.5
1992-10-05,350.20001221
1992-10-06,350.8999939
1992-10-07,350.0
1992-10-08,350.3999939
1992-10-11,345.20001221
1992-10-12,343.3999939
1992-10-13,343.0
1992-10-14,341.70001221
1992-10-15,341.79998779
1992-10-18,342.70001221
1992-10-19,343.79998779
1992-10-20,344.3999939
1992-10-21,343.1000061
1992-10-22,343.79998779
1992-10-25,341.1000061
1992-10-26,338.0
1992-10-27,338.79998779
1992-10-28,339.5
1992-10-29,339.3999939
1992-11-01,339.8999939
1992-11-02,337.5
1992-11-03,337.1000061
1992-11-04,336.20001221
1992-11-05,335.70001221
1992-11-08,332.6000061
1992-11-09,329.70001221
1992-11-10,331.70001221
1992-11-11,332.5
1992-11-12,335.29998779
1992-11-15,333.8999939
1992-11-16,334.29998779
1992-11-17,335.1000061
1992-11-18,335.29998779
1992-11-19,335.20001221
1992-11-22,334.3999939
1992-11-23,334.29998779
1992-11-24,333.5
1992-11-26,334.0
1992-11-29,334.29998779
1992-11-30,335.1000061
1992-12-01,335.8999939
1992-12-02,335.5
1992-12-03,335.70001221
1992-12-06,336.1000061
1992-12-07,335.3999939
1992-12-08,333.6000061
1992-12-09,334.1000061
1992-12-10,335.20001221
1992-12-13,334.6000061
1992-12-14,334.5
1992-12-15,337.8999939
1992-12-16,338.3999939
1992-12-17,336.8999939
1992-12-20,334.0
1992-12-21,332.20001221
1992-12-22,332.8999939
1992-12-23,332.8999939
1992-12-27,333.0
1992-12-28,332.5
1992-12-29,332.79998779
1992-12-30,332.79998779
1992-12-31,332.79998779
1993-01-03,328.1000061
1993-01-04,328.70001221
1993-01-05,329.79998779
1993-01-06,328.70001221
1993-01-07,329.20001221
1993-01-10,327.5
1993-01-11,328.5
1993-01-12,327.5
1993-01-13,327.29998779
1993-01-14,327.0
1993-01-17,328.0
1993-01-18,328.6000061
1993-01-19,329.8999939
1993-01-20,329.5
1993-01-21,328.6000061
1993-01-24,328.79998779
1993-01-25,331.1000061
1993-01-26,329.8999939
1993-01-27,330.5
1993-01-28,330.20001221
1993-01-31,330.29998779
1993-02-01,330.3999939
1993-02-02,329.29998779
1993-02-03,329.0
1993-02-04,328.70001221
1993-02-07,328.8999939
1993-02-08,329.3999939
1993-02-09,333.3999939
1993-02-10,332.20001221
1993-02-11,329.6000061
1993-02-15,333.0
1993-02-16,331.0
1993-02-17,330.70001221
1993-02-18,330.6000061
1993-02-21,328.20001221
1993-02-22,331.1000061
1993-02-23,330.20001221
1993-02-24,329.8999939
1993-02-25,328.3999939
1993-02-28,328.6000061
1993-03-01,329.79998779
1993-03-02,329.79998779
1993-03-03,329.0
1993-03-04,329.79998779
1993-03-07,327.1000061
1993-03-08,326.6000061
1993-03-09,326.0
1993-03-10,326.5
1993-03-11,328.0
1993-03-14,329.29998779
1993-03-15,329.1000061
1993-03-16,329.29998779
1993-03-17,330.79998779
1993-03-18,331.8999939
1993-03-21,332.8999939
1993-03-22,331.8999939
1993-03-23,332.5
1993-03-24,332.0
1993-03-25,332.3999939
1993-03-28,331.29998779
1993-03-29,337.0
1993-03-30,337.6000061
1993-03-31,338.70001221
1993-04-01,340.8999939
1993-04-04,339.5
1993-04-05,337.8999939
1993-04-06,338.3999939
1993-04-07,337.6000061
1993-04-11,337.0
1993-04-12,337.70001221
1993-04-13,339.70001221
1993-04-14,337.5
1993-04-15,339.0
1993-04-18,340.29998779
1993-04-19,341.6000061
1993-04-20,339.0
1993-04-21,340.0
1993-04-22,346.5
1993-04-25,352.79998779
1993-04-26,351.3999939
1993-04-27,353.6000061
1993-04-28,356.70001221
1993-04-29,356.5
1993-05-02,355.0
1993-05-03,354.79998779
1993-05-04,354.6000061
1993-05-05,355.5
1993-05-06,356.70001221
1993-05-09,356.6000061
1993-05-10,356.70001221
1993-05-11,361.20001221
1993-05-12,368.0
1993-05-13,367.70001221
1993-05-16,367.5
1993-05-17,375.5
1993-05-18,373.70001221
1993-05-19,374.20001221
1993-05-20,377.5
1993-05-23,373.8999939
1993-05-24,378.5
1993-05-25,375.20001221
1993-05-26,381.3999939
1993-05-27,378.29998779
1993-05-31,369.5
1993-06-01,369.20001221
1993-06-02,374.6000061
1993-06-03,376.79998779
1993-06-06,374.0
1993-06-07,374.0
1993-06-08,371.5
1993-06-09,369.6000061
1993-06-10,366.1000061
1993-06-13,365.29998779
1993-06-14,369.6000061
1993-06-15,370.29998779
1993-06-16,371.0
1993-06-17,371.29998779
1993-06-20,370.29998779
1993-06-21,368.6000061
1993-06-22,368.3999939
1993-06-23,375.1000061
1993-06-24,377.20001221
1993-06-27,375.20001221
1993-06-28,378.6000061
1993-06-29,378.3999939
1993-06-30,387.3999939
1993-07-01,385.8999939
1993-07-04,385.8999939
1993-07-05,392.29998779
1993-07-06,397.0
1993-07-07,394.8999939
1993-07-08,391.6000061
1993-07-11,394.29998779
1993-07-12,394.0
1993-07-13,390.8999939
1993-07-14,393.3999939
1993-07-15,392.3999939
1993-07-18,392.0
1993-07-19,391.8999939
1993-07-20,389.20001221
1993-07-21,391.1000061
1993-07-22,389.79998779
1993-07-25,393.0
1993-07-26,391.20001221
1993-07-27,393.3999939
1993-07-28,397.79998779
1993-07-29,407.0
1993-08-01,405.8999939
1993-08-02,403.3999939
1993-08-03,399.8999939
1993-08-04,377.20001221
1993-08-05,376.5
1993-08-08,383.20001221
1993-08-09,380.8999939
1993-08-10,375.29998779
1993-08-11,367.3999939
1993-08-12,369.29998779
1993-08-15,373.1000061
1993-08-16,371.6000061
1993-08-17,372.5
1993-08-18,373.5
1993-08-19,373.5
1993-08-22,372.5
1993-08-23,372.5
1993-08-24,372.5
1993-08-25,368.0
1993-08-26,368.1000061
1993-08-29,371.5
1993-08-30,373.0
1993-08-31,369.8999939
1993-09-01,363.6000061
1993-09-02,364.5
1993-09-06,350.1000061
1993-09-07,351.20001221
1993-09-08,353.0
1993-09-09,350.20001221
1993-09-12,343.0
1993-09-13,344.79998779
1993-09-14,347.5
1993-09-15,352.6000061
1993-09-16,355.1000061
1993-09-19,353.5
1993-09-20,362.8999939
1993-09-21,353.8999939
1993-09-22,355.0
1993-09-23,357.3999939
1993-09-26,353.70001221
1993-09-27,355.3999939
1993-09-28,352.70001221
1993-09-29,355.1000061
1993-09-30,355.0
1993-10-03,352.70001221
1993-10-04,354.20001221
1993-10-05,356.3999939
1993-10-06,356.79998779
1993-10-07,360.5
1993-10-10,360.29998779
1993-10-11,361.5
1993-10-12,366.5
1993-10-13,365.5
1993-10-14,365.20001221
1993-10-17,368.0
1993-10-18,369.1000061
1993-10-19,371.79998779
1993-10-20,375.0
1993-10-21,370.20001221
1993-10-24,369.79998779
1993-10-25,369.20001221
1993-10-26,370.0
1993-10-27,369.1000061
1993-10-28,368.70001221
1993-10-31,361.20001221
1993-11-01,362.70001221
1993-11-02,367.20001221
1993-11-03,371.70001221
1993-11-04,377.0
1993-11-07,374.79998779
1993-11-08,376.0
1993-11-09,376.79998779
1993-11-10,376.6000061
1993-11-11,373.1000061
1993-11-14,375.20001221
1993-11-15,374.1000061
1993-11-16,376.79998779
1993-11-17,376.3999939
1993-11-18,378.0
1993-11-21,378.29998779
1993-11-22,377.29998779
1993-11-23,377.20001221
1993-11-28,369.3999939
1993-11-29,369.79998779
1993-11-30,374.79998779
1993-12-01,373.79998779
1993-12-02,376.79998779
1993-12-05,375.8999939
1993-12-06,377.3999939
1993-12-07,383.79998779
1993-12-08,382.6000061
1993-12-09,383.20001221
1993-12-12,387.0
1993-12-13,387.0
1993-12-14,387.3999939
1993-12-15,386.0
1993-12-16,387.3999939
1993-12-19,389.5
1993-12-20,387.8999939
1993-12-21,386.0
1993-12-22,385.79998779
1993-12-26,387.8999939
1993-12-27,387.3999939
1993-12-28,388.0
1993-12-29,390.79998779
1993-12-30,390.79998779
1994-01-02,393.70001221
1994-01-03,394.1000061
1994-01-04,391.1000061
1994-01-05,389.20001221
1994-01-06,386.3999939
1994-01-09,385.0
1994-01-10,388.0
1994-01-11,386.29998779
1994-01-12,390.0
1994-01-13,389.5
1994-01-16,391.6000061
1994-01-17,393.1000061
1994-01-18,392.29998779
1994-01-19,387.5
1994-01-20,381.3999939
1994-01-23,381.1000061
1994-01-24,381.3999939
1994-01-25,384.5
1994-01-26,383.0
1994-01-27,376.8999939
1994-01-30,381.6000061
1994-01-31,384.1000061
1994-02-01,384.70001221
1994-02-02,387.29998779
1994-02-03,386.6000061
1994-02-06,379.0
1994-02-07,381.1000061
1994-02-08,384.0
1994-02-09,382.0
1994-02-10,380.5
1994-02-13,383.6000061
1994-02-14,384.0
1994-02-15,383.6000061
1994-02-16,383.79998779
1994-02-17,380.29998779
1994-02-21,378.0
1994-02-22,377.70001221
1994-02-23,376.5
1994-02-24,378.6000061
1994-02-27,381.3999939
1994-02-28,378.5
1994-03-01,376.29998779
1994-03-02,377.29998779
1994-03-03,377.6000061
1994-03-06,375.8999939
1994-03-07,376.70001221
1994-03-08,379.20001221
1994-03-09,387.29998779
1994-03-10,385.29998779
1994-03-13,386.3999939
1994-03-14,386.8999939
1994-03-15,384.8999939
1994-03-16,382.3999939
1994-03-17,387.1000061
1994-03-20,385.79998779
1994-03-21,389.20001221
1994-03-22,387.0
1994-03-23,391.6000061
1994-03-24,391.0
1994-03-27,388.0
1994-03-28,387.5
1994-03-29,386.1000061
1994-03-30,391.79998779
1994-04-03,386.29998779
1994-04-04,384.3999939
1994-04-05,384.8999939
1994-04-06,383.8999939
1994-04-07,384.5
1994-04-10,377.8999939
1994-04-11,378.29998779
1994-04-12,378.20001221
1994-04-13,378.6000061
1994-04-14,377.70001221
1994-04-17,376.79998779
1994-04-18,371.5
1994-04-19,372.20001221
1994-04-20,372.79998779
1994-04-21,370.6000061
1994-04-24,373.29998779
1994-04-25,373.8999939
1994-04-27,375.6000061
1994-04-28,376.6000061
1994-05-01,376.20001221
1994-05-02,375.6000061
1994-05-03,376.6000061
1994-05-04,373.6000061
1994-05-05,383.3999939
1994-05-08,381.20001221
1994-05-09,378.79998779
1994-05-10,381.79998779
1994-05-11,379.8999939
1994-05-12,380.70001221
1994-05-15,383.0
1994-05-16,381.3999939
1994-05-17,382.0
1994-05-18,381.3999939
1994-05-19,385.8999939
1994-05-22,386.5
1994-05-23,387.1000061
1994-05-24,386.6000061
1994-05-25,383.79998779
1994-05-26,384.70001221
1994-05-30,387.1000061
1994-05-31,383.5
1994-06-01,384.20001221
1994-06-02,380.70001221
1994-06-05,380.3999939
1994-06-06,381.1000061
1994-06-07,381.70001221
1994-06-08,383.1000061
1994-06-09,383.6000061
1994-06-12,383.29998779
1994-06-13,384.20001221
1994-06-14,386.79998779
1994-06-15,385.3999939
1994-06-16,391.6000061
1994-06-19,389.6000061
1994-06-20,394.29998779
1994-06-21,389.70001221
1994-06-22,389.70001221
1994-06-23,391.1000061
1994-06-26,384.70001221
1994-06-27,386.20001221
1994-06-28,384.79998779
1994-06-29,385.79998779
1994-06-30,386.70001221
1994-07-04,385.5
1994-07-05,383.3999939
1994-07-06,384.6000061
1994-07-07,384.1000061
1994-07-10,387.1000061
1994-07-11,385.3999939
1994-07-12,383.29998779
1994-07-13,383.79998779
1994-07-14,385.79998779
1994-07-17,385.70001221
1994-07-18,386.6000061
1994-07-19,385.20001221
1994-07-20,384.1000061
1994-07-21,384.8999939
1994-07-24,384.79998779
1994-07-25,387.0
1994-07-26,387.6000061
1994-07-27,384.79998779
1994-07-28,383.0
1994-07-31,383.20001221
1994-08-01,378.3999939
1994-08-02,377.29998779
1994-08-03,377.5
1994-08-04,377.29998779
1994-08-07,376.70001221
1994-08-08,377.5
1994-08-09,377.5
1994-08-10,378.70001221
1994-08-11,377.0
1994-08-14,376.8999939
1994-08-15,377.0
1994-08-16,377.1000061
1994-08-17,380.70001221
1994-08-18,381.8999939
1994-08-21,381.70001221
1994-08-22,381.6000061
1994-08-23,383.70001221
1994-08-24,383.29998779
1994-08-25,383.5
1994-08-28,387.1000061
1994-08-29,386.1000061
1994-08-30,386.29998779
1994-08-31,386.8999939
1994-09-01,387.1000061
1994-09-05,387.8999939
1994-09-06,390.20001221
1994-09-07,389.5
1994-09-08,391.70001221
1994-09-11,390.8999939
1994-09-12,390.6000061
1994-09-13,390.0
1994-09-14,388.20001221
1994-09-15,389.8999939
1994-09-18,390.0
1994-09-19,393.6000061
1994-09-20,395.0
1994-09-21,395.3999939
1994-09-22,396.1000061
1994-09-25,394.29998779
1994-09-26,398.0
1994-09-27,394.5
1994-09-28,395.20001221
1994-09-29,394.20001221
1994-10-02,394.79998779
1994-10-03,392.6000061
1994-10-04,392.20001221
1994-10-05,391.79998779
1994-10-06,392.0
1994-10-09,390.79998779
1994-10-10,387.6000061
1994-10-11,388.0
1994-10-12,386.1000061
1994-10-13,387.8999939
1994-10-16,389.1000061
1994-10-17,389.1000061
1994-10-18,390.1000061
1994-10-19,391.5
1994-10-20,391.1000061
1994-10-23,390.20001221
1994-10-24,390.0
1994-10-25,389.29998779
1994-10-26,388.70001221
1994-10-27,387.0
1994-10-30,383.5
1994-10-31,384.29998779
1994-11-01,384.20001221
1994-11-02,383.1000061
1994-11-03,383.5
1994-11-06,382.1000061
1994-11-07,383.70001221
1994-11-08,383.6000061
1994-11-09,385.0
1994-11-10,384.8999939
1994-11-13,384.5
1994-11-14,386.70001221
1994-11-15,386.1000061
1994-11-16,385.20001221
1994-11-17,383.8999939
1994-11-20,383.20001221
1994-11-21,383.6000061
1994-11-22,384.6000061
1994-11-27,382.8999939
1994-11-28,382.0
1994-11-29,380.70001221
1994-11-30,378.6000061
1994-12-01,375.5
1994-12-04,375.5
1994-12-05,375.79998779
1994-12-06,376.1000061
1994-12-07,376.6000061
1994-12-08,377.0
1994-12-11,377.5
1994-12-12,378.0
1994-12-13,379.0
1994-12-14,380.20001221
1994-12-15,379.0
1994-12-18,379.20001221
1994-12-19,381.79998779
1994-12-20,381.6000061
1994-12-21,381.5
1994-12-22,380.3999939
1994-12-26,381.6000061
1994-12-27,383.6000061
1994-12-28,382.70001221
1994-12-29,383.1000061
1995-01-02,379.6000061
1995-01-03,374.0
1995-01-04,375.3999939
1995-01-05,372.0
1995-01-08,373.1000061
1995-01-09,374.29998779
1995-01-10,376.70001221
1995-01-11,380.8999939
1995-01-12,378.8999939
1995-01-15,377.8999939
1995-01-16,380.29998779
1995-01-17,382.29998779
1995-01-18,383.29998779
1995-01-19,385.1000061
1995-01-22,384.5
1995-01-23,381.6000061
1995-01-24,380.70001221
1995-01-25,381.6000061
1995-01-26,378.0
1995-01-29,376.79998779
1995-01-30,375.3999939
1995-01-31,376.70001221
1995-02-01,377.1000061
1995-02-02,376.79998779
1995-02-05,376.29998779
1995-02-06,375.29998779
1995-02-07,376.29998779
1995-02-08,376.79998779
1995-02-09,376.6000061
1995-02-12,375.8999939
1995-02-13,376.3999939
1995-02-14,376.8999939
1995-02-15,376.6000061
1995-02-16,378.6000061
1995-02-20,378.6000061
1995-02-21,379.8999939
1995-02-22,380.0
1995-02-23,377.0
1995-02-26,376.6000061
1995-02-27,376.8999939
1995-02-28,374.79998779
1995-03-01,376.70001221
1995-03-02,376.5
1995-03-05,379.0
1995-03-06,384.1000061
1995-03-07,378.8999939
1995-03-08,381.1000061
1995-03-09,381.79998779
1995-03-12,385.70001221
1995-03-13,385.6000061
1995-03-14,386.20001221
1995-03-15,384.79998779
1995-03-16,383.3999939
1995-03-19,382.8999939
1995-03-20,382.29998779
1995-03-21,383.1000061
1995-03-22,384.0
1995-03-23,382.5
1995-03-26,382.20001221
1995-03-27,383.1000061
1995-03-28,382.8999939
1995-03-29,386.5
1995-03-30,392.20001221
1995-04-02,392.70001221
1995-04-03,393.0
1995-04-04,394.70001221
1995-04-05,393.70001221
1995-04-06,392.8999939
1995-04-09,390.0
1995-04-10,390.3999939
1995-04-11,390.29998779
1995-04-12,390.0
1995-04-16,394.0
1995-04-17,394.5
1995-04-18,395.5
1995-04-19,392.5
1995-04-20,391.29998779
1995-04-23,391.0
1995-04-24,390.20001221
1995-04-25,386.20001221
1995-04-26,388.20001221
1995-04-27,387.0
1995-04-30,388.29998779
1995-05-01,389.1000061
1995-05-02,390.0
1995-05-03,391.70001221
1995-05-04,391.20001221
1995-05-07,389.79998779
1995-05-08,383.6000061
1995-05-09,383.6000061
1995-05-10,383.5
1995-05-11,383.5
1995-05-14,384.8999939
1995-05-15,384.8999939
1995-05-16,383.70001221
1995-05-17,383.70001221
1995-05-18,382.6000061
1995-05-21,382.3999939
1995-05-22,383.3999939
1995-05-23,384.3999939
1995-05-24,385.70001221
1995-05-25,386.5
1995-05-29,385.20001221
1995-05-30,385.1000061
1995-05-31,386.0
1995-06-01,384.70001221
1995-06-04,385.3999939
1995-06-05,385.5
1995-06-06,387.1000061
1995-06-07,387.0
1995-06-08,388.70001221
1995-06-11,387.8999939
1995-06-12,387.20001221
1995-06-13,388.29998779
1995-06-14,391.70001221
1995-06-15,390.70001221
1995-06-18,392.0
1995-06-19,391.20001221
1995-06-20,390.29998779
1995-06-21,390.20001221
1995-06-22,390.0
1995-06-25,390.29998779
1995-06-26,389.8999939
1995-06-27,388.5
1995-06-28,388.5
1995-06-29,384.8999939
1995-07-02,384.8999939
1995-07-03,384.8999939
1995-07-04,384.5
1995-07-05,384.5
1995-07-06,386.0
1995-07-09,386.0
1995-07-10,386.1000061
1995-07-11,389.70001221
1995-07-12,388.8999939
1995-07-13,389.29998779
1995-07-16,389.6000061
1995-07-17,389.8999939
1995-07-18,388.20001221
1995-07-19,386.29998779
1995-07-20,386.79998779
1995-07-23,387.6000061
1995-07-24,386.1000061
1995-07-25,387.1000061
1995-07-26,383.8999939
1995-07-27,382.8999939
1995-07-30,382.29998779
1995-07-31,382.8999939
1995-08-01,382.8999939
1995-08-02,384.29998779
1995-08-03,383.29998779
1995-08-06,383.6000061
1995-08-07,384.3999939
1995-08-08,384.29998779
1995-08-09,383.8999939
1995-08-10,383.5
1995-08-13,384.1000061
1995-08-14,385.29998779
1995-08-15,382.5
1995-08-16,384.0
1995-08-17,383.79998779
1995-08-20,384.6000061
1995-08-21,383.79998779
1995-08-22,383.1000061
1995-08-23,384.1000061
1995-08-24,383.0
1995-08-27,383.79998779
1995-08-28,382.3999939
1995-08-29,381.3999939
1995-08-30,382.8999939
1995-08-31,380.8999939
1995-09-04,380.29998779
1995-09-05,380.6000061
1995-09-06,383.1000061
1995-09-07,382.20001221
1995-09-10,383.29998779
1995-09-11,385.8999939
1995-09-12,385.0
1995-09-13,386.29998779
1995-09-14,385.79998779
1995-09-17,386.20001221
1995-09-18,386.1000061
1995-09-19,384.6000061
1995-09-20,385.1000061
1995-09-21,383.29998779
1995-09-24,383.5
1995-09-25,384.20001221
1995-09-26,383.79998779
1995-09-27,383.6000061
1995-09-28,383.79998779
1995-10-01,382.20001221
1995-10-02,382.70001221
1995-10-03,383.20001221
1995-10-04,383.3999939
1995-10-05,383.79998779
1995-10-08,385.5
1995-10-09,385.3999939
1995-10-10,385.1000061
1995-10-11,384.79998779
1995-10-12,384.20001221
1995-10-15,383.8999939
1995-10-16,383.79998779
1995-10-17,383.70001221
1995-10-18,381.6000061
1995-10-19,382.29998779
1995-10-22,383.0
1995-10-23,382.6000061
1995-10-24,383.1000061
1995-10-25,382.8999939
1995-10-26,382.6000061
1995-10-29,382.5
1995-10-30,383.0
1995-10-31,382.5
1995-11-01,382.8999939
1995-11-02,382.3999939
1995-11-05,382.3999939
1995-11-06,385.3999939
1995-11-07,385.1000061
1995-11-08,386.29998779
1995-11-09,389.6000061
1995-11-12,387.20001221
1995-11-13,385.70001221
1995-11-14,384.8999939
1995-11-15,385.70001221
1995-11-16,387.0
1995-11-19,386.6000061
1995-11-20,385.6000061
1995-11-21,381.79998779
1995-11-22,381.79998779
1995-11-26,384.70001221
1995-11-27,388.79998779
1995-11-28,387.79998779
1995-11-29,387.20001221
1995-11-30,386.1000061
1995-12-03,386.0
1995-12-04,387.3999939
1995-12-05,388.8999939
1995-12-06,389.0
1995-12-07,389.79998779
1995-12-10,388.5
1995-12-11,388.5
1995-12-12,386.5
1995-12-13,386.0
1995-12-14,386.3999939
1995-12-17,387.6000061
1995-12-18,387.70001221
1995-12-19,388.5
1995-12-20,387.8999939
1995-12-21,387.3999939
1995-12-25,388.0
1995-12-26,387.5
1995-12-27,387.1000061
1995-12-28,387.6000061
1995-12-31,387.6000061
1996-01-01,387.3999939
1996-01-02,395.5
1996-01-03,394.70001221
1996-01-04,395.79998779
1996-01-07,395.79998779
1996-01-08,396.20001221
1996-01-09,400.79998779
1996-01-10,398.79998779
1996-01-11,396.20001221
1996-01-14,395.70001221
1996-01-15,398.5
1996-01-16,399.70001221
1996-01-17,397.3999939
1996-01-18,399.70001221
1996-01-21,403.3999939
1996-01-22,403.5
1996-01-23,403.3999939
1996-01-24,406.6000061
1996-01-25,405.79998779
1996-01-28,405.79998779
1996-01-29,404.1000061
1996-01-30,405.6000061
1996-01-31,410.79998779
1996-02-01,414.70001221
1996-02-04,413.0
1996-02-05,412.0
1996-02-06,408.8999939
1996-02-07,409.1000061
1996-02-08,405.6000061
1996-02-11,401.20001221
1996-02-12,403.0
1996-02-13,404.20001221
1996-02-14,403.3999939
1996-02-15,405.5
1996-02-19,399.1000061
1996-02-20,401.5
1996-02-21,400.5
1996-02-22,398.3999939
1996-02-25,399.29998779
1996-02-26,398.5
1996-02-27,399.8999939
1996-02-28,399.8999939
1996-02-29,398.8999939
1996-03-03,393.8999939
1996-03-04,393.29998779
1996-03-05,393.20001221
1996-03-06,395.29998779
1996-03-07,397.1000061
1996-03-10,395.70001221
1996-03-11,396.5
1996-03-12,396.79998779
1996-03-13,395.70001221
1996-03-14,396.20001221
1996-03-17,395.70001221
1996-03-18,395.3999939
1996-03-19,396.0
1996-03-20,398.29998779
1996-03-21,398.6000061
1996-03-24,398.79998779
1996-03-25,400.3999939
1996-03-26,400.3999939
1996-03-27,396.8999939
1996-03-28,395.79998779
1996-03-31,395.1000061
1996-04-01,394.0
1996-04-02,394.29998779
1996-04-03,395.0
1996-04-07,397.5
1996-04-08,394.6000061
1996-04-09,395.0
1996-04-10,395.79998779
1996-04-11,394.6000061
1996-04-14,393.0
1996-04-15,391.0
1996-04-16,390.6000061
1996-04-17,390.29998779
1996-04-18,390.6000061
1996-04-21,391.3999939
1996-04-22,391.3999939
1996-04-23,390.6000061
1996-04-24,393.29998779
1996-04-25,390.79998779
1996-04-28,390.79998779
1996-04-29,391.8999939
1996-04-30,393.29998779
1996-05-01,394.1000061
1996-05-02,392.5
1996-05-05,394.1000061
1996-05-06,394.20001221
1996-05-07,393.3999939
1996-05-08,393.20001221
1996-05-09,390.79998779
1996-05-12,391.5
1996-05-13,391.70001221
1996-05-14,392.6000061
1996-05-15,392.6000061
1996-05-16,392.20001221
1996-05-19,390.6000061
1996-05-20,390.70001221
1996-05-21,391.5
1996-05-22,391.3999939
1996-05-23,390.6000061
1996-05-27,391.3999939
1996-05-28,391.20001221
1996-05-29,390.5
1996-05-30,390.8999939
1996-06-02,390.20001221
1996-06-03,387.5
1996-06-04,385.79998779
1996-06-05,385.5
1996-06-06,384.79998779
1996-06-09,385.70001221
1996-06-10,384.20001221
1996-06-11,384.29998779
1996-06-12,384.29998779
1996-06-13,384.1000061
1996-06-16,385.0
1996-06-17,385.0
1996-06-18,384.5
1996-06-19,384.20001221
1996-06-20,383.6000061
1996-06-23,384.0
1996-06-24,384.20001221
1996-06-25,384.1000061
1996-06-26,382.29998779
1996-06-27,380.1000061
1996-06-30,381.29998779
1996-07-01,382.29998779
1996-07-02,381.5
1996-07-07,381.20001221
1996-07-08,382.70001221
1996-07-09,382.6000061
1996-07-10,384.0
1996-07-11,383.8999939
1996-07-14,385.20001221
1996-07-15,383.79998779
1996-07-16,383.70001221
1996-07-17,384.20001221
1996-07-18,385.0
1996-07-21,385.20001221
1996-07-22,385.20001221
1996-07-23,386.1000061
1996-07-24,385.6000061
1996-07-25,385.70001221
1996-07-28,385.0
1996-07-29,384.3999939
1996-07-30,387.5
1996-07-31,386.3999939
1996-08-01,387.6000061
1996-08-04,389.3999939
1996-08-05,388.79998779
1996-08-06,388.6000061
1996-08-07,388.3999939
1996-08-08,387.8999939
1996-08-11,388.0
1996-08-12,387.79998779
1996-08-13,386.70001221
1996-08-14,386.6000061
1996-08-15,386.0
1996-08-18,387.29998779
1996-08-19,387.79998779
1996-08-20,387.0
1996-08-21,387.0
1996-08-22,388.29998779
1996-08-25,389.6000061
1996-08-26,389.3999939
1996-08-27,389.1000061
1996-08-28,388.29998779
1996-08-29,386.8999939
1996-09-02,386.20001221
1996-09-03,385.3999939
1996-09-04,386.20001221
1996-09-05,384.8999939
1996-09-08,386.29998779
1996-09-09,383.1000061
1996-09-10,383.0
1996-09-11,382.29998779
1996-09-12,382.29998779
1996-09-15,383.1000061
1996-09-16,382.79998779
1996-09-17,383.0
1996-09-18,382.29998779
1996-09-19,380.79998779
1996-09-22,381.29998779
1996-09-23,382.6000061
1996-09-24,381.5
1996-09-25,380.70001221
1996-09-26,379.70001221
1996-09-29,377.70001221
1996-09-30,378.1000061
1996-10-01,379.20001221
1996-10-02,379.6000061
1996-10-03,380.20001221
1996-10-06,379.70001221
1996-10-07,381.0
1996-10-08,381.0
1996-10-09,381.3999939
1996-10-10,381.1000061
1996-10-13,380.79998779
1996-10-14,381.1000061
1996-10-15,381.3999939
1996-10-16,380.0
1996-10-17,380.1000061
1996-10-20,381.8999939
1996-10-21,384.20001221
1996-10-22,384.0
1996-10-23,383.5
1996-10-24,383.0
1996-10-27,383.20001221
1996-10-28,380.3999939
1996-10-29,380.20001221
1996-10-30,378.1000061
1996-10-31,378.29998779
1996-11-03,378.70001221
1996-11-04,378.79998779
1996-11-05,377.8999939
1996-11-06,379.0
1996-11-07,379.8999939
1996-11-10,382.29998779
1996-11-11,382.8999939
1996-11-12,383.70001221
1996-11-13,381.3999939
1996-11-14,380.79998779
1996-11-17,379.3999939
1996-11-18,378.20001221
1996-11-19,378.8999939
1996-11-20,376.3999939
1996-11-21,376.20001221
1996-11-24,374.5
1996-11-25,374.5
1996-11-26,373.0
1996-12-01,368.8999939
1996-12-02,368.5
1996-12-03,370.70001221
1996-12-04,371.29998779
1996-12-05,369.8999939
1996-12-08,368.0
1996-12-09,368.70001221
1996-12-10,368.79998779
1996-12-11,368.79998779
1996-12-12,368.6000061
1996-12-15,368.3999939
1996-12-16,369.20001221
1996-12-17,370.0
1996-12-18,370.0
1996-12-19,369.5
1996-12-22,369.3999939
1996-12-23,369.3999939
1996-12-25,369.8999939
1996-12-26,369.79998779
1996-12-29,370.29998779
1996-12-30,368.29998779
1997-01-01,365.70001221
1997-01-02,361.1000061
1997-01-05,357.79998779
1997-01-06,358.79998779
1997-01-07,355.79998779
1997-01-08,357.79998779
1997-01-09,359.20001221
1997-01-12,358.70001221
1997-01-13,353.70001221
1997-01-14,353.70001221
1997-01-15,354.29998779
1997-01-16,355.70001221
1997-01-19,354.1000061
1997-01-20,353.29998779
1997-01-21,351.20001221
1997-01-22,352.1000061
1997-01-23,353.1000061
1997-01-26,357.1000061
1997-01-27,353.8999939
1997-01-28,351.79998779
1997-01-29,346.20001221
1997-01-30,344.8999939
1997-02-02,347.3999939
1997-02-03,345.6000061
1997-02-04,345.6000061
1997-02-05,344.29998779
1997-02-06,343.29998779
1997-02-09,342.5
1997-02-10,341.29998779
1997-02-11,344.8999939
1997-02-12,343.0
1997-02-13,346.3999939
1997-02-17,347.5
1997-02-18,347.70001221
1997-02-19,352.3999939
1997-02-20,354.1000061
1997-02-23,355.20001221
1997-02-24,355.5
1997-02-25,356.0
1997-02-26,360.6000061
1997-02-27,359.5
1997-03-02,363.3999939
1997-03-03,360.1000061
1997-03-04,354.0
1997-03-05,353.20001221
1997-03-06,349.5
1997-03-09,352.70001221
1997-03-10,354.70001221
1997-03-11,352.79998779
1997-03-12,354.1000061
1997-03-13,352.6000061
1997-03-16,347.8999939
1997-03-17,349.8999939
1997-03-18,352.3999939
1997-03-19,351.70001221
1997-03-20,353.0
1997-03-23,350.3999939
1997-03-24,347.70001221
1997-03-25,347.5
1997-03-26,350.20001221
1997-03-30,351.0
1997-03-31,351.6000061
1997-04-01,349.20001221
1997-04-02,348.5
1997-04-03,348.79998779
1997-04-06,348.3999939
1997-04-07,348.6000061
1997-04-08,348.0
1997-04-09,348.0
1997-04-10,347.0
1997-04-13,346.5
1997-04-14,341.70001221
1997-04-15,341.0
1997-04-16,342.1000061
1997-04-17,341.79998779
1997-04-20,343.29998779
1997-04-21,341.6000061
1997-04-22,341.5
1997-04-23,341.0
1997-04-24,342.3999939
1997-04-27,340.20001221
1997-04-28,340.3999939
1997-04-29,340.0
1997-04-30,340.3999939
1997-05-01,340.29998779
1997-05-04,342.3999939
1997-05-05,340.20001221
1997-05-06,341.20001221
1997-05-07,343.79998779
1997-05-08,348.29998779
1997-05-11,347.70001221
1997-05-12,349.5
1997-05-13,347.20001221
1997-05-14,347.3999939
1997-05-15,343.8999939
1997-05-18,341.20001221
1997-05-19,342.70001221
1997-05-20,343.1000061
1997-05-21,342.79998779
1997-05-22,342.79998779
1997-05-26,344.5
1997-05-27,345.29998779
1997-05-28,345.8999939
1997-05-29,344.79998779
1997-06-01,343.70001221
1997-06-02,343.0
1997-06-03,340.8999939
1997-06-04,342.6000061
1997-06-05,343.20001221
1997-06-08,343.8999939
1997-06-09,343.70001221
1997-06-10,343.6000061
1997-06-11,341.3999939
1997-06-12,340.8999939
1997-06-15,342.29998779
1997-06-16,341.79998779
1997-06-17,339.1000061
1997-06-18,340.5
1997-06-19,337.70001221
1997-06-22,338.20001221
1997-06-23,338.0
1997-06-24,338.0
1997-06-25,338.29998779
1997-06-26,334.79998779
1997-06-29,334.20001221
1997-06-30,334.0
1997-07-01,331.79998779
1997-07-02,324.20001221
1997-07-06,318.1000061
1997-07-07,320.20001221
1997-07-08,318.20001221
1997-07-09,320.20001221
1997-07-10,321.6000061
1997-07-13,320.0
1997-07-14,318.29998779
1997-07-15,318.0
1997-07-16,324.0
1997-07-17,328.8999939
1997-07-20,326.0
1997-07-21,325.29998779
1997-07-22,323.29998779
1997-07-23,323.29998779
1997-07-24,326.1000061
1997-07-27,329.20001221
1997-07-28,325.70001221
1997-07-29,326.0
1997-07-30,324.1000061
1997-07-31,324.70001221
1997-08-03,323.8999939
1997-08-04,320.3999939
1997-08-05,318.20001221
1997-08-06,321.5
1997-08-07,326.1000061
1997-08-10,328.20001221
1997-08-11,326.70001221
1997-08-12,327.0
1997-08-13,324.20001221
1997-08-14,325.29998779
1997-08-17,321.1000061
1997-08-18,323.0
1997-08-20,323.5
1997-08-21,324.5
1997-08-24,324.45
1997-08-25,325.65
1997-08-26,325.2
1997-08-28,325.0
1997-09-01,322.25
1997-09-23,323.0
1997-09-28,328.0
1997-10-15,325.6
1997-11-05,312.2
1997-11-17,306.5
1997-12-15,283.5
1997-12-23,296.2
1998-01-04,281.6
1998-01-20,292.3
1998-02-02,295.1
1998-02-03,299.1
1998-02-08,299.5
1998-02-10,299.8
1998-02-24,291.8
1998-03-03,295.8
1998-03-16,291.7
1998-03-17,290.9
1998-03-18,291.3
1998-03-23,299.4
1998-03-31,299.5
1998-04-02,308.0
1998-04-05,308.8
1998-04-07,308.5
1998-04-20,310.4
1998-05-03,304.1
1998-05-17,299.3
1998-05-20,300.9
1998-05-21,299.6
1998-06-02,292.9
1998-06-08,293.4
1998-06-10,286.8
1998-06-18,298.5
1998-06-23,292.6
1998-06-24,293.6
1998-06-28,293.4
1998-06-30,296.2
1998-07-01,293.6
1998-07-21,293.9
1998-08-02,282.7
1998-08-04,287.7
1998-08-05,287.1
1998-08-06,286.4
1998-08-16,284.8
1998-08-18,283.1
1998-08-19,284.9
1998-08-25,282.0
1998-08-26,276.3
1998-08-27,274.1
1998-09-13,290.1
1998-09-22,289.5
1998-10-14,298.2
1998-10-15,299.7
1998-10-18,295.9
1998-10-19,296.0
1998-10-20,295.0
1998-10-25,292.2
1998-10-28,293.4
1998-11-03,291.0
1998-11-04,293.7
1998-11-05,293.0
1998-11-08,291.95
1998-11-09,292.95
1998-11-10,293.25
1998-11-11,296.55
1998-11-12,295.6
1998-11-15,293.7
1998-11-16,294.0
1998-11-17,297.5
1998-11-18,296.7
1998-11-19,295.79
1998-11-22,296.05
1998-11-23,296.1
1998-11-24,296.2
1998-11-26,295.85
1998-11-29,292.65
1998-11-30,293.65
1998-12-01,293.25
1998-12-02,292.4
1998-12-03,292.1
1998-12-06,295.1
1998-12-07,293.15
1998-12-08,294.4
1998-12-09,294.95
1998-12-10,290.6
1998-12-13,291.4
1998-12-14,292.79
1998-12-15,294.35
1998-12-16,291.6
1998-12-17,289.95
1998-12-20,288.75
1998-12-21,287.65
1998-12-22,286.55
1998-12-23,286.0
1998-12-27,286.25
1998-12-28,286.1
1998-12-29,287.0
1998-12-30,288.0
1999-01-03,287.15
1999-01-05,287.4
1999-01-06,290.8
1999-01-07,291.1
1999-01-10,292.45
1999-01-11,288.3
1999-01-12,285.85
1999-01-13,286.7
1999-01-14,286.7
1999-01-18,286.2
1999-01-19,287.0
1999-01-20,287.5
1999-01-21,286.3
1999-01-24,287.6
1999-01-25,285.85
1999-01-26,282.9
1999-01-27,284.1
1999-01-28,285.9
1999-01-31,288.65
1999-02-01,288.6
1999-02-02,287.4
1999-02-03,289.65
1999-02-04,288.3
1999-02-07,288.6
1999-02-08,287.5
1999-02-09,286.9
1999-02-10,287.7
1999-02-11,289.3
1999-02-15,284.6
1999-02-16,284.5
1999-02-17,286.2
1999-02-18,287.9
1999-02-21,287.0
1999-02-22,287.2
1999-02-23,286.2
1999-02-24,287.7
1999-02-25,286.8
1999-02-28,286.4
1999-03-01,286.5
1999-03-02,286.9
1999-03-03,287.55
1999-03-04,288.2
1999-03-07,291.3
1999-03-08,291.5
1999-03-09,292.7
1999-03-10,294.1
1999-03-11,292.1
1999-03-14,286.65
1999-03-15,283.6
1999-03-16,283.7
1999-03-17,283.0
1999-03-18,284.0
1999-03-21,284.3
1999-03-22,284.3
1999-03-23,283.8
1999-03-24,283.1
1999-03-25,279.5
1999-03-28,280.1
1999-03-29,279.0
1999-03-30,279.8
1999-03-31,280.2
1999-04-04,278.2
1999-04-05,279.7
1999-04-06,280.3
1999-04-07,280.6
1999-04-08,281.3
1999-04-11,282.6
1999-04-12,283.7
1999-04-13,281.2
1999-04-14,283.3
1999-04-15,283.6
1999-04-18,284.6
1999-04-19,284.2
1999-04-20,283.6
1999-04-21,283.3
1999-04-22,283.3
1999-04-25,281.0
1999-04-26,282.0
1999-04-27,282.7
1999-04-28,285.8
1999-04-29,286.3
1999-05-02,286.0
1999-05-03,285.1
1999-05-04,287.0
1999-05-05,289.3
1999-05-06,282.5
1999-05-09,277.6
1999-05-10,277.9
1999-05-11,277.1
1999-05-12,277.4
1999-05-13,275.7
1999-05-16,274.2
1999-05-17,273.6
1999-05-18,273.1
1999-05-19,274.2
1999-05-20,272.7
1999-05-23,272.4
1999-05-24,270.4
1999-05-25,269.1
1999-05-26,270.6
1999-05-27,270.0
1999-05-31,267.4
1999-06-01,265.2
1999-06-02,265.7
1999-06-03,265.0
1999-06-06,265.4
1999-06-07,262.0
1999-06-08,259.3
1999-06-09,258.2
1999-06-10,260.4
1999-06-13,260.3
1999-06-14,259.2
1999-06-15,258.1
1999-06-16,258.2
1999-06-17,259.3
1999-06-20,258.7
1999-06-21,258.1
1999-06-22,260.1
1999-06-23,260.3
1999-06-24,259.2
1999-06-27,260.3
1999-06-28,260.5
1999-06-29,261.25
1999-06-30,263.4
1999-07-01,263.1
1999-07-05,256.6
1999-07-06,257.1
1999-07-07,256.5
1999-07-08,256.9
1999-07-11,255.4
1999-07-12,255.6
1999-07-13,254.0
1999-07-14,253.8
1999-07-15,253.7
1999-07-18,253.0
1999-07-19,253.2
1999-07-20,255.2
1999-07-21,255.7
1999-07-22,254.5
1999-07-25,253.7
1999-07-26,253.6
1999-07-27,253.8
1999-07-28,256.6
1999-07-29,255.7
1999-08-01,255.0
1999-08-02,255.9
1999-08-03,255.9
1999-08-04,255.2
1999-08-05,255.9
1999-08-08,256.9
1999-08-09,257.3
1999-08-10,258.7
1999-08-11,260.2
1999-08-12,260.4
1999-08-15,259.9
1999-08-16,261.2
1999-08-17,259.4
1999-08-18,258.5
1999-08-19,257.1
1999-08-22,254.1
1999-08-23,252.6
1999-08-24,252.1
1999-08-25,252.7
1999-08-26,253.5
1999-08-29,253.8
1999-08-30,255.5
1999-08-31,253.7
1999-09-01,255.2
1999-09-02,254.0
1999-09-06,255.7
1999-09-07,256.2
1999-09-08,257.0
1999-09-09,256.3
1999-09-12,256.05
1999-09-13,257.0
1999-09-14,256.5
1999-09-15,255.8
1999-09-16,254.6
1999-09-19,254.8
1999-09-20,260.8
1999-09-21,264.3
1999-09-22,265.9
1999-09-23,268.5
1999-09-26,282.2
1999-09-27,308.9
1999-09-28,302.5
1999-09-29,301.5
1999-09-30,307.3
1999-10-03,317.2
1999-10-04,326.0
1999-10-05,324.0
1999-10-06,322.8
1999-10-07,320.2
1999-10-10,318.8
1999-10-11,316.2
1999-10-12,320.3
1999-10-13,312.9
1999-10-14,314.4
1999-10-17,309.7
1999-10-18,307.6
1999-10-19,305.3
1999-10-20,303.7
1999-10-21,301.9
1999-10-24,298.7
1999-10-25,288.6
1999-10-26,292.5
1999-10-27,298.4
1999-10-28,298.2
1999-10-31,289.5
1999-11-01,290.4
1999-11-02,291.3
1999-11-03,291.8
1999-11-04,289.5
1999-11-07,289.4
1999-11-08,291.6
1999-11-09,297.8
1999-11-10,293.5
1999-11-11,290.8
1999-11-14,291.0
1999-11-15,294.3
1999-11-16,294.6
1999-11-17,293.3
1999-11-18,294.5
1999-11-21,294.5
1999-11-22,297.8
1999-11-23,298.4
1999-11-25,296.62
1999-11-28,290.7
1999-11-29,290.2
1999-11-30,289.2
1999-12-01,284.5
1999-12-02,279.3
1999-12-05,275.6
1999-12-06,283.0
1999-12-07,281.7
1999-12-08,278.0
1999-12-09,278.7
1999-12-12,280.0
1999-12-13,279.7
1999-12-14,282.5
1999-12-15,281.7
1999-12-16,283.3
1999-12-19,283.9
1999-12-20,286.75
1999-12-21,286.6
1999-12-22,286.7
1999-12-26,287.5
1999-12-27,289.3
1999-12-28,290.2
1999-12-29,287.8
1999-12-30,287.5
2000-01-02,288.5
2000-01-03,282.2
2000-01-04,280.6
2000-01-05,281.2
2000-01-06,281.5
2000-01-09,281.2
2000-01-10,282.9
2000-01-11,282.3
2000-01-12,283.9
2000-01-13,283.8
2000-01-17,288.5
2000-01-18,289.7
2000-01-19,288.12
2000-01-20,288.7
2000-01-23,287.2
2000-01-24,285.6
2000-01-25,285.8
2000-01-26,286.8
2000-01-27,282.75
2000-01-30,283.1
2000-01-31,282.4
2000-02-01,284.7
2000-02-02,286.6
2000-02-03,309.8
2000-02-06,301.0
2000-02-07,298.1
2000-02-08,306.7
2000-02-09,316.45
2000-02-10,310.15
2000-02-13,307.0
2000-02-14,301.0
2000-02-15,301.5
2000-02-16,300.5
2000-02-17,304.25
2000-02-21,304.7
2000-02-22,299.6
2000-02-23,298.1
2000-02-24,292.1
2000-02-27,291.7
2000-02-28,291.7
2000-02-29,290.7
2000-03-01,287.7
2000-03-02,288.0
2000-03-05,287.6
2000-03-06,292.7
2000-03-07,288.0
2000-03-08,290.7
2000-03-09,288.5
2000-03-12,290.2
2000-03-13,288.5
2000-03-14,288.5
2000-03-15,286.0
2000-03-16,284.1
2000-03-19,285.4
2000-03-20,289.4
2000-03-21,287.5
2000-03-22,285.1
2000-03-23,284.5
2000-03-26,279.8
2000-03-27,279.5
2000-03-28,275.9
2000-03-29,276.4
2000-03-30,278.4
2000-04-02,277.7
2000-04-03,283.4
2000-04-04,281.0
2000-04-05,280.0
2000-04-06,279.7
2000-04-09,281.5
2000-04-10,281.1
2000-04-11,281.7
2000-04-12,281.4
2000-04-13,282.1
2000-04-16,281.0
2000-04-17,280.8
2000-04-18,280.2
2000-04-19,279.3
2000-04-23,279.3
2000-04-24,277.9
2000-04-25,275.12
2000-04-26,276.8
2000-04-27,273.1
2000-04-30,273.4
2000-05-01,274.7
2000-05-02,278.0
2000-05-03,279.7
2000-05-04,278.7
2000-05-07,276.3
2000-05-08,277.0
2000-05-09,277.5
2000-05-10,275.9
2000-05-11,275.9
2000-05-14,275.2
2000-05-15,275.4
2000-05-16,273.8
2000-05-17,272.6
2000-05-18,274.0
2000-05-21,275.4
2000-05-22,274.0
2000-05-23,273.0
2000-05-24,269.8
2000-05-25,271.3
2000-05-29,272.7
2000-05-30,271.6
2000-05-31,272.5
2000-06-01,280.9
2000-06-04,285.2
2000-06-05,288.8
2000-06-06,286.8
2000-06-07,284.2
2000-06-08,283.35
2000-06-11,286.5
2000-06-12,285.5
2000-06-13,291.5
2000-06-14,289.6
2000-06-15,289.0
2000-06-18,286.0
2000-06-19,285.9
2000-06-20,285.9
2000-06-21,285.4
2000-06-22,282.9
2000-06-25,283.7
2000-06-26,285.45
2000-06-27,292.3
2000-06-28,288.9
2000-06-29,288.6
2000-07-02,287.5
2000-07-04,283.8
2000-07-05,283.2
2000-07-06,283.3
2000-07-09,283.7
2000-07-10,282.3
2000-07-11,280.4
2000-07-12,279.75
2000-07-13,281.0
2000-07-16,283.3
2000-07-17,282.4
2000-07-18,278.9
2000-07-19,279.75
2000-07-20,280.1
2000-07-23,278.75
2000-07-24,278.8
2000-07-25,279.5
2000-07-26,278.0
2000-07-27,277.9
2000-07-30,277.0
2000-07-31,277.1
2000-08-01,277.3
2000-08-02,273.7
2000-08-03,273.0
2000-08-06,273.5
2000-08-07,272.75
2000-08-08,272.05
2000-08-09,271.7
2000-08-13,274.9
2000-08-15,276.7
2000-08-16,277.4
2000-08-17,276.15
2000-08-20,274.75
2000-08-21,273.5
2000-08-22,271.0
2000-08-23,272.7
2000-08-24,274.0
2000-08-27,273.75
2000-08-28,272.75
2000-08-29,273.8
2000-08-30,277.5
2000-08-31,276.5
2000-09-04,275.25
2000-09-05,274.0
2000-09-06,273.9
2000-09-07,272.7
2000-09-10,272.65
2000-09-11,272.7
2000-09-12,272.5
2000-09-13,272.1
2000-09-14,272.05
2000-09-17,271.3
2000-09-18,271.75
2000-09-19,269.2
2000-09-20,270.15
2000-09-21,271.9
2000-09-24,273.8
2000-09-25,274.1
2000-09-26,278.3
2000-09-27,275.2
2000-09-28,274.0
2000-10-01,273.3
2000-10-02,272.0
2000-10-03,270.5
2000-10-04,269.15
2000-10-05,269.4
2000-10-08,270.15
2000-10-09,272.5
2000-10-10,270.8
2000-10-11,276.05
2000-10-12,272.4
2000-10-15,271.8
2000-10-16,271.0
2000-10-17,270.4
2000-10-18,270.6
2000-10-19,271.3
2000-10-22,270.1
2000-10-23,270.4
2000-10-24,266.5
2000-10-25,265.35
2000-10-26,264.42
2000-10-29,264.4
2000-10-30,264.25
2000-10-31,263.85
2000-11-01,264.4
2000-11-02,264.95
2000-11-05,264.7
2000-11-06,264.2
2000-11-07,264.8
2000-11-08,265.5
2000-11-09,264.5
2000-11-12,264.2
2000-11-13,264.2
2000-11-14,264.75
2000-11-20,265.85
2000-11-21,266.4
2000-11-23,265.7
2000-11-26,269.8
2000-11-27,269.2
2000-11-28,266.7
2000-11-29,270.5
2000-11-30,269.15
2000-12-03,270.9
2000-12-04,270.1
2000-12-05,274.5
2000-12-06,273.35
2000-12-07,272.25
2000-12-10,270.6
2000-12-11,271.1
2000-12-12,268.95
2000-12-13,269.6
2000-12-14,270.4
2000-12-17,269.65
2000-12-18,270.0
2000-12-19,273.4
2000-12-20,274.2
2000-12-21,273.7
2000-12-25,274.2
2000-12-26,275.3
2000-12-27,272.3
2000-12-28,272.1
2001-01-01,268.75
2001-01-02,267.45
2001-01-03,267.3
2001-01-04,267.8
2001-01-07,268.0
2001-01-08,267.6
2001-01-09,264.55
2001-01-10,263.9
2001-01-11,263.75
2001-01-15,263.25
2001-01-16,263.35
2001-01-17,264.75
2001-01-18,264.35
2001-01-21,266.45
2001-01-22,266.05
2001-01-23,264.2
2001-01-24,264.7
2001-01-25,262.55
2001-01-28,263.0
2001-01-29,265.35
2001-01-30,265.45
2001-01-31,268.05
2001-02-01,267.2
2001-02-04,265.3
2001-02-05,263.4
2001-02-06,263.1
2001-02-07,260.4
2001-02-08,260.15
2001-02-11,261.1
2001-02-12,260.7
2001-02-13,259.6
2001-02-14,255.55
2001-02-15,258.7
2001-02-19,256.2
2001-02-20,258.3
2001-02-21,258.8
2001-02-22,261.3
2001-02-25,266.6
2001-02-26,268.0
2001-02-27,266.9
2001-02-28,265.4
2001-03-01,262.6
2001-03-04,262.8
2001-03-05,260.5
2001-03-06,262.2
2001-03-07,266.5
2001-03-08,271.5
2001-03-11,272.3
2001-03-12,268.15
2001-03-13,263.35
2001-03-14,260.4
2001-03-15,258.8
2001-03-18,260.4
2001-03-19,261.3
2001-03-20,262.6
2001-03-21,261.8
2001-03-22,262.15
2001-03-25,262.4
2001-03-26,261.3
2001-03-27,259.8
2001-03-28,258.7
2001-03-29,257.7
2001-04-01,255.3
2001-04-02,256.75
2001-04-03,258.2
2001-04-04,258.3
2001-04-05,259.8
2001-04-08,258.25
2001-04-09,257.25
2001-04-10,258.5
2001-04-11,259.9
2001-04-15,263.1
2001-04-16,260.8
2001-04-17,261.0
2001-04-18,264.95
2001-04-19,264.4
2001-04-22,263.5
2001-04-23,263.9
2001-04-24,262.0
2001-04-25,263.9
2001-04-26,263.4
2001-04-29,263.8
2001-04-30,264.3
2001-05-01,265.25
2001-05-02,266.0
2001-05-03,265.9
2001-05-06,266.0
2001-05-07,265.0
2001-05-08,269.8
2001-05-09,269.0
2001-05-10,267.8
2001-05-13,268.2
2001-05-14,268.2
2001-05-15,272.0
2001-05-16,273.5
2001-05-17,287.3
2001-05-20,285.2
2001-05-21,284.9
2001-05-22,283.5
2001-05-23,278.9
2001-05-24,277.4
2001-05-28,273.6
2001-05-29,265.8
2001-05-30,265.6
2001-05-31,266.8
2001-06-03,265.5
2001-06-04,266.0
2001-06-05,266.0
2001-06-06,265.8
2001-06-07,273.5
2001-06-10,267.9
2001-06-11,271.5
2001-06-12,272.1
2001-06-13,275.4
2001-06-14,271.3
2001-06-17,272.25
2001-06-18,273.4
2001-06-19,272.5
2001-06-20,272.7
2001-06-21,272.3
2001-06-24,273.7
2001-06-25,275.9
2001-06-26,271.85
2001-06-27,269.0
2001-06-28,270.6
2001-07-01,269.3
2001-07-02,267.5
2001-07-04,265.1
2001-07-05,266.0
2001-07-08,266.4
2001-07-09,266.1
2001-07-10,268.2
2001-07-11,266.6
2001-07-12,267.1
2001-07-15,266.9
2001-07-16,268.1
2001-07-17,270.5
2001-07-18,268.55
2001-07-19,269.8
2001-07-22,268.6
2001-07-23,269.5
2001-07-24,267.5
2001-07-25,266.2
2001-07-26,267.3
2001-07-29,265.0
2001-07-30,266.6
2001-07-31,267.7
2001-08-01,267.8
2001-08-02,268.3
2001-08-05,267.5
2001-08-06,267.4
2001-08-07,268.1
2001-08-08,273.9
2001-08-09,274.3
2001-08-12,275.7
2001-08-13,276.5
2001-08-14,275.6
2001-08-15,275.1
2001-08-16,279.0
2001-08-19,275.8
2001-08-20,274.8
2001-08-21,274.5
2001-08-22,275.1
2001-08-23,272.6
2001-08-26,272.5
2001-08-27,271.95
2001-08-28,273.5
2001-08-29,275.05
2001-08-30,274.2
2001-09-03,271.9
2001-09-04,271.8
2001-09-05,272.9
2001-09-06,272.9
2001-09-09,271.5
2001-09-10,286.5
2001-09-11,278.0
2001-09-12,281.0
2001-09-13,285.3
2001-09-16,289.2
2001-09-17,287.5
2001-09-18,289.9
2001-09-19,288.4
2001-09-20,291.2
2001-09-23,289.0
2001-09-24,289.5
2001-09-25,293.0
2001-09-26,291.7
2001-09-27,292.95
2001-09-30,291.45
2001-10-01,289.2
2001-10-02,289.2
2001-10-03,289.6
2001-10-04,290.7
2001-10-07,291.65
2001-10-08,287.75
2001-10-09,284.6
2001-10-10,281.0
2001-10-11,284.2
2001-10-14,281.2
2001-10-15,281.1
2001-10-16,282.2
2001-10-17,279.2
2001-10-18,279.4
2001-10-21,275.3
2001-10-22,275.7
2001-10-23,275.1
2001-10-24,277.0
2001-10-25,277.1
2001-10-28,278.6
2001-10-29,280.1
2001-10-30,279.4
2001-10-31,279.7
2001-11-01,279.7
2001-11-04,278.6
2001-11-05,279.65
2001-11-06,280.5
2001-11-07,277.6
2001-11-08,276.95
2001-11-11,278.0
2001-11-12,277.5
2001-11-13,277.1
2001-11-14,274.9
2001-11-15,274.6
2001-11-18,272.7
2001-11-19,272.65
2001-11-20,273.1
2001-11-22,272.65
2001-11-25,272.9
2001-11-26,273.2
2001-11-27,274.1
2001-11-28,273.4
2001-11-29,274.15
2001-12-02,277.1
2001-12-03,275.5
2001-12-04,273.9
2001-12-05,274.15
2001-12-06,274.3
2001-12-09,272.35
2001-12-10,272.6
2001-12-11,274.0
2001-12-12,273.95
2001-12-13,278.2
2001-12-16,277.8
2001-12-17,280.05
2001-12-18,275.6
2001-12-19,276.0
2001-12-20,277.9
2001-12-23,277.8
2001-12-25,279.0
2001-12-26,276.8
2001-12-27,276.3
2001-12-30,278.7
2002-01-01,278.5
2002-01-02,278.2
2002-01-03,278.7
2002-01-06,278.5
2002-01-07,278.8
2002-01-08,282.9
2002-01-09,286.45
2002-01-10,287.3
2002-01-13,285.1
2002-01-14,284.0
2002-01-15,287.3
2002-01-16,284.2
2002-01-17,283.3
2002-01-21,281.45
2002-01-22,279.0
2002-01-23,278.55
2002-01-24,279.2
2002-01-27,278.6
2002-01-28,281.6
2002-01-29,281.8
2002-01-30,282.3
2002-01-31,286.0
2002-02-03,289.4
2002-02-04,297.5
2002-02-05,296.4
2002-02-06,301.0
2002-02-07,303.5
2002-02-10,299.8
2002-02-11,300.0
2002-02-12,299.0
2002-02-13,299.5
2002-02-14,297.6
2002-02-17,297.5
2002-02-18,292.85
2002-02-19,291.2
2002-02-20,292.5
2002-02-21,292.5
2002-02-24,292.05
2002-02-25,297.5
2002-02-26,296.1
2002-02-27,296.3
2002-02-28,297.9
2002-03-03,296.6
2002-03-04,293.7
2002-03-05,293.25
2002-03-06,290.0
2002-03-07,289.5
2002-03-10,290.6
2002-03-11,293.05
2002-03-12,293.3
2002-03-13,290.65
2002-03-14,289.8
2002-03-17,292.15
2002-03-18,292.8
2002-03-19,292.2
2002-03-20,292.9
2002-03-21,297.5
2002-03-24,298.0
2002-03-25,296.4
2002-03-26,301.9
2002-03-27,302.4
2002-03-28,302.25
2002-03-31,303.1
2002-04-01,305.6
2002-04-02,302.05
2002-04-03,300.75
2002-04-04,299.8
2002-04-07,300.25
2002-04-08,298.3
2002-04-09,301.0
2002-04-10,302.35
2002-04-11,301.9
2002-04-14,299.6
2002-04-15,298.75
2002-04-16,301.8
2002-04-17,303.4
2002-04-18,302.1
2002-04-21,302.65
2002-04-22,303.4
2002-04-23,303.8
2002-04-24,307.4
2002-04-25,311.1
2002-04-28,310.7
2002-04-29,307.75
2002-04-30,308.25
2002-05-01,307.6
2002-05-02,311.7
2002-05-05,311.2
2002-05-06,311.1
2002-05-07,307.75
2002-05-08,309.3
2002-05-09,310.8
2002-05-12,310.5
2002-05-13,307.4
2002-05-14,308.8
2002-05-15,309.4
2002-05-16,310.8
2002-05-19,315.7
2002-05-20,315.9
2002-05-21,317.4
2002-05-22,321.8
2002-05-23,320.3
2002-05-26,320.0
2002-05-27,324.2
2002-05-28,324.7
2002-05-29,324.7
2002-05-30,326.2
2002-06-02,326.9
2002-06-03,324.5
2002-06-04,321.2
2002-06-05,325.15
2002-06-06,323.8
2002-06-09,318.8
2002-06-10,320.5
2002-06-11,319.0
2002-06-12,317.9
2002-06-13,319.1
2002-06-16,316.6
2002-06-17,319.9
2002-06-18,320.6
2002-06-19,323.7
2002-06-20,324.4
2002-06-23,322.3
2002-06-24,321.2
2002-06-25,319.0
2002-06-26,318.0
2002-06-27,314.2
2002-06-30,314.9
2002-07-01,312.7
2002-07-02,310.9
2002-07-03,310.5
2002-07-04,311.3
2002-07-07,312.6
2002-07-08,316.4
2002-07-09,315.8
2002-07-10,314.4
2002-07-11,315.8
2002-07-14,317.6
2002-07-15,318.0
2002-07-16,317.5
2002-07-17,317.7
2002-07-18,323.7
2002-07-21,322.9
2002-07-22,313.0
2002-07-23,311.0
2002-07-24,309.8
2002-07-25,303.5
2002-07-28,302.3
2002-07-29,304.5
2002-07-30,303.3
2002-07-31,304.4
2002-08-01,307.1
2002-08-04,307.9
2002-08-05,306.1
2002-08-06,313.8
2002-08-07,310.4
2002-08-08,314.3
2002-08-11,314.0
2002-08-12,315.4
2002-08-13,311.4
2002-08-14,314.7
2002-08-15,313.7
2002-08-18,306.5
2002-08-19,309.0
2002-08-20,307.8
2002-08-21,306.8
2002-08-22,306.8
2002-08-25,309.2
2002-08-26,312.5
2002-08-27,309.8
2002-08-28,313.7
2002-08-29,312.5
2002-09-01,312.0
2002-09-02,313.9
2002-09-03,314.35
2002-09-04,319.0
2002-09-05,320.0
2002-09-08,321.0
2002-09-09,317.5
2002-09-10,317.0
2002-09-11,318.8
2002-09-12,316.6
2002-09-15,317.2
2002-09-16,318.05
2002-09-17,320.1
2002-09-18,323.1
2002-09-19,321.9
2002-09-22,323.0
2002-09-23,325.9
2002-09-24,322.0
2002-09-25,319.8
2002-09-26,319.7
2002-09-29,323.5
2002-09-30,320.1
2002-10-01,322.8
2002-10-02,321.4
2002-10-03,322.0
2002-10-06,322.2
2002-10-07,318.0
2002-10-08,319.8
2002-10-09,316.6
2002-10-10,316.5
2002-10-13,317.7
2002-10-14,313.4
2002-10-15,314.2
2002-10-16,311.3
2002-10-17,312.6
2002-10-20,310.9
2002-10-21,312.8
2002-10-22,311.7
2002-10-23,311.4
2002-10-24,313.6
2002-10-27,315.3
2002-10-28,316.5
2002-10-29,315.8
2002-10-30,317.5
2002-10-31,320.1
2002-11-03,318.0
2002-11-04,317.5
2002-11-05,317.8
2002-11-06,320.65
2002-11-07,321.3
2002-11-10,321.4
2002-11-11,324.2
2002-11-12,318.75
2002-11-13,318.1
2002-11-14,320.3
2002-11-17,319.0
2002-11-18,318.5
2002-11-19,317.6
2002-11-20,317.4
2002-11-21,320.8
2002-11-24,317.9
2002-11-25,317.9
2002-11-26,316.5
2002-11-27,317.6
2002-11-28,317.9
2002-12-01,317.6
2002-12-02,320.5
2002-12-03,321.9
2002-12-04,324.1
2002-12-05,326.0
2002-12-08,325.65
2002-12-09,323.5
2002-12-10,324.3
2002-12-11,331.1
2002-12-12,332.9
2002-12-15,336.4
2002-12-16,336.5
2002-12-17,343.77
2002-12-18,345.3
2002-12-19,340.5
2002-12-22,345.4
2002-12-23,346.3
2002-12-25,349.4
2002-12-26,349.0
2002-12-29,343.4
2002-12-30,347.8
2003-01-01,345.8
2003-01-02,351.0
2003-01-05,351.0
2003-01-06,347.0
2003-01-07,353.18
2003-01-08,352.2
2003-01-09,354.5
2003-01-12,354.5
2003-01-13,351.1
2003-01-14,350.5
2003-01-15,357.2
2003-01-16,356.3
2003-01-19,355.5
2003-01-20,357.3
2003-01-21,361.3
2003-01-22,363.1
2003-01-23,368.18
2003-01-26,369.4
2003-01-27,369.2
2003-01-28,365.7
2003-01-29,369.88
2003-01-30,367.9
2003-02-02,370.8
2003-02-03,381.88
2003-02-04,371.0
2003-02-05,369.8
2003-02-06,369.5
2003-02-09,362.5
2003-02-10,363.2
2003-02-11,352.5
2003-02-12,356.3
2003-02-13,351.3
2003-02-16,345.3
2003-02-17,343.3
2003-02-18,349.4
2003-02-19,352.0
2003-02-20,351.1
2003-02-23,357.5
2003-02-24,351.6
2003-02-25,353.8
2003-02-26,345.2
2003-02-27,349.7
2003-03-02,348.8
2003-03-03,352.6
2003-03-04,353.3
2003-03-05,356.0
2003-03-06,350.5
2003-03-09,354.2
2003-03-10,350.6
2003-03-11,345.5
2003-03-12,333.62
2003-03-13,336.1
2003-03-16,336.3
2003-03-17,337.6
2003-03-18,336.2
2003-03-19,332.0
2003-03-20,325.8
2003-03-23,329.5
2003-03-24,328.3
2003-03-25,330.0
2003-03-26,329.0
2003-03-27,331.6
2003-03-30,337.1
2003-03-31,334.7
2003-04-01,329.7
2003-04-02,325.0
2003-04-03,325.3
2003-04-06,322.8
2003-04-07,322.5
2003-04-08,326.6
2003-04-09,326.3
2003-04-10,327.8
2003-04-13,324.6
2003-04-14,324.7
2003-04-15,326.2
2003-04-16,326.9
2003-04-17,325.7
2003-04-20,333.3
2003-04-21,332.7
2003-04-22,331.0
2003-04-23,334.2
2003-04-24,333.0
2003-04-27,333.6
2003-04-28,334.0
2003-04-29,338.3
2003-04-30,341.5
2003-05-01,340.7
2003-05-04,342.1
2003-05-05,344.0
2003-05-06,341.8
2003-05-07,347.85
2003-05-08,348.3
2003-05-11,351.0
2003-05-12,349.7
2003-05-13,352.2
2003-05-14,351.7
2003-05-15,354.5
2003-05-18,366.0
2003-05-19,367.7
2003-05-20,371.3
2003-05-21,366.8
2003-05-22,368.5
2003-05-25,370.5
2003-05-26,364.7
2003-05-27,364.8
2003-05-28,369.0
2003-05-29,364.2
2003-06-01,365.5
2003-06-02,365.0
2003-06-03,362.5
2003-06-04,368.5
2003-06-05,363.6
2003-06-08,361.6
2003-06-09,352.0
2003-06-10,355.4
2003-06-11,352.75
2003-06-12,356.5
2003-06-15,358.9
2003-06-16,362.65
2003-06-17,357.1
2003-06-18,361.1
2003-06-19,356.0
2003-06-22,352.8
2003-06-23,346.0
2003-06-24,349.0
2003-06-25,343.4
2003-06-26,345.0
2003-06-29,345.3
2003-06-30,351.3
2003-07-01,350.9
2003-07-02,350.8
2003-07-03,350.6
2003-07-06,348.0
2003-07-07,344.0
2003-07-08,344.0
2003-07-09,344.3
2003-07-10,344.8
2003-07-13,347.2
2003-07-14,342.3
2003-07-15,343.0
2003-07-16,343.9
2003-07-17,346.9
2003-07-20,351.5
2003-07-21,350.5
2003-07-22,358.2
2003-07-23,361.5
2003-07-24,362.5
2003-07-27,364.0
2003-07-28,361.6
2003-07-29,356.0
2003-07-30,354.1
2003-07-31,346.0
2003-08-03,349.3
2003-08-04,350.3
2003-08-05,351.5
2003-08-06,352.6
2003-08-07,356.5
2003-08-10,361.6
2003-08-11,358.05
2003-08-12,362.2
2003-08-13,365.25
2003-08-14,363.5
2003-08-17,358.1
2003-08-18,361.8
2003-08-19,366.0
2003-08-20,360.4
2003-08-21,362.7
2003-08-24,361.0
2003-08-25,364.3
2003-08-26,372.3
2003-08-27,369.5
2003-08-28,375.2
2003-08-31,375.3
2003-09-01,371.2
2003-09-02,373.65
2003-09-03,373.1
2003-09-04,376.9
2003-09-07,374.9
2003-09-08,381.4
2003-09-09,380.2
2003-09-10,380.0
2003-09-11,374.8
2003-09-14,373.8
2003-09-15,373.0
2003-09-16,376.5
2003-09-17,376.2
2003-09-18,381.6
2003-09-21,386.8
2003-09-22,384.6
2003-09-23,389.3
2003-09-24,385.0
2003-09-25,380.6
2003-09-28,382.0
2003-09-29,385.0
2003-09-30,384.2
2003-10-01,382.5
2003-10-02,369.3
2003-10-05,372.7
2003-10-06,376.3
2003-10-07,374.75
2003-10-08,368.7
2003-10-09,373.2
2003-10-12,374.3
2003-10-13,375.0
2003-10-14,373.0
2003-10-15,371.4
2003-10-16,371.4
2003-10-19,373.1
2003-10-20,381.0
2003-10-21,385.6
2003-10-22,384.0
2003-10-23,388.7
2003-10-26,387.6
2003-10-27,382.6
2003-10-28,386.3
2003-10-29,383.3
2003-10-30,384.0
2003-11-02,376.4
2003-11-03,379.3
2003-11-04,381.1
2003-11-05,379.7
2003-11-06,382.8
2003-11-09,385.45
2003-11-10,387.7
2003-11-11,393.8
2003-11-12,394.4
2003-11-13,397.3
2003-11-16,390.8
2003-11-17,398.5
2003-11-18,394.55
2003-11-19,394.3
2003-11-20,395.8
2003-11-23,391.2
2003-11-24,391.0
2003-11-25,396.3
2003-11-26,395.0
2003-11-27,397.9
2003-11-30,401.88
2003-12-01,403.0
2003-12-02,404.5
2003-12-03,402.5
2003-12-04,406.1
2003-12-07,406.8
2003-12-08,408.0
2003-12-09,405.2
2003-12-10,404.7
2003-12-11,408.7
2003-12-14,409.0
2003-12-15,407.0
2003-12-16,412.4
2003-12-17,410.25
2003-12-18,409.1
2003-12-21,409.8
2003-12-22,410.6
2003-12-23,411.8
2003-12-24,412.7
2003-12-25,412.0
2003-12-28,413.98
2003-12-29,416.0
2003-12-30,415.6
2004-01-01,415.6
2004-01-04,423.4
2004-01-05,422.1
2004-01-06,420.3
2004-01-07,423.5
2004-01-08,426.0
2004-01-11,424.2
2004-01-12,423.9
2004-01-13,419.5
2004-01-14,408.5
2004-01-15,406.5
2004-01-18,407.0
2004-01-19,412.5
2004-01-20,410.2
2004-01-21,409.1
2004-01-22,407.6
2004-01-25,403.5
2004-01-26,409.8
2004-01-27,410.2
2004-01-28,399.3
2004-01-29,402.4
2004-02-01,398.2
2004-02-02,399.3
2004-02-03,400.5
2004-02-04,396.7
2004-02-05,403.1
2004-02-08,406.5
2004-02-09,405.8
2004-02-10,411.0
2004-02-11,411.7
2004-02-12,409.9
2004-02-15,411.4
2004-02-16,415.3
2004-02-17,410.62
2004-02-18,409.7
2004-02-19,397.3
2004-02-22,398.4
2004-02-23,403.6
2004-02-24,395.6
2004-02-25,394.8
2004-02-26,395.9
2004-02-29,399.3
2004-03-01,392.8
2004-03-02,393.1
2004-03-03,392.8
2004-03-04,401.0
2004-03-07,401.2
2004-03-08,403.1
2004-03-09,399.9
2004-03-10,402.6
2004-03-11,395.0
2004-03-14,399.2
2004-03-15,402.0
2004-03-16,407.1
2004-03-17,411.1
2004-03-18,412.1
2004-03-21,417.0
2004-03-22,419.13
2004-03-23,417.0
2004-03-24,416.0
2004-03-25,422.1
2004-03-28,417.6
2004-03-29,420.6
2004-03-30,425.9
2004-03-31,426.2
2004-04-01,420.5
2004-04-04,415.6
2004-04-05,419.13
2004-04-06,422.9
2004-04-07,419.7
2004-04-08,419.8
2004-04-11,418.5
2004-04-12,406.5
2004-04-13,400.6
2004-04-14,398.9
2004-04-15,400.5
2004-04-18,400.7
2004-04-19,394.6
2004-04-20,389.8
2004-04-21,392.6
2004-04-22,395.2
2004-04-25,396.1
2004-04-26,398.4
2004-04-27,384.5
2004-04-28,387.7
2004-04-29,386.8
2004-05-02,386.5
2004-05-03,392.3
2004-05-04,394.0
2004-05-05,387.5
2004-05-06,378.9
2004-05-09,378.6
2004-05-10,377.8
2004-05-11,377.8
2004-05-12,374.7
2004-05-13,376.6
2004-05-16,378.7
2004-05-17,375.1
2004-05-18,382.2
2004-05-19,379.5
2004-05-20,384.2
2004-05-23,385.3
2004-05-24,388.4
2004-05-25,388.3
2004-05-26,394.4
2004-05-27,393.4
2004-05-30,395.3
2004-05-31,394.3
2004-06-01,391.2
2004-06-02,387.9
2004-06-03,389.9
2004-06-06,393.6
2004-06-07,391.4
2004-06-08,384.5
2004-06-09,385.9
2004-06-10,384.3
2004-06-13,383.4
2004-06-14,388.9
2004-06-15,384.5
2004-06-16,389.2
2004-06-17,394.7
2004-06-20,393.7
2004-06-21,394.5
2004-06-22,395.9
2004-06-23,401.1
2004-06-24,401.0
2004-06-27,400.5
2004-06-28,392.4
2004-06-29,393.5
2004-06-30,395.7
2004-07-01,397.8
2004-07-04,398.0
2004-07-05,392.4
2004-07-06,402.1
2004-07-07,407.4
2004-07-08,407.6
2004-07-11,407.1
2004-07-12,401.5
2004-07-13,405.1
2004-07-14,403.8
2004-07-15,406.1
2004-07-18,405.7
2004-07-19,399.7
2004-07-20,396.6
2004-07-21,393.6
2004-07-22,389.9
2004-07-25,388.5
2004-07-26,386.9
2004-07-27,387.4
2004-07-28,387.3
2004-07-29,390.5
2004-08-01,391.7
2004-08-02,393.6
2004-08-03,391.6
2004-08-04,392.1
2004-08-05,399.5
2004-08-08,399.9
2004-08-09,398.4
2004-08-10,395.2
2004-08-11,393.2
2004-08-12,398.8
2004-08-15,401.7
2004-08-16,404.9
2004-08-17,404.2
2004-08-18,406.4
2004-08-19,412.4
2004-08-22,409.6
2004-08-23,402.7
2004-08-24,407.0
2004-08-25,406.7
2004-08-26,402.9
2004-08-29,408.4
2004-08-30,409.5
2004-08-31,408.5
2004-09-01,405.9
2004-09-02,400.7
2004-09-05,402.3
2004-09-06,398.1
2004-09-07,398.8
2004-09-08,399.4
2004-09-09,402.4
2004-09-12,403.7
2004-09-13,405.8
2004-09-14,404.9
2004-09-15,404.3
2004-09-16,405.4
2004-09-19,404.8
2004-09-20,409.5
2004-09-21,407.0
2004-09-22,410.0
2004-09-23,407.6
2004-09-26,408.7
2004-09-27,412.2
2004-09-28,412.7
2004-09-29,418.7
2004-09-30,418.8
2004-10-03,413.7
2004-10-04,418.0
2004-10-05,417.7
2004-10-06,417.4
2004-10-07,422.7
2004-10-10,421.7
2004-10-11,414.8
2004-10-12,415.6
2004-10-13,417.8
2004-10-14,418.6
2004-10-17,416.4
2004-10-18,420.2
2004-10-19,423.7
2004-10-20,423.7
2004-10-21,424.0
2004-10-24,428.4
2004-10-25,426.6
2004-10-26,424.0
2004-10-27,424.1
2004-10-28,428.1
2004-10-31,426.9
2004-11-01,420.8
2004-11-02,426.3
2004-11-03,428.9
2004-11-04,433.6
2004-11-07,432.4
2004-11-08,434.9
2004-11-09,433.8
2004-11-10,434.6
2004-11-11,437.6
2004-11-14,436.3
2004-11-15,439.4
2004-11-16,444.5
2004-11-17,442.8
2004-11-18,446.7
2004-11-21,448.7
2004-11-22,446.55
2004-11-23,449.3
2004-11-24,451.3
2004-11-25,451.9
2004-11-28,453.4
2004-11-29,450.8
2004-11-30,454.5
2004-12-01,448.85
2004-12-02,455.3
2004-12-05,451.9
2004-12-06,450.6
2004-12-07,440.0
2004-12-08,436.6
2004-12-09,433.9
2004-12-12,438.3
2004-12-13,435.38
2004-12-14,440.4
2004-12-15,436.7
2004-12-16,441.1
2004-12-19,442.4
2004-12-20,441.4
2004-12-21,439.3
2004-12-22,441.4
2004-12-23,442.1
2004-12-26,444.2
2004-12-27,443.0
2004-12-28,436.0
2004-12-29,437.3
2004-12-30,438.0
2005-01-02,429.5
2005-01-03,426.95
2005-01-04,426.2
2005-01-05,421.4
2005-01-06,418.8
2005-01-09,419.13
2005-01-10,422.0
2005-01-11,426.0
2005-01-12,424.9
2005-01-13,422.5
2005-01-16,421.63
2005-01-17,422.7
2005-01-18,422.55
2005-01-19,422.0
2005-01-20,427.0
2005-01-23,427.0
2005-01-24,421.8
2005-01-25,426.6
2005-01-26,425.8
2005-01-27,426.0
2005-01-30,422.1
2005-01-31,420.85
2005-02-01,421.5
2005-02-02,416.85
2005-02-03,414.3
2005-02-06,413.5
2005-02-07,412.5
2005-02-08,413.3
2005-02-09,417.6
2005-02-10,420.5
2005-02-13,425.7
2005-02-14,425.5
2005-02-15,425.03
2005-02-16,426.8
2005-02-17,426.4
2005-02-20,427.0
2005-02-21,435.5
2005-02-22,434.4
2005-02-23,433.7
2005-02-24,434.9
2005-02-27,435.1
2005-02-28,432.4
2005-03-01,432.6
2005-03-02,429.4
2005-03-03,433.9
2005-03-06,434.2
2005-03-07,440.3
2005-03-08,440.3
2005-03-09,442.0
2005-03-10,445.8
2005-03-13,440.8
2005-03-14,440.6
2005-03-15,443.2
2005-03-16,438.5
2005-03-17,439.0
2005-03-20,431.1
2005-03-21,426.7
2005-03-22,425.0
2005-03-23,424.3
2005-03-24,425.9
2005-03-27,426.1
2005-03-28,425.8
2005-03-29,426.1
2005-03-30,428.2
2005-03-31,425.9
2005-04-03,423.9
2005-04-04,424.6
2005-04-05,426.5
2005-04-06,425.9
2005-04-07,426.7
2005-04-10,427.8
2005-04-11,427.8
2005-04-12,428.6
2005-04-13,423.4
2005-04-14,424.5
2005-04-17,426.9
2005-04-18,433.3
2005-04-19,434.2
2005-04-20,432.0
2005-04-21,434.25
2005-04-24,434.4
2005-04-25,436.6
2005-04-26,432.5
2005-04-27,431.2
2005-04-28,435.0
2005-05-01,429.2
2005-05-02,427.5
2005-05-03,429.4
2005-05-04,429.9
2005-05-05,425.7
2005-05-08,425.9
2005-05-09,426.4
2005-05-10,427.1
2005-05-11,421.8
2005-05-12,420.0
2005-05-15,419.2
2005-05-16,418.4
2005-05-17,421.3
2005-05-18,420.5
2005-05-19,417.2
2005-05-22,417.1
2005-05-23,418.2
2005-05-24,419.0
2005-05-25,417.6
2005-05-26,420.1
2005-05-29,417.9
2005-05-30,416.8
2005-05-31,415.0
2005-06-01,421.6
2005-06-02,422.1
2005-06-05,425.7
2005-06-06,424.4
2005-06-07,423.3
2005-06-08,423.4
2005-06-09,426.7
2005-06-12,428.6
2005-06-13,426.5
2005-06-14,428.7
2005-06-15,435.2
2005-06-16,437.4
2005-06-19,437.8
2005-06-20,438.3
2005-06-21,437.9
2005-06-22,440.8
2005-06-23,439.6
2005-06-26,439.4
2005-06-27,435.2
2005-06-28,436.7
2005-06-29,434.5
2005-06-30,427.3
2005-07-03,427.1
2005-07-04,423.3
2005-07-05,423.4
2005-07-06,424.2
2005-07-07,422.8
2005-07-10,426.1
2005-07-11,426.7
2005-07-12,423.8
2005-07-13,419.2
2005-07-14,421.3
2005-07-17,420.8
2005-07-18,419.8
2005-07-19,423.0
2005-07-20,425.7
2005-07-21,424.8
2005-07-24,425.6
2005-07-25,423.2
2005-07-26,425.3
2005-07-27,427.5
2005-07-28,429.2
2005-07-31,431.5
2005-08-01,431.9
2005-08-02,436.4
2005-08-03,437.3
2005-08-04,437.1
2005-08-07,434.5
2005-08-08,434.8
2005-08-09,437.1
2005-08-10,445.4
2005-08-11,446.0
2005-08-14,442.2
2005-08-15,445.75
2005-08-16,440.2
2005-08-17,439.2
2005-08-18,436.1
2005-08-21,437.65
2005-08-22,439.2
2005-08-23,437.3
2005-08-24,438.1
2005-08-25,438.1
2005-08-28,436.6
2005-08-29,431.25
2005-08-30,434.85
2005-08-31,442.8
2005-09-01,443.2
2005-09-04,445.0
2005-09-05,444.5
2005-09-06,445.0
2005-09-07,446.7
2005-09-08,449.0
2005-09-11,449.15
2005-09-12,446.16
2005-09-13,450.75
2005-09-14,455.5
2005-09-15,459.6
2005-09-18,464.2
2005-09-19,464.3
2005-09-20,472.3
2005-09-21,465.8
2005-09-22,463.8
2005-09-25,466.25
2005-09-26,462.9
2005-09-27,468.95
2005-09-28,471.8
2005-09-29,468.7
2005-10-02,465.6
2005-10-03,466.1
2005-10-04,464.75
2005-10-05,473.35
2005-10-06,475.5
2005-10-09,475.1
2005-10-10,475.55
2005-10-11,471.15
2005-10-12,471.1
2005-10-13,469.25
2005-10-16,473.6
2005-10-17,471.3
2005-10-18,464.4
2005-10-19,461.1
2005-10-20,466.9
2005-10-23,464.7
2005-10-24,472.4
2005-10-25,470.7
2005-10-26,473.3
2005-10-27,473.0
2005-10-30,465.6
2005-10-31,459.05
2005-11-01,462.7
2005-11-02,460.7
2005-11-03,456.5
2005-11-06,459.2
2005-11-07,460.3
2005-11-08,467.1
2005-11-09,466.1
2005-11-10,469.0
2005-11-13,467.1
2005-11-14,468.3
2005-11-15,479.0
2005-11-16,485.8
2005-11-17,485.7
2005-11-20,491.2
2005-11-21,494.3
2005-11-22,491.75
2005-11-23,493.32
2005-11-24,495.4
2005-11-27,498.3
2005-11-28,498.7
2005-11-29,492.7
2005-11-30,503.8
2005-12-01,504.35
2005-12-04,509.1
2005-12-05,510.7
2005-12-06,514.65
2005-12-07,520.45
2005-12-08,525.85
2005-12-11,527.5
2005-12-12,518.2
2005-12-13,505.8
2005-12-14,502.75
2005-12-15,502.6
2005-12-18,503.75
2005-12-19,492.45
2005-12-20,494.95
2005-12-21,503.8
2005-12-22,502.6
2005-12-25,502.6
2005-12-26,507.3
2005-12-27,516.3
2005-12-28,516.7
2005-12-29,514.77
2006-01-01,517.12
2006-01-02,533.35
2006-01-03,534.0
2006-01-04,524.2
2006-01-05,538.95
2006-01-08,548.5
2006-01-09,542.4
2006-01-10,547.5
2006-01-11,546.53
2006-01-12,555.5
2006-01-15,561.95
2006-01-16,554.45
2006-01-17,542.6
2006-01-18,557.45
2006-01-19,552.7
2006-01-22,558.85
2006-01-23,558.25
2006-01-24,563.0
2006-01-25,560.1
2006-01-26,558.2
2006-01-29,567.9
2006-01-30,568.5
2006-01-31,569.0
2006-02-01,572.0
2006-02-02,566.95
2006-02-05,569.8
2006-02-06,548.8
2006-02-07,551.2
2006-02-08,563.8
2006-02-09,550.7
2006-02-12,539.9
2006-02-13,547.0
2006-02-14,539.5
2006-02-15,547.5
2006-02-16,552.05
2006-02-19,555.5
2006-02-20,553.8
2006-02-21,555.3
2006-02-22,548.9
2006-02-23,558.55
2006-02-26,553.6
2006-02-27,561.6
2006-02-28,562.6
2006-03-01,568.4
2006-03-02,565.1
2006-03-05,554.7
2006-03-06,552.3
2006-03-07,543.1
2006-03-08,545.7
2006-03-09,540.85
2006-03-12,546.1
2006-03-13,550.7
2006-03-14,552.8
2006-03-15,555.2
2006-03-16,553.7
2006-03-19,554.3
2006-03-20,551.5
2006-03-21,550.0
2006-03-22,549.7
2006-03-23,560.0
2006-03-26,566.9
2006-03-27,563.1
2006-03-28,573.0
2006-03-29,588.6
2006-03-30,583.2
2006-04-02,588.3
2006-04-03,585.45
2006-04-04,588.85
2006-04-05,595.6
2006-04-06,588.05
2006-04-09,599.6
2006-04-10,592.9
2006-04-11,598.05
2006-04-12,596.15
2006-04-13,599.55
2006-04-16,614.4
2006-04-17,621.15
2006-04-18,639.1
2006-04-19,613.1
2006-04-20,634.9
2006-04-23,619.1
2006-04-24,630.05
2006-04-25,638.35
2006-04-26,633.7
2006-04-27,654.15
2006-04-30,655.3
2006-05-01,668.75
2006-05-02,664.3
2006-05-03,679.4
2006-05-04,682.35
2006-05-07,678.2
2006-05-08,700.2
2006-05-09,708.65
2006-05-10,713.0
2006-05-11,714.7
2006-05-14,679.3
2006-05-15,687.8
2006-05-16,686.45
2006-05-17,684.75
2006-05-18,657.3
2006-05-21,656.1
2006-05-22,665.95
2006-05-23,642.2
2006-05-24,650.05
2006-05-25,652.65
2006-05-28,649.32
2006-05-29,652.3
2006-05-30,642.7
2006-05-31,628.35
2006-06-01,637.7
2006-06-04,635.3
2006-06-05,629.85
2006-06-06,626.6
2006-06-07,613.6
2006-06-08,607.1
2006-06-11,604.65
2006-06-12,565.7
2006-06-13,559.85
2006-06-14,576.7
2006-06-15,580.5
2006-06-18,565.45
2006-06-19,575.2
2006-06-20,586.2
2006-06-21,580.8
2006-06-22,583.65
2006-06-25,585.15
2006-06-26,579.1
2006-06-27,579.7
2006-06-28,598.8
2006-06-29,614.05
2006-07-02,623.47
2006-07-03,621.57
2006-07-04,627.3
2006-07-05,632.8
2006-07-06,628.6
2006-07-09,623.45
2006-07-10,640.95
2006-07-11,650.0
2006-07-12,664.9
2006-07-13,663.7
2006-07-16,642.4
2006-07-17,632.04
2006-07-18,642.0
2006-07-19,629.2
2006-07-20,620.0
2006-07-23,615.2
2006-07-24,618.87
2006-07-25,622.85
2006-07-26,634.22
2006-07-27,633.9
2006-07-30,635.92
2006-07-31,647.3
2006-08-01,650.45
2006-08-02,644.9
2006-08-03,645.7
2006-08-06,648.2
2006-08-07,642.14
2006-08-08,650.45
2006-08-09,637.04
2006-08-10,631.0
2006-08-13,627.3
2006-08-14,624.4
2006-08-15,628.8
2006-08-16,613.2
2006-08-17,614.6
2006-08-20,627.64
2006-08-21,623.45
2006-08-22,621.0
2006-08-23,619.1
2006-08-24,622.5
2006-08-27,613.45
2006-08-28,614.14
2006-08-29,618.8
2006-08-30,625.0
2006-08-31,625.8
2006-09-03,625.8
2006-09-04,638.04
2006-09-05,633.29
2006-09-06,616.6
2006-09-07,610.3
2006-09-10,589.4
2006-09-11,585.89
2006-09-12,590.2
2006-09-13,575.4
2006-09-14,579.1
2006-09-17,587.1
2006-09-18,571.8
2006-09-19,576.3
2006-09-20,584.55
2006-09-21,589.2
2006-09-24,589.33
2006-09-25,591.29
2006-09-26,601.5
2006-09-27,601.15
2006-09-28,597.8
2006-10-01,594.79
2006-10-02,574.07
2006-10-03,567.37
2006-10-04,573.1
2006-10-05,573.3
2006-10-08,576.6
2006-10-09,572.89
2006-10-10,572.95
2006-10-11,579.2
2006-10-12,589.5
2006-10-15,596.35
2006-10-16,589.67
2006-10-17,589.6
2006-10-18,599.7
2006-10-19,591.0
2006-10-22,581.32
2006-10-23,585.39
2006-10-24,591.52
2006-10-25,596.54
2006-10-26,599.3
2006-10-29,603.95
2006-10-30,605.75
2006-10-31,617.1
2006-11-01,623.25
2006-11-02,627.15
2006-11-05,622.25
2006-11-06,624.65
2006-11-07,615.4
2006-11-08,632.65
2006-11-09,628.8
2006-11-12,625.35
2006-11-13,620.15
2006-11-14,622.45
2006-11-15,618.05
2006-11-16,621.45
2006-11-19,622.15
2006-11-20,626.95
2006-11-21,629.8
2006-11-22,630.7
2006-11-23,637.2
2006-11-26,640.15
2006-11-27,639.75
2006-11-28,636.2
2006-11-29,647.8
2006-11-30,645.4
2006-12-03,646.0
2006-12-04,642.85
2006-12-05,630.4
2006-12-06,633.4
2006-12-07,624.85
2006-12-10,630.3
2006-12-11,629.65
2006-12-12,628.5
2006-12-13,625.35
2006-12-14,615.0
2006-12-17,615.6
2006-12-18,622.1
2006-12-19,620.5
2006-12-20,618.45
2006-12-21,620.25
2006-12-24,621.0
2006-12-25,623.95
2006-12-26,626.75
2006-12-27,634.65
2006-12-28,635.95
2006-12-31,636.25
2007-01-01,640.2
2007-01-02,627.35
2007-01-03,621.3
2007-01-04,607.5
2007-01-07,609.4
2007-01-08,613.7
2007-01-09,611.3
2007-01-10,611.55
2007-01-11,627.07
2007-01-14,626.5
2007-01-15,625.0
2007-01-16,631.65
2007-01-17,627.2
2007-01-18,634.9
2007-01-21,633.19
2007-01-22,646.0
2007-01-23,648.3
2007-01-24,645.7
2007-01-25,645.5
2007-01-28,643.45
2007-01-29,647.05
2007-01-30,652.4
2007-01-31,656.8
2007-02-01,647.65
2007-02-04,648.2
2007-02-05,653.3
2007-02-06,651.45
2007-02-07,660.55
2007-02-08,666.55
2007-02-11,660.7
2007-02-12,664.1
2007-02-13,668.85
2007-02-14,669.7
2007-02-15,668.9
2007-02-18,670.75
2007-02-19,657.15
2007-02-20,678.74
2007-02-21,677.3
2007-02-22,682.25
2007-02-25,686.3
2007-02-26,663.2
2007-02-27,669.45
2007-02-28,664.55
2007-03-01,642.1
2007-03-04,635.85
2007-03-05,646.2
2007-03-06,649.0
2007-03-07,651.4
2007-03-08,648.7
2007-03-11,650.6
2007-03-12,643.0
2007-03-13,643.8
2007-03-14,645.8
2007-03-15,652.4
2007-03-18,653.2
2007-03-19,658.05
2007-03-20,664.6
2007-03-21,663.3
2007-03-22,656.6
2007-03-25,663.3
2007-03-26,664.4
2007-03-27,665.1
2007-03-28,661.2
2007-03-29,663.1
2007-04-01,663.4
2007-04-02,663.8
2007-04-03,674.0
2007-04-04,674.7
2007-04-08,671.05
2007-04-09,676.8
2007-04-10,676.8
2007-04-11,675.8
2007-04-12,685.1
2007-04-15,690.3
2007-04-16,687.6
2007-04-17,689.7
2007-04-18,682.5
2007-04-19,691.4
2007-04-22,689.0
2007-04-23,683.1
2007-04-24,685.4
2007-04-25,674.6
2007-04-26,680.7
2007-04-29,678.0
2007-04-30,673.1
2007-05-01,672.6
2007-05-02,681.5
2007-05-03,688.0
2007-05-06,687.7
2007-05-07,684.6
2007-05-08,679.9
2007-05-09,665.7
2007-05-10,670.3
2007-05-13,669.4
2007-05-14,671.95
2007-05-15,661.4
2007-05-16,657.0
2007-05-17,660.9
2007-05-20,662.6
2007-05-21,658.8
2007-05-22,661.55
2007-05-23,654.17
2007-05-24,655.4
2007-05-27,655.22
2007-05-28,656.55
2007-05-29,653.35
2007-05-30,660.75
2007-05-31,670.7
2007-06-03,670.5
2007-06-04,669.4
2007-06-05,670.65
2007-06-06,658.7
2007-06-07,647.8
2007-06-10,653.0
2007-06-11,646.5
2007-06-12,650.7
2007-06-13,651.2
2007-06-14,655.0
2007-06-17,655.6
2007-06-18,660.6
2007-06-19,653.7
2007-06-20,651.75
2007-06-21,653.6
2007-06-24,651.25
2007-06-25,640.45
2007-06-26,643.0
2007-06-27,648.55
2007-06-28,648.9
2007-07-01,657.1
2007-07-02,653.25
2007-07-03,653.95
2007-07-04,649.4
2007-07-05,655.7
2007-07-08,659.8
2007-07-09,663.1
2007-07-10,660.7
2007-07-11,667.0
2007-07-12,666.9
2007-07-15,664.8
2007-07-16,664.4
2007-07-17,672.7
2007-07-18,677.5
2007-07-19,683.3
2007-07-22,681.0
2007-07-23,680.95
2007-07-24,674.9
2007-07-25,662.1
2007-07-26,661.0
2007-07-29,664.8
2007-07-30,663.0
2007-07-31,666.7
2007-08-01,664.6
2007-08-02,672.9
2007-08-05,671.5
2007-08-06,672.0
2007-08-07,674.2
2007-08-08,661.2
2007-08-09,672.4
2007-08-12,669.0
2007-08-13,668.8
2007-08-14,667.2
2007-08-15,652.4
2007-08-16,656.9
2007-08-19,657.8
2007-08-20,656.3
2007-08-21,660.7
2007-08-22,659.05
2007-08-23,667.9
2007-08-26,667.2
2007-08-27,662.2
2007-08-28,666.2
2007-08-29,665.2
2007-08-30,672.6
2007-09-02,672.1
2007-09-03,682.6
2007-09-04,681.5
2007-09-05,695.1
2007-09-06,700.5
2007-09-09,702.5
2007-09-10,712.4
2007-09-11,711.6
2007-09-12,708.2
2007-09-13,706.7
2007-09-16,717.4
2007-09-17,723.4
2007-09-18,721.3
2007-09-19,733.0
2007-09-20,730.8
2007-09-23,730.0
2007-09-24,731.0
2007-09-25,728.0
2007-09-26,734.3
2007-09-27,743.7
2007-09-30,746.8
2007-10-01,731.1
2007-10-02,727.2
2007-10-03,737.3
2007-10-04,742.3
2007-10-07,732.9
2007-10-08,737.6
2007-10-09,740.6
2007-10-10,747.4
2007-10-11,749.2
2007-10-14,758.9
2007-10-15,759.8
2007-10-16,754.6
2007-10-17,766.2
2007-10-18,764.8
2007-10-21,754.0
2007-10-22,759.3
2007-10-23,763.5
2007-10-24,768.9
2007-10-25,785.0
2007-10-28,791.0
2007-10-29,781.2
2007-10-30,795.25
2007-10-31,787.0
2007-11-01,807.1
2007-11-04,806.45
2007-11-05,824.7
2007-11-06,830.25
2007-11-07,832.65
2007-11-08,831.9
2007-11-11,792.9
2007-11-12,801.95
2007-11-13,811.5
2007-11-14,788.6
2007-11-15,786.0
2007-11-18,781.3
2007-11-19,804.15
2007-11-20,800.2
2007-11-21,804.3
2007-11-22,823.5
2007-11-25,824.0
2007-11-26,812.15
2007-11-27,803.7
2007-11-28,792.7
2007-11-29,782.8
2007-12-02,791.5
2007-12-03,801.6
2007-12-04,794.5
2007-12-05,802.4
2007-12-06,795.1
2007-12-09,808.0
2007-12-10,797.15
2007-12-11,813.5
2007-12-12,797.35
2007-12-13,794.0
2007-12-16,792.55
2007-12-17,802.85
2007-12-18,801.95
2007-12-19,796.6
2007-12-20,810.85
2007-12-23,811.25
2007-12-24,806.6
2007-12-25,824.4
2007-12-26,825.75
2007-12-27,840.5
2007-12-30,833.2
2007-12-31,833.3
2008-01-01,857.0
2008-01-02,863.3
2008-01-03,859.4
2008-01-06,857.4
2008-01-07,877.05
2008-01-08,878.1
2008-01-09,892.5
2008-01-10,895.2
2008-01-13,903.7
2008-01-14,887.95
2008-01-15,878.2
2008-01-16,877.05
2008-01-17,882.8
2008-01-20,864.3
2008-01-21,891.9
2008-01-22,891.1
2008-01-23,912.55
2008-01-24,913.7
2008-01-27,928.75
2008-01-28,923.3
2008-01-29,929.65
2008-01-30,924.7
2008-01-31,905.4
2008-02-03,903.3
2008-02-04,888.0
2008-02-05,901.95
2008-02-06,910.45
2008-02-07,922.4
2008-02-10,923.7
2008-02-11,906.0
2008-02-12,906.05
2008-02-13,908.5
2008-02-14,902.5
2008-02-17,905.3
2008-02-18,927.75
2008-02-19,943.5
2008-02-20,944.65
2008-02-21,944.2
2008-02-24,939.9
2008-02-25,947.9
2008-02-26,957.4
2008-02-27,968.9
2008-02-28,973.75
2008-03-02,983.55
2008-03-03,964.1
2008-03-04,988.15
2008-03-05,978.3
2008-03-06,972.8
2008-03-09,973.0
2008-03-10,973.0
2008-03-11,982.5
2008-03-12,994.9
2008-03-13,1001.0
2008-03-16,1002.3
2008-03-17,981.5
2008-03-18,943.5
2008-03-19,909.6
2008-03-20,919.1
2008-03-23,913.05
2008-03-24,938.3
2008-03-25,953.5
2008-03-26,947.4
2008-03-27,930.0
2008-03-30,915.3
2008-03-31,883.1
2008-04-01,903.5
2008-04-02,902.9
2008-04-03,912.9
2008-04-06,920.0
2008-04-07,915.0
2008-04-08,933.8
2008-04-09,928.4
2008-04-10,924.9
2008-04-13,924.1
2008-04-14,928.0
2008-04-15,944.7
2008-04-16,938.9
2008-04-17,916.0
2008-04-20,913.8
2008-04-21,917.3
2008-04-22,903.2
2008-04-23,885.8
2008-04-24,885.15
2008-04-27,892.5
2008-04-28,870.05
2008-04-29,873.5
2008-04-30,851.65
2008-05-01,855.45
2008-05-04,873.05
2008-05-05,875.05
2008-05-06,867.15
2008-05-07,882.3
2008-05-08,883.9
2008-05-11,881.9
2008-05-12,865.5
2008-05-13,863.65
2008-05-14,880.45
2008-05-15,901.3
2008-05-18,903.95
2008-05-19,918.35
2008-05-20,931.35
2008-05-21,920.85
2008-05-22,924.2
2008-05-25,928.1
2008-05-26,904.8
2008-05-27,900.1
2008-05-28,876.4
2008-05-29,885.9
2008-06-01,889.5
2008-06-02,880.4
2008-06-03,877.65
2008-06-04,877.35
2008-06-05,901.35
2008-06-08,891.9
2008-06-09,866.35
2008-06-10,879.55
2008-06-11,867.9
2008-06-12,870.2
2008-06-15,881.3
2008-06-16,881.9
2008-06-17,892.95
2008-06-18,897.85
2008-06-19,900.85
2008-06-22,883.35
2008-06-23,889.2
2008-06-24,885.3
2008-06-25,916.25
2008-06-26,927.15
2008-06-29,924.1
2008-06-30,938.85
2008-07-01,944.35
2008-07-02,932.85
2008-07-03,932.3
2008-07-06,925.45
2008-07-07,919.5
2008-07-08,927.75
2008-07-09,946.4
2008-07-10,963.7
2008-07-13,971.7
2008-07-14,976.6
2008-07-15,959.1
2008-07-16,956.6
2008-07-17,954.3
2008-07-20,965.3
2008-07-21,945.0
2008-07-22,919.75
2008-07-23,926.5
2008-07-24,928.7
2008-07-27,929.9
2008-07-28,916.85
2008-07-29,905.45
2008-07-30,912.85
2008-07-31,909.55
2008-08-03,893.65
2008-08-04,873.25
2008-08-05,878.6
2008-08-06,871.2
2008-08-07,855.35
2008-08-10,822.3
2008-08-11,810.65
2008-08-12,825.6
2008-08-13,805.6
2008-08-14,785.5
2008-08-17,798.55
2008-08-18,813.25
2008-08-19,812.65
2008-08-20,835.45
2008-08-21,822.1
2008-08-24,821.1
2008-08-25,823.8
2008-08-26,825.9
2008-08-27,833.25
2008-08-28,829.8
2008-08-31,817.1
2008-09-01,804.5
2008-09-02,800.25
2008-09-03,794.55
2008-09-04,802.8
2008-09-07,801.35
2008-09-08,776.75
2008-09-09,752.0
2008-09-10,746.8
2008-09-11,763.45
2008-09-14,786.2
2008-09-15,777.55
2008-09-16,862.7
2008-09-17,852.15
2008-09-18,871.15
2008-09-21,900.2
2008-09-22,890.7
2008-09-23,881.0
2008-09-24,875.7
2008-09-25,878.4
2008-09-28,903.25
2008-09-29,869.95
2008-09-30,873.6
2008-10-01,835.0
2008-10-02,834.8
2008-10-05,857.45
2008-10-06,886.6
2008-10-07,906.5
2008-10-08,911.5
2008-10-09,847.5
2008-10-12,830.8
2008-10-13,835.25
2008-10-14,848.0
2008-10-15,804.5
2008-10-16,781.7
2008-10-19,795.0
2008-10-20,770.1
2008-10-21,727.65
2008-10-22,722.5
2008-10-23,733.3
2008-10-26,729.6
2008-10-27,744.3
2008-10-28,754.3
2008-10-29,735.5
2008-10-30,723.05
2008-11-02,722.4
2008-11-03,761.95
2008-11-04,741.8
2008-11-05,732.95
2008-11-06,736.67
2008-11-09,745.9
2008-11-10,730.75
2008-11-11,712.35
2008-11-12,736.02
2008-11-13,742.72
2008-11-16,735.9
2008-11-17,736.8
2008-11-18,732.85
2008-11-19,745.27
2008-11-20,799.25
2008-11-23,820.57
2008-11-24,820.77
2008-11-25,812.9
2008-11-26,814.6
2008-11-27,817.95
2008-11-30,770.6
2008-12-01,782.1
2008-12-02,774.4
2008-12-03,765.7
2008-12-04,754.2
2008-12-07,771.3
2008-12-08,775.45
2008-12-09,809.75
2008-12-10,818.3
2008-12-11,821.05
2008-12-14,837.6
2008-12-15,858.25
2008-12-16,867.42
2008-12-17,852.25
2008-12-18,837.57
2008-12-21,847.95
2008-12-22,839.95
2008-12-23,846.0
2008-12-24,844.0
2008-12-25,866.6
2008-12-28,878.82
2008-12-29,872.1
2008-12-30,879.5
2009-01-01,874.3
2009-01-04,859.65
2009-01-05,863.75
2009-01-06,843.1
2009-01-07,855.95
2009-01-08,851.75
2009-01-11,819.6
2009-01-12,821.5
2009-01-13,810.55
2009-01-14,817.8
2009-01-15,841.05
2009-01-18,856.25
2009-01-20,854.05
2009-01-21,855.6
2009-01-22,898.0
2009-01-25,902.65
2009-01-26,896.9
2009-01-27,887.3
2009-01-28,906.8
2009-01-29,926.35
2009-02-01,903.75
2009-02-02,901.32
2009-02-03,906.02
2009-02-04,913.75
2009-02-05,910.6
2009-02-08,895.8
2009-02-09,914.95
2009-02-10,938.8
2009-02-11,945.6
2009-02-12,941.65
2009-02-15,968.35
2009-02-17,984.7
2009-02-18,973.55
2009-02-19,993.4
2009-02-22,990.95
2009-02-23,962.45
2009-02-24,952.1
2009-02-25,945.9
2009-02-26,944.0
2009-03-01,925.0
2009-03-02,915.65
2009-03-03,906.9
2009-03-04,932.25
2009-03-05,937.8
2009-03-08,920.95
2009-03-09,895.8
2009-03-10,907.4
2009-03-11,926.65
2009-03-12,927.2
2009-03-15,922.95
2009-03-16,914.2
2009-03-17,939.72
2009-03-18,958.6
2009-03-19,950.85
2009-03-22,937.15
2009-03-23,925.65
2009-03-24,933.15
2009-03-25,933.05
2009-03-26,921.05
2009-03-29,916.3
2009-03-30,917.15
2009-03-31,926.4
2009-04-01,903.15
2009-04-02,891.9
2009-04-05,868.8
2009-04-06,880.05
2009-04-07,879.55
2009-04-08,878.4
2009-04-12,892.05
2009-04-13,888.85
2009-04-14,890.6
2009-04-15,874.55
2009-04-16,867.9
2009-04-19,884.15
2009-04-20,882.25
2009-04-21,889.15
2009-04-22,902.0
2009-04-23,912.1
2009-04-26,906.75
2009-04-27,891.1
2009-04-28,897.6
2009-04-29,885.5
2009-04-30,885.8
2009-05-03,902.35
2009-05-04,895.77
2009-05-05,909.9
2009-05-06,909.05
2009-05-07,916.05
2009-05-10,912.6
2009-05-11,921.85
2009-05-12,925.45
2009-05-13,925.35
2009-05-14,930.7
2009-05-17,917.2
2009-05-18,924.65
2009-05-19,937.1
2009-05-20,953.4
2009-05-21,956.35
2009-05-24,951.25
2009-05-26,948.1
2009-05-27,958.8
2009-05-28,979.0
2009-05-31,973.95
2009-06-01,980.85
2009-06-02,962.15
2009-06-03,979.1
2009-06-04,955.3
2009-06-07,950.05
2009-06-08,953.75
2009-06-09,953.65
2009-06-10,954.0
2009-06-11,937.9
2009-06-14,927.85
2009-06-15,934.1
2009-06-16,938.4
2009-06-17,932.35
2009-06-18,933.3
2009-06-21,921.9
2009-06-22,925.15
2009-06-23,931.1
2009-06-24,938.55
2009-06-25,938.05
2009-06-28,937.05
2009-06-29,925.85
2009-06-30,940.05
2009-07-01,928.65
2009-07-02,924.0
2009-07-06,923.3
2009-07-07,908.45
2009-07-08,911.45
2009-07-09,912.15
2009-07-12,920.0
2009-07-13,924.6
2009-07-14,938.45
2009-07-15,936.35
2009-07-16,936.7
2009-07-19,948.35
2009-07-20,948.15
2009-07-21,950.4
2009-07-22,947.15
2009-07-23,950.35
2009-07-26,952.65
2009-07-27,936.65
2009-07-28,929.0
2009-07-29,933.3
2009-07-30,953.75
2009-08-02,955.55
2009-08-03,966.75
2009-08-04,961.95
2009-08-05,962.15
2009-08-06,953.9
2009-08-09,944.65
2009-08-10,946.22
2009-08-11,944.5
2009-08-12,953.5
2009-08-13,945.85
2009-08-16,932.8
2009-08-17,937.3
2009-08-18,941.55
2009-08-19,939.35
2009-08-20,953.15
2009-08-23,941.4
2009-08-24,943.55
2009-08-25,944.1
2009-08-26,946.75
2009-08-27,954.95
2009-08-30,949.65
2009-08-31,955.85
2009-09-01,977.85
2009-09-02,990.1
2009-09-03,993.4
2009-09-06,995.2
2009-09-08,991.15
2009-09-09,995.5
2009-09-10,1004.85
2009-09-13,998.65
2009-09-14,1005.9
2009-09-15,1016.7
2009-09-16,1011.45
2009-09-17,1006.15
2009-09-20,1000.05
2009-09-21,1013.8
2009-09-22,1007.05
2009-09-23,993.75
2009-09-24,991.35
2009-09-27,989.95
2009-09-28,990.7
2009-09-29,1006.7
2009-09-30,998.5
2009-10-01,1001.35
2009-10-04,1016.65
2009-10-05,1040.85
2009-10-06,1043.7
2009-10-07,1054.0
2009-10-08,1048.25
2009-10-11,1055.25
2009-10-12,1063.35
2009-10-13,1061.9
2009-10-14,1049.85
2009-10-15,1052.25
2009-10-18,1062.7
2009-10-19,1054.0
2009-10-20,1053.55
2009-10-21,1060.0
2009-10-22,1054.45
2009-10-25,1037.1
2009-10-26,1038.8
2009-10-27,1026.85
2009-10-28,1044.95
2009-10-29,1044.4
2009-11-01,1059.45
2009-11-02,1084.6
2009-11-03,1092.35
2009-11-04,1089.67
2009-11-05,1094.55
2009-11-08,1104.0
2009-11-09,1105.25
2009-11-10,1117.5
2009-11-11,1103.75
2009-11-12,1118.62
2009-11-15,1139.1
2009-11-16,1141.37
2009-11-17,1145.0
2009-11-18,1143.6
2009-11-19,1149.6
2009-11-22,1165.72
2009-11-23,1168.5
2009-11-24,1190.65
2009-11-25,1176.7
2009-11-29,1179.4
2009-11-30,1195.9
2009-12-01,1215.9
2009-12-02,1207.75
2009-12-03,1161.05
2009-12-06,1157.12
2009-12-07,1129.55
2009-12-08,1128.8
2009-12-09,1130.4
2009-12-10,1114.82
2009-12-13,1126.3
2009-12-14,1124.4
2009-12-15,1137.8
2009-12-16,1098.15
2009-12-17,1112.05
2009-12-20,1092.85
2009-12-21,1083.5
2009-12-22,1086.9
2009-12-23,1104.45
2009-12-27,1105.6
2009-12-28,1096.87
2009-12-29,1092.6
2009-12-30,1096.2
2010-01-03,1121.25
2010-01-04,1118.3
2010-01-05,1137.65
2010-01-06,1131.45
2010-01-07,1136.97
2010-01-10,1151.35
2010-01-11,1128.02
2010-01-12,1137.5
2010-01-13,1142.0
2010-01-14,1129.9
2010-01-17,1138.07
2010-01-19,1111.25
2010-01-20,1094.7
2010-01-21,1092.8
2010-01-24,1098.15
2010-01-25,1097.32
2010-01-26,1087.25
2010-01-27,1086.35
2010-01-28,1080.98
2010-01-31,1105.3
2010-02-01,1114.0
2010-02-02,1109.0
2010-02-03,1062.6
2010-02-04,1065.08
2010-02-07,1062.8
2010-02-08,1076.95
2010-02-09,1071.58
2010-02-10,1095.77
2010-02-11,1092.4
2010-02-14,1118.9
2010-02-16,1105.8
2010-02-17,1108.9
2010-02-18,1118.7
2010-02-21,1113.9
2010-02-22,1102.95
2010-02-23,1097.35
2010-02-24,1104.8
2010-02-25,1106.2
2010-02-28,1118.65
2010-03-01,1134.43
2010-03-02,1139.5
2010-03-03,1132.0
2010-03-04,1134.4
2010-03-07,1123.4
2010-03-08,1121.58
2010-03-09,1108.3
2010-03-10,1109.3
2010-03-11,1101.55
2010-03-14,1108.9
2010-03-15,1125.7
2010-03-16,1124.5
2010-03-17,1125.45
2010-03-18,1106.55
2010-03-21,1103.52
2010-03-22,1101.2
2010-03-23,1087.42
2010-03-24,1090.35
2010-03-25,1105.6
2010-03-28,1108.2
2010-03-29,1104.27
2010-03-30,1113.43
2010-03-31,1126.3
2010-04-04,1130.15
2010-04-05,1133.65
2010-04-06,1147.0
2010-04-07,1150.95
2010-04-08,1159.9
2010-04-11,1155.35
2010-04-12,1150.69
2010-04-13,1154.75
2010-04-14,1159.04
2010-04-15,1136.45
2010-04-18,1135.37
2010-04-19,1140.52
2010-04-20,1146.15
2010-04-21,1140.52
2010-04-22,1156.9
2010-04-25,1154.47
2010-04-26,1167.5
2010-04-27,1163.9
2010-04-28,1164.57
2010-04-29,1179.05
2010-05-02,1182.0
2010-05-03,1171.6
2010-05-04,1175.3
2010-05-05,1206.17
2010-05-06,1207.8
2010-05-09,1201.07
2010-05-10,1231.45
2010-05-11,1236.35
2010-05-12,1231.83
2010-05-13,1232.55
2010-05-16,1223.7
2010-05-17,1219.7
2010-05-18,1190.75
2010-05-19,1182.75
2010-05-20,1175.15
2010-05-23,1192.0
2010-05-24,1201.97
2010-05-25,1209.9
2010-05-26,1211.1
2010-05-27,1213.81
2010-05-30,1224.3
2010-06-01,1223.2
2010-06-02,1206.85
2010-06-03,1219.0
2010-06-06,1240.68
2010-06-07,1235.47
2010-06-08,1230.7
2010-06-09,1216.95
2010-06-10,1225.9
2010-06-13,1221.3
2010-06-14,1234.45
2010-06-15,1231.05
2010-06-16,1245.42
2010-06-17,1256.7
2010-06-20,1232.22
2010-06-21,1239.3
2010-06-22,1236.45
2010-06-23,1244.15
2010-06-24,1254.5
2010-06-27,1238.55
2010-06-28,1240.33
2010-06-29,1242.0
2010-06-30,1199.6
2010-07-01,1210.6
2010-07-04,1192.0
2010-07-06,1202.1
2010-07-07,1198.0
2010-07-08,1211.9
2010-07-11,1196.25
2010-07-12,1211.15
2010-07-13,1207.6
2010-07-14,1208.75
2010-07-15,1192.85
2010-07-18,1183.97
2010-07-19,1191.02
2010-07-20,1184.89
2010-07-21,1195.35
2010-07-22,1189.05
2010-07-25,1183.75
2010-07-26,1159.65
2010-07-27,1163.15
2010-07-28,1167.3
2010-07-29,1181.05
2010-08-01,1181.12
2010-08-02,1185.95
2010-08-03,1193.95
2010-08-04,1194.3
2010-08-05,1205.3
2010-08-08,1201.3
2010-08-09,1203.4
2010-08-10,1198.55
2010-08-11,1212.87
2010-08-12,1212.87
2010-08-15,1222.9
2010-08-16,1224.9
2010-08-17,1229.35
2010-08-18,1232.3
2010-08-19,1227.7
2010-08-22,1225.1
2010-08-23,1229.52
2010-08-24,1239.75
2010-08-25,1237.15
2010-08-26,1237.72
2010-08-29,1235.9
2010-08-30,1247.82
2010-08-31,1243.9
2010-09-01,1249.9
2010-09-02,1246.4
2010-09-05,1253.9
2010-09-07,1254.3
2010-09-08,1244.5
2010-09-09,1246.35
2010-09-12,1244.55
2010-09-13,1268.1
2010-09-14,1266.55
2010-09-15,1273.7
2010-09-16,1274.1
2010-09-19,1277.1
2010-09-20,1284.9
2010-09-21,1290.92
2010-09-22,1291.45
2010-09-23,1296.37
2010-09-26,1294.7
2010-09-27,1307.6
2010-09-28,1308.4
2010-09-29,1307.65
2010-09-30,1318.75
2010-10-03,1313.5
2010-10-04,1339.65
2010-10-05,1349.1
2010-10-06,1332.95
2010-10-07,1346.85
2010-10-10,1353.6
2010-10-11,1348.45
2010-10-12,1371.98
2010-10-13,1379.9
2010-10-14,1368.4
2010-10-17,1368.7
2010-10-18,1333.2
2010-10-19,1344.1
2010-10-20,1325.05
2010-10-21,1328.35
2010-10-24,1338.05
2010-10-25,1339.6
2010-10-26,1323.9
2010-10-27,1342.6
2010-10-28,1359.2
2010-10-31,1350.6
2010-11-01,1355.29
2010-11-02,1347.05
2010-11-03,1392.1
2010-11-04,1393.45
2010-11-07,1409.5
2010-11-08,1392.85
2010-11-09,1403.84
2010-11-10,1408.23
2010-11-11,1368.2
2010-11-14,1360.25
2010-11-15,1339.55
2010-11-16,1335.99
2010-11-17,1353.3
2010-11-18,1353.24
2010-11-21,1366.64
2010-11-22,1376.43
2010-11-23,1373.08
2010-11-24,1362.12
2010-11-28,1365.98
2010-11-29,1385.93
2010-11-30,1387.53
2010-12-01,1385.1
2010-12-02,1413.75
2010-12-05,1423.48
2010-12-06,1401.63
2010-12-07,1381.95
2010-12-08,1386.79
2010-12-09,1385.45
2010-12-12,1393.8
2010-12-13,1395.7
2010-12-14,1380.2
2010-12-15,1369.88
2010-12-16,1374.95
2010-12-19,1385.35
2010-12-20,1385.35
2010-12-21,1385.25
2010-12-22,1379.75
2010-12-26,1383.6
2010-12-27,1405.86
2010-12-28,1411.64
2010-12-29,1404.55
2010-12-30,1420.74
2011-01-02,1414.48
2011-01-03,1380.14
2011-01-04,1378.15
2011-01-05,1371.3
2011-01-06,1369.05
2011-01-09,1375.45
2011-01-10,1381.25
2011-01-11,1387.75
2011-01-12,1373.33
2011-01-13,1361.8
2011-01-16,1368.05
2011-01-18,1369.94
2011-01-19,1351.21
2011-01-20,1342.44
2011-01-23,1334.25
2011-01-24,1332.15
2011-01-25,1345.75
2011-01-26,1313.74
2011-01-27,1336.63
2011-01-30,1332.3
2011-01-31,1341.08
2011-02-01,1334.8
2011-02-02,1354.2
2011-02-03,1348.48
2011-02-06,1351.04
2011-02-07,1363.6
2011-02-08,1363.6
2011-02-09,1363.7
2011-02-10,1356.6
2011-02-13,1361.58
2011-02-14,1373.48
2011-02-15,1374.19
2011-02-16,1383.78
2011-02-17,1389.95
2011-02-20,1398.83
2011-02-22,1411.55
2011-02-23,1402.65
2011-02-24,1410.29
2011-02-27,1410.98
2011-02-28,1433.2
2011-03-01,1433.8
2011-03-02,1415.63
2011-03-03,1430.79
2011-03-06,1431.84
2011-03-07,1428.8
2011-03-08,1430.63
2011-03-09,1411.58
2011-03-10,1417.44
2011-03-13,1426.65
2011-03-14,1395.49
2011-03-15,1399.35
2011-03-16,1402.79
2011-03-17,1418.24
2011-03-20,1426.75
2011-03-21,1427.64
2011-03-22,1436.2
2011-03-23,1429.49
2011-03-24,1429.49
2011-03-27,1419.5
2011-03-28,1418.19
2011-03-29,1422.8
2011-03-30,1430.39
2011-03-31,1428.49
2011-04-03,1433.1
2011-04-04,1454.9
2011-04-05,1458.99
2011-04-06,1457.4
2011-04-07,1474.69
2011-04-10,1462.29
2011-04-11,1453.49
2011-04-12,1455.8
2011-04-13,1472.9
2011-04-14,1486.84
2011-04-17,1495.35
2011-04-18,1494.74
2011-04-19,1501.4
2011-04-20,1503.6
2011-04-24,1507.2
2011-04-25,1506.3
2011-04-26,1526.3
2011-04-27,1534.9
2011-04-28,1563.0
2011-05-01,1544.4
2011-05-02,1536.2
2011-05-03,1514.5
2011-05-04,1472.59
2011-05-05,1494.6
2011-05-08,1512.5
2011-05-09,1515.0
2011-05-10,1499.9
2011-05-11,1506.0
2011-05-12,1494.0
2011-05-15,1489.2
2011-05-16,1486.44
2011-05-17,1496.3
2011-05-18,1491.94
2011-05-19,1512.1
2011-05-22,1516.7
2011-05-23,1525.75
2011-05-24,1524.0
2011-05-25,1518.2
2011-05-26,1535.8
2011-05-29,1534.65
2011-05-31,1540.2
2011-06-01,1533.1
2011-06-02,1541.5
2011-06-05,1543.05
2011-06-06,1543.9
2011-06-07,1535.7
2011-06-08,1542.2
2011-06-09,1530.7
2011-06-12,1514.6
2011-06-13,1523.2
2011-06-14,1529.85
2011-06-15,1528.95
2011-06-16,1538.9
2011-06-19,1539.95
2011-06-20,1548.0
2011-06-21,1547.0
2011-06-22,1520.9
2011-06-23,1500.7
2011-06-26,1496.2
2011-06-27,1500.5
2011-06-28,1511.55
2011-06-29,1500.0
2011-06-30,1486.5
2011-07-03,1515.7
2011-07-05,1528.7
2011-07-06,1531.6
2011-07-07,1543.5
2011-07-10,1553.6
2011-07-11,1567.15
2011-07-12,1582.2
2011-07-13,1587.2
2011-07-14,1593.0
2011-07-17,1604.7
2011-07-18,1587.85
2011-07-19,1601.1
2011-07-20,1587.9
2011-07-21,1599.9
2011-07-24,1613.4
2011-07-25,1619.6
2011-07-26,1613.0
2011-07-27,1617.45
2011-07-28,1626.4
2011-07-31,1619.1
2011-08-01,1659.25
2011-08-02,1660.7
2011-08-03,1647.7
2011-08-04,1662.8
2011-08-07,1716.4
2011-08-08,1743.4
2011-08-09,1794.5
2011-08-10,1765.6
2011-08-11,1745.7
2011-08-14,1765.9
2011-08-15,1786.25
2011-08-16,1788.15
2011-08-17,1823.69
2011-08-18,1852.0
2011-08-21,1896.89
2011-08-22,1829.5
2011-08-23,1750.8
2011-08-24,1772.29
2011-08-25,1827.3
2011-08-28,1787.25
2011-08-29,1834.8
2011-08-30,1823.3
2011-08-31,1824.55
2011-09-01,1883.1
2011-09-04,1872.9
2011-09-06,1816.6
2011-09-07,1868.26
2011-09-08,1855.5
2011-09-11,1813.6
2011-09-12,1833.3
2011-09-13,1820.1
2011-09-14,1788.8
2011-09-15,1811.1
2011-09-18,1778.4
2011-09-19,1803.25
2011-09-20,1779.7
2011-09-21,1735.1
2011-09-22,1655.4
2011-09-25,1626.85
2011-09-26,1648.7
2011-09-27,1607.9
2011-09-28,1614.5
2011-09-29,1623.7
2011-10-02,1660.09
2011-10-03,1623.6
2011-10-04,1640.4
2011-10-05,1649.35
2011-10-06,1637.6
2011-10-09,1674.94
2011-10-10,1665.43
2011-10-11,1673.61
2011-10-12,1665.3
2011-10-13,1680.57
2011-10-16,1669.5
2011-10-17,1654.2
2011-10-18,1642.16
2011-10-19,1618.4
2011-10-20,1641.97
2011-10-23,1652.4
2011-10-24,1703.35
2011-10-25,1725.28
2011-10-26,1744.5
2011-10-27,1743.26
2011-10-30,1714.2
2011-10-31,1719.3
2011-11-01,1736.5
2011-11-02,1762.8
2011-11-03,1754.52
2011-11-06,1794.85
2011-11-07,1786.0
2011-11-08,1769.65
2011-11-09,1758.1
2011-11-10,1789.1
2011-11-13,1780.18
2011-11-14,1780.3
2011-11-15,1763.2
2011-11-16,1721.28
2011-11-17,1723.1
2011-11-20,1676.7
2011-11-21,1699.52
2011-11-22,1691.83
2011-11-23,1682.6
2011-11-27,1712.13
2011-11-28,1715.38
2011-11-29,1746.05
2011-11-30,1744.4
2011-12-01,1747.9
2011-12-04,1722.65
2011-12-05,1727.6
2011-12-06,1741.5
2011-12-07,1708.08
2011-12-08,1711.2
2011-12-11,1666.28
2011-12-12,1631.28
2011-12-13,1573.83
2011-12-14,1570.25
2011-12-15,1598.45
2011-12-18,1593.5
2011-12-19,1615.6
2011-12-20,1614.5
2011-12-21,1606.15
2011-12-22,1606.7
2011-12-26,1592.7
2011-12-27,1556.2
2011-12-28,1544.5
2011-12-29,1564.6
2012-01-02,1604.11
2012-01-03,1611.9
2012-01-04,1622.3
2012-01-05,1618.0
2012-01-08,1610.6
2012-01-09,1631.8
2012-01-10,1641.0
2012-01-11,1649.6
2012-01-12,1638.6
2012-01-15,1651.7
2012-01-17,1659.1
2012-01-18,1657.1
2012-01-19,1665.7
2012-01-22,1676.4
2012-01-23,1665.0
2012-01-24,1709.9
2012-01-25,1719.6
2012-01-26,1738.4
2012-01-29,1729.3
2012-01-30,1737.1
2012-01-31,1744.1
2012-02-01,1758.6
2012-02-02,1725.4
2012-02-05,1719.2
2012-02-06,1744.4
2012-02-07,1732.3
2012-02-08,1729.0
2012-02-09,1721.3
2012-02-12,1721.93
2012-02-13,1720.0
2012-02-14,1727.5
2012-02-15,1727.83
2012-02-16,1723.0
2012-02-19,1758.7
2012-02-21,1776.3
2012-02-22,1780.28
2012-02-23,1771.6
2012-02-26,1766.8
2012-02-27,1783.9
2012-02-28,1696.76
2012-02-29,1717.9
2012-03-01,1712.1
2012-03-04,1706.05
2012-03-05,1673.6
2012-03-06,1684.9
2012-03-07,1699.53
2012-03-08,1713.55
2012-03-11,1700.04
2012-03-12,1674.9
2012-03-13,1642.38
2012-03-14,1656.8
2012-03-15,1659.1
2012-03-18,1663.29
2012-03-19,1650.23
2012-03-20,1649.5
2012-03-21,1644.5
2012-03-22,1643.85
2012-03-25,1689.5
2012-03-26,1680.13
2012-03-27,1662.6
2012-03-28,1661.0
2012-03-29,1668.13
2012-04-01,1676.4
2012-04-02,1645.31
2012-04-03,1619.95
2012-04-04,1630.2
2012-04-08,1639.4
2012-04-09,1658.2
2012-04-10,1659.0
2012-04-11,1674.5
2012-04-12,1657.5
2012-04-15,1652.35
2012-04-16,1652.35
2012-04-17,1641.8
2012-04-18,1641.9
2012-04-19,1642.3
2012-04-22,1637.9
2012-04-23,1640.85
2012-04-24,1643.5
2012-04-25,1654.61
2012-04-26,1662.3
2012-04-29,1664.71
2012-04-30,1662.9
2012-05-01,1653.5
2012-05-02,1635.93
2012-05-03,1642.0
2012-05-06,1638.25
2012-05-07,1605.3
2012-05-08,1590.02
2012-05-09,1593.4
2012-05-10,1578.9
2012-05-13,1556.72
2012-05-14,1544.17
2012-05-15,1539.2
2012-05-16,1574.19
2012-05-17,1592.9
2012-05-20,1593.16
2012-05-21,1567.35
2012-05-22,1561.95
2012-05-23,1557.8
2012-05-24,1572.3
2012-05-27,1554.31
2012-05-29,1562.75
2012-05-30,1560.0
2012-05-31,1624.1
2012-06-03,1618.05
2012-06-04,1616.99
2012-06-05,1619.96
2012-06-06,1589.61
2012-06-07,1593.6
2012-06-10,1595.5
2012-06-11,1609.51
2012-06-12,1617.94
2012-06-13,1623.29
2012-06-14,1627.2
2012-06-17,1626.82
2012-06-18,1618.34
2012-06-19,1606.48
2012-06-20,1564.8
2012-06-21,1571.7
2012-06-24,1587.06
2012-06-25,1572.24
2012-06-26,1573.6
2012-06-27,1551.9
2012-06-28,1597.43
2012-07-01,1596.9
2012-07-02,1616.77
2012-07-03,1605.0
2012-07-05,1582.4
2012-07-08,1588.9
2012-07-09,1565.7
2012-07-10,1576.55
2012-07-11,1571.3
2012-07-12,1588.1
2012-07-15,1589.0
2012-07-16,1582.4
2012-07-17,1573.1
2012-07-18,1581.3
2012-07-19,1583.6
2012-07-22,1576.6
2012-07-23,1580.2
2012-07-24,1605.6
2012-07-25,1615.2
2012-07-26,1622.7
2012-07-29,1621.6
2012-07-30,1613.75
2012-07-31,1599.2
2012-08-01,1588.8
2012-08-02,1601.2
2012-08-05,1610.8
2012-08-06,1611.9
2012-08-07,1611.7
2012-08-08,1616.8
2012-08-09,1619.5
2012-08-12,1609.25
2012-08-13,1597.83
2012-08-14,1603.0
2012-08-15,1614.0
2012-08-16,1615.5
2012-08-19,1620.2
2012-08-20,1637.85
2012-08-21,1648.2
2012-08-22,1669.5
2012-08-23,1669.9
2012-08-26,1663.06
2012-08-27,1665.4
2012-08-28,1655.3
2012-08-29,1655.3
2012-08-30,1691.4
2012-09-02,1695.05
2012-09-04,1693.45
2012-09-05,1700.9
2012-09-06,1735.4
2012-09-09,1724.6
2012-09-10,1731.11
2012-09-11,1730.6
2012-09-12,1766.8
2012-09-13,1769.6
2012-09-16,1761.55
2012-09-17,1770.85
2012-09-18,1769.7
2012-09-19,1767.3
2012-09-20,1772.2
2012-09-23,1764.1
2012-09-24,1760.1
2012-09-25,1753.0
2012-09-26,1777.0
2012-09-27,1771.7
2012-09-30,1777.0
2012-10-01,1773.85
2012-10-02,1777.42
2012-10-03,1789.8
2012-10-04,1780.3
2012-10-07,1775.3
2012-10-08,1764.2
2012-10-09,1762.2
2012-10-10,1767.17
2012-10-11,1753.5
2012-10-14,1735.6
2012-10-15,1747.9
2012-10-16,1748.8
2012-10-17,1740.97
2012-10-18,1721.1
2012-10-21,1727.65
2012-10-22,1705.75
2012-10-23,1701.87
2012-10-24,1710.75
2012-10-25,1710.3
2012-10-28,1709.2
2012-10-29,1708.8
2012-10-30,1719.5
2012-10-31,1713.8
2012-11-01,1677.4
2012-11-04,1684.7
2012-11-05,1715.9
2012-11-06,1717.29
2012-11-07,1731.16
2012-11-08,1730.7
2012-11-11,1728.0
2012-11-12,1724.72
2012-11-13,1726.22
2012-11-14,1715.63
2012-11-15,1713.3
2012-11-18,1731.5
2012-11-19,1726.75
2012-11-20,1728.64
2012-11-21,1749.2
2012-11-25,1748.43
2012-11-26,1741.8
2012-11-27,1719.56
2012-11-28,1725.7
2012-11-29,1714.6
2012-12-02,1715.69
2012-12-03,1697.3
2012-12-04,1693.62
2012-12-05,1699.59
2012-12-06,1704.04
2012-12-09,1712.54
2012-12-10,1709.9
2012-12-11,1711.47
2012-12-12,1697.0
2012-12-13,1695.56
2012-12-16,1697.95
2012-12-17,1670.89
2012-12-18,1667.1
2012-12-19,1647.37
2012-12-20,1656.87
2012-12-23,1658.2
2012-12-25,1659.3
2012-12-26,1663.76
2012-12-27,1655.59
2012-12-30,1674.95
2013-01-01,1686.54
2013-01-02,1663.8
2013-01-03,1655.49
2013-01-06,1646.82
2013-01-07,1659.03
2013-01-08,1657.54
2013-01-09,1674.8
2013-01-10,1662.59
2013-01-13,1667.27
2013-01-14,1679.18
2013-01-15,1679.9
2013-01-16,1687.1
2013-01-17,1683.9
2013-01-20,1692.4
2013-01-22,1685.38
2013-01-23,1667.69
2013-01-24,1658.15
2013-01-27,1655.3
2013-01-28,1663.3
2013-01-29,1676.67
2013-01-30,1663.35
2013-01-31,1666.66
2013-02-03,1674.3
2013-02-04,1672.62
2013-02-05,1677.22
2013-02-06,1670.88
2013-02-07,1667.1
2013-02-10,1647.94
2013-02-11,1651.2
2013-02-12,1642.33
2013-02-13,1634.9
2013-02-14,1609.64
2013-02-17,1604.6
2013-02-19,1564.23
2013-02-20,1576.3
2013-02-21,1581.19
2013-02-24,1592.99
2013-02-25,1613.34
2013-02-26,1596.65
2013-02-27,1579.52
2013-02-28,1575.7
2013-03-03,1573.9
2013-03-04,1575.13
2013-03-05,1583.62
2013-03-06,1578.53
2013-03-07,1578.3
2013-03-10,1580.05
2013-03-11,1592.34
2013-03-12,1588.05
2013-03-13,1590.11
2013-03-14,1592.2
2013-03-17,1604.19
2013-03-18,1611.78
2013-03-19,1606.75
2013-03-20,1612.45
2013-03-21,1608.6
2013-03-24,1605.0
2013-03-25,1597.0
2013-03-26,1604.95
2013-03-27,1595.05
2013-03-31,1599.15
2013-04-01,1575.7
2013-04-02,1557.9
2013-04-03,1554.09
2013-04-04,1581.5
2013-04-07,1572.25
2013-04-08,1584.45
2013-04-09,1558.75
2013-04-10,1559.65
2013-04-11,1480.3
2013-04-14,1351.8
2013-04-15,1367.8
2013-04-16,1376.85
2013-04-17,1390.65
2013-04-18,1405.8
2013-04-21,1424.8
2013-04-22,1412.15
2013-04-23,1430.35
2013-04-24,1466.3
2013-04-25,1462.28
2013-04-28,1474.45
2013-04-29,1474.7
2013-04-30,1455.7
2013-05-01,1466.0
2013-05-02,1470.2
2013-05-05,1469.25
2013-05-06,1451.65
2013-05-07,1473.3
2013-05-08,1456.4
2013-05-09,1447.8
2013-05-12,1430.35
2013-05-13,1424.65
2013-05-14,1392.0
2013-05-15,1385.65
2013-05-16,1359.6
2013-05-19,1393.7
2013-05-20,1375.2
2013-05-21,1369.5
2013-05-22,1390.35
2013-05-23,1386.2
2013-05-26,1380.65
2013-05-28,1393.3
2013-05-29,1412.4
2013-05-30,1387.81
2013-06-02,1410.3
2013-06-03,1398.45
2013-06-04,1400.7
2013-06-05,1413.4
2013-06-06,1384.1
2013-06-09,1385.5
2013-06-10,1377.98
2013-06-11,1387.6
2013-06-12,1384.1
2013-06-13,1391.0
2013-06-16,1384.35
2013-06-17,1361.18
2013-06-18,1350.4
2013-06-19,1275.66
2013-06-20,1297.9
2013-06-23,1282.26
2013-06-24,1277.15
2013-06-25,1222.16
2013-06-26,1200.0
2013-06-27,1234.8
2013-06-30,1249.14
2013-07-01,1242.6
2013-07-02,1252.6
2013-07-03,1222.93
2013-07-07,1236.55
2013-07-08,1248.87
2013-07-09,1261.42
2013-07-10,1285.55
2013-07-11,1284.2
2013-07-14,1282.15
2013-07-15,1292.7
2013-07-16,1273.9
2013-07-17,1284.1
2013-07-18,1295.9
2013-07-21,1334.75
2013-07-22,1347.2
2013-07-23,1320.4
2013-07-24,1333.23
2013-07-25,1333.2
2013-07-28,1326.6
2013-07-29,1319.66
2013-07-30,1322.4
2013-07-31,1308.1
2013-08-01,1313.0
2013-08-04,1303.6
2013-08-05,1282.05
2013-08-06,1286.45
2013-08-07,1311.44
2013-08-08,1314.0
2013-08-11,1334.25
2013-08-12,1319.88
2013-08-13,1330.37
2013-08-14,1365.7
2013-08-15,1376.0
2013-08-18,1365.1
2013-08-19,1370.75
2013-08-20,1363.27
2013-08-21,1376.1
2013-08-22,1397.1
2013-08-25,1404.85
2013-08-26,1416.25
2013-08-27,1418.05
2013-08-28,1407.95
2013-08-29,1395.2
2013-09-01,1411.19
2013-09-03,1391.35
2013-09-04,1366.45
2013-09-05,1390.8
2013-09-08,1386.34
2013-09-09,1363.15
2013-09-10,1365.7
2013-09-11,1320.87
2013-09-12,1327.1
2013-09-15,1311.3
2013-09-16,1309.35
2013-09-17,1362.15
2013-09-18,1365.3
2013-09-19,1325.0
2013-09-22,1321.1
2013-09-23,1323.0
2013-09-24,1332.7
2013-09-25,1323.1
2013-09-26,1335.8
2013-09-29,1327.19
2013-09-30,1286.75
2013-10-01,1315.35
2013-10-02,1317.0
2013-10-03,1309.9
2013-10-06,1322.65
2013-10-07,1319.2
2013-10-08,1304.57
2013-10-09,1286.1
2013-10-10,1271.8
2013-10-13,1273.22
2013-10-14,1281.25
2013-10-15,1280.95
2013-10-16,1320.1
2013-10-17,1315.9
2013-10-20,1315.55
2013-10-21,1339.45
2013-10-22,1332.4
2013-10-23,1345.85
2013-10-24,1351.9
2013-10-27,1352.27
2013-10-28,1344.45
2013-10-29,1341.25
2013-10-30,1322.9
2013-10-31,1315.2
2013-11-03,1314.45
2013-11-04,1311.5
2013-11-05,1317.55
2013-11-06,1307.38
2013-11-07,1288.15
2013-11-10,1282.5
2013-11-11,1267.73
2013-11-12,1281.6
2013-11-13,1287.0
2013-11-14,1289.8
2013-11-17,1275.04
2013-11-18,1275.0
2013-11-19,1243.8
2013-11-20,1242.38
2013-11-21,1242.7
2013-11-24,1251.23
2013-11-25,1242.3
2013-11-26,1237.48
2013-11-27,1251.4
2013-12-01,1219.3
2013-12-02,1223.08
2013-12-03,1243.47
2013-12-04,1225.0
2013-12-05,1228.55
2013-12-08,1240.0
2013-12-09,1261.95
2013-12-10,1251.95
2013-12-11,1224.9
2013-12-12,1238.4
2013-12-15,1241.04
2013-12-16,1230.55
2013-12-17,1217.8
2013-12-18,1188.4
2013-12-19,1202.8
2013-12-22,1198.2
2013-12-23,1204.3
2013-12-25,1209.81
2013-12-26,1212.6
2013-12-29,1196.0
2013-12-30,1205.25
2014-01-01,1224.0
2014-01-02,1236.75
2014-01-05,1237.64
2014-01-06,1231.7
2014-01-07,1225.7
2014-01-08,1227.8
2014-01-09,1248.05
2014-01-12,1252.55
2014-01-13,1244.9
2014-01-14,1241.55
2014-01-15,1242.1
2014-01-16,1253.69
2014-01-19,1241.22
2014-01-21,1237.05
2014-01-22,1263.4
2014-01-23,1269.69
2014-01-26,1256.4
2014-01-27,1256.5
2014-01-28,1267.35
2014-01-29,1243.22
2014-01-30,1243.94
2014-02-02,1257.15
2014-02-03,1254.46
2014-02-04,1257.59
2014-02-05,1257.8
2014-02-06,1266.85
2014-02-09,1274.64
2014-02-10,1291.22
2014-02-11,1290.86
2014-02-12,1302.49
2014-02-13,1318.3
2014-02-16,1321.74
2014-02-18,1311.34
2014-02-19,1322.8
2014-02-20,1323.95
2014-02-23,1336.4
2014-02-24,1340.2
2014-02-25,1330.25
2014-02-26,1331.0
2014-02-27,1324.9
2014-03-02,1350.32
2014-03-03,1334.3
2014-03-04,1336.5
2014-03-05,1350.61
2014-03-06,1339.08
2014-03-09,1338.76
2014-03-10,1347.68
2014-03-11,1364.47
2014-03-12,1369.81
2014-03-13,1381.4
2014-03-16,1366.8
2014-03-17,1355.4
2014-03-18,1328.39
2014-03-19,1327.2
2014-03-20,1333.3
2014-03-23,1308.88
2014-03-24,1310.7
2014-03-25,1304.5
2014-03-26,1290.5
2014-03-27,1293.7
2014-03-30,1281.85
2014-03-31,1278.88
2014-04-01,1289.63
2014-04-02,1284.85
2014-04-03,1302.7
2014-04-06,1296.61
2014-04-07,1307.7
2014-04-08,1311.7
2014-04-09,1317.5
2014-04-10,1318.1
2014-04-13,1327.28
2014-04-14,1302.24
2014-04-15,1301.75
2014-04-16,1294.35
2014-04-20,1289.43
2014-04-21,1283.15
2014-04-22,1283.83
2014-04-23,1292.88
2014-04-24,1303.5
2014-04-27,1296.18
2014-04-28,1295.58
2014-04-29,1291.1
2014-04-30,1283.93
2014-05-01,1299.6
2014-05-04,1308.7
2014-05-05,1307.37
2014-05-06,1289.3
2014-05-07,1289.15
2014-05-08,1289.2
2014-05-11,1295.2
2014-05-12,1293.33
2014-05-13,1305.53
2014-05-14,1296.0
2014-05-15,1292.5
2014-05-18,1292.7
2014-05-19,1293.9
2014-05-20,1291.55
2014-05-21,1293.95
2014-05-22,1292.3
2014-05-25,1262.3
2014-05-27,1258.05
2014-05-28,1255.5
2014-05-29,1250.5
2014-06-01,1243.3
2014-06-02,1244.75
2014-06-03,1243.6
2014-06-04,1252.95
2014-06-05,1252.6
2014-06-08,1252.03
2014-06-09,1259.75
2014-06-10,1260.55
2014-06-11,1272.85
2014-06-12,1276.63
2014-06-15,1271.45
2014-06-16,1271.2
2014-06-17,1277.25
2014-06-18,1318.85
2014-06-19,1314.1
2014-06-22,1317.7
2014-06-23,1318.3
2014-06-24,1318.3
2014-06-25,1316.8
2014-06-26,1315.2
2014-06-29,1326.75
2014-06-30,1326.2
2014-07-01,1326.5
2014-07-02,1319.3
2014-07-03,1319.35
2014-07-07,1319.5
2014-07-08,1326.55
2014-07-09,1335.0
2014-07-10,1338.4
2014-07-13,1306.95
2014-07-14,1294.1
2014-07-15,1299.25
2014-07-16,1317.65
2014-07-17,1310.2
2014-07-20,1311.9
2014-07-21,1307.7
2014-07-22,1303.6
2014-07-23,1293.3
2014-07-24,1307.8
2014-07-27,1302.4
2014-07-28,1298.85
2014-07-29,1295.78
2014-07-30,1281.7
2014-07-31,1293.8
2014-08-03,1287.7
2014-08-04,1288.58
2014-08-05,1305.45
2014-08-06,1312.5
2014-08-07,1309.3
2014-08-10,1307.95
2014-08-11,1308.65
2014-08-12,1312.45
2014-08-13,1312.2
2014-08-14,1304.4
2014-08-17,1297.05
2014-08-18,1295.05
2014-08-19,1291.15
2014-08-20,1276.2
2014-08-21,1280.7
2014-08-24,1276.25
2014-08-25,1280.0
2014-08-26,1282.65
2014-08-27,1288.9
2014-08-28,1287.01
2014-08-31,1265.75
2014-09-02,1269.25
2014-09-03,1259.7
2014-09-04,1268.3
2014-09-07,1255.25
2014-09-08,1255.2
2014-09-09,1249.0
2014-09-10,1239.85
2014-09-11,1228.1
2014-09-14,1232.25
2014-09-15,1234.75
2014-09-16,1223.1
2014-09-17,1224.55
2014-09-18,1216.0
2014-09-21,1214.55
2014-09-22,1222.55
2014-09-23,1216.5
2014-09-24,1221.65
2014-09-25,1218.8
2014-09-28,1216.1
2014-09-29,1208.5
2014-09-30,1212.7
2014-10-01,1214.25
2014-10-02,1190.85
2014-10-05,1206.82
2014-10-06,1208.8
2014-10-07,1221.57
2014-10-08,1223.7
2014-10-09,1223.2
2014-10-12,1236.3
2014-10-13,1232.05
2014-10-14,1240.85
2014-10-15,1238.75
2014-10-16,1238.1
2014-10-19,1246.6
2014-10-20,1249.2
2014-10-21,1240.95
2014-10-22,1232.1
2014-10-23,1230.9
2014-10-26,1225.57
2014-10-27,1228.02
2014-10-28,1211.72
2014-10-29,1198.9
2014-10-30,1172.59
2014-11-02,1165.35
2014-11-03,1168.1
2014-11-04,1140.4
2014-11-05,1141.7
2014-11-06,1177.83
2014-11-09,1151.23
2014-11-10,1163.96
2014-11-11,1162.38
2014-11-12,1162.17
2014-11-13,1188.3
2014-11-16,1186.34
2014-11-17,1196.57
2014-11-18,1182.5
2014-11-19,1193.48
2014-11-20,1201.28
2014-11-23,1196.66
2014-11-24,1200.6
2014-11-25,1197.6
2014-11-26,1167.23
2014-11-30,1211.64
2014-12-01,1197.84
2014-12-02,1209.2
2014-12-03,1205.13
2014-12-04,1191.98
2014-12-07,1203.2
2014-12-08,1230.74
2014-12-09,1225.99
2014-12-10,1227.41
2014-12-11,1222.32
2014-12-14,1192.99
2014-12-15,1196.72
2014-12-16,1189.3
2014-12-17,1198.7
2014-12-18,1195.42
2014-12-21,1176.17
2014-12-22,1176.2
2014-12-23,1174.67
2014-12-25,1195.79
2014-12-28,1182.96
2014-12-29,1200.02
2014-12-30,1184.02
2015-01-01,1188.43
2015-01-04,1204.48
2015-01-05,1218.8
2015-01-06,1211.0
2015-01-07,1208.6
2015-01-08,1222.95
2015-01-11,1233.2
2015-01-12,1230.58
2015-01-13,1228.62
2015-01-14,1262.18
2015-01-15,1280.3
2015-01-18,1294.95
2015-01-20,1293.0
2015-01-21,1302.07
2015-01-22,1294.08
2015-01-25,1281.1
2015-01-26,1292.25
2015-01-27,1284.06
2015-01-28,1256.66
2015-01-29,1283.09
2015-02-01,1274.04
2015-02-02,1260.2
2015-02-03,1269.0
2015-02-04,1264.5
2015-02-05,1233.6
2015-02-08,1238.9
2015-02-09,1233.4
2015-02-10,1218.5
2015-02-11,1221.7
2015-02-12,1229.42
2015-02-15,1209.4
2015-02-17,1212.03
2015-02-18,1206.49
2015-02-19,1201.58
2015-02-22,1201.43
2015-02-23,1200.2
2015-02-24,1204.95
2015-02-25,1209.23
2015-02-26,1212.96
2015-03-01,1206.7
2015-03-02,1203.29
2015-03-03,1200.0
2015-03-04,1198.1
2015-03-05,1167.15
2015-03-08,1166.88
2015-03-09,1161.42
2015-03-10,1154.73
2015-03-11,1152.82
2015-03-12,1158.02
2015-03-15,1154.14
2015-03-16,1148.91
2015-03-17,1167.09
2015-03-18,1171.3
2015-03-19,1182.2
2015-03-22,1189.07
2015-03-23,1192.6
2015-03-24,1195.15
2015-03-25,1203.9
2015-03-26,1198.8
2015-03-29,1185.1
2015-03-30,1183.3
2015-03-31,1203.62
2015-04-01,1201.5
2015-04-05,1214.47
2015-04-06,1208.25
2015-04-07,1202.65
2015-04-08,1194.3
2015-04-09,1207.5
2015-04-12,1198.35
2015-04-13,1192.4
2015-04-14,1201.6
2015-04-15,1198.0
2015-04-16,1204.1
2015-04-19,1196.25
2015-04-20,1202.39
2015-04-21,1187.06
2015-04-22,1193.5
2015-04-23,1178.97
2015-04-26,1201.62
2015-04-27,1211.94
2015-04-28,1204.72
2015-04-29,1183.97
2015-04-30,1178.0
2015-05-03,1187.97
2015-05-04,1192.68
2015-05-05,1191.29
2015-05-06,1184.4
2015-05-07,1187.5
2015-05-10,1183.55
2015-05-11,1193.15
2015-05-12,1214.69
2015-05-13,1221.0
2015-05-14,1223.7
2015-05-17,1225.05
2015-05-18,1207.55
2015-05-19,1209.45
2015-05-20,1206.25
2015-05-21,1205.4
2015-05-24,1187.15
2015-05-26,1187.5
2015-05-27,1187.95
2015-05-28,1190.0
2015-05-31,1188.95
2015-06-01,1192.58
2015-06-02,1184.95
2015-06-03,1176.45
2015-06-04,1171.5
2015-06-07,1173.45
2015-06-08,1176.14
2015-06-09,1185.35
2015-06-10,1181.64
2015-06-11,1180.8
2015-06-14,1185.55
2015-06-15,1181.35
2015-06-16,1185.25
2015-06-17,1201.38
2015-06-18,1200.0
2015-06-21,1185.75
2015-06-22,1177.73
2015-06-23,1174.72
2015-06-24,1172.6
2015-06-25,1175.04
2015-06-28,1179.85
2015-06-29,1172.75
2015-06-30,1168.4
2015-07-01,1166.05
2015-07-02,1169.78
2015-07-06,1154.65
2015-07-07,1156.95
2015-07-08,1159.35
2015-07-09,1162.65
2015-07-12,1157.45
2015-07-13,1155.4
2015-07-14,1148.85
2015-07-15,1144.55
2015-07-16,1134.32
2015-07-19,1097.45
2015-07-20,1100.85
2015-07-21,1094.0
2015-07-22,1090.15
2015-07-23,1098.9
2015-07-26,1093.8
2015-07-27,1094.85
2015-07-28,1096.35
2015-07-29,1087.95
2015-07-30,1095.01
2015-08-02,1085.6
2015-08-03,1087.35
2015-08-04,1084.65
2015-08-05,1089.15
2015-08-06,1093.64
2015-08-09,1103.85
2015-08-10,1108.4
2015-08-11,1124.75
2015-08-12,1114.55
2015-08-13,1114.56
2015-08-16,1117.35
2015-08-17,1117.45
2015-08-18,1133.85
2015-08-19,1152.35
2015-08-20,1160.23
2015-08-23,1154.65
2015-08-24,1140.35
2015-08-25,1124.75
2015-08-26,1125.35
2015-08-27,1133.07
2015-08-30,1134.35
2015-08-31,1139.75
2015-09-01,1133.35
2015-09-02,1124.75
2015-09-03,1121.24
2015-09-06,1121.45
2015-09-08,1106.33
2015-09-09,1111.15
2015-09-10,1107.26
2015-09-13,1107.92
2015-09-14,1104.95
2015-09-15,1118.95
2015-09-16,1130.3
2015-09-17,1138.9
2015-09-20,1132.95
2015-09-21,1124.05
2015-09-22,1129.95
2015-09-23,1153.69
2015-09-24,1145.87
2015-09-27,1131.65
2015-09-28,1126.75
2015-09-29,1114.55
2015-09-30,1113.15
2015-10-01,1137.52
2015-10-04,1135.35
2015-10-05,1146.55
2015-10-06,1144.85
2015-10-07,1138.45
2015-10-08,1155.58
2015-10-11,1163.15
2015-10-12,1168.25
2015-10-13,1184.05
2015-10-14,1182.75
2015-10-15,1176.55
2015-10-18,1170.35
2015-10-19,1175.55
2015-10-20,1166.65
2015-10-21,1165.35
2015-10-22,1163.81
2015-10-25,1162.95
2015-10-26,1166.35
2015-10-27,1155.55
2015-10-28,1145.45
2015-10-29,1141.59
2015-11-01,1133.5
2015-11-02,1117.6
2015-11-03,1107.75
2015-11-04,1103.7
2015-11-05,1089.58
2015-11-08,1092.1
2015-11-09,1089.52
2015-11-10,1086.3
2015-11-11,1084.9
2015-11-12,1083.76
2015-11-15,1082.58
2015-11-16,1070.01
2015-11-17,1070.57
2015-11-18,1082.13
2015-11-19,1077.86
2015-11-22,1068.9
2015-11-23,1075.5
2015-11-24,1071.07
2015-11-25,1057.84
2015-11-29,1064.6
2015-11-30,1069.17
2015-12-01,1053.35
2015-12-02,1061.74
2015-12-03,1085.85
2015-12-06,1071.2
2015-12-07,1074.71
2015-12-08,1072.35
2015-12-09,1071.37
2015-12-10,1074.38
2015-12-13,1059.73
2015-12-14,1060.83
2015-12-15,1072.06
2015-12-16,1050.95
2015-12-17,1066.14
2015-12-20,1077.83
2015-12-21,1072.3
2015-12-22,1070.14
2015-12-23,1075.8
2015-12-27,1069.09
2015-12-28,1068.81
2015-12-29,1061.3
2015-12-30,1061.19
2016-01-03,1074.45
2016-01-04,1077.22
2016-01-05,1093.22
2016-01-06,1108.71
2016-01-07,1104.27
2016-01-10,1094.11
2016-01-11,1086.09
2016-01-12,1092.99
2016-01-13,1078.15
2016-01-14,1088.69
2016-01-17,1087.1
2016-01-19,1100.6
2016-01-20,1100.77
2016-01-21,1097.76
2016-01-24,1107.74
2016-01-25,1119.74
2016-01-26,1124.55
2016-01-27,1114.85
2016-01-28,1118.12
2016-01-31,1128.21
2016-02-01,1128.79
2016-02-02,1142.2
2016-02-03,1155.3
2016-02-04,1172.98
2016-02-07,1188.94
2016-02-08,1188.79
2016-02-09,1196.91
2016-02-10,1246.57
2016-02-11,1237.19
2016-02-14,1199.51
2016-02-16,1208.09
2016-02-17,1230.47
2016-02-18,1225.86
2016-02-21,1208.61
2016-02-22,1225.3
2016-02-23,1228.73
2016-02-24,1232.81
2016-02-25,1222.16
2016-02-28,1238.36
2016-02-29,1231.68
2016-03-01,1239.64
2016-03-02,1264.11
2016-03-03,1258.62
2016-03-06,1267.05
2016-03-07,1261.23
2016-03-08,1252.64
2016-03-09,1272.09
2016-03-10,1250.18
2016-03-13,1234.35
2016-03-14,1231.85
2016-03-15,1261.95
2016-03-16,1257.3
2016-03-17,1255.07
2016-03-20,1243.15
2016-03-21,1247.85
2016-03-22,1219.75
2016-03-23,1216.83
2016-03-27,1220.95
2016-03-28,1241.35
2016-03-29,1224.69
2016-03-30,1232.15
2016-03-31,1221.84
2016-04-03,1214.95
2016-04-04,1230.95
2016-04-05,1222.35
2016-04-06,1240.35
2016-04-07,1239.32
2016-04-10,1257.25
2016-04-11,1254.55
2016-04-12,1242.05
2016-04-13,1226.95
2016-04-14,1233.74
2016-04-17,1231.85
2016-04-18,1250.1
2016-04-19,1243.55
2016-04-20,1247.65
2016-04-21,1232.26
2016-04-24,1237.35
2016-04-25,1243.35
2016-04-26,1245.65
2016-04-27,1265.85
2016-04-28,1292.77
2016-05-01,1291.0
2016-05-02,1285.85
2016-05-03,1279.35
2016-05-04,1278.0
2016-05-05,1288.03
2016-05-08,1263.45
2016-05-09,1265.15
2016-05-10,1276.85
2016-05-11,1262.85
2016-05-12,1272.45
2016-05-15,1273.45
2016-05-16,1278.85
2016-05-17,1258.45
2016-05-18,1254.15
2016-05-19,1251.95
2016-05-22,1248.84
2016-05-23,1226.55
2016-05-24,1224.15
2016-05-25,1219.6
2016-05-26,1212.75
2016-05-29,1214.95
2016-05-31,1212.05
2016-06-01,1210.55
2016-06-02,1243.82
2016-06-05,1244.95
2016-06-06,1243.25
2016-06-07,1262.25
2016-06-08,1269.05
2016-06-09,1273.58
2016-06-12,1283.05
2016-06-13,1285.7
2016-06-14,1291.82
2016-06-15,1277.0
2016-06-16,1298.18
2016-06-19,1289.55
2016-06-20,1267.85
2016-06-21,1265.75
2016-06-22,1256.32
2016-06-23,1315.18
2016-06-26,1324.35
2016-06-27,1311.94
2016-06-28,1318.05
2016-06-29,1321.49
2016-06-30,1340.67
2016-07-03,1355.95
2016-07-05,1363.45
2016-07-06,1359.9
2016-07-07,1365.85
2016-07-10,1355.15
2016-07-11,1332.25
2016-07-12,1342.19
2016-07-13,1334.6
2016-07-14,1337.29
2016-07-17,1328.75
2016-07-18,1331.75
2016-07-19,1315.25
2016-07-20,1330.75
2016-07-21,1322.1
2016-07-24,1315.25
2016-07-25,1320.15
2016-07-26,1339.5
2016-07-27,1335.05
2016-07-28,1350.57
2016-07-31,1352.55
2016-08-01,1363.55
2016-08-02,1357.55
2016-08-03,1361.15
2016-08-04,1335.5
2016-08-07,1335.15
2016-08-08,1340.25
2016-08-09,1346.05
2016-08-10,1338.15
2016-08-11,1335.49
2016-08-14,1338.85
2016-08-15,1345.65
2016-08-16,1348.35
2016-08-17,1353.8
2016-08-18,1340.9
2016-08-21,1338.65
2016-08-22,1337.05
2016-08-23,1323.75
2016-08-24,1321.45
2016-08-25,1320.59
2016-08-28,1322.65
2016-08-29,1310.45
2016-08-30,1308.76
2016-08-31,1313.05
2016-09-01,1327.2
2016-09-04,1349.75
2016-09-06,1344.25
2016-09-07,1337.45
2016-09-08,1327.51
2016-09-11,1327.15
2016-09-12,1318.05
2016-09-13,1322.55
2016-09-14,1313.95
2016-09-15,1309.85
2016-09-18,1312.84
2016-09-19,1314.45
2016-09-20,1335.15
2016-09-21,1336.55
2016-09-22,1337.34
2016-09-25,1337.35
2016-09-26,1327.22
2016-09-27,1321.11
2016-09-28,1320.13
2016-09-29,1315.55
2016-10-02,1311.56
2016-10-03,1268.15
2016-10-04,1267.21
2016-10-05,1253.9
2016-10-06,1257.39
2016-10-09,1259.6
2016-10-10,1252.05
2016-10-11,1254.75
2016-10-12,1257.25
2016-10-13,1250.0
2016-10-16,1254.9
2016-10-17,1262.15
2016-10-18,1268.95
2016-10-19,1263.1
2016-10-20,1265.71
2016-10-23,1263.96
2016-10-24,1273.45
2016-10-25,1266.55
2016-10-26,1268.05
2016-10-27,1275.53
2016-10-30,1276.75
2016-10-31,1287.75
2016-11-01,1296.8
2016-11-02,1301.45
2016-11-03,1303.7
2016-11-06,1281.3
2016-11-07,1275.4
2016-11-08,1277.75
2016-11-09,1258.6
2016-11-10,1226.98
2016-11-13,1220.9
2016-11-14,1228.42
2016-11-15,1225.0
2016-11-16,1216.47
2016-11-17,1208.29
2016-11-20,1214.0
2016-11-21,1212.1
2016-11-22,1187.88
2016-11-23,1183.8
2016-11-27,1193.5
2016-11-28,1187.88
2016-11-29,1172.89
2016-11-30,1171.6
2016-12-01,1177.05
2016-12-04,1169.97
2016-12-05,1169.5
2016-12-06,1173.4
2016-12-07,1170.6
2016-12-08,1159.36
2016-12-11,1162.1
2016-12-12,1157.14
2016-12-13,1142.9
2016-12-14,1128.02
2016-12-15,1134.71
2016-12-18,1137.7
2016-12-19,1132.3
2016-12-20,1131.3
2016-12-21,1127.99
2016-12-22,1133.63
2016-12-26,1138.6
2016-12-27,1141.03
2016-12-28,1157.8
2016-12-29,1150.62
2017-01-02,1158.5
2017-01-03,1163.4
2017-01-04,1180.2
2017-01-05,1172.13
2017-01-08,1180.75
2017-01-09,1187.5
2017-01-10,1191.38
2017-01-11,1195.15
2017-01-12,1197.04
2017-01-15,1216.38
2017-01-17,1203.9
2017-01-18,1204.58
2017-01-19,1209.87
2017-01-22,1217.7
2017-01-23,1208.57
2017-01-24,1200.36
2017-01-25,1188.3
2017-01-26,1190.64
2017-01-29,1195.37
2017-01-30,1210.47
2017-01-31,1209.5
2017-02-01,1215.73
2017-02-02,1220.2
2017-02-05,1235.21
2017-02-06,1233.46
2017-02-07,1241.2
2017-02-08,1228.1
2017-02-09,1233.61
2017-02-12,1225.0
2017-02-13,1228.28
2017-02-14,1233.5
2017-02-15,1238.8
2017-02-16,1234.16
2017-02-19,1235.6
2017-02-21,1237.4
2017-02-22,1249.3
2017-02-23,1256.74
2017-02-26,1252.59
2017-02-27,1248.22
2017-02-28,1249.37
2017-03-01,1234.22
2017-03-02,1234.41
2017-03-05,1225.31
2017-03-06,1215.6
2017-03-07,1208.14
2017-03-08,1201.0
2017-03-09,1204.14
2017-03-12,1203.65
2017-03-13,1197.2
2017-03-14,1219.05
2017-03-15,1225.88
2017-03-16,1228.6
2017-03-19,1233.2
2017-03-20,1244.05
2017-03-21,1247.95
2017-03-22,1245.05
2017-03-23,1243.13
2017-03-26,1253.95
2017-03-27,1251.15
2017-03-28,1253.21
2017-03-29,1242.85
2017-03-30,1248.78
2017-04-02,1252.95
2017-04-03,1255.65
2017-04-04,1255.25
2017-04-05,1251.85
2017-04-06,1253.5
2017-04-09,1254.48
2017-04-10,1273.95
2017-04-11,1286.15
2017-04-12,1286.86
2017-04-16,1284.45
2017-04-17,1289.35
2017-04-18,1279.55
2017-04-19,1281.3
2017-04-20,1284.03
2017-04-23,1275.55
2017-04-24,1263.8
2017-04-25,1269.1
2017-04-26,1263.85
2017-04-27,1267.91
2017-04-30,1256.05
2017-05-01,1256.25
2017-05-02,1237.8
2017-05-03,1227.2
2017-05-04,1228.04
2017-05-07,1225.95
2017-05-08,1220.65
2017-05-09,1218.55
2017-05-10,1224.35
2017-05-11,1227.93
2017-05-14,1229.75
2017-05-15,1236.55
2017-05-16,1260.85
2017-05-17,1245.4
2017-05-18,1255.0
2017-05-21,1260.25
2017-05-22,1250.65
2017-05-23,1258.05
2017-05-24,1255.25
2017-05-25,1266.85
2017-05-28,1262.75
2017-05-30,1268.55
2017-05-31,1265.15
2017-06-01,1278.77
2017-06-04,1279.05
2017-06-05,1294.12
2017-06-06,1287.0
2017-06-07,1278.1
2017-06-08,1265.9
2017-06-11,1265.65
2017-06-12,1266.25
2017-06-13,1260.6
2017-06-14,1253.75
2017-06-15,1253.1
2017-06-18,1243.35
2017-06-19,1242.65
2017-06-20,1246.05
2017-06-21,1250.1
2017-06-22,1256.4
2017-06-25,1244.05
2017-06-26,1246.55
2017-06-27,1248.75
2017-06-28,1245.35
2017-06-29,1241.33
2017-07-02,1219.35
2017-07-03,1226.75
2017-07-05,1224.65
2017-07-06,1212.49
2017-07-09,1213.75
2017-07-10,1217.4
2017-07-11,1219.75
2017-07-12,1216.9
2017-07-13,1228.55
2017-07-16,1233.75
2017-07-17,1242.15
2017-07-18,1240.85
2017-07-19,1244.15
2017-07-20,1254.91
2017-07-23,1254.95
2017-07-24,1249.45
2017-07-25,1260.35
2017-07-26,1258.85
2017-07-27,1268.7
2017-07-30,1268.95
2017-07-31,1268.65
2017-08-01,1266.05
2017-08-02,1267.95
2017-08-03,1258.4
2017-08-06,1257.35
2017-08-07,1260.75
2017-08-08,1277.25
2017-08-09,1286.05
2017-08-10,1288.77
2017-08-13,1281.35
2017-08-14,1271.15
2017-08-15,1282.85
2017-08-16,1287.65
2017-08-17,1283.58
2017-08-20,1290.95
2017-08-21,1284.75
2017-08-22,1290.25
2017-08-23,1285.65
2017-08-24,1291.24
2017-08-27,1309.75
2017-08-28,1309.05
2017-08-29,1308.35
2017-08-30,1320.65
2017-08-31,1324.65
2017-09-03,1339.45
2017-09-05,1333.85
2017-09-06,1348.75
2017-09-07,1346.08
2017-09-10,1327.15
2017-09-11,1331.45
2017-09-12,1322.35
2017-09-13,1329.17
2017-09-14,1319.7
2017-09-17,1305.95
2017-09-18,1310.66
2017-09-19,1300.85
2017-09-20,1290.75
2017-09-21,1297.1
2017-09-24,1310.75
2017-09-25,1293.35
2017-09-26,1282.42
2017-09-27,1286.78
2017-09-28,1279.72
2017-10-01,1270.47
2017-10-02,1272.1
2017-10-03,1274.35
2017-10-04,1267.65
2017-10-05,1276.21
2017-10-08,1283.33
2017-10-09,1287.55
2017-10-10,1291.55
2017-10-11,1293.25
2017-10-12,1304.4
2017-10-15,1294.75
2017-10-16,1284.85
2017-10-17,1280.55
2017-10-18,1289.45
2017-10-19,1280.04
2017-10-22,1281.95
2017-10-23,1276.05
2017-10-24,1277.15
2017-10-25,1266.45
2017-10-26,1272.81
2017-10-29,1275.78
2017-10-30,1270.65
2017-10-31,1273.99
2017-11-01,1275.59
2017-11-02,1269.47
2017-11-05,1281.54
2017-11-06,1275.2
2017-11-07,1281.2
2017-11-08,1284.9
2017-11-09,1275.12
2017-11-12,1278.04
2017-11-13,1280.2
2017-11-14,1277.71
2017-11-15,1278.4
2017-11-16,1293.64
2017-11-19,1276.41
2017-11-20,1280.3
2017-11-21,1291.8
2017-11-22,1287.3
2017-11-26,1294.5
2017-11-27,1293.52
2017-11-28,1283.5
2017-11-29,1274.56
2017-11-30,1280.05
2017-12-03,1275.9
2017-12-04,1265.9
2017-12-05,1263.2
2017-12-06,1246.84
2017-12-07,1248.09
2017-12-10,1241.8
2017-12-11,1244.12
2017-12-12,1255.15
2017-12-13,1252.7
2017-12-14,1254.81
2017-12-17,1261.72
2017-12-18,1261.44
2017-12-19,1265.24
2017-12-20,1266.44
2017-12-21,1274.52
2017-12-25,1282.65
2017-12-26,1287.2
2017-12-27,1294.9
2017-12-28,1302.67
2018-01-01,1317.3
2018-01-02,1312.83
2018-01-03,1322.1
2018-01-04,1319.04
2018-01-07,1320.3
2018-01-08,1312.36
2018-01-09,1316.48
2018-01-10,1322.11
2018-01-11,1337.48
2018-01-14,1338.3
2018-01-16,1326.7
2018-01-17,1326.6
2018-01-18,1331.03
2018-01-21,1333.9
2018-01-22,1341.3
2018-01-23,1358.3
2018-01-24,1348.0
2018-01-25,1349.27
2018-01-28,1339.94
2018-01-29,1338.35
2018-01-30,1344.57
2018-01-31,1348.35
2018-02-01,1332.5
2018-02-04,1339.25
2018-02-05,1324.15
2018-02-06,1318.26
2018-02-07,1318.8
2018-02-08,1315.71
2018-02-11,1322.6
2018-02-12,1329.45
2018-02-13,1350.42
2018-02-14,1353.2
2018-02-15,1346.78
2018-02-18,1328.75
2018-02-20,1324.4
2018-02-21,1332.0
2018-02-22,1328.37
2018-02-25,1333.15
2018-02-26,1318.2
2018-02-27,1318.2
2018-02-28,1316.9
2018-03-01,1322.3
2018-03-04,1319.75
2018-03-05,1334.2
2018-03-06,1325.4
2018-03-07,1321.699
2018-03-08,1322.91
2018-03-11,1323.0
2018-03-12,1326.2
2018-03-13,1324.7
2018-03-14,1316.2
2018-03-15,1313.8
2018-03-18,1316.7
2018-03-19,1311.1
2018-03-20,1331.7
2018-03-21,1328.6
2018-03-22,1346.92
2018-03-25,1353.5
2018-03-26,1344.9
2018-03-27,1324.8
2018-03-28,1325.05
2018-04-01,1341.3
2018-04-02,1332.3
2018-04-03,1333.0
2018-04-04,1326.2
2018-04-05,1333.41
2018-04-08,1336.2
2018-04-09,1339.4
2018-04-10,1352.9
2018-04-11,1334.4
2018-04-12,1345.75
2018-04-15,1345.6
2018-04-16,1347.1
2018-04-17,1349.1
2018-04-18,1345.5
2018-04-19,1335.52
2018-04-22,1324.5
2018-04-23,1330.2
2018-04-24,1323.1
2018-04-25,1316.9
2018-04-26,1323.09
2018-04-29,1315.5
2018-04-30,1303.7
2018-05-01,1304.9
2018-05-02,1312.0
2018-05-03,1314.77
2018-05-06,1314.0
2018-05-07,1314.4
2018-05-08,1312.4
2018-05-09,1321.2
2018-05-10,1318.85
2018-05-13,1313.3
2018-05-14,1290.2
2018-05-15,1290.7
2018-05-16,1290.7
2018-05-17,1292.97
2018-05-20,1292.4
2018-05-21,1291.2
2018-05-22,1293.3
2018-05-23,1304.5
2018-05-24,1301.81
2018-05-27,1298.7
2018-05-29,1301.2
2018-05-30,1297.9
2018-05-31,1292.95
2018-06-03,1292.0
2018-06-04,1296.3
2018-06-05,1296.4
2018-06-06,1297.1
2018-06-07,1297.72
2018-06-10,1300.4
2018-06-11,1295.6
2018-06-12,1299.6
2018-06-13,1302.4
2018-06-14,1278.45
2018-06-17,1278.1
2018-06-18,1274.5
2018-06-19,1267.8
2018-06-20,1267.1
2018-06-21,1269.28
2018-06-24,1265.4
2018-06-25,1258.8
2018-06-26,1252.16
2018-06-27,1248.0
2018-06-28,1252.4
2018-07-01,1241.7
2018-07-02,1252.8
2018-07-03,1257.6
2018-07-05,1254.63
2018-07-08,1257.6
2018-07-09,1255.5
2018-07-10,1241.9
2018-07-11,1247.2
2018-07-12,1241.27
2018-07-15,1240.8
2018-07-16,1227.6
2018-07-17,1227.6
2018-07-18,1222.7
2018-07-19,1231.51
2018-07-22,1224.4
2018-07-23,1224.5
2018-07-24,1231.4
2018-07-25,1222.4
2018-07-26,1223.78
2018-07-29,1221.3
2018-07-30,1223.7
2018-07-31,1215.8
2018-08-01,1207.5
2018-08-02,1214.4
2018-08-05,1207.3
2018-08-06,1210.8
2018-08-07,1213.8
2018-08-08,1212.3
2018-08-09,1210.23
2018-08-12,1193.38
2018-08-13,1194.2
2018-08-14,1174.7
2018-08-15,1174.2
2018-08-16,1186.32
2018-08-19,1190.2
2018-08-20,1195.8
2018-08-21,1195.5
2018-08-22,1185.4
2018-08-23,1204.91
2018-08-26,1211.2
2018-08-27,1200.8
2018-08-28,1206.8
2018-08-29,1199.8
2018-08-30,1201.47
2018-09-02,1190.7
2018-09-04,1196.8
2018-09-05,1199.92
2018-09-06,1196.47
2018-09-09,1195.6
2018-09-10,1198.4
2018-09-11,1206.0
2018-09-12,1201.3
2018-09-13,1193.6
2018-09-16,1200.5
2018-09-17,1197.9
2018-09-18,1204.0
2018-09-19,1207.3
2018-09-20,1199.66
2018-09-23,1198.7
2018-09-24,1201.3
2018-09-25,1194.2
2018-09-26,1183.1
2018-09-27,1190.4
2018-09-30,1188.9
2018-10-01,1202.8
2018-10-02,1197.1
2018-10-03,1199.8
2018-10-04,1203.29
2018-10-07,1188.1
2018-10-08,1189.3
2018-10-09,1194.3
2018-10-10,1224.3
2018-10-11,1216.6
2018-10-14,1226.8
2018-10-15,1224.5
2018-10-16,1222.1
2018-10-17,1225.3
2018-10-18,1225.6
2018-10-21,1221.9
2018-10-22,1230.7
2018-10-23,1233.6
2018-10-24,1232.1
2018-10-25,1233.08
2018-10-28,1229.8
2018-10-29,1222.7
2018-10-30,1215.0
2018-10-31,1233.3
2018-11-01,1232.53
2018-11-04,1231.27
2018-11-05,1226.62
2018-11-06,1226.3
2018-11-07,1223.78
2018-11-08,1209.584
2018-11-11,1200.1
2018-11-12,1202.1
2018-11-13,1210.65
2018-11-14,1213.13
2018-11-15,1221.136
2018-11-18,1223.94
2018-11-19,1221.3
2018-11-20,1225.77
2018-11-21,1222.85
2018-11-25,1222.18
2018-11-26,1214.8
2018-11-27,1220.87
2018-11-28,1224.1
2018-11-29,1222.136
2018-12-02,1230.45
2018-12-03,1238.23
2018-12-04,1236.97
2018-12-05,1237.4
2018-12-06,1248.165
2018-12-09,1244.19
2018-12-10,1243.03
2018-12-11,1245.25
2018-12-12,1241.54
2018-12-13,1238.125
2018-12-16,1245.56
2018-12-17,1249.3
2018-12-18,1242.59
2018-12-19,1259.7
2018-12-20,1255.744
2018-12-23,1269.02
2018-12-25,1266.8
2018-12-26,1275.5
2018-12-27,1280.764
2018-12-30,1282.2
2019-01-01,1284.17
2019-01-02,1294.1
2019-01-03,1284.844
2019-01-06,1288.9
2019-01-07,1285.1
2019-01-08,1293.21
2019-01-09,1286.4
2019-01-10,1287.224
2019-01-13,1291.32
2019-01-14,1289.1
2019-01-15,1293.5
2019-01-16,1291.674
2019-01-17,1281.424
2019-01-20,1284.91
2019-01-22,1282.5
2019-01-23,1280.87
2019-01-24,1302.91
2019-01-27,1303.2
2019-01-28,1311.41
2019-01-29,1319.7
2019-01-30,1321.2
2019-01-31,1317.265
2019-02-03,1312.1
2019-02-04,1314.982
2019-02-05,1306.3
2019-02-06,1309.73
2019-02-07,1314.203
2019-02-10,1308.0
2019-02-11,1310.45
2019-02-12,1306.0
2019-02-13,1312.11
2019-02-14,1321.12
2019-02-17,1340.8
2019-02-19,1338.1
2019-02-20,1323.4
2019-02-21,1327.885
2019-02-24,1327.16
2019-02-25,1328.9
2019-02-26,1319.7
2019-02-27,1313.0
2019-02-28,1293.055
2019-03-03,1286.5
2019-03-04,1287.8
2019-03-05,1285.29
2019-03-06,1285.125
2019-03-07,1298.054
2019-03-10,1293.2
2019-03-11,1301.4
2019-03-12,1308.8
2019-03-13,1295.4
2019-03-14,1301.96
2019-03-17,1303.4
2019-03-18,1306.2
2019-03-19,1312.3
2019-03-20,1309.3
2019-03-21,1313.16
2019-03-24,1321.7
2019-03-25,1315.4
2019-03-26,1309.5
2019-03-27,1290.0
2019-03-28,1291.91
2019-03-31,1287.6
2019-04-01,1292.3
2019-04-02,1289.9
2019-04-03,1292.1
2019-04-04,1291.3
2019-04-07,1297.3
2019-04-08,1304.0
2019-04-09,1308.2
2019-04-10,1292.0
2019-04-11,1290.52
2019-04-14,1287.8
2019-04-15,1276.5
2019-04-16,1273.1
2019-04-17,1275.51
2019-04-21,1274.8
2019-04-22,1272.3
2019-04-23,1275.4
2019-04-24,1277.0
2019-04-25,1285.8
2019-04-28,1279.7
2019-04-29,1283.35
2019-04-30,1276.8
2019-05-01,1270.5
2019-05-02,1278.9
2019-05-05,1281.0
2019-05-06,1284.1
2019-05-07,1280.8
2019-05-08,1284.0
2019-05-09,1285.6
2019-05-12,1299.7
2019-05-13,1297.1
2019-05-14,1296.3
2019-05-15,1286.9
2019-05-16,1277.1
2019-05-19,1277.5
2019-05-20,1274.3
2019-05-21,1273.2
2019-05-22,1283.2
2019-05-23,1284.59
2019-05-26,1279.2
2019-05-28,1279.8
2019-05-29,1288.3
2019-05-30,1305.2
2019-06-02,1324.72
2019-06-03,1324.8
2019-06-04,1329.7
2019-06-05,1335.2
2019-06-06,1340.3
2019-06-09,1327.7
2019-06-10,1326.69
2019-06-11,1333.84
2019-06-12,1341.96
2019-06-13,1341.29
2019-06-16,1339.776
2019-06-17,1346.6
2019-06-18,1360.24
2019-06-19,1387.435
2019-06-20,1398.6
2019-06-23,1419.1
2019-06-24,1423.594
2019-06-25,1409.39
2019-06-26,1409.71
2019-06-27,1409.1
2019-06-30,1383.77
2019-07-01,1421.624
2019-07-02,1418.75
2019-07-03,1399.5
2019-07-07,1395.08
2019-07-08,1397.276
2019-07-09,1418.46
2019-07-10,1404.236
2019-07-11,1415.3
2019-07-14,1414.385
2019-07-15,1406.156
2019-07-16,1426.356
2019-07-17,1446.936
2019-07-18,1425.38
2019-07-21,1425.238
2019-07-22,1417.846
2019-07-23,1425.81
2019-07-24,1414.13
2019-07-25,1418.2
2019-07-28,1426.6
2019-07-29,1431.08
2019-07-30,1412.3
2019-07-31,1445.2
2019-08-01,1440.59
2019-08-04,1463.0
2019-08-05,1474.17
2019-08-06,1500.336
2019-08-07,1505.512
2019-08-08,1497.18
2019-08-11,1510.982
2019-08-12,1501.936
2019-08-13,1516.596
2019-08-14,1523.046
2019-08-15,1513.26
2019-08-18,1496.085
2019-08-19,1507.858
2019-08-20,1502.324
2019-08-21,1498.836
2019-08-22,1526.74
2019-08-25,1527.205
2019-08-26,1541.945
2019-08-27,1539.625
2019-08-28,1527.748
2019-08-29,1520.34
2019-09-01,1546.79
2019-09-03,1551.957
2019-09-04,1518.8
2019-09-05,1506.616
2019-09-08,1499.0
2019-09-09,1485.698
2019-09-10,1497.288
2019-09-11,1498.708
2019-09-12,1488.58
2019-09-15,1498.62
2019-09-16,1501.32
2019-09-17,1494.088
2019-09-18,1499.168
2019-09-19,1516.777
2019-09-22,1522.076
2019-09-23,1532.012
2019-09-24,1503.868
2019-09-25,1504.67
2019-09-26,1496.78
2019-09-29,1472.16
2019-09-30,1479.1
2019-10-01,1499.52
2019-10-02,1505.476
2019-10-03,1504.65
2019-10-06,1493.218
2019-10-07,1505.624
2019-10-08,1505.362
2019-10-09,1493.692
2019-10-10,1488.67
2019-10-13,1493.33
2019-10-14,1480.858
2019-10-15,1490.1
2019-10-16,1491.756
2019-10-17,1490.115
2019-10-20,1484.688
2019-10-21,1487.688
2019-10-22,1491.632
2019-10-23,1503.576
2019-10-24,1504.398
2019-10-27,1492.298
2019-10-28,1488.015
2019-10-29,1495.598
2019-10-30,1512.564
2019-10-31,1514.017
2019-11-03,1509.6
2019-11-04,1483.3
2019-11-05,1490.4
2019-11-06,1468.3
2019-11-07,1458.796
2019-11-10,1455.6
2019-11-11,1456.3
2019-11-12,1463.5
2019-11-13,1471.12
2019-11-14,1467.918
2019-11-17,1471.2
2019-11-18,1472.3
2019-11-19,1471.5
2019-11-20,1464.225
2019-11-21,1461.903
2019-11-24,1455.2
2019-11-25,1461.2
2019-11-26,1454.3
2019-11-27,1463.6
2019-12-01,1462.2
2019-12-02,1477.3
2019-12-03,1474.4
2019-12-04,1475.8
2019-12-05,1460.028
2019-12-08,1461.438
2019-12-09,1464.188
2019-12-10,1474.5
2019-12-11,1469.6
2019-12-12,1475.668
2019-12-15,1475.958
2019-12-16,1476.118
2019-12-17,1475.2
2019-12-18,1478.6
2019-12-19,1477.968
2019-12-22,1485.54
2019-12-23,1499.3
2019-12-25,1511.3
2019-12-26,1510.81
2019-12-29,1514.9
2019-12-30,1517.177
2020-01-01,1528.9
2020-01-02,1552.108
2020-01-05,1565.4
2020-01-06,1574.11
2020-01-07,1556.1
2020-01-08,1552.2
2020-01-09,1562.077
2020-01-12,1547.5
2020-01-13,1546.3
2020-01-14,1556.128
2020-01-15,1552.3
2020-01-16,1557.168
2020-01-19,1557.9
2020-01-21,1558.6
2020-01-22,1562.788
2020-01-23,1571.448
2020-01-26,1581.8
2020-01-27,1567.0
2020-01-28,1576.9
2020-01-29,1573.9
2020-01-30,1589.687
2020-02-02,1576.677
2020-02-03,1552.796
2020-02-04,1555.91
2020-02-05,1566.6
2020-02-06,1570.137
2020-02-09,1571.9
2020-02-10,1567.8
2020-02-11,1565.8
2020-02-12,1575.91
2020-02-13,1583.597
2020-02-16,1601.397
2020-02-18,1611.347
2020-02-19,1619.5
2020-02-20,1643.147
2020-02-23,1659.156
2020-02-24,1634.83
2020-02-25,1640.7
2020-02-26,1644.687
2020-02-27,1585.634
2020-03-01,1588.6
2020-03-02,1640.6
2020-03-03,1636.637
2020-03-04,1671.837
2020-03-05,1673.527
2020-03-08,1679.808
2020-03-09,1649.205
2020-03-10,1633.818
2020-03-11,1576.0
2020-03-12,1529.708
2020-03-15,1514.2
2020-03-16,1527.728
2020-03-17,1486.1
2020-03-18,1470.9
2020-03-19,1498.7
2020-03-22,1554.238
2020-03-23,1622.22
2020-03-24,1613.778
2020-03-25,1629.2
2020-03-26,1626.148
2020-03-29,1622.5
2020-03-30,1575.007
2020-03-31,1588.428
2020-04-01,1612.817
2020-04-02,1616.4
2020-04-05,1660.7
2020-04-06,1646.08
2020-04-07,1644.0
2020-04-08,1681.8
2020-04-12,1712.45
2020-04-13,1728.8
2020-04-14,1716.06
2020-04-15,1716.969
2020-04-16,1681.631
2020-04-19,1694.56
2020-04-20,1686.295
2020-04-21,1713.6
2020-04-22,1729.5
2020-04-23,1727.4
2020-04-26,1710.9
2020-04-27,1707.19
2020-04-28,1710.2
2020-04-29,1685.125
2020-04-30,1698.215
2020-05-03,1701.7
2020-05-04,1704.575
2020-05-05,1685.5
2020-05-06,1715.15
2020-05-07,1700.6
2020-05-10,1695.77
2020-05-11,1701.81
2020-05-12,1715.21
2020-05-13,1730.86
2020-05-14,1741.0
2020-05-17,1730.23
2020-05-18,1744.7
2020-05-19,1747.155
2020-05-20,1726.24
2020-05-21,1734.3
2020-05-24,1710.2
2020-05-26,1709.0
2020-05-27,1717.9
2020-05-28,1729.326
2020-05-31,1739.2
2020-06-01,1724.798
2020-06-02,1698.716
2020-06-03,1713.6
2020-06-04,1681.6
2020-06-07,1697.268
2020-06-08,1712.788
2020-06-09,1737.356
2020-06-10,1727.96
2020-06-11,1729.649
2020-06-14,1724.558
2020-06-15,1725.796
2020-06-16,1724.23
2020-06-17,1721.696
2020-06-18,1743.126
2020-06-21,1754.006
2020-06-22,1767.408
2020-06-23,1760.208
2020-06-24,1763.378
2020-06-25,1770.454
2020-06-28,1771.43
2020-06-29,1781.858
2020-06-30,1769.515
2020-07-01,1775.266
2020-07-02,1782.839
2020-07-06,1794.795
2020-07-07,1808.575
2020-07-08,1803.1
2020-07-09,1798.84
2020-07-12,1802.628
2020-07-13,1808.206
2020-07-14,1808.0
2020-07-15,1796.734
2020-07-16,1808.9
2020-07-19,1817.568
2020-07-20,1840.9
2020-07-21,1872.094
2020-07-22,1886.394
2020-07-23,1900.6
2020-07-26,1941.61
2020-07-27,1957.73
2020-07-28,1970.358
2020-07-29,1955.904
2020-07-30,1974.9
2020-08-02,1976.344
2020-08-03,2018.1
2020-08-04,2038.204
2020-08-05,2063.564
2020-08-06,2034.9
2020-08-09,2027.448
2020-08-10,1911.444
2020-08-11,1915.525
2020-08-12,1952.578
2020-08-13,1943.61
2020-08-16,1985.0
2020-08-17,2001.928
2020-08-18,1928.82
2020-08-19,1946.925
2020-08-20,1939.647
2020-08-23,1928.794
2020-08-24,1930.184
2020-08-25,1954.688
2020-08-26,1929.2
2020-08-27,1964.5
2020-08-30,1967.244
2020-08-31,1969.164
2020-09-01,1942.405
2020-09-02,1930.3
2020-09-03,1932.8
2020-09-06,1931.919
2020-09-08,1946.246
2020-09-09,1944.748
2020-09-10,1939.4
2020-09-13,1956.748
2020-09-14,1952.948
2020-09-15,1959.004
2020-09-16,1943.954
2020-09-17,1950.3
2020-09-20,1912.327
2020-09-21,1899.744
2020-09-22,1862.757
2020-09-23,1867.307
2020-09-24,1860.0
2020-09-27,1880.908
2020-09-28,1898.188
2020-09-29,1885.328
2020-09-30,1905.128
2020-10-01,1898.7
2020-10-04,1912.668
2020-10-05,1878.465
2020-10-06,1887.044
2020-10-07,1893.678
2020-10-08,1929.4
2020-10-11,1922.614
2020-10-12,1891.318
2020-10-13,1901.638
2020-10-14,1908.394
2020-10-15,1898.594
2020-10-18,1903.548
2020-10-19,1908.028
2020-10-20,1924.0
2020-10-21,1903.654
2020-10-22,1901.174
2020-10-25,1901.454
2020-10-26,1907.915
2020-10-27,1876.56
2020-10-28,1867.36
2020-10-29,1877.9
2020-11-01,1894.185
2020-11-02,1908.828
2020-11-03,1902.288
2020-11-04,1949.238
2020-11-05,1950.984
2020-11-08,1862.078
2020-11-09,1877.14
2020-11-10,1865.225
2020-11-11,1876.588
2020-11-12,1888.825
2020-11-15,1888.194
2020-11-16,1879.245
2020-11-17,1872.16
2020-11-18,1865.355
2020-11-19,1870.318
2020-11-22,1836.855
2020-11-23,1806.794
2020-11-24,1807.2
2020-11-25,1787.5
2020-11-29,1776.7
2020-11-30,1814.788
2020-12-01,1829.9
2020-12-02,1840.295
2020-12-03,1838.208
2020-12-06,1862.3
2020-12-07,1869.45
2020-12-08,1838.89
2020-12-09,1836.378
2020-12-10,1838.998
2020-12-13,1827.33
2020-12-14,1852.26
2020-12-15,1863.56
2020-12-16,1884.72
2020-12-17,1880.838
2020-12-20,1876.435
2020-12-21,1860.2
2020-12-22,1872.69
2020-12-23,1878.97
2020-12-27,1873.22
2020-12-28,1878.078
2020-12-29,1894.1
2020-12-30,1897.9
2021-01-03,1942.07
2021-01-04,1949.75
2021-01-05,1918.05
2021-01-06,1913.19
2021-01-07,1848.445
2021-01-10,1842.9
2021-01-11,1854.4
2021-01-12,1844.78
2021-01-13,1845.51
2021-01-14,1827.635
2021-01-17,1839.9
2021-01-19,1871.344
2021-01-20,1869.235
2021-01-21,1854.8
2021-01-24,1855.5
2021-01-25,1850.207
2021-01-26,1841.37
2021-01-27,1841.91
2021-01-28,1846.715
2021-01-31,1860.4
2021-02-01,1837.265
2021-02-02,1833.6
2021-02-03,1793.96
2021-02-04,1812.98
2021-02-07,1830.3
2021-02-08,1838.16
2021-02-09,1842.495
2021-02-10,1825.1
2021-02-11,1823.13
2021-02-14,1794.546
2021-02-16,1776.22
2021-02-17,1775.186
2021-02-18,1783.346
2021-02-21,1808.986
2021-02-22,1805.3
2021-02-23,1804.586
2021-02-24,1769.994
2021-02-25,1732.526
2021-02-28,1724.6
2021-03-01,1737.736
2021-03-02,1710.8
2021-03-03,1697.138
2021-03-04,1698.636
2021-03-07,1683.335
2021-03-08,1715.36
2021-03-09,1726.416
2021-03-10,1722.188
2021-03-11,1726.958
2021-03-14,1731.469
2021-03-15,1731.276
2021-03-16,1744.48
2021-03-17,1735.67
2021-03-18,1744.858
2021-03-21,1738.686
2021-03-22,1726.428
2021-03-23,1734.3
2021-03-24,1726.829
2021-03-25,1730.9
2021-03-28,1712.0
2021-03-29,1684.83
2021-03-30,1707.47
2021-03-31,1728.33
2021-04-04,1727.795
2021-04-05,1742.76
2021-04-06,1737.6
2021-04-07,1755.41
2021-04-08,1744.2
2021-04-11,1731.9
2021-04-12,1745.408
2021-04-13,1736.029
2021-04-14,1763.474
2021-04-15,1775.85
2021-04-18,1770.15
2021-04-19,1778.56
2021-04-20,1794.0
2021-04-21,1783.559
2021-04-22,1777.1
2021-04-25,1780.879
2021-04-26,1776.186
2021-04-27,1781.606
2021-04-28,1771.8
2021-04-29,1768.76
2021-05-02,1792.438
2021-05-03,1778.397
2021-05-04,1786.4
2021-05-05,1814.368
2021-05-06,1831.12
2021-05-09,1835.3
2021-05-10,1837.045
2021-05-11,1815.307
2021-05-12,1826.186
2021-05-13,1842.1
2021-05-16,1866.378
2021-05-17,1869.325
2021-05-18,1869.497
2021-05-19,1877.54
2021-05-20,1880.3
2021-05-23,1880.0
2021-05-24,1898.358
2021-05-25,1895.7
2021-05-26,1896.76
2021-05-27,1902.6
2021-05-30,1900.27
2021-06-01,1908.01
2021-06-02,1870.754
2021-06-03,1889.9
2021-06-06,1898.745
2021-06-07,1891.8
2021-06-08,1888.4
2021-06-09,1898.3
2021-06-10,1876.6
2021-06-13,1866.034
2021-06-14,1859.0
2021-06-15,1811.6
2021-06-16,1772.57
2021-06-17,1763.3
2021-06-20,1782.748
2021-06-21,1777.98
2021-06-22,1777.75
2021-06-23,1775.224
2021-06-24,1780.3
2021-06-27,1778.05
2021-06-28,1760.92
2021-06-29,1769.97
2021-06-30,1776.12
2021-07-01,1787.3
2021-07-04,1796.308
2021-07-06,1803.687
2021-07-07,1802.148
2021-07-08,1807.9
2021-07-11,1805.75
2021-07-12,1807.908
2021-07-13,1826.91
2021-07-14,1829.0
2021-07-15,1810.8
2021-07-18,1812.0
2021-07-19,1809.81
2021-07-20,1803.16
2021-07-21,1806.708
2021-07-22,1801.3
2021-07-25,1796.99
2021-07-26,1798.38
2021-07-27,1806.51
2021-07-28,1827.51
2021-07-29,1814.15
2021-08-01,1812.826
2021-08-02,1810.22
2021-08-03,1811.3
2021-08-04,1803.62
2021-08-05,1762.6
2021-08-08,1729.633
2021-08-09,1728.836
2021-08-10,1750.015
2021-08-11,1752.278
2021-08-12,1779.218
2021-08-15,1787.368
2021-08-16,1785.88
2021-08-17,1787.528
2021-08-18,1779.823
2021-08-19,1780.66
2021-08-22,1805.138
2021-08-23,1802.7
2021-08-24,1790.134
2021-08-25,1792.38
2021-08-26,1816.52
2021-08-29,1809.448
2021-08-30,1813.296
2021-08-31,1813.264
2021-09-01,1808.645
2021-09-02,1826.1
2021-09-05,1794.01
2021-09-07,1788.6
2021-09-08,1794.35
2021-09-09,1787.52
2021-09-12,1793.046
2021-09-13,1804.1
2021-09-14,1794.0
2021-09-15,1753.523
2021-09-16,1753.4
2021-09-19,1764.0
2021-09-20,1773.828
2021-09-21,1768.25
2021-09-22,1742.84
2021-09-23,1749.976
2021-09-26,1749.86
2021-09-27,1733.798
2021-09-28,1725.766
2021-09-29,1756.388
2021-09-30,1760.65
2021-10-03,1769.65
2021-10-04,1759.495
2021-10-05,1762.565
2021-10-06,1756.276
2021-10-07,1756.63
2021-10-10,1753.409
2021-10-11,1759.686
2021-10-12,1792.568
2021-10-13,1795.29
2021-10-14,1766.453
2021-10-17,1764.5
2021-10-18,1769.568
2021-10-19,1781.39
2021-10-20,1782.248
2021-10-21,1792.28
2021-10-24,1807.43
2021-10-25,1792.706
2021-10-26,1796.06
2021-10-27,1799.118
2021-10-28,1782.763
2021-10-31,1793.113
2021-11-01,1787.863
2021-11-02,1768.734
2021-11-03,1790.63
2021-11-04,1816.7
2021-11-07,1823.6
2021-11-08,1831.7
2021-11-09,1848.885
2021-11-10,1861.29
2021-11-11,1864.74
2021-11-14,1862.545
2021-11-15,1849.64
2021-11-16,1867.07
2021-11-17,1858.6
2021-11-18,1845.295
2021-11-21,1804.186
2021-11-22,1788.746
2021-11-23,1788.45
2021-11-24,1791.6
2021-11-28,1784.135
2021-11-29,1773.986
2021-11-30,1781.414
2021-12-01,1768.466
2021-12-02,1782.83
2021-12-05,1778.4
2021-12-06,1783.528
2021-12-07,1782.7
2021-12-08,1774.03
2021-12-09,1782.446
2021-12-12,1785.79
2021-12-13,1770.494
2021-12-14,1776.73
2021-12-15,1798.91
2021-12-16,1797.933
2021-12-19,1790.23
2021-12-20,1788.4
2021-12-21,1802.48
2021-12-22,1808.58
2021-12-26,1811.735
2021-12-27,1806.0
2021-12-28,1804.406
2021-12-29,1814.1
2021-12-30,1829.24
2022-01-02,1801.3
2022-01-03,1814.086
2022-01-04,1809.18
2022-01-05,1790.795
2022-01-06,1795.92
2022-01-09,1801.21
2022-01-10,1821.39
2022-01-11,1826.0
2022-01-12,1822.3
2022-01-13,1817.482
2022-01-16,1813.4
2022-01-18,1839.96
2022-01-19,1838.79
2022-01-20,1834.36
2022-01-23,1842.62
2022-01-24,1847.87
2022-01-25,1819.35
2022-01-26,1797.26
2022-01-27,1791.16
2022-01-30,1796.64
2022-01-31,1800.38
2022-02-01,1806.34
2022-02-02,1804.534
2022-02-03,1807.54
2022-02-06,1820.1
2022-02-07,1825.6
2022-02-08,1832.42
2022-02-09,1826.79
2022-02-10,1858.44
2022-02-13,1871.1
2022-02-14,1853.36
2022-02-15,1869.11
2022-02-16,1898.35
2022-02-17,1898.23
2022-02-20,1898.16
2022-02-22,1907.76
2022-02-23,1902.94
2022-02-24,1889.07
2022-02-27,1908.67
2022-02-28,1944.67
2022-03-01,1928.35
2022-03-02,1935.41
2022-03-03,1970.95
2022-03-06,1997.1
2022-03-07,2050.168
2022-03-08,1991.3
2022-03-09,1996.8
2022-03-10,1988.23
2022-03-13,1950.0
2022-03-14,1918.39
2022-03-15,1927.46
2022-03-16,1942.5
2022-03-17,1921.198
2022-03-20,1935.99
2022-03-21,1920.862
2022-03-22,1942.15
2022-03-23,1957.381
2022-03-24,1957.69
2022-03-27,1921.772
2022-03-28,1919.02
2022-03-29,1932.65
2022-03-30,1936.32
2022-03-31,1924.3
2022-04-03,1932.67
2022-04-04,1923.43
2022-04-05,1923.84
2022-04-06,1930.91
2022-04-07,1945.8
2022-04-10,1953.69
2022-04-11,1966.308
2022-04-12,1977.7
2022-04-13,1973.2
2022-04-17,1978.18
2022-04-18,1949.911
2022-04-19,1957.398
2022-04-20,1951.451
2022-04-21,1929.7
2022-04-24,1897.967
2022-04-25,1905.117
2022-04-26,1885.567
2022-04-27,1894.441
2022-04-28,1895.638
2022-05-01,1863.111
2022-05-02,1867.03
2022-05-03,1881.298
2022-05-04,1876.561
2022-05-05,1882.99
2022-05-08,1853.982
2022-05-09,1837.8
2022-05-10,1851.76
2022-05-11,1822.158
2022-05-12,1810.678
2022-05-15,1824.29
2022-05-16,1814.565
2022-05-17,1815.776
2022-05-18,1840.9
2022-05-19,1845.6
2022-05-22,1852.893
2022-05-23,1866.258
2022-05-24,1851.898
2022-05-25,1850.328
2022-05-26,1852.838
2022-05-29,1836.652
2022-05-31,1845.9
2022-06-01,1868.458
2022-06-02,1851.04
2022-06-05,1840.458
2022-06-06,1851.98
2022-06-07,1852.178
2022-06-08,1847.798
2022-06-09,1870.9
2022-06-12,1819.79
2022-06-13,1807.9
2022-06-14,1832.57
2022-06-15,1857.218
2022-06-16,1839.3
2022-06-19,1832.44
2022-06-21,1837.588
2022-06-22,1822.888
2022-06-23,1826.1
2022-06-26,1822.368
2022-06-27,1819.338
2022-06-28,1817.61
2022-06-29,1807.288
2022-06-30,1810.1
2022-07-03,1765.073
2022-07-05,1738.59
2022-07-06,1739.964
2022-07-07,1741.8
2022-07-10,1733.478
2022-07-11,1725.217
2022-07-12,1734.5
2022-07-13,1710.321
2022-07-14,1706.7
2022-07-17,1709.24
2022-07-18,1711.17
2022-07-19,1696.549
2022-07-20,1717.859
2022-07-21,1726.4
2022-07-24,1719.328
2022-07-25,1716.339
2022-07-26,1734.048
2022-07-27,1756.199
2022-07-28,1765.337
2022-07-31,1771.408
2022-08-01,1760.02
2022-08-02,1765.098
2022-08-03,1790.69
2022-08-04,1774.1
2022-08-07,1788.14
2022-08-08,1794.807
2022-08-09,1791.29
2022-08-10,1789.398
2022-08-11,1801.97
2022-08-14,1778.858
2022-08-15,1775.848
2022-08-16,1761.429
2022-08-17,1758.959
2022-08-18,1746.96
2022-08-21,1735.839
2022-08-22,1748.03
2022-08-23,1750.859
2022-08-24,1758.092
2022-08-25,1736.8
2022-08-28,1736.719
2022-08-29,1723.248
2022-08-30,1710.93
2022-08-31,1696.09
2022-09-01,1711.4
2022-09-04,1701.401
2022-09-06,1717.76
2022-09-07,1708.37
2022-09-08,1716.05
2022-09-11,1724.969
2022-09-12,1701.56
2022-09-13,1696.794
2022-09-14,1664.71
2022-09-15,1674.02
2022-09-18,1675.64
2022-09-19,1664.54
2022-09-20,1673.2
2022-09-21,1670.948
2022-09-22,1643.0
2022-09-25,1622.15
2022-09-26,1628.56
2022-09-27,1659.71
2022-09-28,1661.026
2022-09-29,1660.73
2022-10-02,1699.288
2022-10-03,1725.16
2022-10-04,1715.84
2022-10-05,1711.75
2022-10-06,1693.7
2022-10-09,1668.0
2022-10-10,1665.97
2022-10-11,1673.0
2022-10-12,1666.0
2022-10-13,1643.78
2022-10-16,1650.18
2022-10-17,1651.33
2022-10-18,1629.21
2022-10-19,1627.027
2022-10-20,1656.6
2022-10-23,1649.86
2022-10-24,1652.92
2022-10-25,1663.89
2022-10-26,1662.1
2022-10-27,1644.3
2022-10-30,1632.77
2022-10-31,1648.18
2022-11-01,1635.298
2022-11-02,1629.4
2022-11-03,1680.2
2022-11-06,1675.48
2022-11-07,1712.17
2022-11-08,1706.67
2022-11-09,1755.49
2022-11-10,1771.198
2022-11-13,1771.28
2022-11-14,1778.89
2022-11-15,1773.6
2022-11-16,1760.03
2022-11-17,1750.398
2022-11-20,1737.83
2022-11-21,1739.7
2022-11-22,1749.37
2022-11-23,1754.26
2022-11-27,1741.24
2022-11-28,1749.7
2022-11-29,1768.0
2022-11-30,1802.5
2022-12-01,1797.248
2022-12-04,1768.4
2022-12-05,1770.6
2022-12-06,1785.83
2022-12-07,1788.92
2022-12-08,1797.11
2022-12-11,1780.27
2022-12-12,1810.84
2022-12-13,1807.23
2022-12-14,1776.54
2022-12-15,1792.588
2022-12-18,1787.3
2022-12-19,1817.6
2022-12-20,1814.1
2022-12-21,1792.36
2022-12-22,1797.688
2022-12-26,1813.3
2022-12-27,1804.0
2022-12-28,1814.5
2022-12-29,1822.79
2023-01-02,1839.0
2023-01-03,1854.1
2023-01-04,1832.488
2023-01-05,1865.487
2023-01-08,1871.65
2023-01-09,1876.6
2023-01-10,1875.3
2023-01-11,1896.7
2023-01-12,1920.15
2023-01-15,1908.2
2023-01-17,1903.7
2023-01-18,1931.8
2023-01-19,1925.95
2023-01-22,1930.6
2023-01-23,1937.0
2023-01-24,1945.78
2023-01-25,1928.8
2023-01-26,1927.286
2023-01-29,1923.1
2023-01-30,1928.26
2023-01-31,1950.17
2023-02-01,1912.3
2023-02-02,1864.9
2023-02-05,1867.04
2023-02-06,1872.1
2023-02-07,1875.04
2023-02-08,1860.66
2023-02-09,1865.14
2023-02-12,1853.36
2023-02-13,1854.37
2023-02-14,1835.6
2023-02-15,1836.24
2023-02-16,1841.73
2023-02-19,1834.82
2023-02-21,1824.29
2023-02-22,1821.9
2023-02-23,1809.87
2023-02-26,1816.7
2023-02-27,1826.69
2023-02-28,1836.3
2023-03-01,1835.4
2023-03-02,1855.84
2023-03-05,1846.46
2023-03-06,1813.36
2023-03-07,1813.64
2023-03-08,1829.28
2023-03-09,1866.99
2023-03-12,1912.68
2023-03-13,1903.4
2023-03-14,1918.11
2023-03-15,1921.51
2023-03-16,1988.5
2023-03-19,1978.5
2023-03-20,1939.704
2023-03-21,1969.714
2023-03-22,1992.6
2023-03-23,1976.9
2023-03-26,1956.184
2023-03-27,1973.3
2023-03-28,1962.97
2023-03-29,1980.36
2023-03-30,1968.53
2023-04-02,1984.168
2023-04-03,2020.66
2023-04-04,2020.35
2023-04-05,2007.8
2023-04-09,1990.71
2023-04-10,2003.484
2023-04-11,2014.404
2023-04-12,2040.27
2023-04-13,2003.43
2023-04-16,1994.688
2023-04-17,2005.104
2023-04-18,1994.61
2023-04-19,2004.334
2023-04-20,1982.37
2023-04-23,1988.85
2023-04-24,1996.74
2023-04-25,1989.87
2023-04-26,1987.92
2023-04-27,1989.62
2023-04-30,1981.18
2023-05-01,2016.58
2023-05-02,2042.86
2023-05-03,2049.92
2023-05-04,2015.94
2023-05-07,2020.44
2023-05-08,2034.15
2023-05-09,2029.4
2023-05-10,2014.9
2023-05-11,2010.9
2023-05-14,2015.73
2023-05-15,1988.24
2023-05-16,1981.32
2023-05-17,1957.66
2023-05-18,1977.3
2023-05-21,1969.2
2023-05-22,1974.74
2023-05-23,1957.08
2023-05-24,1939.96
2023-05-25,1946.13
2023-05-28,1958.12
2023-05-30,1962.77
2023-05-31,1976.69
2023-06-01,1947.5
2023-06-04,1961.084
2023-06-05,1963.23
2023-06-06,1940.21
2023-06-07,1965.7
2023-06-08,1960.78
2023-06-11,1956.91
2023-06-12,1943.09
2023-06-13,1941.804
2023-06-14,1954.955
2023-06-15,1957.3
2023-06-18,1935.16
2023-06-20,1932.198
2023-06-21,1913.53
2023-06-22,1920.26
2023-06-25,1922.25
2023-06-26,1913.46
2023-06-27,1907.68
2023-06-28,1907.41
2023-06-29,1919.36
2023-07-02,1920.73
2023-07-03,1914.51
2023-07-05,1910.81
2023-07-06,1925.0
2023-07-09,1925.08
2023-07-10,1932.21
2023-07-11,1956.4
2023-07-12,1959.944
2023-07-13,1954.8
2023-07-16,1954.28
2023-07-17,1978.61
2023-07-18,1976.18
2023-07-19,1969.25
2023-07-20,1960.8
2023-07-23,1954.65
2023-07-24,1964.83
2023-07-25,1971.25
2023-07-26,1945.715
2023-07-27,1959.12
2023-07-30,1965.58
2023-07-31,1950.029
2023-08-01,1933.64
2023-08-02,1933.705
2023-08-03,1942.69
2023-08-06,1936.415
2023-08-07,1924.84
2023-08-08,1914.675
2023-08-09,1912.025
2023-08-10,1913.04
2023-08-13,1907.15
2023-08-14,1901.639
2023-08-15,1891.91
2023-08-16,1889.62
2023-08-17,1888.9
2023-08-20,1894.27
2023-08-21,1897.191
2023-08-22,1915.42
2023-08-23,1916.82
2023-08-24,1914.52
2023-08-27,1919.598
2023-08-28,1936.9
2023-08-29,1942.23
2023-08-30,1939.96
2023-08-31,1939.3
2023-09-03,1925.64
2023-09-05,1916.37
2023-09-06,1919.37
2023-09-07,1918.07
2023-09-10,1921.588
2023-09-11,1911.675
2023-09-12,1908.41
2023-09-13,1910.63
2023-09-14,1923.56
2023-09-17,1933.04
2023-09-18,1931.288
2023-09-19,1930.78
2023-09-20,1919.63
2023-09-21,1924.68
2023-09-24,1915.84
2023-09-25,1900.35
2023-09-26,1875.53
2023-09-27,1864.59
2023-09-28,1848.1
2023-10-01,1827.95
2023-10-02,1822.7
2023-10-03,1821.02
2023-10-04,1820.01
2023-10-05,1832.54
2023-10-08,1861.29
2023-10-09,1859.498
2023-10-10,1874.128
2023-10-11,1868.69
2023-10-12,1932.4
2023-10-15,1920.05
2023-10-16,1922.84
2023-10-17,1947.2
2023-10-18,1973.3
2023-10-19,1980.9
2023-10-22,1972.4
2023-10-23,1970.8
2023-10-24,1979.62
2023-10-25,1984.41
2023-10-26,2006.0
2023-10-29,1995.7
2023-10-30,1983.56
2023-10-31,1982.34
2023-11-01,1985.498
2023-11-02,1992.08
2023-11-05,1977.544
2023-11-06,1969.15
2023-11-07,1949.54
2023-11-08,1958.24
2023-11-09,1938.148
2023-11-12,1945.948
2023-11-13,1963.178
2023-11-14,1959.1
2023-11-15,1981.0
2023-11-16,1980.65
2023-11-19,1977.45
2023-11-20,1998.13
2023-11-21,1989.548
2023-11-22,2002.1
2023-11-26,2013.64
2023-11-27,2040.71
2023-11-28,2044.068
2023-11-29,2036.098
2023-11-30,2071.95
2023-12-03,2028.85
2023-12-04,2019.22
2023-12-05,2025.219
2023-12-06,2028.389
2023-12-07,2004.25
2023-12-10,1981.624
2023-12-11,1979.37
2023-12-12,2027.385
2023-12-13,2036.3
2023-12-14,2019.485
2023-12-17,2026.984
2023-12-18,2040.105
2023-12-19,2031.735
2023-12-20,2045.845
2023-12-21,2052.79
2023-12-25,2067.789
2023-12-26,2077.495
2023-12-27,2065.439
2023-12-28,2062.68
2024-01-01,2058.699
2024-01-02,2041.195
2024-01-03,2043.348
2024-01-04,2045.44
2024-01-07,2027.909
2024-01-08,2029.9
2024-01-09,2024.105
2024-01-10,2028.83
2024-01-11,2048.92
2024-01-14,2028.155
2024-01-16,2005.945
2024-01-17,2022.835
2024-01-18,2029.47
2024-01-21,2021.2
2024-01-22,2029.015
2024-01-23,2013.5
2024-01-24,2020.505
2024-01-25,2017.915
2024-01-28,2032.955
2024-01-29,2036.82
2024-01-30,2039.105
2024-01-31,2054.545
2024-02-01,2039.58
2024-02-04,2025.005
2024-02-05,2035.365
2024-02-06,2034.805
2024-02-07,2033.785
2024-02-08,2024.155
2024-02-11,2019.885
2024-02-12,1992.855
2024-02-13,1991.98
2024-02-14,2004.105
2024-02-15,2013.055
2024-02-18,2024.095
2024-02-20,2025.895
2024-02-21,2024.09
2024-02-22,2035.43
2024-02-25,2030.885
2024-02-26,2029.964
2024-02-27,2034.085
2024-02-28,2043.98
2024-02-29,2082.65
2024-03-03,2114.295
2024-03-04,2127.913
2024-03-05,2147.952
2024-03-06,2159.715
2024-03-07,2178.965
2024-03-10,2182.008
2024-03-11,2157.698
2024-03-12,2174.323
2024-03-13,2161.708
2024-03-14,2155.625
2024-03-17,2160.328
2024-03-18,2157.412
2024-03-19,2185.8
2024-03-20,2181.072
2024-03-21,2164.7
2024-03-24,2171.088
2024-03-25,2178.3
2024-03-26,2194.503
2024-03-27,2232.1
2024-03-31,2251.37
2024-04-01,2278.7
2024-04-02,2299.607
2024-04-03,2289.0
2024-04-04,2329.57
2024-04-07,2338.7
2024-04-08,2352.911
2024-04-09,2332.6
2024-04-10,2371.606
2024-04-11,2343.285
2024-04-14,2382.3
2024-04-15,2382.7
2024-04-16,2360.2
2024-04-17,2378.266
2024-04-18,2391.77
2024-04-21,2326.1
2024-04-22,2321.56
2024-04-23,2315.022
2024-04-24,2331.511
2024-04-25,2337.91
2024-04-28,2335.451
2024-04-29,2285.4
2024-04-30,2319.742
2024-05-01,2302.7
2024-05-02,2301.93
2024-05-05,2325.763
2024-05-06,2313.917
2024-05-07,2308.5
2024-05-08,2345.7
2024-05-09,2360.22
2024-05-12,2336.3
2024-05-13,2357.8
2024-05-14,2386.126
2024-05-15,2376.4
2024-05-16,2414.5
2024-05-19,2425.0
2024-05-20,2420.645
2024-05-21,2378.55
2024-05-22,2328.806
2024-05-23,2333.75
2024-05-26,2360.331
2024-05-28,2337.861
2024-05-29,2343.801
2024-05-30,2326.97
2024-06-02,2350.2
2024-06-03,2325.918
2024-06-04,2356.298
2024-06-05,2375.498
2024-06-06,2293.59
2024-06-09,2310.6
2024-06-10,2316.2
2024-06-11,2324.498
2024-06-12,2301.0
2024-06-13,2332.52
2024-06-16,2316.0
2024-06-17,2329.18
2024-06-18,2359.898
2024-06-20,2321.45
2024-06-23,2332.8
2024-06-24,2318.7
2024-06-25,2298.098
2024-06-26,2327.3
2024-06-27,2326.41
2024-06-30,2331.5
2024-07-01,2329.2
2024-07-02,2353.2
2024-07-03,2391.24
2024-07-07,2358.2
2024-07-08,2363.4
2024-07-09,2370.9
2024-07-10,2415.298
2024-07-11,2410.78
2024-07-14,2421.61
2024-07-15,2468.4
2024-07-16,2458.06
2024-07-17,2445.14
2024-07-18,2400.38
2024-07-21,2396.15
2024-07-22,2408.518
2024-07-23,2397.4
2024-07-24,2365.3
2024-07-25,2386.89
2024-07-28,2383.58
2024-07-29,2410.27
2024-07-30,2447.6
2024-07-31,2444.6
2024-08-01,2442.08
2024-08-04,2409.39
2024-08-05,2389.1
2024-08-06,2383.49
2024-08-07,2426.5
2024-08-08,2430.87
2024-08-11,2471.93
2024-08-12,2466.498
2024-08-13,2447.4
2024-08-14,2456.8
2024-08-15,2506.844
2024-08-18,2503.8
2024-08-19,2513.6
2024-08-20,2511.8
2024-08-21,2481.7
2024-08-22,2512.01
2024-08-25,2517.68
2024-08-26,2524.4
2024-08-27,2503.858
2024-08-28,2520.64
2024-08-29,2502.98
2024-09-01,2492.405
2024-09-03,2494.725
2024-09-04,2516.048
2024-09-05,2497.09
2024-09-08,2505.885
2024-09-09,2515.978
2024-09-10,2511.14
2024-09-11,2558.6
2024-09-12,2577.57
2024-09-15,2582.22
2024-09-16,2569.09
2024-09-17,2558.83
2024-09-18,2586.124
2024-09-19,2621.79
2024-09-22,2628.274
2024-09-23,2657.074
2024-09-24,2656.082
2024-09-25,2672.033
2024-09-26,2657.97
2024-09-29,2634.25
2024-09-30,2663.05
2024-10-01,2658.013
2024-10-02,2655.474
2024-10-03,2653.27
2024-10-06,2642.625
2024-10-07,2620.565
2024-10-08,2606.954
2024-10-09,2629.62
2024-10-10,2657.03
2024-10-13,2648.68
2024-10-14,2662.27
2024-10-15,2673.7
2024-10-16,2691.833
2024-10-17,2721.12
2024-10-20,2719.43
2024-10-21,2748.65
2024-10-22,2715.062
2024-10-23,2735.94
2024-10-24,2746.56
2024-10-27,2741.88
2024-10-28,2774.152
2024-10-29,2787.042
2024-10-30,2743.6
2024-10-31,2735.8
2024-11-03,2735.52
2024-11-04,2743.694
2024-11-05,2658.895
2024-11-06,2705.995
2024-11-07,2684.035
2024-11-10,2619.375
2024-11-11,2597.895
2024-11-12,2572.195
2024-11-13,2564.145
2024-11-14,2562.715
2024-11-17,2611.605
2024-11-18,2632.105
2024-11-19,2650.145
2024-11-20,2669.37
2024-11-21,2715.805
2024-11-24,2624.645
2024-11-25,2632.785
2024-11-26,2635.785
2024-11-27,2650.25
2024-12-01,2638.555
2024-12-02,2643.225
2024-12-03,2649.325
2024-12-04,2631.665
2024-12-05,2632.664
2024-12-08,2659.354
2024-12-09,2693.514
2024-12-10,2717.395
2024-12-11,2680.595
2024-12-12,2647.385
2024-12-15,2652.7
2024-12-16,2645.575
2024-12-17,2584.574
2024-12-18,2593.585
2024-12-19,2622.435
2024-12-22,2611.635
2024-12-23,2616.539
2024-12-25,2632.705
2024-12-26,2621.348
2024-12-29,2605.705
2024-12-30,2624.16
2025-01-01,2657.195
2025-01-02,2638.41
2025-01-05,2635.995
2025-01-06,2648.185
2025-01-07,2661.105
2025-01-08,2669.525
2025-01-09,2689.755
2025-01-12,2662.475
2025-01-13,2676.875
2025-01-14,2695.719
2025-01-15,2713.745
2025-01-16,2702.12
2025-01-19,2744.005
2025-01-21,2755.755
2025-01-22,2754.145
2025-01-23,2770.0
2025-01-26,2739.755
2025-01-27,2763.005
2025-01-28,2758.615
2025-01-29,2793.465
2025-01-30,2797.46
2025-02-02,2814.13
2025-02-03,2841.4
2025-02-04,2866.235
2025-02-05,2855.81
2025-02-06,2860.09
2025-02-09,2907.55
2025-02-10,2897.23
2025-02-11,2903.975
2025-02-12,2927.305
2025-02-13,2882.085
2025-02-16,2935.53
2025-02-18,2933.15
2025-02-19,2938.995
2025-02-20,2934.955
2025-02-23,2952.725
2025-02-24,2914.52
2025-02-25,2916.025
2025-02-26,2876.485
2025-02-27,2856.998
2025-03-02,2891.43
2025-03-03,2916.625
2025-03-04,2918.9
2025-03-05,2910.99
2025-03-06,2909.355
2025-03-09,2888.37
2025-03-10,2915.46
2025-03-11,2933.9
2025-03-12,2988.698
2025-03-13,2984.02
2025-03-16,3000.74
2025-03-17,3034.34
2025-03-18,3048.88
2025-03-19,3044.41
2025-03-20,3022.79
2025-03-23,3011.0
2025-03-24,3019.82
2025-03-25,3019.08
2025-03-26,3055.698
2025-03-27,3084.33
2025-03-30,3122.97
2025-03-31,3113.397
2025-04-01,3138.238
2025-04-02,3114.28
2025-04-03,3037.31
2025-04-06,2980.8
2025-04-07,2982.16
2025-04-08,3082.0
2025-04-09,3175.37
2025-04-10,3236.68
2025-04-13,3210.657
2025-04-14,3229.53
2025-04-15,3340.03
2025-04-16,3326.83
2025-04-20,3423.846
2025-04-21,3379.37
2025-04-22,3287.94
2025-04-23,3348.836
2025-04-24,3318.76
2025-04-27,3343.875
2025-04-28,3316.89
2025-04-29,3288.57
2025-04-30,3238.837
2025-05-01,3240.61
2025-05-04,3335.987
2025-05-05,3437.026
2025-05-06,3365.19
2025-05-07,3304.067
2025-05-08,3326.46
2025-05-11,3236.048
2025-05-12,3249.52
2025-05-13,3176.58
2025-05-14,3239.798
2025-05-15,3201.78
2025-05-18,3230.01
2025-05-19,3290.267
2025-05-20,3316.796
2025-05-21,3294.667
2025-05-22,3357.519
2025-05-25,3300.617
2025-05-27,3287.967
2025-05-28,3317.19
2025-05-29,3288.58
2025-06-01,3382.716
2025-06-02,3353.345
2025-06-03,3374.25
2025-06-04,3353.867
2025-06-05,3309.25
2025-06-08,3324.97
2025-06-09,3322.72
2025-06-10,3357.172
2025-06-11,3385.716
2025-06-12,3433.35
2025-06-15,3384.666
2025-06-16,3389.698
2025-06-17,3370.316
2025-06-18,3367.64
2025-06-22,3367.05
2025-06-23,3323.515
2025-06-24,3333.276
2025-06-25,3327.536
2025-06-26,3273.43
2025-06-29,3303.09
2025-06-30,3338.86
2025-07-01,3357.896
2025-07-02,3325.42
2025-07-03,3339.036
2025-07-07,3301.827
2025-07-08,3312.72
2025-07-09,3323.61
2025-07-10,3354.75
2025-07-13,3342.56
2025-07-14,3324.316
2025-07-15,3347.667
2025-07-16,3338.85
2025-07-17,3349.53
2025-07-20,3396.866
2025-07-21,3431.766
2025-07-22,3388.216
2025-07-23,3368.08
2025-07-24,3336.22
2025-07-27,3313.696
2025-07-28,3327.115
2025-07-29,3275.817
2025-07-30,3289.83
2025-07-31,3362.64
2025-08-03,3374.206
2025-08-04,3380.31
2025-08-05,3368.426
2025-08-06,3400.056
2025-08-07,3398.579
2025-08-10,3342.307
2025-08-11,3348.267
2025-08-12,3356.667
2025-08-13,3334.99
2025-08-14,3335.28
2025-08-17,3333.267
2025-08-18,3315.51
2025-08-19,3349.367
2025-08-20,3338.4
2025-08-21,3371.235
2025-08-24,3365.316
2025-08-25,3392.948
2025-08-26,3398.616
2025-08-27,3416.615
2025-08-28,3446.805
2025-08-31,3532.405
2025-09-02,3559.914
2025-09-03,3546.365
2025-09-04,3586.0
2025-09-07,3635.764
2025-09-08,3623.604
2025-09-09,3641.098
2025-09-10,3633.464
2025-09-11,3643.06
2025-09-14,3678.91
2025-09-15,3689.463
2025-09-16,3658.89
2025-09-17,3643.653
2025-09-18,3684.65
2025-09-21,3745.698
2025-09-22,3765.052
2025-09-23,3735.613
2025-09-24,3748.88
2025-09-25,3758.78
2025-09-28,3832.662
2025-09-29,3858.41
2025-09-30,3865.1
2025-10-01,3856.07
2025-10-02,3885.66
2025-10-05,3959.27
2025-10-06,3984.34
2025-10-07,4040.42
2025-10-08,3974.53
2025-10-09,4017.845
2025-10-12,4110.428
2025-10-13,4142.588
2025-10-14,4208.867
2025-10-15,4326.48
2025-10-16,4250.93
2025-10-19,4355.62
2025-10-20,4123.968
2025-10-21,4097.94
2025-10-22,4127.459
2025-10-23,4111.555
2025-10-26,3981.84
2025-10-27,3952.321
2025-10-28,3928.77
2025-10-29,4024.46
2025-10-30,4002.69
2025-11-02,4002.4
2025-11-03,3932.02
2025-11-04,3979.695
2025-11-05,3976.525
2025-11-06,4000.289
2025-11-09,4115.595
2025-11-10,4126.71
2025-11-11,4194.675
2025-11-12,4171.15
2025-11-13,4082.159
2025-11-16,4044.505
2025-11-17,4066.605
2025-11-18,4077.025
2025-11-19,4076.099
2025-11-20,4064.279
2025-11-23,4134.719
2025-11-24,4130.425
2025-11-25,4162.565
2025-11-26,4218.55
2025-11-30,4230.439
2025-12-01,4205.745
2025-12-02,4202.42
2025-12-03,4207.87
2025-12-04,4197.405
2025-12-07,4190.4
2025-12-08,4207.069
2025-12-09,4227.645
2025-12-10,4279.21
2025-12-11,4299.285
2025-12-14,4304.76
2025-12-15,4302.18
2025-12-16,4338.83
2025-12-17,4332.51
2025-12-18,4338.669
2025-12-21,4443.96
2025-12-22,4485.34
2025-12-23,4479.39
2025-12-25,4532.41
2025-12-28,4331.71
2025-12-29,4338.34
2025-12-30,4317.949
2026-01-01,4331.575
2026-01-04,4446.76
2026-01-05,4495.01
2026-01-06,4456.24
2026-01-07,4477.83
2026-01-08,4509.015
2026-01-11,4597.939
2026-01-12,4586.0
2026-01-13,4626.82
2026-01-14,4615.93
2026-01-15,4595.515
2026-01-18,4762.97
2026-01-20,4832.97
2026-01-21,4938.37
2026-01-22,4988.17
2026-01-25,5009.99
2026-01-26,5180.35
2026-01-27,5415.89
2026-01-28,5379.35
2026-01-29,4895.118
2026-02-01,4659.342
2026-02-02,4946.04
2026-02-03,4964.195
2026-02-04,4776.48
2026-02-05,4967.27
2026-02-08,5058.81
2026-02-09,5023.88
2026-02-10,5084.75
2026-02-11,4921.109
2026-02-12,5042.2
2026-02-15,4878.98
2026-02-17,4976.01
2026-02-18,5001.18
2026-02-19,5108.36
2026-02-22,5225.66
2026-02-23,5142.43
2026-02-24,5164.31
2026-02-25,5181.1
2026-02-26,5278.607
2026-03-01,5321.92
2026-03-02,5088.52
2026-03-03,5140.94
2026-03-04,5084.63
2026-03-05,5171.798
2026-03-08,5139.57
2026-03-09,5190.61
2026-03-10,5176.27
2026-03-11,5077.94
2026-03-12,5018.098
2026-03-15,5007.42
2026-03-16,5006.63
2026-03-17,4818.77
2026-03-18,4654.23
2026-03-19,4491.67
2026-03-22,4407.35
2026-03-23,4469.88
2026-03-24,4505.31
2026-03-25,4381.91
2026-03-26,4493.118
2026-03-29,4513.0
2026-03-30,4671.792
2026-03-31,4758.67
2026-04-01,4676.86
2026-04-05,4649.31
2026-04-06,4701.4
2026-04-07,4719.45
2026-04-08,4769.35
2026-04-09,4746.898
2026-04-12,4744.6
2026-04-13,4840.661
2026-04-14,4790.711
2026-04-15,4787.431
2026-04-16,4837.49
2026-04-19,4822.8
2026-04-20,4719.7
2026-04-21,4744.37
2026-04-22,4704.46
2026-04-23,4708.62
2026-04-26,4681.53
2026-04-27,4596.44
2026-04-28,4543.54
2026-04-29,4616.55
2026-04-30,4614.22
2026-05-03,4524.48
2026-05-04,4555.608
2026-05-05,4691.035
2026-05-06,4685.145
2026-05-07,4713.56
2026-05-10,4684.81
