Date,QCI
1/1/2001,100
1/2/2001,99.27404719
1/3/2001,99.8185118
1/4/2001,100.4718693
1/5/2001,100.3266788
1/8/2001,99.89110708
1/9/2001,100.1451906
1/10/2001,101.5245009
1/11/2001,101.3067151
1/12/2001,101.8511797
1/15/2001,101.8511797
1/16/2001,101.3430127
1/17/2001,100.2903811
1/18/2001,101.4882033
1/19/2001,103.1941924
1/22/2001,103.23049
1/23/2001,103.0127042
1/24/2001,102.2504537
1/25/2001,102.3593466
1/26/2001,102.5408348
1/29/2001,101.5245009
1/30/2001,101.8874773
1/31/2001,101.415608
2/1/2001,103.5208711
2/2/2001,105.2994555
2/5/2001,103.8838475
2/6/2001,103.9564428
2/7/2001,105.8076225
2/8/2001,105.9165154
2/9/2001,105.0453721
2/12/2001,104.2105263
2/13/2001,104.3557169
2/14/2001,103.3393829
2/15/2001,101.8874773
2/16/2001,102.4319419
2/19/2001,102.4319419
2/20/2001,101.814882
2/21/2001,101.2704174
2/22/2001,101.415608
2/23/2001,101.9600726
2/26/2001,101.8511797
2/27/2001,101.9600726
2/28/2001,101.2704174
3/1/2001,101.5970962
3/2/2001,101.7059891
3/5/2001,102.7949183
3/6/2001,102.7949183
3/7/2001,103.9201452
3/8/2001,103.3393829
3/9/2001,103.23049
3/12/2001,103.23049
3/13/2001,101.923775
3/14/2001,99.63702359
3/15/2001,99.38294011
3/16/2001,98.94736842
3/19/2001,98.8384755
3/20/2001,98.69328494
3/21/2001,99.56442831
3/22/2001,98.8384755
3/23/2001,99.8185118
3/26/2001,100.2177858
3/27/2001,101.0163339
3/28/2001,99.09255898
3/29/2001,98.58439201
3/30/2001,97.93103448
4/2/2001,97.09618875
4/3/2001,97.93103448
4/4/2001,99.70961887
4/5/2001,100.1814882
4/6/2001,100
4/9/2001,100.6533575
4/10/2001,102.3956443
4/11/2001,102.2867514
4/12/2001,102.6860254
4/13/2001,102.6860254
4/16/2001,103.6660617
4/17/2001,103.3756806
4/18/2001,103.5571688
4/19/2001,103.3030853
4/20/2001,102.6860254
4/23/2001,102.5771325
4/24/2001,101.9963702
4/25/2001,102.2141561
4/26/2001,103.4845735
4/27/2001,103.5934664
4/30/2001,104.1016334
5/1/2001,105.0453721
5/2/2001,104.1016334
5/3/2001,105.2994555
5/4/2001,105.2994555
5/7/2001,104.7549909
5/8/2001,104.1742287
5/9/2001,105.1179673
5/10/2001,105.1179673
5/11/2001,104.9001815
5/14/2001,104.7549909
5/15/2001,105.1179673
5/16/2001,105.3720508
5/17/2001,105.8076225
5/18/2001,108.6388385
5/21/2001,108.5662432
5/22/2001,108.1306715
5/23/2001,107.8039927
5/24/2001,106.0980036
5/25/2001,105.553539
5/28/2001,105.553539
5/29/2001,105.0090744
5/30/2001,104.0290381
5/31/2001,103.8838475
6/1/2001,103.8475499
6/4/2001,103.9564428
6/5/2001,104.5372051
6/6/2001,103.6660617
6/7/2001,103.4119782
6/8/2001,104.7912886
6/11/2001,104.8638838
6/12/2001,105.4446461
6/13/2001,104.8638838
6/14/2001,105.2631579
6/15/2001,104.137931
6/18/2001,103.1215971
6/19/2001,103.1578947
6/20/2001,100.7985481
6/21/2001,100.7622505
6/22/2001,100.7985481
6/25/2001,101.2704174
6/26/2001,101.4519056
6/27/2001,99.34664247
6/28/2001,98.72958258
6/29/2001,99.92740472
7/2/2001,99.31034483
7/3/2001,99.20145191
7/4/2001,99.20145191
7/5/2001,99.49183303
7/6/2001,100.9437387
7/9/2001,100.6170599
7/10/2001,100.6533575
7/11/2001,100.6896552
7/12/2001,101.0526316
7/13/2001,100.1451906
7/16/2001,99.45553539
7/17/2001,99.92740472
7/18/2001,98.76588022
7/19/2001,97.82214156
7/20/2001,98.58439201
7/23/2001,98.62068966
7/24/2001,98.69328494
7/25/2001,99.52813067
7/26/2001,99.12885662
7/27/2001,99.41923775
7/30/2001,98.87477314
7/31/2001,98.54809437
8/1/2001,98.6569873
8/2/2001,99.89110708
8/3/2001,99.31034483
8/6/2001,99.49183303
8/7/2001,99.8185118
8/8/2001,99.20145191
8/9/2001,99.85480944
8/10/2001,100.4355717
8/13/2001,100.5444646
8/14/2001,101.0526316
8/15/2001,100.9800363
8/16/2001,100.3266788
8/17/2001,99.92740472
8/20/2001,99.41923775
8/21/2001,99.85480944
8/22/2001,99.27404719
8/23/2001,99.70961887
8/24/2001,99.85480944
8/27/2001,99.63702359
8/28/2001,99.70961887
8/29/2001,99.92740472
8/30/2001,98.91107078
8/31/2001,99.8185118
9/3/2001,99.8185118
9/4/2001,98.72958258
9/5/2001,98.91107078
9/6/2001,99.34664247
9/7/2001,100.0725953
9/10/2001,99.45553539
9/11/2001,99.45553539
9/12/2001,99.45553539
9/13/2001,99.45553539
9/14/2001,99.45553539
9/17/2001,102.9038113
9/18/2001,101.0163339
9/19/2001,99.27404719
9/20/2001,98.69328494
9/21/2001,98.07622505
9/24/2001,93.24863884
9/25/2001,92.4137931
9/26/2001,93.3938294
9/27/2001,93.53901996
9/28/2001,93.86569873
10/1/2001,93.86569873
10/2/2001,92.88566243
10/3/2001,92.08711434
10/4/2001,92.81306715
10/5/2001,92.19600726
10/8/2001,92.52268603
10/9/2001,92.34119782
10/10/2001,92.15970962
10/11/2001,92.55898367
10/12/2001,91.72413793
10/15/2001,90.70780399
10/16/2001,90.70780399
10/17/2001,90.23593466
10/18/2001,89.03811252
10/19/2001,90.01814882
10/22/2001,89.47368421
10/23/2001,89.07441016
10/24/2001,89.87295826
10/25/2001,89.61887477
10/26/2001,89.76406534
10/29/2001,90.23593466
10/30/2001,89.83666062
10/31/2001,89.03811252
11/1/2001,88.27586207
11/2/2001,87.80399274
11/5/2001,87.15063521
11/6/2001,86.93284936
11/7/2001,87.22323049
11/8/2001,88.34845735
11/9/2001,90.34482759
11/12/2001,89.69147005
11/13/2001,90.81669691
11/14/2001,88.20326679
11/15/2001,85.19056261
11/16/2001,86.09800363
11/19/2001,86.06170599
11/20/2001,86.86025408
11/21/2001,86.56987296
11/22/2001,86.56987296
11/23/2001,86.82395644
11/26/2001,86.20689655
11/27/2001,87.40471869
11/28/2001,86.82395644
11/29/2001,86.35208711
11/30/2001,87.54990926
12/3/2001,88.60254083
12/4/2001,87.7676951
12/5/2001,87.25952813
12/6/2001,86.09800363
12/7/2001,86.46098004
12/10/2001,85.40834846
12/11/2001,85.08166969
12/12/2001,85.22686025
12/13/2001,85.11796733
12/14/2001,87.00544465
12/17/2001,86.82395644
12/18/2001,87.44101633
12/19/2001,87.04174229
12/20/2001,86.75136116
12/21/2001,87.5862069
12/24/2001,87.5862069
12/25/2001,87.5862069
12/26/2001,89.21960073
12/27/2001,88.60254083
12/28/2001,88.27586207
12/31/2001,87.47731397
1/1/2002,87.47731397
1/2/2002,88.63883848
1/3/2002,87.91288566
1/4/2002,89.69147005
1/7/2002,90.34482759
1/8/2002,90.05444646
1/9/2002,89.54627949
1/10/2002,89.83666062
1/11/2002,89.50998185
1/14/2002,88.34845735
1/15/2002,88.13067151
1/16/2002,89.18330309
1/17/2002,87.33212341
1/18/2002,86.93284936
1/21/2002,86.93284936
1/22/2002,86.82395644
1/23/2002,87.11433757
1/24/2002,87.36842105
1/25/2002,87.65880218
1/28/2002,87.25952813
1/29/2002,87.15063521
1/30/2002,86.56987296
1/31/2002,87.44101633
2/1/2002,89.07441016
2/4/2002,88.96551724
2/5/2002,89.83666062
2/6/2002,89.29219601
2/7/2002,89.50998185
2/8/2002,90.74410163
2/11/2002,91.90562613
2/12/2002,91.54264973
2/13/2002,91.86932849
2/14/2002,91.57894737
2/15/2002,91.54264973
2/18/2002,91.54264973
2/19/2002,90.41742287
2/20/2002,89.69147005
2/21/2002,90.59891107
2/22/2002,90.41742287
2/25/2002,89.29219601
2/26/2002,91.0707804
2/27/2002,91.43375681
2/28/2002,91.90562613
3/1/2002,93.5753176
3/4/2002,94.11978221
3/5/2002,94.88203267
3/6/2002,95.28130672
3/7/2002,96.73321234
3/8/2002,97.20508167
3/11/2002,98.72958258
3/12/2002,98.6569873
3/13/2002,98.25771325
3/14/2002,98.72958258
3/15/2002,99.20145191
3/18/2002,100.7985481
3/19/2002,100.7622505
3/20/2002,100.1451906
3/21/2002,101.4882033
3/22/2002,101.0526316
3/25/2002,100.7622505
3/26/2002,101.1978221
3/27/2002,102.1778584
3/28/2002,102.7586207
3/29/2002,102.7586207
4/1/2002,103.9564428
4/2/2002,106.4246824
4/3/2002,104.7912886
4/4/2002,103.2667877
4/5/2002,102.0326679
4/8/2002,102.6860254
4/9/2002,101.4519056
4/10/2002,101.7059891
4/11/2002,100
4/12/2002,98.22141561
4/15/2002,100.399274
4/16/2002,100.6170599
4/17/2002,102.6134301
4/18/2002,102.9038113
4/19/2002,103.23049
4/22/2002,103.5571688
4/23/2002,103.7023593
4/24/2002,102.9764065
4/25/2002,103.23049
4/26/2002,104.2105263
4/29/2002,105.0816697
4/30/2002,105.154265
5/1/2002,104.0290381
5/2/2002,103.3393829
5/3/2002,104.1742287
5/6/2002,103.3393829
5/7/2002,103.9201452
5/8/2002,104.7912886
5/9/2002,104.7549909
5/10/2002,105.5172414
5/13/2002,105.9165154
5/14/2002,106.7150635
5/15/2002,104.9727768
5/16/2002,105.0816697
5/17/2002,105.0090744
5/20/2002,105.1905626
5/21/2002,103.9564428
5/22/2002,104.5735027
5/23/2002,104.9001815
5/24/2002,104.2831216
5/27/2002,104.2831216
5/28/2002,103.9564428
5/29/2002,104.9001815
5/30/2002,102.9038113
5/31/2002,104.0290381
6/3/2002,104.0290381
6/4/2002,104.5735027
6/5/2002,103.6660617
6/6/2002,103.9564428
6/7/2002,103.8112523
6/10/2002,102.4319419
6/11/2002,102.0689655
6/12/2002,102.4319419
6/13/2002,103.738657
6/14/2002,104.7549909
6/17/2002,104.7549909
6/18/2002,104.246824
6/19/2002,103.9564428
6/20/2002,104.2105263
6/21/2002,103.9927405
6/24/2002,105.2631579
6/25/2002,104.9727768
6/26/2002,104.7186933
6/27/2002,104.6823956
6/28/2002,104.4283122
7/1/2002,104.8638838
7/2/2002,104.4646098
7/3/2002,104.137931
7/4/2002,104.137931
7/5/2002,104.2831216
7/8/2002,103.3030853
7/9/2002,104.1016334
7/10/2002,104.5735027
7/11/2002,105.0453721
7/12/2002,105.5898367
7/15/2002,105.553539
7/16/2002,106.0254083
7/17/2002,105.7713249
7/18/2002,105.7713249
7/19/2002,106.4246824
7/22/2002,104.8275862
7/23/2002,102.3956443
7/24/2002,102.9038113
7/25/2002,102.2504537
7/26/2002,101.0889292
7/29/2002,100.8348457
7/30/2002,102.0689655
7/31/2002,101.6696915
8/1/2002,100.9437387
8/2/2002,101.4519056
8/5/2002,100.508167
8/6/2002,101.1615245
8/7/2002,101.3430127
8/8/2002,101.4519056
8/9/2002,102.0689655
8/12/2002,103.23049
8/13/2002,103.3393829
8/14/2002,103.0490018
8/15/2002,105.3720508
8/16/2002,105.1179673
8/19/2002,104.7186933
8/20/2002,104.7912886
8/21/2002,105.4083485
8/22/2002,105.8439201
8/23/2002,105.5172414
8/26/2002,106.6787659
8/27/2002,106.7876588
8/28/2002,105.7713249
8/29/2002,106.1705989
8/30/2002,106.4972777
9/2/2002,106.4972777
9/3/2002,104.7186933
9/4/2002,105.8439201
9/5/2002,107.3684211
9/6/2002,108.3121597
9/9/2002,109.3284936
9/10/2002,109.6188748
9/11/2002,109.5099819
9/12/2002,108.7477314
9/13/2002,109.7277677
9/16/2002,109.3647913
9/17/2002,108.9292196
9/18/2002,109.6914701
9/19/2002,109.9455535
9/20/2002,109.6914701
9/23/2002,110.6352087
9/24/2002,110.3085299
9/25/2002,109.7640653
9/26/2002,109.8366606
9/27/2002,109.9818512
9/30/2002,110.3448276
10/1/2002,110.2722323
10/2/2002,110.5989111
10/3/2002,109.0744102
10/4/2002,108.8203267
10/7/2002,108.9655172
10/8/2002,109.0018149
10/9/2002,108.892922
10/10/2002,107.7676951
10/11/2002,108.8566243
10/14/2002,109.7277677
10/15/2002,109.1107078
10/16/2002,109.3647913
10/17/2002,109.8729583
10/18/2002,109.7277677
10/21/2002,108.0217786
10/22/2002,107.7676951
10/23/2002,108.0943739
10/24/2002,107.9491833
10/25/2002,107.0780399
10/28/2002,107.5862069
10/29/2002,107.2958258
10/30/2002,107.5862069
10/31/2002,108.3484574
11/1/2002,108.0943739
11/4/2002,107.2595281
11/5/2002,106.2431942
11/6/2002,105.9891107
11/7/2002,105.4083485
11/8/2002,105.7713249
11/11/2002,105.9891107
11/12/2002,106.0980036
11/13/2002,104.5009074
11/14/2002,104.4646098
11/15/2002,105.4446461
11/18/2002,106.8239564
11/19/2002,106.7513612
11/20/2002,107.6588022
11/21/2002,108.1669691
11/22/2002,109.0744102
11/25/2002,107.9491833
11/26/2002,107.9128857
11/27/2002,108.5662432
11/28/2002,108.5662432
11/29/2002,108.6388385
12/2/2002,109.5825771
12/3/2002,109.8366606
12/4/2002,109.3284936
12/5/2002,110.199637
12/6/2002,110.0544465
12/9/2002,110.0181488
12/10/2002,111.2522686
12/11/2002,111.2885662
12/12/2002,113.3938294
12/13/2002,114.1197822
12/16/2002,115.9709619
12/17/2002,115.7894737
12/18/2002,116.7332123
12/19/2002,116.9872958
12/20/2002,116.6969147
12/23/2002,118.584392
12/24/2002,118.6932849
12/25/2002,118.6932849
12/26/2002,119.1288566
12/27/2002,119.5281307
12/30/2002,116.9509982
12/31/2002,116.9509982
1/1/2003,116.9509982
1/2/2003,119.0199637
1/3/2003,121.1252269
1/6/2003,119.5281307
1/7/2003,118.5117967
1/8/2003,119.3466425
1/9/2003,121.2341198
1/10/2003,120.1814882
1/13/2003,121.2704174
1/14/2003,121.2341198
1/15/2003,122.1415608
1/16/2003,123.5208711
1/17/2003,123.4482759
1/20/2003,123.4482759
1/21/2003,123.9564428
1/22/2003,124.4646098
1/23/2003,124.4283122
1/24/2003,125.8439201
1/27/2003,124.8275862
1/28/2003,125.4446461
1/29/2003,126.6061706
1/30/2003,127.7676951
1/31/2003,127.6225045
2/3/2003,127.7676951
2/4/2003,129.4736842
2/5/2003,129.800363
2/6/2003,129.3284936
2/7/2003,130.8529946
2/10/2003,129.7277677
2/11/2003,130.5263158
2/12/2003,128.892922
2/13/2003,129.4736842
2/14/2003,129.3647913
2/17/2003,129.3647913
2/18/2003,128.3121597
2/19/2003,129.7640653
2/20/2003,129.5825771
2/21/2003,131.4700544
2/24/2003,135.5716878
2/25/2003,131.7604356
2/26/2003,134.0471869
2/27/2003,132.3049002
2/28/2003,132.8856624
3/3/2003,132.2323049
3/4/2003,133.1760436
3/5/2003,132.522686
3/6/2003,133.6479129
3/7/2003,135.3901996
3/10/2003,134.6642468
3/11/2003,133.1760436
3/12/2003,132.8493648
3/13/2003,128.892922
3/14/2003,127.2232305
3/17/2003,126.0980036
3/18/2003,123.5934664
3/19/2003,123.1215971
3/20/2003,121.2704174
3/21/2003,118.6569873
3/24/2003,120.6170599
3/25/2003,119.3103448
3/26/2003,119.2740472
3/27/2003,120.6170599
3/28/2003,120.7259528
3/31/2003,121.7059891
4/1/2003,120.5444646
4/2/2003,118.6932849
4/3/2003,118.0036298
4/4/2003,117.7495463
4/7/2003,117.7858439
4/8/2003,117.8947368
4/9/2003,119.6370236
4/10/2003,118.8021779
4/11/2003,119.7459165
4/14/2003,119.8185118
4/15/2003,121.2341198
4/16/2003,121.5607985
4/17/2003,123.0852995
4/18/2003,123.0852995
4/21/2003,123.7023593
4/22/2003,122.4319419
4/23/2003,120.2540835
4/24/2003,120.3629764
4/25/2003,120.2177858
4/28/2003,118.4392015
4/29/2003,118.3303085
4/30/2003,119.8548094
5/1/2003,120.2540835
5/2/2003,118.9473684
5/5/2003,120.508167
5/6/2003,120.1451906
5/7/2003,121.0889292
5/8/2003,122.6860254
5/9/2003,123.7749546
5/12/2003,124.1742287
5/13/2003,126.2431942
5/14/2003,127.4410163
5/15/2003,126.9328494
5/16/2003,127.1506352
5/19/2003,126.7150635
5/20/2003,126.969147
5/21/2003,128.8566243
5/22/2003,128.0580762
5/23/2003,128.2032668
5/26/2003,128.2032668
5/27/2003,127.9854809
5/28/2003,126.8965517
5/29/2003,128.2032668
5/30/2003,129.0018149
6/2/2003,131.3974592
6/3/2003,130.9255898
6/4/2003,129.8729583
6/5/2003,131.7604356
6/6/2003,132.4500907
6/9/2003,131.7604356
6/10/2003,131.5063521
6/11/2003,131.5789474
6/12/2003,128.5662432
6/13/2003,126.7876588
6/16/2003,127.1869328
6/17/2003,128.2758621
6/18/2003,127.1869328
6/19/2003,127.9491833
6/20/2003,128.2758621
6/23/2003,127.477314
6/24/2003,126.3883848
6/25/2003,128.4573503
6/26/2003,125.4809437
6/27/2003,126.1343013
6/30/2003,127.3321234
7/1/2003,127.8402904
7/2/2003,127.9128857
7/3/2003,127.7676951
7/4/2003,127.7676951
7/7/2003,128.2032668
7/8/2003,128.6025408
7/9/2003,130.2722323
7/10/2003,129.800363
7/11/2003,129.9092559
7/14/2003,130.0181488
7/15/2003,129.292196
7/16/2003,127.9854809
7/17/2003,128.3484574
7/18/2003,129.2196007
7/21/2003,129.1470054
7/22/2003,126.7876588
7/23/2003,127.5862069
7/24/2003,128.6025408
7/25/2003,129.1107078
7/28/2003,129.2558984
7/29/2003,129.3284936
7/30/2003,129.4010889
7/31/2003,129.9092559
8/1/2003,132.522686
8/4/2003,131.3611615
8/5/2003,132.0508167
8/6/2003,131.5789474
8/7/2003,133.6842105
8/8/2003,132.5952813
8/11/2003,133.3575318
8/12/2003,133.4664247
8/13/2003,132.3049002
8/14/2003,132.0871143
8/15/2003,131.4337568
8/18/2003,131.7967332
8/19/2003,132.2323049
8/20/2003,133.3938294
8/21/2003,134.7368421
8/22/2003,135.2087114
8/25/2003,134.4101633
8/26/2003,134.3012704
8/27/2003,133.2486388
8/28/2003,133.53902
8/29/2003,134.0108893
9/1/2003,134.0108893
9/2/2003,130.4537205
9/3/2003,131.2522686
9/4/2003,130.3811252
9/5/2003,131.0344828
9/8/2003,130.7441016
9/9/2003,131.3611615
9/10/2003,132.0145191
9/11/2003,131.615245
9/12/2003,130.4900181
9/15/2003,130.2359347
9/16/2003,129.2196007
9/17/2003,128.5299456
9/18/2003,128.4936479
9/19/2003,128.784029
9/22/2003,129.8366606
9/23/2003,129.4736842
9/24/2003,131.5426497
9/25/2003,131.2885662
9/26/2003,130.3811252
9/29/2003,131.8693285
9/30/2003,133.1397459
10/1/2003,133.3575318
10/2/2003,134.3375681
10/3/2003,134.2286751
10/6/2003,135.0272232
10/7/2003,136.6243194
10/8/2003,136.1524501
10/9/2003,139.5281307
10/10/2003,142.5408348
10/13/2003,143.1941924
10/14/2003,142.3593466
10/15/2003,142.1052632
10/16/2003,141.5607985
10/17/2003,138.8021779
10/20/2003,138.4029038
10/21/2003,138.9110708
10/22/2003,138.9473684
10/23/2003,139.2014519
10/24/2003,138.9836661
10/27/2003,138.2214156
10/28/2003,137.7132486
10/29/2003,138.0399274
10/30/2003,136.6969147
10/31/2003,138.3303085
11/3/2003,136.6243194
11/4/2003,136.8421053
11/5/2003,139.7096189
11/6/2003,138.5480944
11/7/2003,139.8185118
11/10/2003,139.8911071
11/11/2003,141.5607985
11/12/2003,141.9963702
11/13/2003,142.831216
11/14/2003,145.0816697
11/17/2003,142.1415608
11/18/2003,145.1905626
11/19/2003,143.4119782
11/20/2003,142.0689655
11/21/2003,142.0326679
11/24/2003,139.2740472
11/25/2003,139.0562613
11/26/2003,140.508167
11/27/2003,140.508167
11/28/2003,140.9800363
12/1/2003,142.5771325
12/2/2003,145.2994555
12/3/2003,146.4246824
12/4/2003,147.876588
12/5/2003,147.0417423
12/8/2003,150.9981851
12/9/2003,150.8166969
12/10/2003,151.1433757
12/11/2003,150.3811252
12/12/2003,154.2649728
12/15/2003,154.1197822
12/16/2003,153.9019964
12/17/2003,155.7168784
12/18/2003,156.76951
12/19/2003,155.1724138
12/22/2003,151.1796733
12/23/2003,151.5063521
12/24/2003,153.3212341
12/25/2003,153.3212341
12/26/2003,153.3212341
12/29/2003,154.2649728
12/30/2003,156.4065336
12/31/2003,155.3176044
1/1/2004,155.3176044
1/2/2004,155.2087114
1/5/2004,161.4519056
1/6/2004,160.9437387
1/7/2004,159.7096189
1/8/2004,162.5771325
1/9/2004,164.4283122
1/12/2004,163.5571688
1/13/2004,161.8874773
1/14/2004,161.1252269
1/15/2004,157.4954628
1/16/2004,160.0725953
1/19/2004,160.0725953
1/20/2004,162.5771325
1/21/2004,162.2141561
1/22/2004,161.8874773
1/23/2004,161.6696915
1/26/2004,160.2177858
1/27/2004,159.8185118
1/28/2004,159.4555354
1/29/2004,156.76951
1/30/2004,157.4954628
2/2/2004,158.8747731
2/3/2004,158.7295826
2/4/2004,157.5317604
2/5/2004,157.7858439
2/6/2004,157.9310345
2/9/2004,158.8747731
2/10/2004,160.508167
2/11/2004,161.2704174
2/12/2004,162.5771325
2/13/2004,163.6660617
2/16/2004,163.6660617
2/17/2004,165.6261343
2/18/2004,165.2631579
2/19/2004,165.4083485
2/20/2004,163.3393829
2/23/2004,163.4482759
2/24/2004,164.7912886
2/25/2004,166.3883848
2/26/2004,167.6950998
2/27/2004,169.1833031
3/1/2004,172.5589837
3/2/2004,171.0344828
3/3/2004,167.4410163
3/4/2004,168.2032668
3/5/2004,170.1270417
3/8/2004,167.8402904
3/9/2004,167.6950998
3/10/2004,167.0054446
3/11/2004,170.5989111
3/12/2004,168.6751361
3/15/2004,172.1597096
3/16/2004,173.3212341
3/17/2004,175.1361162
3/18/2004,175.6442831
3/19/2004,175.862069
3/22/2004,175.4264973
3/23/2004,176.6969147
3/24/2004,175.862069
3/25/2004,172.6315789
3/26/2004,172.9945554
3/29/2004,172.123412
3/30/2004,175.1361162
3/31/2004,175.6079855
4/1/2004,174.8094374
4/2/2004,173.5027223
4/5/2004,172.0145191
4/6/2004,173.938294
4/7/2004,176.8421053
4/8/2004,178.1125227
4/9/2004,178.1125227
4/12/2004,178.5117967
4/13/2004,176.1887477
4/14/2004,176.8421053
4/15/2004,177.0235935
4/16/2004,177.6043557
4/19/2004,176.9509982
4/20/2004,175.353902
4/21/2004,171.4700544
4/22/2004,173.8294011
4/23/2004,173.2123412
4/26/2004,175.0635209
4/27/2004,177.6406534
4/28/2004,175.4264973
4/29/2004,176.5880218
4/30/2004,177.7132486
5/3/2004,179.6370236
5/4/2004,182.4319419
5/5/2004,183.6297641
5/6/2004,183.0852995
5/7/2004,183.4119782
5/10/2004,179.6370236
5/11/2004,182.4682396
5/12/2004,184.4283122
5/13/2004,184.7912886
5/14/2004,185.1179673
5/17/2004,184.8275862
5/18/2004,182.6497278
5/19/2004,186.8965517
5/20/2004,184.4646098
5/21/2004,183.0490018
5/24/2004,188.8203267
5/25/2004,187.4410163
5/26/2004,187.2958258
5/27/2004,184.6098004
5/28/2004,185.9891107
5/31/2004,185.9891107
6/1/2004,194.2649728
6/2/2004,187.9491833
6/3/2004,185.0453721
6/4/2004,183.1578947
6/7/2004,184.4646098
6/8/2004,181.7059891
6/9/2004,181.2341198
6/10/2004,183.23049
6/11/2004,183.23049
6/14/2004,181.7422868
6/15/2004,181.415608
6/16/2004,182.6134301
6/17/2004,187.4410163
6/18/2004,187.4047187
6/21/2004,185.5898367
6/22/2004,185.9891107
6/23/2004,185.9165154
6/24/2004,188.8203267
6/25/2004,187.9854809
6/28/2004,183.4845735
6/29/2004,181.8874773
6/30/2004,185.6987296
7/1/2004,190.9255898
7/2/2004,191.0707804
7/5/2004,191.0707804
7/6/2004,194.4827586
7/7/2004,194.4827586
7/8/2004,196.5517241
7/9/2004,195.6442831
7/12/2004,194.0834846
7/13/2004,192.4500907
7/14/2004,196.5880218
7/15/2004,195.862069
7/16/2004,196.6243194
7/19/2004,196.6969147
7/20/2004,194.7005445
7/21/2004,193.0671506
7/22/2004,195.2087114
7/23/2004,195.2450091
7/26/2004,194.3012704
7/27/2004,194.1923775
7/28/2004,196.9509982
7/29/2004,197.0235935
7/30/2004,198.7295826
8/2/2004,198.6932849
8/3/2004,199.9274047
8/4/2004,196.5880218
8/5/2004,199.7459165
8/6/2004,198.6569873
8/9/2004,200.5807623
8/10/2004,199.491833
8/11/2004,199.0562613
8/12/2004,201.9963702
8/13/2004,205.4446461
8/16/2004,204.3557169
8/17/2004,205.7713249
8/18/2004,206.2431942
8/19/2004,209.8729583
8/20/2004,207.2958258
8/23/2004,205.9528131
8/24/2004,203.5934664
8/25/2004,199.9274047
8/26/2004,197.4228675
8/27/2004,197.3502722
8/30/2004,197.3139746
8/31/2004,196.6243194
9/1/2004,201.6696915
9/2/2004,201.4519056
9/3/2004,199.3466425
9/6/2004,199.3466425
9/7/2004,197.4954628
9/8/2004,197.0961887
9/9/2004,201.5607985
9/10/2004,197.676951
9/13/2004,200.1088929
9/14/2004,201.7059891
9/15/2004,200.1088929
9/16/2004,200
9/17/2004,203.1578947
9/20/2004,204.5735027
9/21/2004,207.8402904
9/22/2004,212.2323049
9/23/2004,213.1760436
9/24/2004,212.7404719
9/27/2004,215.4990926
9/28/2004,216.2250454
9/29/2004,217.4591652
9/30/2004,220.1814882
10/1/2004,220.4718693
10/4/2004,219.5281307
10/5/2004,222.5408348
10/6/2004,225.154265
10/7/2004,227.477314
10/8/2004,230.6352087
10/11/2004,232.3049002
10/12/2004,228.784029
10/13/2004,224.5735027
10/14/2004,226.969147
10/15/2004,227.7313975
10/18/2004,224.0653358
10/19/2004,225.2268603
10/20/2004,229.6188748
10/21/2004,230.1270417
10/22/2004,231.2885662
10/25/2004,230.199637
10/26/2004,232.2323049
10/27/2004,227.1869328
10/28/2004,223.8475499
10/29/2004,226.3157895
11/1/2004,221.415608
11/2/2004,220.1814882
11/3/2004,222.5408348
11/4/2004,220.6533575
11/5/2004,221.3430127
11/8/2004,221.0889292
11/9/2004,218.9110708
11/10/2004,221.415608
11/11/2004,218.8021779
11/12/2004,219.7096189
11/15/2004,219.1651543
11/16/2004,218.3303085
11/17/2004,221.2704174
11/18/2004,220.3629764
11/19/2004,224.5735027
11/22/2004,224.0653358
11/23/2004,226.3520871
11/24/2004,227.5499093
11/25/2004,227.5499093
11/26/2004,227.2958258
11/29/2004,228.0217786
11/30/2004,226.0254083
12/1/2004,219.7822142
12/2/2004,211.4337568
12/3/2004,210.707804
12/6/2004,212.0871143
12/7/2004,208.2395644
12/8/2004,207.2958258
12/9/2004,208.6388385
12/10/2004,206.2068966
12/13/2004,209.2558984
12/14/2004,209.9455535
12/15/2004,215.6805808
12/16/2004,214.6279492
12/17/2004,219.7459165
12/20/2004,219.2740472
12/21/2004,219.8911071
12/22/2004,216.2250454
12/23/2004,216.1524501
12/24/2004,216.1524501
12/27/2004,213.7568058
12/28/2004,213.9745917
12/29/2004,213.3212341
12/30/2004,215.0635209
12/31/2004,214.5916515
1/3/2005,212.8856624
1/4/2005,210.5626134
1/5/2005,210.3448276
1/6/2005,215.0635209
1/7/2005,215.9709619
1/10/2005,216.6969147
1/11/2005,217.0598911
1/12/2005,217.1324864
1/13/2005,221.5607985
1/14/2005,221.1978221
1/17/2005,221.1978221
1/18/2005,221.415608
1/19/2005,221.0163339
1/20/2005,220.1814882
1/21/2005,223.8112523
1/24/2005,224.8275862
1/25/2005,226.8965517
1/26/2005,227.3684211
1/27/2005,226.9328494
1/28/2005,223.0852995
1/31/2005,224.9727768
2/1/2005,223.4482759
2/2/2005,221.6333938
2/3/2005,220.508167
2/4/2005,219.8911071
2/7/2005,218.2214156
2/8/2005,218.7295826
2/9/2005,219.6733212
2/10/2005,224.7912886
2/11/2005,225.1179673
2/14/2005,226.3157895
2/15/2005,227.4047187
2/16/2005,228.4210526
2/17/2005,229.9818512
2/18/2005,231.7967332
2/21/2005,231.7967332
2/22/2005,240.0362976
2/23/2005,240.1088929
2/24/2005,240.2177858
2/25/2005,241.6696915
2/28/2005,244.3194192
3/1/2005,243.4119782
3/2/2005,247.477314
3/3/2005,250.4174229
3/4/2005,250.1633394
3/7/2005,250.2722323
3/8/2005,254.2649728
3/9/2005,255.6805808
3/10/2005,253.5753176
3/11/2005,256.5880218
3/14/2005,256.4791289
3/15/2005,259.1288566
3/16/2005,262.9764065
3/17/2005,262.5045372
3/18/2005,262.8675136
3/21/2005,261.3067151
3/22/2005,260.2903811
3/23/2005,254.7368421
3/24/2005,256.2250454
3/25/2005,256.2250454
3/28/2005,255.0635209
3/29/2005,254.5190563
3/30/2005,256.1161525
3/31/2005,261.8874773
4/1/2005,265.2994555
4/4/2005,266.2431942
4/5/2005,264.2105263
4/6/2005,264.0653358
4/7/2005,260.7985481
4/8/2005,256.5154265
4/11/2005,257.5680581
4/12/2005,254.8820327
4/13/2005,251.1796733
4/14/2005,250.4174229
4/15/2005,249.6914701
4/18/2005,248.5662432
4/19/2005,255.0998185
4/20/2005,257.3865699
4/21/2005,257.4591652
4/22/2005,259.4555354
4/25/2005,258.6569873
4/26/2005,257.676951
4/27/2005,252.5952813
4/28/2005,251.9782214
4/29/2005,250.8892922
5/2/2005,250.9618875
5/3/2005,247.5862069
5/4/2005,248.2032668
5/5/2005,248.892922
5/6/2005,248.7114338
5/9/2005,249.5462795
5/10/2005,251.2522686
5/11/2005,248.7477314
5/12/2005,243.9564428
5/13/2005,242.2141561
5/16/2005,241.415608
5/17/2005,242.3593466
5/18/2005,242.4682396
5/19/2005,241.7785844
5/20/2005,241.7422868
5/23/2005,242.722323
5/24/2005,243.8838475
5/25/2005,247.2232305
5/26/2005,248.3121597
5/27/2005,248.7477314
5/30/2005,248.7477314
5/31/2005,249.3647913
6/1/2005,254.5553539
6/2/2005,255.1724138
6/3/2005,258.8747731
6/6/2005,259.6370236
6/7/2005,258.185118
6/8/2005,256.0798548
6/9/2005,259.0199637
6/10/2005,257.6406534
6/13/2005,261.1252269
6/14/2005,260.7985481
6/15/2005,263.1578947
6/16/2005,265.5172414
6/17/2005,269.9818512
6/20/2005,271.5789474
6/21/2005,269.7277677
6/22/2005,267.8402904
6/23/2005,269.6551724
6/24/2005,270.4537205
6/27/2005,269.800363
6/28/2005,264.3557169
6/29/2005,262.8675136
6/30/2005,260.399274
7/1/2005,262.9401089
7/4/2005,262.9401089
7/5/2005,267.1143376
7/6/2005,270.3085299
7/7/2005,268.6388385
7/8/2005,267.8039927
7/11/2005,267.2958258
7/12/2005,270.2359347
7/13/2005,268.7114338
7/14/2005,265.1905626
7/15/2005,266.2068966
7/18/2005,264.4646098
7/19/2005,263.7023593
7/20/2005,263.9564428
7/21/2005,262.6497278
7/22/2005,265.1179673
7/25/2005,266.061706
7/26/2005,266.3883848
7/27/2005,267.4047187
7/28/2005,269.8729583
7/29/2005,271.215971
8/1/2005,274.2286751
8/2/2005,275.353902
8/3/2005,274.8094374
8/4/2005,275.6442831
8/5/2005,276.0798548
8/8/2005,278.1125227
8/9/2005,276.0435572
8/10/2005,279.9274047
8/11/2005,284.1742287
8/12/2005,284.8638838
8/15/2005,282.7586207
8/16/2005,284.2831216
8/17/2005,278.2214156
8/18/2005,276.9872958
8/19/2005,278.8384755
8/22/2005,280.5807623
8/23/2005,280.9437387
8/24/2005,282.4682396
8/25/2005,282.3593466
8/26/2005,281.2341198
8/29/2005,283.6660617
8/30/2005,287.876588
8/31/2005,288.1669691
9/1/2005,294.0108893
9/2/2005,290.6715064
9/5/2005,290.6715064
9/6/2005,288.8203267
9/7/2005,285.6624319
9/8/2005,285.6261343
9/9/2005,285.1905626
9/12/2005,283.0490018
9/13/2005,281.9600726
9/14/2005,285.4083485
9/15/2005,285.0453721
9/16/2005,282.8675136
9/19/2005,293.3212341
9/20/2005,290.6352087
9/21/2005,293.2123412
9/22/2005,293.8656987
9/23/2005,289.1470054
9/26/2005,293.53902
9/27/2005,292.3411978
9/28/2005,296.5517241
9/29/2005,296.76951
9/30/2005,295.753176
10/3/2005,295.0272232
10/4/2005,292.3774955
10/5/2005,291.0344828
10/6/2005,288.8203267
10/7/2005,290.707804
10/10/2005,290.3085299
10/11/2005,293.8656987
10/12/2005,294.0471869
10/13/2005,291.4337568
10/14/2005,289.3284936
10/17/2005,293.6842105
10/18/2005,290.707804
10/19/2005,287.0780399
10/20/2005,284.246824
10/21/2005,284.8638838
10/24/2005,283.9927405
10/25/2005,289.7640653
10/26/2005,287.7313975
10/27/2005,288.5299456
10/28/2005,288.2032668
10/31/2005,284.0290381
11/1/2005,282.5408348
11/2/2005,283.23049
11/3/2005,285.7713249
11/4/2005,283.8475499
11/7/2005,283.23049
11/8/2005,283.7023593
11/9/2005,284.5009074
11/10/2005,283.3393829
11/11/2005,284.4283122
11/14/2005,284.7912886
11/15/2005,283.7023593
11/16/2005,286.3883848
11/17/2005,287.5136116
11/18/2005,288.0217786
11/21/2005,290.2722323
11/22/2005,291.3611615
11/23/2005,290.0544465
11/24/2005,290.0544465
11/25/2005,290.1270417
11/28/2005,291.4700544
11/29/2005,290.9981851
11/30/2005,291.4337568
12/1/2005,296.9872958
12/2/2005,298.7658802
12/5/2005,302.5408348
12/6/2005,301.8511797
12/7/2005,302.9764065
12/8/2005,307.0417423
12/9/2005,308.1306715
12/12/2005,309.9455535
12/13/2005,310.3811252
12/14/2005,305.0090744
12/15/2005,303.3756806
12/16/2005,301.7422868
12/19/2005,300.7259528
12/20/2005,298.1488203
12/21/2005,298.9110708
12/22/2005,302.1415608
12/23/2005,302.1052632
12/26/2005,302.1052632
12/27/2005,302.6860254
12/28/2005,305.8802178
12/29/2005,306.7513612
12/30/2005,308.784029
1/2/2006,308.784029
1/3/2006,315.6805808
1/4/2006,318.185118
1/5/2006,314.9183303
1/6/2006,319.5644283
1/9/2006,320.7259528
1/10/2006,318.8021779
1/11/2006,319.2740472
1/12/2006,319.2014519
1/13/2006,321.7059891
1/16/2006,321.7059891
1/17/2006,325.1905626
1/18/2006,321.2341198
1/19/2006,326.8965517
1/20/2006,328.6388385
1/23/2006,330.0544465
1/24/2006,329.0381125
1/25/2006,328.3121597
1/26/2006,328.8566243
1/27/2006,331.7604356
1/30/2006,336.1161525
1/31/2006,336.8784029
2/1/2006,334.3375681
2/2/2006,332.7404719
2/3/2006,332.8130672
2/6/2006,332.5952813
2/7/2006,323.1941924
2/8/2006,321.7059891
2/9/2006,325.1905626
2/10/2006,317.9310345
2/13/2006,313.6842105
2/14/2006,313.430127
2/15/2006,309.9455535
2/16/2006,312.7404719
2/17/2006,316.8784029
2/20/2006,316.8784029
2/21/2006,320.1451906
2/22/2006,317.5317604
2/23/2006,315.8257713
2/24/2006,322.1415608
2/27/2006,317.2413793
2/28/2006,321.5607985
3/1/2006,323.3030853
3/2/2006,328.892922
3/3/2006,329.4736842
3/6/2006,323.2667877
3/7/2006,319.5281307
3/8/2006,314.0471869
3/9/2006,316.3339383
3/10/2006,314.5190563
3/13/2006,319.0562613
3/14/2006,323.8112523
3/15/2006,322.9401089
3/16/2006,324.3557169
3/17/2006,324.1742287
3/20/2006,321.415608
3/21/2006,321.8874773
3/22/2006,320.7985481
3/23/2006,324.0653358
3/24/2006,327.0417423
3/27/2006,329.5825771
3/28/2006,332.5952813
3/29/2006,335.4990926
3/30/2006,341.3793103
3/31/2006,338.1488203
4/3/2006,341.9963702
4/4/2006,339.3103448
4/5/2006,341.7059891
4/6/2006,345.4446461
4/7/2006,342.831216
4/10/2006,348.892922
4/11/2006,349.8366606
4/12/2006,351.9782214
4/13/2006,352.8493648
4/14/2006,352.8493648
4/17/2006,360.4355717
4/18/2006,366.2794918
4/19/2006,371.215971
4/20/2006,365.6261343
4/21/2006,374.4827586
4/24/2006,368.6751361
4/25/2006,374.1923775
4/26/2006,374.845735
4/27/2006,368.0217786
4/28/2006,374.5553539
5/1/2006,379.9637024
5/2/2006,383.0852995
5/3/2006,379.5281307
5/4/2006,380.8711434
5/5/2006,383.8112523
5/8/2006,381.5970962
5/9/2006,390.707804
5/10/2006,396.4065336
5/11/2006,406.0254083
5/12/2006,399.7459165
5/15/2006,385.2631579
5/16/2006,388.4936479
5/17/2006,385.0090744
5/18/2006,383.1578947
5/19/2006,372.4137931
5/22/2006,374.2286751
5/23/2006,386.969147
5/24/2006,372.7767695
5/25/2006,378.0399274
5/26/2006,381.8874773
5/29/2006,381.8874773
5/30/2006,381.3067151
5/31/2006,376.5517241
6/1/2006,369.8729583
6/2/2006,376.8784029
6/5/2006,379.092559
6/6/2006,373.1034483
6/7/2006,372.6315789
6/8/2006,362.9764065
6/9/2006,364.6823956
6/12/2006,361.8874773
6/13/2006,343.9564428
6/14/2006,345.0816697
6/15/2006,349.800363
6/16/2006,353.2123412
6/19/2006,347.1869328
6/20/2006,349.0018149
6/21/2006,353.7205082
6/22/2006,353.2486388
6/23/2006,353.7568058
6/26/2006,356.76951
6/27/2006,355.353902
6/28/2006,355.8983666
6/29/2006,362.4319419
6/30/2006,371.0707804
7/3/2006,371.6515426
7/4/2006,371.6515426
7/5/2006,376.1524501
7/6/2006,381.7422868
7/7/2006,379.8548094
7/10/2006,377.168784
7/11/2006,383.8838475
7/12/2006,386.3883848
7/13/2006,390.2722323
7/14/2006,394.8094374
7/17/2006,386.2068966
7/18/2006,377.7858439
7/19/2006,380.0362976
7/20/2006,374.8094374
7/21/2006,371.107078
7/24/2006,371.8693285
7/25/2006,373.1397459
7/26/2006,374.446461
7/27/2006,378.6932849
7/28/2006,378.6569873
7/31/2006,382.8675136
8/1/2006,386.6061706
8/2/2006,389.9818512
8/3/2006,385.0816697
8/4/2006,386.8965517
8/7/2006,390.0907441
8/8/2006,388.6388385
8/9/2006,391.615245
8/10/2006,383.1215971
8/11/2006,381.3067151
8/14/2006,378.7295826
8/15/2006,377.7495463
8/16/2006,378.8747731
8/17/2006,370.707804
8/18/2006,371.6878403
8/21/2006,378.1488203
8/22/2006,379.0562613
8/23/2006,376.4065336
8/24/2006,376.1524501
8/25/2006,377.4228675
8/28/2006,372.123412
8/29/2006,369.1107078
8/30/2006,370.3448276
8/31/2006,375.0998185
9/1/2006,372.7041742
9/4/2006,372.7041742
9/5/2006,376.4791289
9/6/2006,375.1724138
9/7/2006,369.9818512
9/8/2006,364.6098004
9/11/2006,354.0834846
9/12/2006,351.3974592
9/13/2006,351.3248639
9/14/2006,346.8965517
9/15/2006,343.0127042
9/18/2006,348.4936479
9/19/2006,343.7749546
9/20/2006,341.5245009
9/21/2006,344.9001815
9/22/2006,344.8275862
9/25/2006,345.1179673
9/26/2006,345.4446461
9/27/2006,349.292196
9/28/2006,352.522686
9/29/2006,351.615245
10/2/2006,349.1833031
10/3/2006,339.6370236
10/4/2006,335.9346642
10/5/2006,341.9600726
10/6/2006,343.4845735
10/9/2006,347.5499093
10/10/2006,343.1941924
10/11/2006,343.4482759
10/12/2006,345.5172414
10/13/2006,350.7803993
10/16/2006,355.862069
10/17/2006,353.7568058
10/18/2006,351.8693285
10/19/2006,356.0435572
10/20/2006,353.1397459
10/23/2006,349.9092559
10/24/2006,352.1597096
10/25/2006,356.9509982
10/26/2006,357.8221416
10/27/2006,359.5281307
10/30/2006,356.9509982
10/31/2006,356.9147005
11/1/2006,358.584392
11/2/2006,360.508167
11/3/2006,363.3393829
11/6/2006,365.9165154
11/7/2006,364.4283122
11/8/2006,362.5408348
11/9/2006,370.5989111
11/10/2006,363.0852995
11/13/2006,360
11/14/2006,359.5644283
11/15/2006,360.6896552
11/16/2006,357.3502722
11/17/2006,356.4791289
11/20/2006,357.7132486
11/21/2006,363.5571688
11/22/2006,361.923775
11/23/2006,361.923775
11/24/2006,361.923775
11/27/2006,368.7114338
11/28/2006,368.4936479
11/29/2006,370.199637
11/30/2006,375.753176
12/1/2006,376.0798548
12/4/2006,373.6842105
12/5/2006,374.0834846
12/6/2006,369.1107078
12/7/2006,368.3484574
12/8/2006,367.0780399
12/11/2006,366.7513612
12/12/2006,365.0453721
12/13/2006,364.7186933
12/14/2006,367.7676951
12/15/2006,364.3557169
12/18/2006,361.1615245
12/19/2006,363.5571688
12/20/2006,363.3393829
12/21/2006,360.1814882
12/22/2006,360.8348457
12/25/2006,360.8348457
12/26/2006,359.6370236
12/27/2006,360.8711434
12/28/2006,362.5045372
12/29/2006,362.9764065
1/1/2007,362.9764065
1/2/2007,362.9764065
1/3/2007,353.53902
1/4/2007,348.384755
1/5/2007,343.1215971
1/8/2007,342.323049
1/9/2007,341.6333938
1/10/2007,341.5607985
1/11/2007,339.600726
1/12/2007,343.4482759
1/15/2007,343.4482759
1/16/2007,340.5444646
1/17/2007,343.5934664
1/18/2007,340.2903811
1/19/2007,346.1705989
1/22/2007,346.6424682
1/23/2007,353.7931034
1/24/2007,354.3375681
1/25/2007,353.1034483
1/26/2007,354.3012704
1/29/2007,349.6188748
1/30/2007,354.5916515
1/31/2007,359.7822142
2/1/2007,359.2377495
2/2/2007,358.0399274
2/5/2007,359.0199637
2/6/2007,360.1088929
2/7/2007,357.5317604
2/8/2007,361.8511797
2/9/2007,365.5172414
2/12/2007,359.6370236
2/13/2007,364.9001815
2/14/2007,363.4119782
2/15/2007,364.3920145
2/16/2007,367.1143376
2/19/2007,367.1143376
2/20/2007,362.6497278
2/21/2007,371.2885662
2/22/2007,375.1361162
2/23/2007,379.2740472
2/26/2007,380.9437387
2/27/2007,379.8548094
2/28/2007,375.862069
3/1/2007,373.7568058
3/2/2007,367.477314
3/5/2007,362.1415608
3/6/2007,365.8076225
3/7/2007,371.0344828
3/8/2007,372.5589837
3/9/2007,368.3484574
3/12/2007,367.5862069
3/13/2007,366.7513612
3/14/2007,365.2631579
3/15/2007,367.477314
3/16/2007,369.0018149
3/19/2007,369.2196007
3/20/2007,369.1107078
3/21/2007,369.3284936
3/22/2007,374.9183303
3/23/2007,373.1760436
3/26/2007,377.7495463
3/27/2007,377.6406534
3/28/2007,381.6333938
3/29/2007,383.8838475
3/30/2007,385.2994555
4/2/2007,386.46098
4/3/2007,386.3520871
4/4/2007,390.8529946
4/5/2007,391.3974592
4/6/2007,391.3974592
4/9/2007,389.800363
4/10/2007,392.7404719
4/11/2007,393.5027223
4/12/2007,393.5753176
4/13/2007,395.753176
4/16/2007,394.2286751
4/17/2007,392.9582577
4/18/2007,391.9782214
4/19/2007,389.7277677
4/20/2007,392.8856624
4/23/2007,396.4065336
4/24/2007,392.4137931
4/25/2007,395.1361162
4/26/2007,390.3811252
4/27/2007,393.938294
4/30/2007,394.6642468
5/1/2007,392.9945554
5/2/2007,390.5989111
5/3/2007,394.0471869
5/4/2007,395.5353902
5/7/2007,393.3938294
5/8/2007,393.2486388
5/9/2007,391.3974592
5/10/2007,387.6588022
5/11/2007,392.123412
5/14/2007,390.4537205
5/15/2007,392.8130672
5/16/2007,388.6388385
5/17/2007,389.9455535
5/18/2007,390.7441016
5/21/2007,393.6116152
5/22/2007,389.3284936
5/23/2007,390.707804
5/24/2007,386.6061706
5/25/2007,388.9655172
5/28/2007,388.9655172
5/29/2007,385.5898367
5/30/2007,384.8638838
5/31/2007,388.2032668
6/1/2007,392.7404719
6/4/2007,396.8058076
6/5/2007,395.753176
6/6/2007,394.6642468
6/7/2007,392.4863884
6/8/2007,383.3393829
6/11/2007,388.2032668
6/12/2007,385.8076225
6/13/2007,387.1143376
6/14/2007,391.5063521
6/15/2007,394.0471869
6/18/2007,394.7731397
6/19/2007,393.7931034
6/20/2007,391.8330309
6/21/2007,389.2196007
6/22/2007,389.1470054
6/25/2007,388.4210526
6/26/2007,382.3956443
6/27/2007,383.6660617
6/28/2007,385.1905626
6/29/2007,387.8039927
7/2/2007,392.4500907
7/3/2007,391.9056261
7/4/2007,391.9056261
7/5/2007,392.0145191
7/6/2007,394.2286751
7/9/2007,396.6243194
7/10/2007,399.491833
7/11/2007,398.4392015
7/12/2007,400.4718693
7/13/2007,401.5970962
7/16/2007,397.676951
7/17/2007,395.862069
7/18/2007,401.1978221
7/19/2007,405.5172414
7/20/2007,406.9328494
7/23/2007,402.1415608
7/24/2007,400.1088929
7/25/2007,398.6932849
7/26/2007,394.446461
7/27/2007,395.5353902
7/30/2007,397.4954628
7/31/2007,400.6896552
8/1/2007,397.8221416
8/2/2007,396.9872958
8/3/2007,395.8257713
8/6/2007,390.0907441
8/7/2007,391.215971
8/8/2007,391.6878403
8/9/2007,387.9128857
8/10/2007,389.5825771
8/13/2007,390.7441016
8/14/2007,389.292196
8/15/2007,390.0907441
8/16/2007,376.9147005
8/17/2007,382.2867514
8/20/2007,378.185118
8/21/2007,375.9346642
8/22/2007,377.0235935
8/23/2007,379.1288566
8/24/2007,383.6660617
8/27/2007,383.5571688
8/28/2007,382.4682396
8/29/2007,385.1179673
8/30/2007,384.9001815
8/31/2007,388.1669691
9/3/2007,388.1669691
9/4/2007,391.215971
9/5/2007,390.5626134
9/6/2007,394.9546279
9/7/2007,395.8983666
9/10/2007,398.185118
9/11/2007,402.7949183
9/12/2007,406.6787659
9/13/2007,406.7150635
9/14/2007,406.6424682
9/17/2007,409.8366606
9/18/2007,411.1433757
9/19/2007,415.3901996
9/20/2007,419.5281307
9/21/2007,419.1651543
9/24/2007,419.7822142
9/25/2007,416.7332123
9/26/2007,416.0072595
9/27/2007,421.7785844
9/28/2007,422.4319419
10/1/2007,421.4519056
10/2/2007,415.8257713
10/3/2007,416.3702359
10/4/2007,419.9637024
10/5/2007,420.6896552
10/8/2007,412.7041742
10/9/2007,416.261343
10/10/2007,420.2540835
10/11/2007,425.7713249
10/12/2007,425.2268603
10/15/2007,431.3974592
10/16/2007,432.1960073
10/17/2007,431.5789474
10/18/2007,435.6442831
10/19/2007,433.3938294
10/22/2007,429.0018149
10/23/2007,428.784029
10/24/2007,430.8892922
10/25/2007,437.5317604
10/26/2007,444.1016334
10/29/2007,448.8566243
10/30/2007,443.3756806
10/31/2007,451.3974592
11/1/2007,449.7277677
11/2/2007,456.6969147
11/5/2007,453.7205082
11/6/2007,461.5607985
11/7/2007,462.1778584
11/8/2007,462.6497278
11/9/2007,463.5934664
11/12/2007,453.53902
11/13/2007,447.1506352
11/14/2007,455.4990926
11/15/2007,445.7350272
11/16/2007,448.5299456
11/19/2007,444.7912886
11/20/2007,453.5753176
11/21/2007,453.0671506
11/22/2007,453.0671506
11/23/2007,461.415608
11/26/2007,462.0326679
11/27/2007,454.2286751
11/28/2007,446.6061706
11/29/2007,446.3520871
11/30/2007,439.8185118
12/3/2007,440.1451906
12/4/2007,441.9600726
12/5/2007,440.6533575
12/6/2007,444.7186933
12/7/2007,442.5771325
12/10/2007,444.646098
12/11/2007,448.3484574
12/12/2007,456.0435572
12/13/2007,449.0381125
12/14/2007,446.061706
12/17/2007,444.9001815
12/18/2007,445.5898367
12/19/2007,448.1669691
12/20/2007,446.8239564
12/21/2007,453.1034483
12/24/2007,454.3375681
12/25/2007,454.3375681
12/26/2007,460.7985481
12/27/2007,462.3593466
12/28/2007,463.0490018
12/31/2007,462.0689655
1/1/2008,462.0689655
1/2/2008,474.9546279
1/3/2008,478.6569873
1/4/2008,474.9909256
1/7/2008,469.2558984
1/8/2008,478.2214156
1/9/2008,476.8421053
1/10/2008,475.9709619
1/11/2008,476.2250454
1/14/2008,481.5245009
1/15/2008,476.261343
1/16/2008,468.2758621
1/17/2008,467.9491833
1/18/2008,469.8729583
1/21/2008,469.8729583
1/22/2008,467.5136116
1/23/2008,460.4355717
1/24/2008,470.7803993
1/25/2008,476.5517241
1/28/2008,482.0689655
1/29/2008,485.6261343
1/30/2008,484.8275862
1/31/2008,487.1869328
2/1/2008,479.600726
2/4/2008,480.8711434
2/5/2008,472.5589837
2/6/2008,476.261343
2/7/2008,480.6170599
2/8/2008,491.2522686
2/11/2008,496.0072595
2/12/2008,490.4174229
2/13/2008,490.3811252
2/14/2008,496.1161525
2/15/2008,494.7368421
2/18/2008,494.7368421
2/19/2008,510.0544465
2/20/2008,511.8693285
2/21/2008,515.4627949
2/22/2008,516.1161525
2/25/2008,515.5716878
2/26/2008,521.9963702
2/27/2008,526.4246824
2/28/2008,534.2286751
2/29/2008,534.0834846
3/3/2008,540.1088929
3/4/2008,528.8203267
3/5/2008,544.137931
3/6/2008,540.3266788
3/7/2008,539.1651543
3/10/2008,538.3666062
3/11/2008,540.3266788
3/12/2008,544.6098004
3/13/2008,549.8729583
3/14/2008,548.5299456
3/17/2008,534.1923775
3/18/2008,542.9038113
3/19/2008,517.6043557
3/20/2008,506.7150635
3/21/2008,506.7150635
3/24/2008,508.3121597
3/25/2008,515.8257713
3/26/2008,525.2631579
3/27/2008,529.5462795
3/28/2008,522.1415608
3/31/2008,513.7568058
4/1/2008,502.5045372
4/2/2008,511.215971
4/3/2008,511.9782214
4/4/2008,517.2413793
4/7/2008,526.6061706
4/8/2008,521.9963702
4/9/2008,534.2286751
4/10/2008,532.3774955
4/11/2008,530.5626134
4/14/2008,532.2323049
4/15/2008,536.6969147
4/16/2008,544.9001815
4/17/2008,542.2867514
4/18/2008,538.5117967
4/21/2008,537.3865699
4/22/2008,543.5934664
4/23/2008,540.1814882
4/24/2008,531.1433757
4/25/2008,535.0272232
4/28/2008,536.6969147
4/29/2008,525.2631579
4/30/2008,519.092559
5/1/2008,509.7277677
5/2/2008,520.6533575
5/5/2008,531.5063521
5/6/2008,536.5517241
5/7/2008,537.0961887
5/8/2008,540.0362976
5/9/2008,545.9891107
5/12/2008,543.9201452
5/13/2008,544.9364791
5/14/2008,541.3430127
5/15/2008,544.3194192
5/16/2008,552.9219601
5/19/2008,552.7767695
5/20/2008,562.1052632
5/21/2008,571.5063521
5/22/2008,565.0090744
5/23/2008,568.8566243
5/26/2008,568.8566243
5/27/2008,559.2740472
5/28/2008,558.6569873
5/29/2008,543.1941924
5/30/2008,546.969147
6/2/2008,550.4174229
6/3/2008,543.1215971
6/4/2008,537.6043557
6/5/2008,544.3194192
6/6/2008,567.5136116
6/9/2008,561.8511797
6/10/2008,552.0871143
6/11/2008,563.5208711
6/12/2008,561.2341198
6/13/2008,559.600726
6/16/2008,564.9001815
6/17/2008,564.3920145
6/18/2008,570.7441016
6/19/2008,565.2994555
6/20/2008,570.9981851
6/23/2008,568.8203267
6/24/2008,568.384755
6/25/2008,561.3793103
6/26/2008,579.4192377
6/27/2008,584.0653358
6/30/2008,582.831216
7/1/2008,589.800363
7/2/2008,595.9709619
7/3/2008,594.7368421
7/4/2008,594.7368421
7/7/2008,585.7350272
7/8/2008,571.3974592
7/9/2008,574.9546279
7/10/2008,588.784029
7/11/2008,598.2940109
7/14/2008,599.8911071
7/15/2008,588.8566243
7/16/2008,578.584392
7/17/2008,574.1197822
7/18/2008,566.6424682
7/21/2008,571.107078
7/22/2008,562.3593466
7/23/2008,550.6352087
7/24/2008,548.0580762
7/25/2008,546.969147
7/28/2008,550.5626134
7/29/2008,542.5408348
7/30/2008,544.9001815
7/31/2008,545.6987296
8/1/2008,543.1941924
8/4/2008,531.3248639
8/5/2008,521.8874773
8/6/2008,520.3266788
8/7/2008,520.508167
8/8/2008,507.7676951
8/11/2008,497.9673321
8/12/2008,490.3448276
8/13/2008,501.7422868
8/14/2008,494.7731397
8/15/2008,486.3157895
8/18/2008,488.9292196
8/19/2008,496.2976407
8/20/2008,498.0036298
8/21/2008,517.676951
8/22/2008,504.9727768
8/25/2008,503.23049
8/26/2008,504.0290381
8/27/2008,508.0217786
8/28/2008,502.722323
8/29/2008,501.415608
9/1/2008,501.415608
9/2/2008,485.154265
9/3/2008,483.738657
9/4/2008,480.6170599
9/5/2008,474.2286751
9/8/2008,474.3375681
9/9/2008,465.5898367
9/10/2008,457.3502722
9/11/2008,452.3411978
9/12/2008,460.6170599
9/15/2008,455.0635209
9/16/2008,444.8275862
9/17/2008,467.3684211
9/18/2008,478.5480944
9/19/2008,479.4192377
9/22/2008,501.5245009
9/23/2008,490.8892922
9/24/2008,491.4700544
9/25/2008,491.2522686
9/26/2008,489.9455535
9/29/2008,474.5553539
9/30/2008,474.1560799
10/1/2008,472.2323049
10/2/2008,449.4010889
10/3/2008,446.2794918
10/6/2008,439.6370236
10/7/2008,445.6987296
10/8/2008,446.3157895
10/9/2008,442.3593466
10/10/2008,417.7132486
10/13/2008,423.5934664
10/14/2008,419.8911071
10/15/2008,406.5335753
10/16/2008,388.8566243
10/17/2008,390.0181488
10/20/2008,391.8330309
10/21/2008,382.6497278
10/22/2008,363.8475499
10/23/2008,359.6370236
10/24/2008,354.7368421
10/27/2008,359.600726
10/28/2008,359.6733212
10/29/2008,377.3865699
10/30/2008,364.8275862
10/31/2008,363.23049
11/3/2008,360.9437387
11/4/2008,381.3793103
11/5/2008,368.4936479
11/6/2008,355.5353902
11/7/2008,354.9909256
11/10/2008,361.6696915
11/11/2008,350.7803993
11/12/2008,342.3593466
11/13/2008,342.2504537
11/14/2008,348.384755
11/17/2008,343.5934664
11/18/2008,340.7259528
11/19/2008,338.3666062
11/20/2008,332.522686
11/21/2008,341.7785844
11/24/2008,358.3303085
11/25/2008,353.1760436
11/26/2008,357.3502722
11/27/2008,357.3502722
11/28/2008,356.0435572
12/1/2008,338.3666062
12/2/2008,335.4627949
12/3/2008,329.9092559
12/4/2008,322.6497278
12/5/2008,311.7604356
12/8/2008,322.7949183
12/9/2008,321.1252269
12/10/2008,330.9255898
12/11/2008,342.4682396
12/12/2008,336.8058076
12/15/2008,338.584392
12/16/2008,338.9110708
12/17/2008,343.4482759
12/18/2008,337.4954628
12/19/2008,333.6116152
12/22/2008,333.1760436
12/23/2008,328.8203267
12/24/2008,326.1343013
12/25/2008,326.1343013
12/26/2008,333.6116152
12/29/2008,337.3865699
12/30/2008,337.4591652
12/31/2008,350.5626134
1/1/2009,350.5626134
1/2/2009,355.3901996
1/5/2009,355.862069
1/6/2009,362.722323
1/7/2009,348.5299456
1/8/2009,347.0780399
1/9/2009,349.0381125
1/12/2009,335.2087114
1/13/2009,339.8548094
1/14/2009,334.5190563
1/15/2009,334.0108893
1/16/2009,339.491833
1/19/2009,339.491833
1/20/2009,335.2813067
1/21/2009,332.2686025
1/22/2009,331.0344828
1/23/2009,344.8275862
1/26/2009,349.8366606
1/27/2009,339.9274047
1/28/2009,341.7422868
1/29/2009,343.6297641
1/30/2009,347.2958258
2/2/2009,338.2577132
2/3/2009,337.7495463
2/4/2009,341.5245009
2/5/2009,346.2068966
2/6/2009,349.4736842
2/9/2009,346.46098
2/10/2009,344.2831216
2/11/2009,347.1869328
2/12/2009,347.1143376
2/13/2009,343.6297641
2/16/2009,343.6297641
2/17/2009,335.4264973
2/18/2009,333.3212341
2/19/2009,338.1488203
2/20/2009,339.3103448
2/23/2009,337.2413793
2/24/2009,337.2050817
2/25/2009,341.2704174
2/26/2009,343.8838475
2/27/2009,341.3430127
3/2/2009,330.9255898
3/3/2009,330.5263158
3/4/2009,338.584392
3/5/2009,336.1887477
3/6/2009,341.415608
3/9/2009,336.261343
3/10/2009,333.5753176
3/11/2009,329.8366606
3/12/2009,338.0036298
3/13/2009,339.3829401
3/16/2009,341.3430127
3/17/2009,344.5735027
3/18/2009,337.9673321
3/19/2009,360.0362976
3/20/2009,361.0526316
3/23/2009,366.3520871
3/24/2009,360.907441
3/25/2009,359.8185118
3/26/2009,363.8838475
3/27/2009,356.5880218
3/30/2009,346.6424682
3/31/2009,350.8892922
4/1/2009,348.892922
4/2/2009,357.0598911
4/3/2009,358.9110708
4/6/2009,351.7241379
4/7/2009,352.1960073
4/8/2009,353.7205082
4/9/2009,358.1488203
4/10/2009,358.1488203
4/13/2009,358.5117967
4/14/2009,359.4555354
4/15/2009,361.0163339
4/16/2009,358.9473684
4/17/2009,359.0199637
4/20/2009,350.7803993
4/21/2009,349.5462795
4/22/2009,350.4537205
4/23/2009,350.6715064
4/24/2009,356.0798548
4/27/2009,349.8729583
4/28/2009,345.1179673
4/29/2009,351.4337568
4/30/2009,352.3049002
5/1/2009,359.9637024
5/4/2009,366.8965517
5/5/2009,365.8439201
5/6/2009,374.6279492
5/7/2009,377.7132486
5/8/2009,379.5281307
5/11/2009,377.4591652
5/12/2009,380.2177858
5/13/2009,377.168784
5/14/2009,378.3666062
5/15/2009,373.1034483
5/18/2009,377.0598911
5/19/2009,378.3666062
5/20/2009,383.23049
5/21/2009,381.1252269
5/22/2009,385.9165154
5/25/2009,385.9165154
5/26/2009,387.5136116
5/27/2009,388.3484574
5/28/2009,394.2286751
5/29/2009,401.9963702
6/1/2009,411.4700544
6/2/2009,412.3774955
6/3/2009,402.2141561
6/4/2009,413.3212341
6/5/2009,409.0018149
6/8/2009,405.8802178
6/9/2009,412.7041742
6/10/2009,414.4827586
6/11/2009,422.4682396
6/12/2009,415.1724138
6/15/2009,406.969147
6/16/2009,408.2032668
6/17/2009,409.1833031
6/18/2009,409.2558984
6/19/2009,405.9528131
6/22/2009,393.2123412
6/23/2009,398.5480944
6/24/2009,402.5771325
6/25/2009,407.6588022
6/26/2009,404.5372051
6/29/2009,408.0943739
6/30/2009,401.0889292
7/1/2009,404.7912886
7/2/2009,396.5880218
7/3/2009,396.5880218
7/6/2009,388.0580762
7/7/2009,384.9001815
7/8/2009,373.1034483
7/9/2009,376.6606171
7/10/2009,373.4664247
7/13/2009,374.0834846
7/14/2009,377.6406534
7/15/2009,386.4246824
7/16/2009,388.0217786
7/17/2009,393.1760436
7/20/2009,398.3666062
7/21/2009,398.185118
7/22/2009,401.7059891
7/23/2009,406.46098
7/24/2009,407.8402904
7/27/2009,409.3647913
7/28/2009,404.4646098
7/29/2009,395.0635209
7/30/2009,407.3321234
7/31/2009,415.2087114
8/3/2009,425.2994555
8/4/2009,429.4736842
8/5/2009,433.7568058
8/6/2009,428.6388385
8/7/2009,428.0217786
8/10/2009,425.2994555
8/11/2009,422.1052632
8/12/2009,425.9165154
8/13/2009,429.8366606
8/14/2009,419.600726
8/17/2009,412.5952813
8/18/2009,416.4428312
8/19/2009,420.399274
8/20/2009,416.9872958
8/21/2009,422.6860254
8/24/2009,423.6660617
8/25/2009,419.2377495
8/26/2009,417.2050817
8/27/2009,418.2940109
8/28/2009,423.6297641
8/31/2009,416.0072595
9/1/2009,411.5789474
9/2/2009,414.446461
9/3/2009,417.5680581
9/4/2009,415.4264973
9/7/2009,415.4264973
9/8/2009,423.0852995
9/9/2009,422.831216
9/10/2009,421.3430127
9/11/2009,417.7495463
9/14/2009,415.6079855
9/15/2009,420.3629764
9/16/2009,429.6551724
9/17/2009,429.7640653
9/18/2009,425.6261343
9/21/2009,419.491833
9/22/2009,425.9891107
9/23/2009,420.8348457
9/24/2009,411.2522686
9/25/2009,409.6914701
9/28/2009,411.2885662
9/29/2009,412.1597096
9/30/2009,423.8838475
10/1/2009,419.6370236
10/2/2009,416.0798548
10/5/2009,419.1651543
10/6/2009,427.1143376
10/7/2009,426.569873
10/8/2009,436.5517241
10/9/2009,433.7205082
10/12/2009,439.8548094
10/13/2009,441.8511797
10/14/2009,444.4283122
10/15/2009,446.6424682
10/16/2009,448.4210526
10/19/2009,453.4664247
10/20/2009,452.0508167
10/21/2009,460.5807623
10/22/2009,458.4029038
10/23/2009,457.3502722
10/26/2009,450.9981851
10/27/2009,449.3284936
10/28/2009,441.0163339
10/29/2009,451.0344828
10/30/2009,442.2504537
11/2/2009,447.8402904
11/3/2009,456.1887477
11/4/2009,459.3103448
11/5/2009,456.8058076
11/6/2009,451.7967332
11/9/2009,458.185118
11/10/2009,456.4791289
11/11/2009,460.4718693
11/12/2009,454.1197822
11/13/2009,454.9546279
11/16/2009,468.1669691
11/17/2009,469.6551724
11/18/2009,471.2885662
11/19/2009,466.8239564
11/20/2009,467.0054446
11/23/2009,471.1433757
11/24/2009,467.2595281
11/25/2009,476.4791289
11/26/2009,476.4791289
11/27/2009,469.4373866
11/30/2009,475.0272232
12/1/2009,482.6497278
12/2/2009,482.2867514
12/3/2009,483.4119782
12/4/2009,472.7404719
12/7/2009,468.8203267
12/8/2009,462.0689655
12/9/2009,452.8856624
12/10/2009,451.9782214
12/11/2009,451.9419238
12/14/2009,453.9745917
12/15/2009,453.8294011
12/16/2009,461.5970962
12/17/2009,452.0871143
12/18/2009,453.8656987
12/21/2009,450.4900181
12/22/2009,448.8203267
12/23/2009,456.3339383
12/24/2009,460.399274
12/25/2009,460.399274
12/28/2009,464.8638838
12/29/2009,463.1578947
12/30/2009,462.7586207
12/31/2009,463.1941924
1/1/2010,463.1941924
1/4/2010,473.3938294
1/5/2010,475.3176044
1/6/2010,482.722323
1/7/2010,479.2377495
1/8/2010,479.4192377
1/11/2010,481.7422868
1/12/2010,471.8693285
1/13/2010,471.6878403
1/14/2010,472.522686
1/15/2010,466.8965517
1/18/2010,466.8965517
1/19/2010,469.4736842
1/20/2010,460.3629764
1/21/2010,454.5553539
1/22/2010,447.6225045
1/25/2010,449.7277677
1/26/2010,448.3484574
1/27/2010,441.415608
1/28/2010,438.076225
1/29/2010,435.353902
2/1/2010,441.5245009
2/2/2010,450.5989111
2/3/2010,447.3684211
2/4/2010,429.9818512
2/5/2010,420.8348457
2/8/2010,425.8076225
2/9/2010,432.7767695
2/10/2010,433.9019964
2/11/2010,440.8711434
2/12/2010,436.9147005
2/15/2010,436.9147005
2/16/2010,452.8856624
2/17/2010,452.4500907
2/18/2010,455.9346642
2/19/2010,459.600726
2/22/2010,458.9110708
2/23/2010,451.4700544
2/24/2010,453.2123412
2/25/2010,448.1669691
2/26/2010,455.8983666
3/1/2010,454.8820327
3/2/2010,461.7422868
3/3/2010,467.2595281
3/4/2010,462.6497278
3/5/2010,467.1869328
3/8/2010,466.46098
3/9/2010,465.3357532
3/10/2010,464.3920145
3/11/2010,463.2667877
3/12/2010,461.2704174
3/15/2010,456.8421053
3/16/2010,465.0816697
3/17/2010,469.9818512
3/18/2010,468.9292196
3/19/2010,461.2704174
3/22/2010,461.3430127
3/23/2010,462.6497278
3/24/2010,456.3702359
3/25/2010,457.3502722
3/26/2010,458.7658802
3/29/2010,467.8039927
3/30/2010,468.2758621
3/31/2010,472.0871143
4/1/2010,478.4392015
4/2/2010,478.4392015
4/5/2010,483.9201452
4/6/2010,485.2268603
4/7/2010,485.6987296
4/8/2010,483.8112523
4/9/2010,486.3520871
4/12/2010,487.5136116
4/13/2010,485.3357532
4/14/2010,490.2722323
4/15/2010,492.7041742
4/16/2010,484.137931
4/19/2010,479.0562613
4/20/2010,482.9764065
4/21/2010,485.8439201
4/22/2010,485.6261343
4/23/2010,490.3448276
4/26/2010,490.2722323
4/27/2010,485.3720508
4/28/2010,486.8965517
4/29/2010,489.6551724
4/30/2010,494.6279492
5/3/2010,497.5680581
5/4/2010,484.3557169
5/5/2010,476.4791289
5/6/2010,472.4863884
5/7/2010,471.5063521
5/10/2010,475.9709619
5/11/2010,479.4555354
5/12/2010,483.8112523
5/13/2010,481.1978221
5/14/2010,470.5989111
5/17/2010,460.2540835
5/18/2010,459.5281307
5/19/2010,451.0707804
5/20/2010,445.7350272
5/21/2010,445.7350272
5/24/2010,449.5825771
5/25/2010,444.1742287
5/26/2010,451.9419238
5/27/2010,460.2540835
5/28/2010,458.4392015
5/31/2010,458.4392015
6/1/2010,456.6606171
6/2/2010,456.8421053
6/3/2010,456.2250454
6/4/2010,446.4246824
6/7/2010,450.0544465
6/8/2010,452.522686
6/9/2010,455.0998185
6/10/2010,456.4428312
6/11/2010,456.8058076
6/14/2010,460.4355717
6/15/2010,465.4809437
6/16/2010,467.0417423
6/17/2010,470.0544465
6/18/2010,471.107078
6/21/2010,470.4537205
6/22/2010,469.3284936
6/23/2010,463.0127042
6/24/2010,466.061706
6/25/2010,472.6315789
6/28/2010,469.9092559
6/29/2010,460.9800363
6/30/2010,461.415608
7/1/2010,448.5299456
7/2/2010,447.0780399
7/5/2010,447.0780399
7/6/2010,446.7513612
7/7/2010,453.1034483
7/8/2010,455.8983666
7/9/2010,460.1451906
7/12/2010,454.8094374
7/13/2010,462.5045372
7/14/2010,462.1052632
7/15/2010,462.4319419
7/16/2010,457.3139746
7/19/2010,456.0072595
7/20/2010,458.5480944
7/21/2010,458.4029038
7/22/2010,465.8439201
7/23/2010,464.6098004
7/26/2010,464.3557169
7/27/2010,457.0235935
7/28/2010,458.076225
7/29/2010,463.9927405
7/30/2010,469.6188748
8/2/2010,477.8584392
8/3/2010,480.3629764
8/4/2010,482.9764065
8/5/2010,482.2867514
8/6/2010,479.8911071
8/9/2010,481.0889292
8/10/2010,475.862069
8/11/2010,469.6188748
8/12/2010,468.5299456
8/13/2010,467.1143376
8/16/2010,468.2758621
8/17/2010,472.6678766
8/18/2010,471.107078
8/19/2010,468.0580762
8/20/2010,463.9927405
8/23/2010,462.3956443
8/24/2010,458.6932849
8/25/2010,460.907441
8/26/2010,466.2431942
8/27/2010,471.4700544
8/30/2010,471.5789474
8/31/2010,468.0943739
9/1/2010,472.8130672
9/2/2010,476.1524501
9/3/2010,477.3865699
9/6/2010,477.3865699
9/7/2010,480.5807623
9/8/2010,482.323049
9/9/2010,478.9836661
9/10/2010,478.6569873
9/13/2010,481.6696915
9/14/2010,486.3883848
9/15/2010,486.0254083
9/16/2010,485.0816697
9/17/2010,486.3883848
9/20/2010,489.4736842
9/21/2010,485.8076225
9/22/2010,488.6751361
9/23/2010,491.1796733
9/24/2010,495.2813067
9/27/2010,494.1560799
9/28/2010,496.0435572
9/29/2010,500.3629764
9/30/2010,503.9564428
10/1/2010,506.061706
10/4/2010,504.8638838
10/5/2010,513.2123412
10/6/2010,515.2450091
10/7/2010,508.3484574
10/8/2010,517.9673321
10/11/2010,519.9637024
10/12/2010,519.4555354
10/13/2010,526.0254083
10/14/2010,526.9328494
10/15/2010,521.8874773
10/18/2010,525.5898367
10/19/2010,512.5952813
10/20/2010,520.399274
10/21/2010,513.7205082
10/22/2010,515.5353902
10/25/2010,521.0526316
10/26/2010,521.8511797
10/27/2010,516.4065336
10/28/2010,520.508167
10/29/2010,521.1252269
11/1/2010,523.7023593
11/2/2010,527.3321234
11/3/2010,525.8439201
11/4/2010,541.0526316
11/5/2010,544.6098004
11/8/2010,546.3883848
11/9/2010,553.6842105
11/10/2010,549.4736842
11/11/2010,551.3248639
11/12/2010,533.6479129
11/15/2010,535.2813067
11/16/2010,518.8747731
11/17/2010,516.2250454
11/18/2010,526.5335753
11/19/2010,522.7949183
11/22/2010,523.1215971
11/23/2010,524.7186933
11/24/2010,530.9618875
11/25/2010,530.9618875
11/26/2010,527.5862069
11/29/2010,532.0508167
11/30/2010,533.7931034
12/1/2010,543.0490018
12/2/2010,547.7313975
12/3/2010,553.6479129
12/6/2010,555.7894737
12/7/2010,555.4990926
12/8/2010,550.199637
12/9/2010,551.2885662
12/10/2010,548.1669691
12/13/2010,555.353902
12/14/2010,555.7894737
12/15/2010,553.3938294
12/16/2010,549.6551724
12/17/2010,552.8130672
12/20/2010,556.8421053
12/21/2010,560.8711434
12/22/2010,561.8874773
12/23/2010,563.1941924
12/24/2010,563.1941924
12/27/2010,563.9201452
12/28/2010,568.8566243
12/29/2010,570.199637
12/30/2010,566.6787659
12/31/2010,574.1560799
1/3/2011,573.9019964
1/4/2011,563.3393829
1/5/2011,565.6987296
1/6/2011,562.6497278
1/7/2011,558.4029038
1/10/2011,563.5208711
1/11/2011,569.4736842
1/12/2011,574.7368421
1/13/2011,573.4664247
1/14/2011,571.215971
1/17/2011,571.215971
1/18/2011,572.4137931
1/19/2011,572.0508167
1/20/2011,563.6297641
1/21/2011,565.0453721
1/24/2011,563.9927405
1/25/2011,555.6079855
1/26/2011,563.0490018
1/27/2011,561.1978221
1/28/2011,570.4174229
1/31/2011,575.6079855
2/1/2011,580.4355717
2/2/2011,580.7622505
2/3/2011,583.3756806
2/4/2011,579.1288566
2/7/2011,578.5480944
2/8/2011,583.4119782
2/9/2011,586.4246824
2/10/2011,583.6297641
2/11/2011,581.0889292
2/14/2011,586.9328494
2/15/2011,583.4845735
2/16/2011,586.0254083
2/17/2011,589.7277677
2/18/2011,590.8166969
2/21/2011,590.8166969
2/22/2011,595.8983666
2/23/2011,606.8602541
2/24/2011,606.3520871
2/25/2011,610.1633394
2/28/2011,612.1597096
3/1/2011,621.3430127
3/2/2011,626.6787659
3/3/2011,623.7749546
3/4/2011,628.4573503
3/7/2011,627.2595281
3/8/2011,621.8874773
3/9/2011,623.8112523
3/10/2011,617.0235935
3/11/2011,615.6079855
3/14/2011,616.2976407
3/15/2011,596.0072595
3/16/2011,599.8911071
3/17/2011,612.3049002
3/18/2011,614.9183303
3/21/2011,620.3629764
3/22/2011,623.5571688
3/23/2011,626.3157895
3/24/2011,626.4972777
3/25/2011,625.0453721
3/28/2011,620.7985481
3/29/2011,621.4519056
3/30/2011,622.3956443
3/31/2011,631.1796733
4/1/2011,630.7803993
4/4/2011,634.7368421
4/5/2011,640.2177858
4/6/2011,642.6860254
4/7/2011,643.9201452
4/8/2011,656.4791289
4/11/2011,650.4174229
4/12/2011,638.5117967
4/13/2011,640.8711434
4/14/2011,643.8475499
4/15/2011,650.4900181
4/18/2011,646.8239564
4/19/2011,648.2395644
4/20/2011,656.9509982
4/21/2011,660.9800363
4/22/2011,660.9800363
4/25/2011,661.7059891
4/26/2011,659.491833
4/27/2011,663.2667877
4/28/2011,666.6061706
4/29/2011,674.1560799
5/2/2011,670.4537205
5/3/2011,659.7822142
5/4/2011,646.3520871
5/5/2011,615.6079855
5/6/2011,612.7767695
5/9/2011,625.5172414
5/10/2011,633.938294
5/11/2011,617.7132486
5/12/2011,617.4954628
5/13/2011,615.7894737
5/16/2011,610.4900181
5/17/2011,605.6261343
5/18/2011,618.076225
5/19/2011,613.8294011
5/20/2011,617.3865699
5/23/2011,612.4137931
5/24/2011,620.3266788
5/25/2011,628.7114338
5/26/2011,628.8566243
5/27/2011,632.2686025
5/30/2011,632.2686025
5/31/2011,636.7332123
6/1/2011,632.6315789
6/2/2011,630.3085299
6/3/2011,633.5753176
6/6/2011,630.9981851
6/7/2011,634.7368421
6/8/2011,636.261343
6/9/2011,640.6533575
6/10/2011,634.7368421
6/13/2011,629.6914701
6/14/2011,634.1197822
6/15/2011,624.2105263
6/16/2011,622.5771325
6/17/2011,621.0889292
6/20/2011,619.9274047
6/21/2011,620.5444646
6/22/2011,625.7350272
6/23/2011,607.477314
6/24/2011,601.7422868
6/27/2011,600.5444646
6/28/2011,607.6950998
6/29/2011,618.4029038
6/30/2011,617.4954628
7/1/2011,613.1034483
7/4/2011,613.1034483
7/5/2011,623.8838475
7/6/2011,626.569873
7/7/2011,638.076225
7/8/2011,636.8784029
7/11/2011,633.6479129
7/12/2011,639.1288566
7/13/2011,649.0744102
7/14/2011,646.8239564
7/15/2011,649.2558984
7/18/2011,649.7277677
7/19/2011,652.0871143
7/20/2011,652.123412
7/21/2011,649.800363
7/22/2011,655.6805808
7/25/2011,655.2087114
7/26/2011,658.9110708
7/27/2011,655.8983666
7/28/2011,654.2286751
7/29/2011,654.4827586
8/1/2011,650.8166969
8/2/2011,654.9183303
8/3/2011,653.0671506
8/4/2011,638.6932849
8/5/2011,635.2087114
8/8/2011,634.3738657
8/9/2011,635.2813067
8/10/2011,647.9854809
8/11/2011,648.2032668
8/12/2011,647.1506352
8/15/2011,654.0834846
8/16/2011,658.8021779
8/17/2011,665.4083485
8/18/2011,661.923775
8/19/2011,671.3248639
8/22/2011,679.5281307
8/23/2011,677.3865699
8/24/2011,658.2214156
8/25/2011,661.6696915
8/26/2011,670.6715064
8/29/2011,672.1960073
8/30/2011,683.5934664
8/31/2011,685.7350272
9/1/2011,682.4319419
9/2/2011,687.5136116
9/5/2011,687.5136116
9/6/2011,682.1778584
9/7/2011,679.5281307
9/8/2011,685.154265
9/9/2011,677.8221416
9/12/2011,667.4047187
9/13/2011,670.4900181
9/14/2011,667.5136116
9/15/2011,661.9600726
9/16/2011,666.2794918
9/19/2011,652.2686025
9/20/2011,659.3829401
9/21/2011,656.6243194
9/22/2011,628.2395644
9/23/2011,600.508167
9/26/2011,593.1760436
9/27/2011,612.0508167
9/28/2011,597.6043557
9/29/2011,598.5480944
9/30/2011,590.4537205
10/3/2011,594.9909256
10/4/2011,583.23049
10/5/2011,592.8856624
10/6/2011,602.3956443
10/7/2011,599.1651543
10/10/2011,611.8693285
10/11/2011,613.030853
10/12/2011,619.0562613
10/13/2011,616.6606171
10/14/2011,627.3684211
10/17/2011,621.9600726
10/18/2011,620.508167
10/19/2011,613.3212341
10/20/2011,605.553539
10/21/2011,612.1960073
10/24/2011,622.5771325
10/25/2011,629.4736842
10/26/2011,628.1669691
10/27/2011,644.3920145
10/28/2011,640.6170599
10/31/2011,633.430127
11/1/2011,624.2831216
11/2/2011,629.1107078
11/3/2011,638.2577132
11/4/2011,638.6932849
11/7/2011,646.2068966
11/8/2011,649.3284936
11/9/2011,642.1415608
11/10/2011,638.6206897
11/11/2011,645.4083485
11/14/2011,641.5607985
11/15/2011,645.7713249
11/16/2011,645.4809437
11/17/2011,626.8965517
11/18/2011,626.46098
11/21/2011,614.5916515
11/22/2011,623.3030853
11/23/2011,614.5190563
11/24/2011,614.5190563
11/25/2011,609.1833031
11/28/2011,618.8021779
11/29/2011,622.722323
11/30/2011,631.7604356
12/1/2011,628.0217786
12/2/2011,631.2885662
12/5/2011,629.5462795
12/6/2011,630.7441016
12/7/2011,628.4210526
12/8/2011,620
12/9/2011,620.0362976
12/12/2011,609.1470054
12/13/2011,613.5027223
12/14/2011,588.7477314
12/15/2011,586.6061706
12/16/2011,590.0181488
12/19/2011,588.6025408
12/20/2011,600.2177858
12/21/2011,602.9764065
12/22/2011,604.246824
12/23/2011,604.3194192
12/26/2011,604.3194192
12/27/2011,605.9528131
12/28/2011,598.4392015
12/29/2011,596.261343
12/30/2011,600.2540835
1/2/2012,600.2540835
1/3/2012,618.2940109
1/4/2012,621.8874773
1/5/2012,617.4228675
1/6/2012,617.2050817
1/9/2012,619.2377495
1/10/2012,626.969147
1/11/2012,625.1905626
1/12/2012,622.6134301
1/13/2012,616.5517241
1/16/2012,616.5517241
1/17/2012,626.1705989
1/18/2012,625.6261343
1/19/2012,628.2395644
1/20/2012,625.6624319
1/23/2012,632.1960073
1/24/2012,632.123412
1/25/2012,637.4954628
1/26/2012,643.738657
1/27/2012,644.5009074
1/30/2012,638.9473684
1/31/2012,639.9637024
2/1/2012,643.0127042
2/2/2012,642.5045372
2/3/2012,647.5136116
2/6/2012,647.9128857
2/7/2012,651.6878403
2/8/2012,650.0907441
2/9/2012,654.0108893
2/10/2012,647.6225045
2/13/2012,651.0707804
2/14/2012,648.892922
2/15/2012,653.3575318
2/16/2012,654.5553539
2/17/2012,653.5027223
2/20/2012,653.5027223
2/21/2012,665.553539
2/22/2012,669.0744102
2/23/2012,673.2486388
2/24/2012,676.6606171
2/27/2012,676.9147005
2/28/2012,676.2976407
2/29/2012,665.2994555
3/1/2012,672.9945554
3/2/2012,666.8239564
3/5/2012,665.0816697
3/6/2012,656.4428312
3/7/2012,660.1814882
3/8/2012,666.6424682
3/9/2012,669.800363
3/12/2012,666.3520871
3/13/2012,669.6188748
3/14/2012,660.2903811
3/15/2012,661.1615245
3/16/2012,665.8439201
3/19/2012,668.1669691
3/20/2012,659.7096189
3/21/2012,660.2177858
3/22/2012,654.5190563
3/23/2012,662.0689655
3/26/2012,667.1506352
3/27/2012,666.2431942
3/28/2012,658.5117967
3/29/2012,652.2686025
3/30/2012,658.584392
4/2/2012,666.2794918
4/3/2012,663.9201452
4/4/2012,648.784029
4/5/2012,653.8294011
4/6/2012,653.8294011
4/9/2012,652.0145191
4/10/2012,647.9854809
4/11/2012,649.6188748
4/12/2012,658.3666062
4/13/2012,652.9945554
4/16/2012,646.569873
4/17/2012,648.8203267
4/18/2012,643.3756806
4/19/2012,644.646098
4/20/2012,648.2032668
4/23/2012,644.137931
4/24/2012,647.8039927
4/25/2012,648.4936479
4/26/2012,654.1923775
4/27/2012,656.5517241
4/30/2012,656.4065336
5/1/2012,656.9509982
5/2/2012,650.5626134
5/3/2012,642.6497278
5/4/2012,637.277677
5/7/2012,635.353902
5/8/2012,627.4410163
5/9/2012,625.6624319
5/10/2012,626.061706
5/11/2012,620.1814882
5/14/2012,611.9782214
5/15/2012,612.2323049
5/16/2012,607.1143376
5/17/2012,608.6025408
5/18/2012,609.1107078
5/21/2012,611.5426497
5/22/2012,605.8439201
5/23/2012,594.8094374
5/24/2012,598.6569873
5/25/2012,602.1778584
5/28/2012,602.1778584
5/29/2012,599.3829401
5/30/2012,594.1197822
5/31/2012,588.6751361
6/1/2012,586.569873
6/4/2012,586.969147
6/5/2012,588.2758621
6/6/2012,597.277677
6/7/2012,593.8294011
6/8/2012,592.0508167
6/11/2012,590.4537205
6/12/2012,592.1597096
6/13/2012,590.7803993
6/14/2012,591.3248639
6/15/2012,593.7931034
6/18/2012,593.6116152
6/19/2012,598.4029038
6/20/2012,592.4500907
6/21/2012,575.5716878
6/22/2012,575.8257713
6/25/2012,583.3030853
6/26/2012,583.9564428
6/27/2012,586.969147
6/28/2012,578.9110708
6/29/2012,602.831216
7/2/2012,602.0326679
7/3/2012,617.9310345
7/4/2012,617.9310345
7/5/2012,619.2377495
7/6/2012,607.3684211
7/9/2012,616.76951
7/10/2012,610.5626134
7/11/2012,612.522686
7/12/2012,612.123412
7/13/2012,620.9437387
7/16/2012,627.6225045
7/17/2012,627.9854809
7/18/2012,630.7803993
7/19/2012,640.2540835
7/20/2012,640.6533575
7/23/2012,627.6588022
7/24/2012,623.5208711
7/25/2012,630.9981851
7/26/2012,631.0707804
7/27/2012,636.6606171
7/30/2012,639.9637024
7/31/2012,635.2087114
8/1/2012,634.8094374
8/2/2012,629.2196007
8/3/2012,641.415608
8/6/2012,642.6134301
8/7/2012,646.6787659
8/8/2012,649.0381125
8/9/2012,653.3575318
8/10/2012,651.0707804
8/13/2012,646.7150635
8/14/2012,646.569873
8/15/2012,653.1034483
8/16/2012,656.9147005
8/17/2012,656.9147005
8/20/2012,659.8911071
8/21/2012,668.3121597
8/22/2012,668.4936479
8/23/2012,671.7604356
8/24/2012,670.1633394
8/27/2012,668.8566243
8/28/2012,669.6551724
8/29/2012,669.2558984
8/30/2012,668.6025408
8/31/2012,677.0235935
9/3/2012,677.0235935
9/4/2012,677.3865699
9/5/2012,674.5553539
9/6/2012,678.185118
9/7/2012,685.2631579
9/10/2012,684.8275862
9/11/2012,685.6987296
9/12/2012,688.1306715
9/13/2012,694.8820327
9/14/2012,699.8911071
9/17/2012,688.5299456
9/18/2012,681.5970962
9/19/2012,673.9019964
9/20/2012,673.0671506
9/21/2012,677.2050817
9/24/2012,670.8166969
9/25/2012,673.53902
9/26/2012,666.061706
9/27/2012,674.3738657
9/28/2012,677.4954628
10/1/2012,677.8221416
10/2/2012,674.5553539
10/3/2012,666.6787659
10/4/2012,677.8947368
10/5/2012,674.5553539
10/8/2012,671.6878403
10/9/2012,675.4990926
10/10/2012,673.7205082
10/11/2012,678.3303085
10/12/2012,671.7241379
10/15/2012,666.3157895
10/16/2012,668.6025408
10/17/2012,669.7277677
10/18/2012,668.6388385
10/19/2012,660.9800363
10/22/2012,658.2577132
10/23/2012,650.8529946
10/24/2012,648.9655172
10/25/2012,650.8529946
10/26/2012,652.0508167
10/29/2012,651.5426497
10/30/2012,651.5426497
10/31/2012,651.7604356
11/1/2012,652.0145191
11/2/2012,639.0562613
11/5/2012,641.3793103
11/6/2012,653.938294
11/7/2012,644.0653358
11/8/2012,645.2994555
11/9/2012,648.2032668
11/12/2012,646.7876588
11/13/2012,644.5372051
11/14/2012,648.2395644
11/15/2012,644.6823956
11/16/2012,644.3920145
11/19/2012,656.4065336
11/20/2012,652.0871143
11/21/2012,654.2649728
11/22/2012,654.2649728
11/23/2012,658.9110708
11/26/2012,658.4029038
11/27/2012,657.1324864
11/28/2012,652.2686025
11/29/2012,659.1651543
11/30/2012,657.2050817
12/3/2012,659.9637024
12/4/2012,651.9419238
12/5/2012,650.9981851
12/6/2012,648.0943739
12/7/2012,646.5335753
12/10/2012,647.1869328
12/11/2012,647.1506352
12/12/2012,652.1597096
12/13/2012,644.9364791
12/14/2012,649.7277677
12/17/2012,649.1470054
12/18/2012,646.3883848
12/19/2012,646.4246824
12/20/2012,640.9800363
12/21/2012,641.923775
12/24/2012,640.4718693
12/25/2012,640.4718693
12/26/2012,644.9364791
12/27/2012,645.4083485
12/28/2012,642.2867514
12/31/2012,645.6987296
1/1/2013,645.6987296
1/2/2013,651.3974592
1/3/2013,646.8965517
1/4/2013,639.2740472
1/7/2013,641.6333938
1/8/2013,644.7549909
1/9/2013,643.8838475
1/10/2013,649.2558984
1/11/2013,643.3756806
1/14/2013,648.0943739
1/15/2013,647.2232305
1/16/2013,647.2595281
1/17/2013,650.8166969
1/18/2013,651.7604356
1/21/2013,651.7604356
1/22/2013,654.1923775
1/23/2013,654.7731397
1/24/2013,653.1397459
1/25/2013,650.0181488
1/28/2013,651.3611615
1/29/2013,655.9346642
1/30/2013,663.5934664
1/31/2013,660.907441
2/1/2013,666.3520871
2/4/2013,664.3557169
2/5/2013,666.2431942
2/6/2013,665.6624319
2/7/2013,664.3194192
2/8/2013,666.2431942
2/11/2013,661.9600726
2/12/2013,662.3593466
2/13/2013,661.923775
2/14/2013,660.1451906
2/15/2013,655.6805808
2/18/2013,655.6805808
2/19/2013,654.9546279
2/20/2013,648.4936479
2/21/2013,643.23049
2/22/2013,642.5408348
2/25/2013,644.2831216
2/26/2013,643.8475499
2/27/2013,638.6206897
2/28/2013,635.7894737
3/1/2013,630.8166969
3/4/2013,630.9255898
3/5/2013,634.8820327
3/6/2013,633.7931034
3/7/2013,636.6606171
3/8/2013,638.0399274
3/11/2013,637.9310345
3/12/2013,639.6370236
3/13/2013,636.5517241
3/14/2013,637.4591652
3/15/2013,638.4754991
3/18/2013,636.0435572
3/19/2013,632.3774955
3/20/2013,634.845735
3/21/2013,634.5190563
3/22/2013,633.430127
3/25/2013,633.6116152
3/26/2013,634.6642468
3/27/2013,637.5680581
3/28/2013,634.5916515
3/29/2013,634.5916515
4/1/2013,635.4264973
4/2/2013,631.215971
4/3/2013,620.2177858
4/4/2013,617.5317604
4/5/2013,616.7332123
4/8/2013,618.5117967
4/9/2013,623.7749546
4/10/2013,619.3466425
4/11/2013,617.6043557
4/12/2013,604.5372051
4/15/2013,577.2413793
4/16/2013,582.1415608
4/17/2013,576.5880218
4/18/2013,579.491833
4/19/2013,580.4355717
4/22/2013,584.2831216
4/23/2013,580.7259528
4/24/2013,584.6823956
4/25/2013,596.2976407
4/26/2013,594.0471869
4/29/2013,599.491833
4/30/2013,597.3502722
5/1/2013,584.4283122
5/2/2013,593.6842105
5/3/2013,599.0199637
5/6/2013,601.1252269
5/7/2013,597.8584392
5/8/2013,601.4882033
5/9/2013,602.4682396
5/10/2013,594.5553539
5/13/2013,593.430127
5/14/2013,590.8529946
5/15/2013,585.7350272
5/16/2013,586.7150635
5/17/2013,586.0254083
5/20/2013,589.5462795
5/21/2013,586.0254083
5/22/2013,583.1941924
5/23/2013,584.8638838
5/24/2013,584.8638838
5/27/2013,584.8638838
5/28/2013,588.7477314
5/29/2013,587.1869328
5/30/2013,589.7277677
5/31/2013,583.4482759
6/3/2013,590.5626134
6/4/2013,590.0181488
6/5/2013,589.8729583
6/6/2013,593.2486388
6/7/2013,590.8529946
6/10/2013,589.4010889
6/11/2013,585.2994555
6/12/2013,588.6025408
6/13/2013,588.3121597
6/14/2013,593.9019964
6/17/2013,591.9056261
6/18/2013,590.2359347
6/19/2013,593.3575318
6/20/2013,568.9292196
6/21/2013,566.6424682
6/24/2013,563.3756806
6/25/2013,565.3357532
6/26/2013,557.5680581
6/27/2013,557.0235935
6/28/2013,556.4791289
7/1/2013,562.2504537
7/2/2013,561.9600726
7/3/2013,567.7313975
7/4/2013,567.7313975
7/5/2013,562.3956443
7/8/2013,567.1869328
7/9/2013,570.8529946
7/10/2013,573.8656987
7/11/2013,577.8584392
7/12/2013,578.3666062
7/15/2013,578.4754991
7/16/2013,580.8711434
7/17/2013,579.1288566
7/18/2013,580.9800363
7/19/2013,581.7785844
7/22/2013,586.8239564
7/23/2013,586.2431942
7/24/2013,581.8874773
7/25/2013,582.2504537
7/26/2013,578.8021779
7/29/2013,580.3266788
7/30/2013,577.8584392
7/31/2013,580.0725953
8/1/2013,582.831216
8/2/2013,581.6333938
8/5/2013,579.092559
8/6/2013,574.1197822
8/7/2013,573.53902
8/8/2013,577.277677
8/9/2013,581.814882
8/12/2013,589.3284936
8/13/2013,590.1633394
8/14/2013,593.938294
8/15/2013,600.9800363
8/16/2013,603.23049
8/19/2013,601.6696915
8/20/2013,600.2903811
8/21/2013,597.3502722
8/22/2013,596.2250454
8/23/2013,603.3393829
8/26/2013,605.2268603
8/27/2013,613.8294011
8/28/2013,616.0435572
8/29/2013,612.4137931
8/30/2013,605.7350272
9/2/2013,605.7350272
9/3/2013,609.6914701
9/4/2013,604.3194192
9/5/2013,603.0490018
9/6/2013,608.9655172
9/9/2013,605.0816697
9/10/2013,596.9509982
9/11/2013,597.8947368
9/12/2013,597.0961887
9/13/2013,593.3575318
9/16/2013,590.7803993
9/17/2013,584.3194192
9/18/2013,589.3284936
9/19/2013,596.4791289
9/20/2013,588.7477314
9/23/2013,585.4809437
9/24/2013,584.6823956
9/25/2013,588.6751361
9/26/2013,589.6914701
9/27/2013,589.7277677
9/30/2013,586.6787659
10/1/2013,580.5444646
10/2/2013,588.7114338
10/3/2013,587.876588
10/4/2013,588.2395644
10/7/2013,592.0871143
10/8/2013,593.3212341
10/9/2013,587.6950998
10/10/2013,593.3212341
10/11/2013,588.5299456
10/14/2013,589.6551724
10/15/2013,588.1306715
10/16/2013,592.6678766
10/17/2013,592.7404719
10/18/2013,595.2087114
10/21/2013,595.1724138
10/22/2013,597.7495463
10/23/2013,590.3085299
10/24/2013,589.9818512
10/25/2013,590.199637
10/28/2013,593.6116152
10/29/2013,591.107078
10/30/2013,594.0471869
10/31/2013,586.969147
11/1/2013,579.6733212
11/4/2013,578.185118
11/5/2013,576.2250454
11/6/2013,577.4591652
11/7/2013,572.8130672
11/8/2013,574.5190563
11/11/2013,576.6606171
11/12/2013,573.0671506
11/13/2013,574.5553539
11/14/2013,578.2577132
11/15/2013,578.1488203
11/18/2013,575.5353902
11/19/2013,573.3938294
11/20/2013,573.8294011
11/21/2013,577.4954628
11/22/2013,579.7096189
11/25/2013,579.0562613
11/26/2013,579.3466425
11/27/2013,578.6569873
11/28/2013,578.6569873
11/29/2013,578.8021779
12/2/2013,576.9147005
12/3/2013,578.9110708
12/4/2013,582.1052632
12/5/2013,578.5117967
12/6/2013,579.7822142
12/9/2013,577.277677
12/10/2013,580.399274
12/11/2013,581.1615245
12/12/2013,573.7205082
12/13/2013,573.4664247
12/16/2013,577.5680581
12/17/2013,573.5753176
12/18/2013,576.9872958
12/19/2013,575.4627949
12/20/2013,581.5970962
12/23/2013,579.9274047
12/24/2013,582.1778584
12/25/2013,582.1778584
12/26/2013,583.4482759
12/27/2013,585.6624319
12/30/2013,581.3067151
12/31/2013,579.2014519
1/1/2014,579.2014519
1/2/2014,574.5553539
1/3/2014,571.0707804
1/6/2014,571.5063521
1/7/2014,571.5063521
1/8/2014,568.3121597
1/9/2014,565.4446461
1/10/2014,571.2522686
1/13/2014,571.9782214
1/14/2014,570.1633394
1/15/2014,571.0707804
1/16/2014,570.5263158
1/17/2014,572.6678766
1/20/2014,572.6678766
1/21/2014,571.215971
1/22/2014,573.53902
1/23/2014,574.3375681
1/24/2014,573.9745917
1/27/2014,570.3448276
1/28/2014,570.8166969
1/29/2014,572.0145191
1/30/2014,571.0344828
1/31/2014,569.292196
2/3/2014,570.199637
2/4/2014,571.1433757
2/5/2014,574.446461
2/6/2014,576.8058076
2/7/2014,582.722323
2/10/2014,582.1778584
2/11/2014,584.1016334
2/12/2014,586.6061706
2/13/2014,587.2595281
2/14/2014,592.9219601
2/17/2014,592.9219601
2/18/2014,600.6533575
2/19/2014,602.5771325
2/20/2014,601.6696915
2/21/2014,601.5970962
2/24/2014,606.4972777
2/25/2014,603.9927405
2/26/2014,601.5970962
2/27/2014,601.5970962
2/28/2014,601.6333938
3/3/2014,610.3811252
3/4/2014,607.1869328
3/5/2014,606.1705989
3/6/2014,609.4010889
3/7/2014,607.6950998
3/10/2014,605.8076225
3/11/2014,606.3883848
3/12/2014,607.3321234
3/13/2014,606.6061706
3/14/2014,608.9655172
3/17/2014,602.9401089
3/18/2014,604.3194192
3/19/2014,601.7422868
3/20/2014,597.8947368
3/21/2014,598.8747731
3/24/2014,596.6243194
3/25/2014,598.3666062
3/26/2014,597.3865699
3/27/2014,601.1252269
3/28/2014,603.0127042
3/31/2014,601.5607985
4/1/2014,596.5880218
4/2/2014,593.938294
4/3/2014,596.6606171
4/4/2014,601.1252269
4/7/2014,598.6569873
4/8/2014,605.154265
4/9/2014,606.3883848
4/10/2014,607.1869328
4/11/2014,605.1905626
4/14/2014,610.5263158
4/15/2014,609.6914701
4/16/2014,612.1960073
4/17/2014,612.0145191
4/18/2014,612.0145191
4/21/2014,610.7441016
4/22/2014,611.4700544
4/23/2014,612.5952813
4/24/2014,615.1724138
4/25/2014,614.5190563
4/28/2014,609.800363
4/29/2014,613.8656987
4/30/2014,609.4010889
5/1/2014,603.9927405
5/2/2014,606.3520871
5/5/2014,604.8638838
5/6/2014,604.0653358
5/7/2014,603.9564428
5/8/2014,604.4283122
5/9/2014,602.831216
5/12/2014,605.6261343
5/13/2014,608.784029
5/14/2014,611.5789474
5/15/2014,607.9128857
5/16/2014,607.6950998
5/19/2014,608.0580762
5/20/2014,607.6225045
5/21/2014,609.6914701
5/22/2014,610.9618875
5/23/2014,611.2522686
5/26/2014,611.2522686
5/27/2014,605.3357532
5/28/2014,604.5372051
5/29/2014,605.0453721
5/30/2014,600.4355717
6/2/2014,599.491833
6/3/2014,597.9310345
6/4/2014,595.753176
6/5/2014,596.1161525
6/6/2014,597.4228675
6/9/2014,600.1814882
6/10/2014,599.0562613
6/11/2014,599.4192377
6/12/2014,606.46098
6/13/2014,608.7477314
6/16/2014,610.1270417
6/17/2014,611.215971
6/18/2014,614.0471869
6/19/2014,621.4519056
6/20/2014,623.0852995
6/23/2014,621.0526316
6/24/2014,621.4519056
6/25/2014,620.2540835
6/26/2014,619.8548094
6/27/2014,618.584392
6/30/2014,610.9255898
7/1/2014,609.5462795
7/2/2014,609.2196007
7/3/2014,606.7150635
7/4/2014,606.7150635
7/7/2014,601.6696915
7/8/2014,599.6370236
7/9/2014,596.1887477
7/10/2014,596.9147005
7/11/2014,591.9419238
7/14/2014,591.5426497
7/15/2014,587.9128857
7/16/2014,588.9292196
7/17/2014,591.107078
7/18/2014,587.5136116
7/21/2014,589.0381125
7/22/2014,586.8602541
7/23/2014,588.2032668
7/24/2014,584.646098
7/25/2014,588.4936479
7/28/2014,588.2758621
7/29/2014,586.569873
7/30/2014,584.0290381
7/31/2014,580.1451906
8/1/2014,576.261343
8/4/2014,578.2214156
8/5/2014,573.3938294
8/6/2014,578.2577132
8/7/2014,579.0199637
8/8/2014,577.0235935
8/11/2014,578.1125227
8/12/2014,573.6116152
8/13/2014,574.8820327
8/14/2014,569.6551724
8/15/2014,571.0707804
8/18/2014,566.7876588
8/19/2014,566.2068966
8/20/2014,567.4047187
8/21/2014,567.9491833
8/22/2014,567.876588
8/25/2014,566.8602541
8/26/2014,568.2032668
8/27/2014,568.2032668
8/28/2014,568.8203267
8/29/2014,569.4373866
9/1/2014,569.4373866
9/2/2014,562.4319419
9/3/2014,565.2631579
9/4/2014,561.2704174
9/5/2014,561.0889292
9/8/2014,557.1324864
9/9/2014,553.4664247
9/10/2014,550.1633394
9/11/2014,546.6061706
9/12/2014,544.1742287
9/15/2014,543.8112523
9/16/2014,546.569873
9/17/2014,546.1343013
9/18/2014,540.6170599
9/19/2014,537.9310345
9/22/2014,533.2849365
9/23/2014,532.8493648
9/24/2014,533.3212341
9/25/2014,532.0508167
9/26/2014,531.215971
9/29/2014,533.938294
9/30/2014,524.7549909
10/1/2014,524.1016334
10/2/2014,520
10/3/2014,515.7168784
10/6/2014,523.3393829
10/7/2014,523.2667877
10/8/2014,519.491833
10/9/2014,519.1651543
10/10/2014,516.2250454
10/13/2014,518.1488203
10/14/2014,513.430127
10/15/2014,508.3484574
10/16/2014,511.4700544
10/17/2014,511.8693285
10/20/2014,509.8366606
10/21/2014,514.6642468
10/22/2014,510.9255898
10/23/2014,515.753176
10/24/2014,512.8856624
10/27/2014,515.8257713
10/28/2014,517.4591652
10/29/2014,524.5009074
10/30/2014,515.4990926
10/31/2014,512.8856624
11/3/2014,509.6551724
11/4/2014,501.5607985
11/5/2014,499.6733212
11/6/2014,501.8511797
11/7/2014,506.6424682
11/10/2014,502.8675136
11/11/2014,505.7713249
11/12/2014,503.6660617
11/13/2014,495.8257713
11/14/2014,499.8185118
11/17/2014,498.6206897
11/18/2014,497.3502722
11/19/2014,494.9183303
11/20/2014,497.2050817
11/21/2014,502.9401089
11/24/2014,500.1814882
11/25/2014,499.8185118
11/26/2014,499.7096189
11/27/2014,499.7096189
11/28/2014,475.4627949
12/1/2014,485.7350272
12/2/2014,477.0598911
12/3/2014,475.9346642
12/4/2014,477.1324864
12/5/2014,475.4264973
12/8/2014,469.8729583
12/9/2014,477.7132486
12/10/2014,469.7277677
12/11/2014,468.784029
12/12/2014,465.3357532
12/15/2014,459.9274047
12/16/2014,451.7241379
12/17/2014,454.5553539
12/18/2014,452.5589837
12/19/2014,456.4791289
12/22/2014,453.1034483
12/23/2014,456.4791289
12/24/2014,451.0707804
12/25/2014,451.0707804
12/26/2014,454.4827586
12/29/2014,448.2758621
12/30/2014,449.6551724
12/31/2014,442.2504537
1/1/2015,442.2504537
1/2/2015,439.600726
1/5/2015,439.491833
1/6/2015,438.6206897
1/7/2015,435.5716878
1/8/2015,434.6279492
1/9/2015,434.2649728
1/12/2015,428.6388385
1/13/2015,425.4809437
1/14/2015,428.5299456
1/15/2015,427.3321234
1/16/2015,435.3901996
1/19/2015,435.3901996
1/20/2015,431.3611615
1/21/2015,434.1923775
1/22/2015,433.6842105
1/23/2015,432.8856624
1/26/2015,431.0707804
1/27/2015,434.1923775
1/28/2015,431.8330309
1/29/2015,425.5172414
1/30/2015,436.6606171
2/2/2015,443.1578947
2/3/2015,455.1361162
2/4/2015,445.0453721
2/5/2015,449.9092559
2/6/2015,450.6352087
2/9/2015,456.3702359
2/10/2015,449.6188748
2/11/2015,444.2105263
2/12/2015,452.7404719
2/13/2015,460.7259528
2/16/2015,460.7259528
2/17/2015,457.4228675
2/18/2015,452.5952813
2/19/2015,453.3575318
2/20/2015,452.4137931
2/23/2015,449.3647913
2/24/2015,449.6914701
2/25/2015,456.6606171
2/26/2015,456.2976407
2/27/2015,463.2667877
3/2/2015,453.9745917
3/3/2015,457.0961887
3/4/2015,452.9945554
3/5/2015,450.9981851
3/6/2015,445.8439201
3/9/2015,444.1742287
3/10/2015,435.8257713
3/11/2015,436.1887477
3/12/2015,434.9909256
3/13/2015,427.2232305
3/16/2015,424.137931
3/17/2015,421.3430127
3/18/2015,428.2032668
3/19/2015,428.0943739
3/20/2015,436.2250454
3/23/2015,438.9473684
3/24/2015,438.0036298
3/25/2015,441.1615245
3/26/2015,448.4573503
3/27/2015,440.399274
3/30/2015,437.6043557
3/31/2015,433.3575318
4/1/2015,443.1578947
4/2/2015,435.5353902
4/3/2015,435.5353902
4/6/2015,446.7513612
4/7/2015,447.2958258
4/8/2015,436.0435572
4/9/2015,435.353902
4/10/2015,440.4718693
4/13/2015,439.7096189
4/14/2015,441.0526316
4/15/2015,448.6388385
4/16/2015,450.2359347
4/17/2015,450.3085299
4/20/2015,447.7676951
4/21/2015,446.7150635
4/22/2015,444.8275862
4/23/2015,450.9981851
4/24/2015,448.784029
4/27/2015,454.446461
4/28/2015,456.5154265
4/29/2015,458.9110708
4/30/2015,455.6442831
5/1/2015,453.3938294
5/4/2015,455.8983666
5/5/2015,460.8348457
5/6/2015,459.7096189
5/7/2015,453.4664247
5/8/2015,454.8094374
5/11/2015,452.0145191
5/12/2015,457.168784
5/13/2015,462.2141561
5/14/2015,463.4845735
5/15/2015,463.23049
5/18/2015,462.5045372
5/19/2015,452.8856624
5/20/2015,454.5553539
5/21/2015,457.2050817
5/22/2015,454.0108893
5/25/2015,454.0108893
5/26/2015,446.4972777
5/27/2015,442.9401089
5/28/2015,444.5009074
5/29/2015,450.0181488
6/1/2015,448.3484574
6/2/2015,451.8330309
6/3/2015,446.8965517
6/4/2015,440.6533575
6/5/2015,441.2704174
6/8/2015,441.5970962
6/9/2015,446.969147
6/10/2015,450.3811252
6/11/2015,447.1506352
6/12/2015,444.5735027
6/15/2015,443.8475499
6/16/2015,444.3920145
6/17/2015,444.7186933
6/18/2015,449.5462795
6/19/2015,445.3720508
6/22/2015,444.2831216
6/23/2015,445.2994555
6/24/2015,443.1941924
6/25/2015,442.5771325
6/26/2015,444.137931
6/29/2015,442.6497278
6/30/2015,447.5136116
7/1/2015,444.3194192
7/2/2015,443.9564428
7/3/2015,443.9564428
7/6/2015,434.7731397
7/7/2015,427.876588
7/8/2015,430.8892922
7/9/2015,434.5553539
7/10/2015,434.9183303
7/13/2015,433.6116152
7/14/2015,433.53902
7/15/2015,428.6388385
7/16/2015,427.477314
7/17/2015,424.5735027
7/20/2015,418.7295826
7/21/2015,418.9110708
7/22/2015,414.7368421
7/23/2015,412.5952813
7/24/2015,407.876588
7/27/2015,405.8076225
7/28/2015,407.0780399
7/29/2015,407.4410163
7/30/2015,406.6061706
7/31/2015,405.0816697
8/3/2015,398.2214156
8/4/2015,400.1088929
8/5/2015,398.7658802
8/6/2015,397.6043557
8/7/2015,398.2577132
8/10/2015,405.8076225
8/11/2015,402.1778584
8/12/2015,404.1016334
8/13/2015,402.7949183
8/14/2015,401.0889292
8/17/2015,401.415608
8/18/2015,399.2014519
8/19/2015,398.1125227
8/20/2015,402.5045372
8/21/2015,399.0199637
8/24/2015,391.3248639
8/25/2015,390.0544465
8/26/2015,383.7749546
8/27/2015,393.2486388
8/28/2015,401.1252269
8/31/2015,407.9128857
9/1/2015,401.2341198
9/2/2015,401.7785844
9/3/2015,402.2867514
9/4/2015,399.1651543
9/7/2015,399.1651543
9/8/2015,400.2540835
9/9/2015,394.1560799
9/10/2015,397.5680581
9/11/2015,395.2087114
9/14/2015,392.4500907
9/15/2015,392.4137931
9/16/2015,399.6733212
9/17/2015,398.2214156
9/18/2015,397.4591652
9/21/2015,399.7459165
9/22/2015,396.5154265
9/23/2015,395.9709619
9/24/2015,400.5444646
9/25/2015,401.3793103
9/28/2015,394.5916515
9/29/2015,395.9709619
9/30/2015,395.2450091
10/1/2015,393.7931034
10/2/2015,398.5480944
10/5/2015,403.1578947
10/6/2015,409.8729583
10/7/2015,409.4736842
10/8/2015,409.5825771
10/9/2015,412.5952813
10/12/2015,409.3647913
10/13/2015,408.892922
10/14/2015,411.1433757
10/15/2015,411.5063521
10/16/2015,411.9056261
10/19/2015,405.8802178
10/20/2015,406.8602541
10/21/2015,403.738657
10/22/2015,404.0653358
10/23/2015,402.323049
10/26/2015,401.5970962
10/27/2015,400.2903811
10/28/2015,407.1869328
10/29/2015,400.907441
10/30/2015,401.9600726
11/2/2015,400.1451906
11/3/2015,400.6533575
11/4/2015,394.4827586
11/5/2015,391.4337568
11/6/2015,387.5499093
11/9/2015,385.8802178
11/10/2015,385.8076225
11/11/2015,382.8675136
11/12/2015,379.2014519
11/13/2015,377.168784
11/16/2015,376.9872958
11/17/2015,373.430127
11/18/2015,373.3938294
11/19/2015,375.862069
11/20/2015,375.8257713
11/23/2015,374.9546279
11/24/2015,378.8384755
11/25/2015,378.584392
11/26/2015,378.584392
11/27/2015,373.6842105
11/30/2015,374.1923775
12/1/2015,375.4627949
12/2/2015,369.9455535
12/3/2015,373.3938294
12/4/2015,376.4428312
12/7/2015,368.4936479
12/8/2015,366.4246824
12/9/2015,367.0054446
12/10/2015,365.6261343
12/11/2015,362.6860254
12/14/2015,359.6733212
12/15/2015,359.6733212
12/16/2015,360
12/17/2015,354.8820327
12/18/2015,359.2740472
12/21/2015,359.7096189
12/22/2015,357.8584392
12/23/2015,359.9637024
12/24/2015,361.814882
12/25/2015,361.814882
12/28/2015,357.0235935
12/29/2015,360.0362976
12/30/2015,356.2250454
12/31/2015,356.6606171
1/1/2016,356.6606171
1/4/2016,357.8221416
1/5/2016,357.1324864
1/6/2016,354.0834846
1/7/2016,355.6805808
1/8/2016,352.2686025
1/11/2016,347.7313975
1/12/2016,344.3920145
1/13/2016,344.4283122
1/14/2016,342.6134301
1/15/2016,340.6533575
1/18/2016,340.6533575
1/19/2016,340.2177858
1/20/2016,338.1125227
1/21/2016,340.4355717
1/22/2016,346.969147
1/25/2016,345.1905626
1/26/2016,350.5989111
1/27/2016,352.9219601
1/28/2016,354.0834846
1/29/2016,356.8421053
2/1/2016,355.4627949
2/2/2016,351.8330309
2/3/2016,358.6569873
2/4/2016,360.907441
2/5/2016,358.9836661
2/8/2016,363.6297641
2/9/2016,357.7858439
2/10/2016,356.9509982
2/11/2016,364.2105263
2/12/2016,370.7441016
2/15/2016,370.7441016
2/16/2016,363.1941924
2/17/2016,368.784029
2/18/2016,370.3811252
2/19/2016,367.5862069
2/22/2016,368.4210526
2/23/2016,366.9328494
2/24/2016,371.4700544
2/25/2016,372.3411978
2/26/2016,369.4736842
2/29/2016,373.8656987
3/1/2016,373.1034483
3/2/2016,376.4428312
3/3/2016,379.3829401
3/4/2016,386.4972777
3/7/2016,390.4174229
3/8/2016,388.0217786
3/9/2016,390.4174229
3/10/2016,391.0707804
3/11/2016,391.215971
3/14/2016,386.9328494
3/15/2016,382.4682396
3/16/2016,385.8802178
3/17/2016,395.6079855
3/18/2016,392.8493648
3/21/2016,392.4137931
3/22/2016,394.5190563
3/23/2016,386.3157895
3/24/2016,385.2268603
3/25/2016,385.2268603
3/28/2016,384.246824
3/29/2016,384.2105263
3/30/2016,383.3030853
3/31/2016,384.6823956
4/1/2016,378.076225
4/4/2016,374.1197822
4/5/2016,374.3375681
4/6/2016,377.7132486
4/7/2016,377.7132486
4/8/2016,386.7150635
4/11/2016,392.0145191
4/12/2016,398.0036298
4/13/2016,397.277677
4/14/2016,392.7767695
4/15/2016,391.615245
4/18/2016,391.4700544
4/19/2016,400.7259528
4/20/2016,406.6061706
4/21/2016,405.4083485
4/22/2016,402.2867514
4/25/2016,402.6860254
4/26/2016,407.0780399
4/27/2016,410.9255898
4/28/2016,415.862069
4/29/2016,419.2377495
5/2/2016,417.8947368
5/3/2016,412.8856624
5/4/2016,409.9092559
5/5/2016,409.0744102
5/6/2016,413.7568058
5/9/2016,404.1742287
5/10/2016,410.8529946
5/11/2016,418.3303085
5/12/2016,417.4228675
5/13/2016,417.2413793
5/16/2016,419.9637024
5/17/2016,422.7586207
5/18/2016,422.2867514
5/19/2016,417.1324864
5/20/2016,417.8584392
5/23/2016,416.3339383
5/24/2016,413.9745917
5/25/2016,416.2250454
5/26/2016,416.1887477
5/27/2016,415.8983666
5/30/2016,415.8983666
5/31/2016,415.8983666
6/1/2016,415.5716878
6/2/2016,417.3139746
6/3/2016,420.9800363
6/6/2016,424.6823956
6/7/2016,427.1506352
6/8/2016,434.5553539
6/9/2016,435.5353902
6/10/2016,432.9219601
6/13/2016,433.8294011
6/14/2016,431.8330309
6/15/2016,430.199637
6/16/2016,425.8076225
6/17/2016,430.9255898
6/20/2016,435.1724138
6/21/2016,430.9255898
6/22/2016,429.5462795
6/23/2016,429.9818512
6/24/2016,430.1633394
6/27/2016,428.1306715
6/28/2016,433.0671506
6/29/2016,439.9274047
6/30/2016,437.2413793
7/1/2016,442.0689655
7/4/2016,442.0689655
7/5/2016,435.9709619
7/6/2016,438.4392015
7/7/2016,430.6352087
7/8/2016,432.123412
7/11/2016,431.3611615
7/12/2016,434.845735
7/13/2016,432.2686025
7/14/2016,431.5789474
7/15/2016,430.199637
7/18/2016,428.7477314
7/19/2016,426.969147
7/20/2016,424.137931
7/21/2016,423.4845735
7/22/2016,420.2540835
7/25/2016,416.6606171
7/26/2016,417.3139746
7/27/2016,415.8257713
7/28/2016,415.0635209
7/29/2016,419.2740472
8/1/2016,415.0272232
8/2/2016,415.8983666
8/3/2016,417.676951
8/4/2016,419.9637024
8/5/2016,417.2050817
8/8/2016,419.3829401
8/9/2016,418.8747731
8/10/2016,417.6406534
8/11/2016,421.7059891
8/12/2016,421.7059891
8/15/2016,427.0417423
8/16/2016,430.0181488
8/17/2016,430.4900181
8/18/2016,434.8094374
8/19/2016,432.1597096
8/22/2016,428.2032668
8/23/2016,430.199637
8/24/2016,424.8275862
8/25/2016,424.2831216
8/26/2016,424.7549909
8/29/2016,422.5771325
8/30/2016,418.7295826
8/31/2016,413.6479129
9/1/2016,410.9618875
9/2/2016,415.3901996
9/5/2016,415.3901996
9/6/2016,420.5444646
9/7/2016,422.2867514
9/8/2016,426.46098
9/9/2016,420.6896552
9/12/2016,419.0199637
9/13/2016,414.7731397
9/14/2016,412.8493648
9/15/2016,413.8294011
9/16/2016,411.7604356
9/19/2016,413.9019964
9/20/2016,414.9183303
9/21/2016,418.9473684
9/22/2016,423.4119782
9/23/2016,418.1488203
9/26/2016,420.2903811
9/27/2016,414.3738657
9/28/2016,418.2940109
9/29/2016,421.3067151
9/30/2016,421.1252269
10/3/2016,422.7949183
10/4/2016,416.4428312
10/5/2016,417.7132486
10/6/2016,416.3702359
10/7/2016,415.353902
10/10/2016,419.1651543
10/11/2016,416.4428312
10/12/2016,414.446461
10/13/2016,416.4428312
10/14/2016,416.1161525
10/17/2016,416.1524501
10/18/2016,417.7132486
10/19/2016,421.0526316
10/20/2016,417.6043557
10/21/2016,418.9473684
10/24/2016,418.6932849
10/25/2016,419.4192377
10/26/2016,417.9673321
10/27/2016,420.6170599
10/28/2016,419.491833
10/31/2016,414.1197822
11/1/2016,415.4264973
11/2/2016,414.6279492
11/3/2016,412.8856624
11/4/2016,410.7803993
11/7/2016,408.6388385
11/8/2016,409.292196
11/9/2016,408.6388385
11/10/2016,408.0580762
11/11/2016,397.3139746
11/14/2016,395.6079855
11/15/2016,401.1978221
11/16/2016,400.5807623
11/17/2016,400.3629764
11/18/2016,399.9637024
11/21/2016,407.4047187
11/22/2016,408.7477314
11/23/2016,405.9891107
11/24/2016,405.9891107
11/25/2016,402.4319419
11/28/2016,407.5499093
11/29/2016,401.1978221
11/30/2016,407.3684211
12/1/2016,412.0145191
12/2/2016,413.9745917
12/5/2016,416.7332123
12/6/2016,414.845735
12/7/2016,414.4827586
12/8/2016,413.3575318
12/9/2016,413.430127
12/12/2016,417.1324864
12/13/2016,416.261343
12/14/2016,414.8820327
12/15/2016,408.1306715
12/16/2016,412.0508167
12/19/2016,410.9618875
12/20/2016,409.8366606
12/21/2016,409.1833031
12/22/2016,408.892922
12/23/2016,408.9292196
12/26/2016,408.9292196
12/27/2016,412.522686
12/28/2016,414.7005445
12/29/2016,416.6243194
12/30/2016,415.2813067
1/2/2017,415.2813067
1/3/2017,412.4863884
1/4/2017,416.5880218
1/5/2017,418.9110708
1/6/2017,417.6043557
1/9/2017,414.6279492
1/10/2017,413.9745917
1/11/2017,417.6406534
1/12/2017,421.8874773
1/13/2017,421.0526316
1/16/2017,421.0526316
1/17/2017,425.2268603
1/18/2017,423.23049
1/19/2017,420.9437387
1/20/2017,423.9201452
1/23/2017,424.8638838
1/24/2017,425.0090744
1/25/2017,421.7059891
1/26/2017,420.9800363
1/27/2017,419.5281307
1/30/2017,417.9673321
1/31/2017,422.4319419
2/1/2017,424.646098
2/2/2017,425.5172414
2/3/2017,425.5172414
2/6/2017,425.8802178
2/7/2017,425.2994555
2/8/2017,427.477314
2/9/2017,427.2958258
2/10/2017,430.4537205
2/13/2017,426.3520871
2/14/2017,426.7150635
2/15/2017,428.4936479
2/16/2017,428.5299456
2/17/2017,427.2958258
2/20/2017,427.2958258
2/21/2017,428.2032668
2/22/2017,425.6624319
2/23/2017,429.0381125
2/24/2017,429.7277677
2/27/2017,430.0181488
2/28/2017,429.6551724
3/1/2017,429.8366606
3/2/2017,422.3956443
3/3/2017,422.4682396
3/6/2017,422.5771325
3/7/2017,420.1451906
3/8/2017,414.7005445
3/9/2017,410.0907441
3/10/2017,408.3484574
3/13/2017,409.0744102
3/14/2017,407.6588022
3/15/2017,409.3284936
3/16/2017,413.9019964
3/17/2017,414.7005445
3/20/2017,415.3901996
3/21/2017,416.1887477
3/22/2017,416.1524501
3/23/2017,415.1724138
3/24/2017,415.1361162
3/27/2017,415.9709619
3/28/2017,417.4591652
3/29/2017,419.092559
3/30/2017,418.9836661
3/31/2017,419.2014519
4/3/2017,418.1488203
4/4/2017,420.6533575
4/5/2017,420.2540835
4/6/2017,421.6333938
4/7/2017,422.3593466
4/10/2017,422.8675136
4/11/2017,426.4972777
4/12/2017,426.8602541
4/13/2017,429.0381125
4/14/2017,429.0381125
4/17/2017,428.7114338
4/18/2017,426.6787659
4/19/2017,421.3430127
4/20/2017,420.5807623
4/21/2017,418.9836661
4/24/2017,417.168784
4/25/2017,416.4428312
4/26/2017,415.2813067
4/27/2017,413.2849365
4/28/2017,414.1923775
5/1/2017,411.5063521
5/2/2017,409.800363
5/3/2017,408.6388385
5/4/2017,400.9800363
5/5/2017,402.323049
5/8/2017,402.722323
5/9/2017,400.2903811
5/10/2017,403.6297641
5/11/2017,405.4083485
5/12/2017,406.4972777
5/15/2017,409.2558984
5/16/2017,410.707804
5/17/2017,415.0998185
5/18/2017,413.430127
5/19/2017,416.9872958
5/22/2017,420
5/23/2017,419.2014519
5/24/2017,418.0036298
5/25/2017,413.8294011
5/26/2017,415.8983666
5/29/2017,415.8983666
5/30/2017,414.5553539
5/31/2017,413.2123412
6/1/2017,412.4137931
6/2/2017,412.3411978
6/5/2017,410.7441016
6/6/2017,413.7931034
6/7/2017,409.3647913
6/8/2017,407.8402904
6/9/2017,407.9854809
6/12/2017,406.4972777
6/13/2017,406.6787659
6/14/2017,404.2105263
6/15/2017,400.6533575
6/16/2017,401.923775
6/19/2017,399.4555354
6/20/2017,396.261343
6/21/2017,394.0108893
6/22/2017,394.1923775
6/23/2017,395.753176
6/26/2017,395.0998185
6/27/2017,397.8584392
6/28/2017,400.1088929
6/29/2017,400.6170599
6/30/2017,404.6823956
7/3/2017,404.8275862
7/4/2017,404.8275862
7/5/2017,401.8874773
7/6/2017,403.3393829
7/7/2017,398.2577132
7/10/2017,400.2177858
7/11/2017,402.0689655
7/12/2017,402.8675136
7/13/2017,401.6696915
7/14/2017,405.4809437
7/17/2017,405.7713249
7/18/2017,407.7676951
7/19/2017,410.8892922
7/20/2017,411.3974592
7/21/2017,409.5462795
7/24/2017,409.5825771
7/25/2017,412.5589837
7/26/2017,414.446461
7/27/2017,417.7858439
7/28/2017,420.907441
7/31/2017,421.9600726
8/1/2017,418.9110708
8/2/2017,420.9437387
8/3/2017,418.8021779
8/4/2017,417.676951
8/7/2017,418.0399274
8/8/2017,418.2214156
8/9/2017,421.3067151
8/10/2017,418.9836661
8/11/2017,420.1088929
8/14/2017,416.7332123
8/15/2017,413.9019964
8/16/2017,413.6479129
8/17/2017,415.5353902
8/18/2017,419.1288566
8/21/2017,417.2413793
8/22/2017,417.5317604
8/23/2017,419.8185118
8/24/2017,419.600726
8/25/2017,420.2540835
8/28/2017,422.6134301
8/29/2017,423.5934664
8/30/2017,421.923775
8/31/2017,429.1470054
9/1/2017,431.3974592
9/4/2017,431.3974592
9/5/2017,435.6079855
9/6/2017,436.0798548
9/7/2017,438.0036298
9/8/2017,435.9346642
9/11/2017,433.53902
9/12/2017,432.8130672
9/13/2017,434.3738657
9/14/2017,435.753176
9/15/2017,436.1524501
9/18/2017,432.9219601
9/19/2017,432.6315789
9/20/2017,436.5517241
9/21/2017,433.3575318
9/22/2017,434.5190563
9/25/2017,440.1451906
9/26/2017,437.168784
9/27/2017,435.4990926
9/28/2017,434.5916515
9/29/2017,433.7931034
10/2/2017,429.800363
10/3/2017,429.6914701
10/4/2017,430.5263158
10/5/2017,433.3938294
10/6/2017,429.7277677
10/9/2017,430.8892922
10/10/2017,435.353902
10/11/2017,435.4627949
10/12/2017,436.1887477
10/13/2017,440.1088929
10/16/2017,440.7259528
10/17/2017,437.2050817
10/18/2017,437.0961887
10/19/2017,437.277677
10/20/2017,436.9872958
10/23/2017,436.8421053
10/24/2017,438.2940109
10/25/2017,438.9836661
10/26/2017,439.2014519
10/27/2017,441.4519056
10/30/2017,443.5934664
10/31/2017,443.7749546
11/1/2017,445.154265
11/2/2017,445.2994555
11/3/2017,446.061706
11/6/2017,453.3938294
11/7/2017,450.9255898
11/8/2017,451.9056261
11/9/2017,452.7767695
11/10/2017,450.5989111
11/13/2017,450.5626134
11/14/2017,446.9328494
11/15/2017,446.0254083
11/16/2017,445.0816697
11/17/2017,451.4700544
11/20/2017,447.1506352
11/21/2017,449.0381125
11/22/2017,453.0671506
11/23/2017,453.0671506
11/24/2017,453.7568058
11/27/2017,454.3375681
11/28/2017,453.6116152
11/29/2017,449.8729583
11/30/2017,447.2595281
12/1/2017,451.1433757
12/4/2017,447.477314
12/5/2017,445.5898367
12/6/2017,441.0889292
12/7/2017,440.6170599
12/8/2017,442.323049
12/11/2017,443.5934664
12/12/2017,440.3629764
12/13/2017,439.5281307
12/14/2017,442.1778584
12/15/2017,442.8675136
12/18/2017,444.8638838
12/19/2017,445.3357532
12/20/2017,448.2032668
12/21/2017,449.292196
12/22/2017,451.1796733
12/25/2017,451.1796733
12/26/2017,457.8584392
12/27/2017,458.1125227
12/28/2017,459.7459165
12/29/2017,462.7949183
1/1/2018,462.7949183
1/2/2018,463.23049
1/3/2018,466.2794918
1/4/2018,467.5499093
1/5/2018,465.8439201
1/8/2018,465.5898367
1/9/2018,466.3520871
1/10/2018,468.0943739
1/11/2018,468.6025408
1/12/2018,471.7967332
1/15/2018,471.7967332
1/16/2018,471.6878403
1/17/2018,472.3411978
1/18/2018,471.0344828
1/19/2018,470.8892922
1/22/2018,472.3049002
1/23/2018,474.446461
1/24/2018,479.7459165
1/25/2018,480.4718693
1/26/2018,479.3829401
1/29/2018,475.8983666
1/30/2018,473.0671506
1/31/2018,473.9019964
2/1/2018,476.5880218
2/2/2018,472.3049002
2/5/2018,469.9818512
2/6/2018,466.3883848
2/7/2018,459.8185118
2/8/2018,459.2377495
2/9/2018,453.430127
2/12/2018,456.4791289
2/13/2018,457.6043557
2/14/2018,465.8439201
2/15/2018,466.7150635
2/16/2018,468.4573503
2/19/2018,468.4573503
2/20/2018,466.2431942
2/21/2018,467.1869328
2/22/2018,469.4736842
2/23/2018,470.8529946
2/26/2018,472.4137931
2/27/2018,468.5299456
2/28/2018,464.2831216
3/1/2018,460.5444646
3/2/2018,463.3030853
3/5/2018,466.0980036
3/6/2018,468.1669691
3/7/2018,463.0852995
3/8/2018,460.1814882
3/9/2018,463.4119782
3/12/2018,461.1978221
3/13/2018,462.2504537
3/14/2018,462.2141561
3/15/2018,461.6333938
3/16/2018,462.9401089
3/19/2018,461.6333938
3/20/2018,463.1578947
3/21/2018,469.1833031
3/22/2018,468.5299456
3/23/2018,473.938294
3/26/2018,473.9019964
3/27/2018,472.0145191
3/28/2018,467.9854809
3/29/2018,469.3284936
3/30/2018,469.3284936
4/2/2018,468.0217786
4/3/2018,467.1869328
4/4/2018,466.46098
4/5/2018,466.8602541
4/6/2018,465.2994555
4/9/2018,470.2722323
4/10/2018,475.9709619
4/11/2018,480.8348457
4/12/2018,478.0399274
4/13/2018,480.0725953
4/16/2018,478.5480944
4/17/2018,478.584392
4/18/2018,484.5009074
4/19/2018,483.8838475
4/20/2018,482.4682396
4/23/2018,479.8911071
4/24/2018,479.3103448
4/25/2018,478.0036298
4/26/2018,478.6932849
4/27/2018,479.5644283
4/30/2018,480.0725953
5/1/2018,475.2450091
5/2/2018,475.7894737
5/3/2018,477.3502722
5/4/2018,480.8348457
5/7/2018,482.4319419
5/8/2018,479.9637024
5/9/2018,484.9364791
5/10/2018,487.4410163
5/11/2018,486.0980036
5/14/2018,487.2958258
5/15/2018,483.6297641
5/16/2018,484.5735027
5/17/2018,485.4083485
5/18/2018,484.1016334
5/21/2018,487.1869328
5/22/2018,488.2758621
5/23/2018,488.3121597
5/24/2018,489.0018149
5/25/2018,484.0290381
5/28/2018,484.0290381
5/29/2018,481.3430127
5/30/2018,486.4972777
5/31/2018,485.3357532
6/1/2018,482.6860254
6/4/2018,478.8384755
6/5/2018,479.8548094
6/6/2018,479.8548094
6/7/2018,483.0127042
6/8/2018,482.6497278
6/11/2018,481.7785844
6/12/2018,481.0889292
6/13/2018,482.3956443
6/14/2018,480.7622505
6/15/2018,468.9655172
6/18/2018,472.0508167
6/19/2018,468.9655172
6/20/2018,468.0217786
6/21/2018,464.3557169
6/22/2018,470.2359347
6/25/2018,466.6787659
6/26/2018,468.1306715
6/27/2018,471.5426497
6/28/2018,470.8166969
6/29/2018,474.3012704
7/2/2018,467.1143376
7/3/2018,468.7114338
7/4/2018,468.7114338
7/5/2018,468.8566243
7/6/2018,469.5462795
7/9/2018,471.2885662
7/10/2018,471.615245
7/11/2018,458.185118
7/12/2018,460
7/13/2018,460.6533575
7/16/2018,452.8493648
7/17/2018,452.1597096
7/18/2018,454.2649728
7/19/2018,453.3212341
7/20/2018,456.0072595
7/23/2018,456.9509982
7/24/2018,459.2014519
7/25/2018,462.0326679
7/26/2018,462.7586207
7/27/2018,461.814882
7/30/2018,463.4482759
7/31/2018,461.7785844
8/1/2018,455.2087114
8/2/2018,456.261343
8/3/2018,457.8584392
8/6/2018,457.8221416
8/7/2018,460.508167
8/8/2018,455.8983666
8/9/2018,455.0272232
8/10/2018,454.5916515
8/13/2018,451.3611615
8/14/2018,451.9419238
8/15/2018,443.3030853
8/16/2018,446.969147
8/17/2018,447.8402904
8/20/2018,450.0544465
8/21/2018,451.6515426
8/22/2018,455.4990926
8/23/2018,453.5753176
8/24/2018,458.8747731
8/27/2018,460.7622505
8/28/2018,459.4555354
8/29/2018,461.4882033
8/30/2018,461.1615245
8/31/2018,461.0163339
9/3/2018,461.0163339
9/4/2018,460.7259528
9/5/2018,458.2940109
9/6/2018,456.8421053
9/7/2018,457.4591652
9/10/2018,458.3303085
9/11/2018,460.7985481
9/12/2018,465.0090744
9/13/2018,460.6896552
9/14/2018,458.8747731
9/17/2018,458.6569873
9/18/2018,460.8711434
9/19/2018,463.738657
9/20/2018,464.1016334
9/21/2018,464.4283122
9/24/2018,468.8566243
9/25/2018,471.2885662
9/26/2018,469.7640653
9/27/2018,469.3284936
9/28/2018,474.446461
10/1/2018,480.508167
10/2/2018,483.6660617
10/3/2018,485.8439201
10/4/2018,481.5970962
10/5/2018,481.7785844
10/8/2018,478.7658802
10/9/2018,480.9437387
10/10/2018,476.1161525
10/11/2018,474.1560799
10/12/2018,474.3012704
10/15/2018,477.5680581
10/16/2018,478.4392015
10/17/2018,475.0635209
10/18/2018,472.3049002
10/19/2018,472.7767695
10/22/2018,473.2849365
10/23/2018,468.4210526
10/24/2018,467.7676951
10/25/2018,468.4936479
10/26/2018,470.707804
10/29/2018,468.1669691
10/30/2018,464.1016334
10/31/2018,460.4355717
11/1/2018,460.7985481
11/2/2018,459.9637024
11/5/2018,459.092559
11/6/2018,455.4990926
11/7/2018,456.1524501
11/8/2018,452.9219601
11/9/2018,447.9128857
11/12/2018,447.8039927
11/13/2018,437.8947368
11/14/2018,440.9437387
11/15/2018,442.6497278
11/16/2018,445.2268603
11/19/2018,445.4083485
11/20/2018,435.3901996
11/21/2018,438.5117967
11/22/2018,438.5117967
11/23/2018,427.0054446
11/26/2018,428.7477314
11/27/2018,426.5335753
11/28/2018,426.6787659
11/29/2018,428.5299456
11/30/2018,426.7876588
12/3/2018,434.7731397
12/4/2018,437.0235935
12/5/2018,436.3702359
12/6/2018,431.5063521
12/7/2018,437.9673321
12/10/2018,432.3049002
12/11/2018,433.2486388
12/12/2018,434.1560799
12/13/2018,435.4627949
12/14/2018,431.3248639
12/17/2018,430.6352087
12/18/2018,422.722323
12/19/2018,426.569873
12/20/2018,421.814882
12/21/2018,418.4754991
12/24/2018,414.3738657
12/25/2018,414.3738657
12/26/2018,421.0526316
12/27/2018,418.4029038
12/28/2018,419.5281307
12/31/2018,420.7622505
1/1/2019,420.7622505
1/2/2019,423.5934664
1/3/2019,426.4972777
1/4/2019,429.1470054
1/7/2019,432.0508167
1/8/2019,434.1923775
1/9/2019,441.0889292
1/10/2019,440.6896552
1/11/2019,438.9473684
1/14/2019,436.0072595
1/15/2019,437.8947368
1/16/2019,440.6533575
1/17/2019,440
1/18/2019,442.8675136
1/21/2019,442.8675136
1/22/2019,439.600726
1/23/2019,439.6370236
1/24/2019,439.1288566
1/25/2019,443.4845735
1/28/2019,439.600726
1/29/2019,444.4283122
1/30/2019,446.2794918
1/31/2019,446.2431942
2/1/2019,448.8203267
2/4/2019,448.9655172
2/5/2019,447.7676951
2/6/2019,448.4573503
2/7/2019,445.2631579
2/8/2019,446.7150635
2/11/2019,443.8475499
2/12/2019,446.3520871
2/13/2019,449.1833031
2/14/2019,450.2359347
2/15/2019,456.9147005
2/18/2019,456.9147005
2/19/2019,460.399274
2/20/2019,463.5208711
2/21/2019,461.5245009
2/22/2019,463.0490018
2/25/2019,456.8784029
2/26/2019,458.185118
2/27/2019,460.1814882
2/28/2019,458.8384755
3/1/2019,453.2849365
3/4/2019,452.7404719
3/5/2019,453.0671506
3/6/2019,452.7404719
3/7/2019,452.8856624
3/8/2019,453.2849365
3/11/2019,454.0834846
3/12/2019,455.9346642
3/13/2019,459.9274047
3/14/2019,457.3139746
3/15/2019,458.8384755
3/18/2019,459.9274047
3/19/2019,461.3430127
3/20/2019,463.4482759
3/21/2019,463.1578947
3/22/2019,460.7622505
3/25/2019,462.831216
3/26/2019,462.9038113
3/27/2019,461.1252269
3/28/2019,456.6606171
3/29/2019,458.584392
4/1/2019,460.9437387
4/2/2019,462.7949183
4/3/2019,463.5571688
4/4/2019,464.3194192
4/5/2019,466.3520871
4/8/2019,469.0381125
4/9/2019,468.9292196
4/10/2019,472.6315789
4/11/2019,467.3321234
4/12/2019,469.4736842
4/15/2019,467.7676951
4/16/2019,466.3157895
4/17/2019,466.061706
4/18/2019,466.6787659
4/19/2019,466.6787659
4/22/2019,469.8729583
4/23/2019,469.1107078
4/24/2019,469.3647913
4/25/2019,468.1306715
4/26/2019,465.0816697
4/29/2019,463.6297641
4/30/2019,465.6261343
5/1/2019,464.4646098
5/2/2019,459.092559
5/3/2019,461.5607985
5/6/2019,460.7259528
5/7/2019,458.0399274
5/8/2019,457.7858439
5/9/2019,456.8421053
5/10/2019,457.8947368
5/13/2019,457.9673321
5/14/2019,459.7822142
5/15/2019,462.2867514
5/16/2019,462.7586207
5/17/2019,459.0562613
5/20/2019,458.8384755
5/21/2019,457.8584392
5/22/2019,454.7005445
5/23/2019,449.3647913
5/24/2019,450.4537205
5/27/2019,450.4537205
5/28/2019,451.9782214
5/29/2019,451.1796733
5/30/2019,447.5136116
5/31/2019,443.0127042
6/3/2019,443.1941924
6/4/2019,444.5009074
6/5/2019,441.0889292
6/6/2019,444.5735027
6/7/2019,447.876588
6/10/2019,444.3557169
6/11/2019,445.3720508
6/12/2019,442.2504537
6/13/2019,446.2431942
6/14/2019,446.569873
6/17/2019,445.2268603
6/18/2019,449.9092559
6/19/2019,448.9655172
6/20/2019,462.1778584
6/21/2019,463.1215971
6/24/2019,465.553539
6/25/2019,467.1506352
6/26/2019,470.0181488
6/27/2019,468.892922
6/28/2019,467.9128857
7/1/2019,464.8638838
7/2/2019,462.1052632
7/3/2019,466.6061706
7/4/2019,466.6061706
7/5/2019,462.9038113
7/8/2019,462.6497278
7/9/2019,463.5208711
7/10/2019,472.3049002
7/11/2019,470.7441016
7/12/2019,472.0145191
7/15/2019,471.215971
7/16/2019,467.9491833
7/17/2019,468.0943739
7/18/2019,465.2994555
7/19/2019,467.6950998
7/22/2019,469.2196007
7/23/2019,470.8529946
7/24/2019,471.1433757
7/25/2019,469.1470054
7/26/2019,469.5099819
7/29/2019,470.2722323
7/30/2019,473.030853
7/31/2019,472.5952813
8/1/2019,461.415608
8/2/2019,465.5172414
8/5/2019,463.5571688
8/6/2019,462.4319419
8/7/2019,462.722323
8/8/2019,464.5372051
8/9/2019,467.1869328
8/12/2019,468.1306715
8/13/2019,473.2123412
8/14/2019,471.4337568
8/15/2019,469.292196
8/16/2019,468.384755
8/19/2019,467.9854809
8/20/2019,469.9092559
8/21/2019,471.215971
8/22/2019,468.2758621
8/23/2019,469.8729583
8/26/2019,470.0544465
8/27/2019,474.1923775
8/28/2019,476.9872958
8/29/2019,476.5517241
8/30/2019,471.7967332
9/2/2019,471.7967332
9/3/2019,474.845735
9/4/2019,482.5408348
9/5/2019,477.5680581
9/6/2019,474.3012704
9/9/2019,476.0798548
9/10/2019,475.862069
9/11/2019,473.7205082
9/12/2019,473.7205082
9/13/2019,472.0871143
9/16/2019,491.5789474
9/17/2019,484.1016334
9/18/2019,481.5970962
9/19/2019,481.7059891
9/20/2019,481.923775
9/23/2019,487.6588022
9/24/2019,485.6987296
9/25/2019,479.5281307
9/26/2019,479.491833
9/27/2019,477.0961887
9/30/2019,468.4936479
10/1/2019,470.3448276
10/2/2019,470.9255898
10/3/2019,471.4700544
10/4/2019,472.8856624
10/7/2019,472.0508167
10/8/2019,472.2323049
10/9/2019,474.7005445
10/10/2019,474.3738657
10/11/2019,477.0598911
10/14/2019,476.1161525
10/15/2019,473.3938294
10/16/2019,475.862069
10/17/2019,476.9872958
10/18/2019,476.6969147
10/21/2019,474.9909256
10/22/2019,476.3339383
10/23/2019,480.508167
10/24/2019,483.8838475
10/25/2019,484.8275862
10/28/2019,482.831216
10/29/2019,481.9600726
10/30/2019,480.2177858
10/31/2019,479.9637024
11/1/2019,484.9727768
11/4/2019,487.2958258
11/5/2019,483.9201452
11/6/2019,481.9963702
11/7/2019,478.4392015
11/8/2019,477.2413793
11/11/2019,475.7894737
11/12/2019,474.6279492
11/13/2019,476.5880218
11/14/2019,477.8221416
11/15/2019,479.3466425
11/18/2019,476.6969147
11/19/2019,474.4101633
11/20/2019,477.4954628
11/21/2019,478.8384755
11/22/2019,478.0036298
11/25/2019,477.6043557
11/26/2019,480.0725953
11/27/2019,478.4029038
11/28/2019,478.4029038
11/29/2019,473.7568058
12/2/2019,473.2849365
12/3/2019,474.7368421
12/4/2019,478.4754991
12/5/2019,480.2903811
12/6/2019,479.8911071
12/9/2019,480.1814882
12/10/2019,481.7059891
12/11/2019,480.5807623
12/12/2019,482.6497278
12/13/2019,486.7876588
12/16/2019,488.784029
12/17/2019,490.6352087
12/18/2019,490.3448276
12/19/2019,492.7767695
12/20/2019,491.8693285
12/23/2019,493.6842105
12/24/2019,498.1125227
12/25/2019,498.1125227
12/26/2019,501.7422868
12/27/2019,502.4682396
12/30/2019,502.4682396
12/31/2019,500.0725953
1/1/2020,500.0725953
1/2/2020,501.814882
1/3/2020,508.9292196
1/6/2020,511.6878403
1/7/2020,511.5426497
1/8/2020,503.4119782
1/9/2020,501.2704174
1/10/2020,502.1052632
1/13/2020,498.3666062
1/14/2020,497.7495463
1/15/2020,497.676951
1/16/2020,497.4954628
1/17/2020,499.3466425
1/20/2020,499.3466425
1/21/2020,497.2050817
1/22/2020,493.53902
1/23/2020,491.4700544
1/24/2020,488.9292196
1/27/2020,484.0653358
1/28/2020,483.2667877
1/29/2020,482.722323
1/30/2020,481.0889292
1/31/2020,479.0562613
2/3/2020,473.2486388
2/4/2020,469.7640653
2/5/2020,474.9546279
2/6/2020,477.0961887
2/7/2020,475.6079855
2/10/2020,473.8294011
2/11/2020,473.6116152
2/12/2020,477.676951
2/13/2020,479.7459165
2/14/2020,481.6333938
2/17/2020,481.6333938
2/18/2020,484.6098004
2/19/2020,489.0381125
2/20/2020,489.5099819
2/21/2020,492.0145191
2/24/2020,489.5825771
2/25/2020,481.1252269
2/26/2020,474.9546279
2/27/2020,470.5263158
2/28/2020,453.53902
3/2/2020,463.23049
3/3/2020,471.0344828
3/4/2020,471.0344828
3/5/2020,471.7241379
3/6/2020,460.5444646
3/9/2020,438.6206897
3/10/2020,442.5771325
3/11/2020,438.3303085
3/12/2020,421.9963702
3/13/2020,407.6588022
3/16/2020,388.6388385
3/17/2020,390.5263158
3/18/2020,373.2123412
3/19/2020,381.7059891
3/20/2020,381.5245009
3/23/2020,394.6642468
3/24/2020,413.2123412
3/25/2020,412.522686
3/26/2020,412.5952813
3/27/2020,410.7441016
3/30/2020,404.8638838
3/31/2020,399.5644283
4/1/2020,392.0145191
4/2/2020,406.8602541
4/3/2020,413.3938294
4/6/2020,421.0163339
4/7/2020,420.7622505
4/8/2020,420.5807623
4/9/2020,429.9455535
4/10/2020,429.9455535
4/13/2020,431.0344828
4/14/2020,429.9455535
4/15/2020,417.676951
4/16/2020,418.4029038
4/17/2020,415.5353902
4/20/2020,411.6515426
4/21/2020,385.2994555
4/22/2020,395.6079855
4/23/2020,398.8747731
4/24/2020,393.5027223
4/27/2020,386.6061706
4/28/2020,386.569873
4/29/2020,391.6515426
4/30/2020,397.6043557
5/1/2020,394.4101633
5/4/2020,395.1724138
5/5/2020,408.2032668
5/6/2020,399.600726
5/7/2020,407.2595281
5/8/2020,412.0508167
5/11/2020,405.9891107
5/12/2020,405.4446461
5/13/2020,402.6497278
5/14/2020,411.5426497
5/15/2020,419.491833
5/18/2020,430.4537205
5/19/2020,431.1433757
5/20/2020,436.0798548
5/21/2020,431.215971
5/22/2020,430.2722323
5/25/2020,430.2722323
5/26/2020,431.6878403
5/27/2020,427.0417423
5/28/2020,427.6588022
5/29/2020,436.2250454
6/1/2020,438.2214156
6/2/2020,442.0326679
6/3/2020,438.8747731
6/4/2020,442.0326679
6/5/2020,447.0054446
6/8/2020,446.6424682
6/9/2020,449.6914701
6/10/2020,451.6878403
6/11/2020,442.1415608
6/12/2020,441.0526316
6/15/2020,442.3956443
6/16/2020,449.3284936
6/17/2020,449.5099819
6/18/2020,450.2722323
6/19/2020,456.261343
6/22/2020,459.8548094
6/23/2020,461.0889292
6/24/2020,450.4900181
6/25/2020,451.3611615
6/26/2020,450.0907441
6/29/2020,454.8820327
6/30/2020,458.6932849
7/1/2020,458.3666062
7/2/2020,463.6660617
7/3/2020,463.6660617
7/6/2020,467.0417423
7/7/2020,469.7277677
7/8/2020,472.5589837
7/9/2020,467.7676951
7/10/2020,470.5626134
7/13/2020,472.0508167
7/14/2020,470.5989111
7/15/2020,473.3212341
7/16/2020,470.8892922
7/17/2020,471.1796733
7/20/2020,473.8294011
7/21/2020,484.4283122
7/22/2020,488.7477314
7/23/2020,489.6551724
7/24/2020,489.5825771
7/27/2020,496.76951
7/28/2020,497.1324864
7/29/2020,500.9800363
7/30/2020,494.0834846
7/31/2020,499.4555354
8/3/2020,503.9564428
8/4/2020,511.6878403
8/5/2020,519.9637024
8/6/2020,523.6660617
8/7/2020,514.2286751
8/10/2020,520.2540835
8/11/2020,504.7549909
8/12/2020,506.969147
8/13/2020,511.8330309
8/14/2020,506.3883848
8/17/2020,516.7332123
8/18/2020,520.7985481
8/19/2020,515.1724138
8/20/2020,509.9092559
8/21/2020,505.4083485
8/24/2020,507.8402904
8/25/2020,508.0217786
8/26/2020,512.0145191
8/27/2020,508.2395644
8/28/2020,515.3901996
8/31/2020,516.0798548
9/1/2020,517.4228675
9/2/2020,507.5499093
9/3/2020,501.5245009
9/4/2020,499.1288566
9/7/2020,499.1288566
9/8/2020,491.107078
9/9/2020,495.353902
9/10/2020,494.5553539
9/11/2020,492.8130672
9/14/2020,495.6805808
9/15/2020,498.076225
9/16/2020,502.5045372
9/17/2020,503.7749546
9/18/2020,506.1343013
9/21/2020,488.0217786
9/22/2020,487.7313975
9/23/2020,480.907441
9/24/2020,481.5607985
9/25/2020,480.7259528
9/28/2020,484.8275862
9/29/2020,485.1905626
9/30/2020,485.3357532
10/1/2020,483.4119782
10/2/2020,478.7295826
10/5/2020,487.3684211
10/6/2020,490.0181488
10/7/2020,486.7513612
10/8/2020,491.1796733
10/9/2020,497.3502722
10/12/2020,493.1034483
10/13/2020,489.6551724
10/14/2020,493.8294011
10/15/2020,492.7041742
10/16/2020,492.5952813
10/19/2020,492.8130672
10/20/2020,495.0272232
10/21/2020,492.522686
10/22/2020,492.3774955
10/23/2020,489.8366606
10/26/2020,484.5009074
10/27/2020,489.1107078
10/28/2020,475.6805808
10/29/2020,469.1107078
10/30/2020,470.5626134
11/2/2020,475.9346642
11/3/2020,481.4519056
11/4/2020,485.0090744
11/5/2020,491.3974592
11/6/2020,488.6025408
11/9/2020,487.477314
11/10/2020,495.4264973
11/11/2020,494.7731397
11/12/2020,494.446461
11/13/2020,492.4863884
11/16/2020,497.1324864
11/17/2020,496.8421053
11/18/2020,498.8747731
11/19/2020,496.1161525
11/20/2020,500.5807623
11/23/2020,500
11/24/2020,503.8112523
11/25/2020,505.9891107
11/26/2020,505.9891107
11/27/2020,503.1941924
11/30/2020,500
12/1/2020,503.8838475
12/2/2020,507.0417423
12/3/2020,509.7640653
12/4/2020,511.9056261
12/7/2020,514.3012704
12/8/2020,514.5190563
12/9/2020,510.5989111
12/10/2020,517.277677
12/11/2020,516.2250454
12/14/2020,516.4428312
12/15/2020,522.0326679
12/16/2020,524.4283122
12/17/2020,532.8493648
12/18/2020,535.0635209
12/21/2020,528.4573503
12/22/2020,523.8475499
12/23/2020,530.199637
12/24/2020,530.6715064
12/25/2020,530.6715064
12/28/2020,529.9818512
12/29/2020,530.3085299
12/30/2020,533.7205082
12/31/2020,533.6116152
1/1/2021,533.6116152
1/4/2021,538.3303085
1/5/2021,549.4736842
1/6/2021,546.46098
1/7/2021,548.1669691
1/8/2021,541.1252269
1/11/2021,542.1415608
1/12/2021,545.9528131
1/13/2021,546.569873
1/14/2021,548.6025408
1/15/2021,540.4355717
1/18/2021,540.4355717
1/19/2021,543.9564428
1/20/2021,548.2395644
1/21/2021,548.1669691
1/22/2021,543.3393829
1/25/2021,544.8275862
1/26/2021,544.9001815
1/27/2021,543.7023593
1/28/2021,541.7422868
1/29/2021,543.6297641
2/1/2021,552.3411978
2/2/2021,549.4010889
2/3/2021,553.5753176
2/4/2021,549.3647913
2/5/2021,555.9709619
2/8/2021,563.3756806
2/9/2021,566.0254083
2/10/2021,567.1869328
2/11/2021,564.8275862
2/12/2021,568.0943739
2/15/2021,568.0943739
2/16/2021,570.0544465
2/17/2021,569.3284936
2/18/2021,570.0181488
2/19/2021,569.7277677
2/22/2021,581.3793103
2/23/2021,581.5970962
2/24/2021,587.8039927
2/25/2021,584.5009074
2/26/2021,569.9092559
3/1/2021,567.2958258
3/2/2021,567.8039927
3/3/2021,567.2232305
3/4/2021,570.8529946
3/5/2021,578.4029038
3/8/2021,573.7931034
3/9/2021,576.8421053
3/10/2021,577.7858439
3/11/2021,585.2994555
3/12/2021,584.5372051
3/15/2021,584.5009074
3/16/2021,582.2504537
3/17/2021,580.1088929
3/18/2021,566.969147
3/19/2021,570.6715064
3/22/2021,571.2522686
3/23/2021,558.1125227
3/24/2021,568.4936479
3/25/2021,556.9147005
3/26/2021,567.1143376
3/29/2021,564.646098
3/30/2021,557.3865699
3/31/2021,559.5281307
4/1/2021,565.4083485
4/2/2021,565.4083485
4/5/2021,559.7459165
4/6/2021,565.4083485
4/7/2021,564.5372051
4/8/2021,568.2395644
4/9/2021,565.7713249
4/12/2021,563.6660617
4/13/2021,568.2032668
4/14/2021,576.8058076
4/15/2021,583.2667877
4/16/2021,584.7912886
4/19/2021,583.4482759
4/20/2021,582.4319419
4/21/2021,584.6823956
4/22/2021,583.7023593
4/23/2021,585.7350272
4/26/2021,587.9854809
4/27/2021,591.1433757
4/28/2021,592.7041742
4/29/2021,594.0108893
4/30/2021,590.3085299
5/3/2021,597.7858439
5/4/2021,599.8185118
5/5/2021,602.4682396
5/6/2021,607.1869328
5/7/2021,612.0508167
5/10/2021,612.9582577
5/11/2021,615.3901996
5/12/2021,615.8983666
5/13/2021,605.9528131
5/14/2021,611.3974592
5/17/2021,620.1451906
5/18/2021,620.2903811
5/19/2021,611.9419238
5/20/2021,608.7477314
5/21/2021,609.1833031
5/24/2021,616.1887477
5/25/2021,618.1125227
5/26/2021,619.3829401
5/27/2021,622.5408348
5/28/2021,622.5408348
5/31/2021,622.5408348
6/1/2021,627.2595281
6/2/2021,631.4337568
6/3/2021,623.6660617
6/4/2021,630.3448276
6/7/2021,629.9092559
6/8/2021,631.9056261
6/9/2021,632.2686025
6/10/2021,633.6842105
6/11/2021,630.7441016
6/14/2021,628.0943739
6/15/2021,626.1343013
6/16/2021,626.8965517
6/17/2021,603.738657
6/18/2021,606.0980036
6/21/2021,611.615245
6/22/2021,612.2323049
6/23/2021,616.4791289
6/24/2021,615.7168784
6/25/2021,615.9346642
6/28/2021,614.5916515
6/29/2021,613.430127
6/30/2021,616.6969147
7/1/2021,619.7459165
7/2/2021,623.8838475
7/5/2021,623.8838475
7/6/2021,615.6805808
7/7/2021,613.9019964
7/8/2021,614.8094374
7/9/2021,623.0852995
7/12/2021,621.8874773
7/13/2021,626.7876588
7/14/2021,623.8475499
7/15/2021,620.0362976
7/16/2021,618.1125227
7/19/2021,594.3375681
7/20/2021,597.9310345
7/21/2021,608.8203267
7/22/2021,615.3901996
7/23/2021,617.3865699
7/26/2021,620.9437387
7/27/2021,618.4754991
7/28/2021,620.7622505
7/29/2021,630.6715064
7/30/2021,628.5299456
8/2/2021,620.3266788
8/3/2021,617.168784
8/4/2021,610.1270417
8/5/2021,613.9745917
8/6/2021,606.46098
8/9/2021,593.6479129
8/10/2021,603.0490018
8/11/2021,607.7676951
8/12/2021,606.969147
8/13/2021,609.5462795
8/16/2021,605.3357532
8/17/2021,602.4682396
8/18/2021,597.7858439
8/19/2021,586.3883848
8/20/2021,580.7985481
8/23/2021,598.076225
8/24/2021,608.7114338
8/25/2021,612.1597096
8/26/2021,607.5499093
8/27/2021,615.8983666
8/30/2021,617.7858439
8/31/2021,616.4428312
9/1/2021,614.3375681
9/2/2021,620.6896552
9/3/2021,623.23049
9/6/2021,623.23049
9/7/2021,615.753176
9/8/2021,616.8058076
9/9/2021,614.9546279
9/10/2021,620.2177858
9/13/2021,621.5607985
9/14/2021,622.4319419
9/15/2021,630.0907441
9/16/2021,623.4845735
9/17/2021,620.3629764
9/20/2021,612.3774955
9/21/2021,615.0998185
9/22/2021,624.9364791
9/23/2021,628.0580762
9/24/2021,631.1433757
9/27/2021,636.8058076
9/28/2021,634.446461
9/29/2021,631.7241379
9/30/2021,636.8058076
10/1/2021,642.1778584
10/4/2021,653.0671506
10/5/2021,660.3266788
10/6/2021,652.8493648
10/7/2021,657.6043557
10/8/2021,662.1415608
10/11/2021,668.7114338
10/12/2021,666.4246824
10/13/2021,672.3411978
10/14/2021,680.2177858
10/15/2021,690.1633394
10/18/2021,686.3883848
10/19/2021,684.5009074
10/20/2021,691.0344828
10/21/2021,676.9147005
10/22/2021,678.3303085
10/25/2021,684.0290381
10/26/2021,682.2141561
10/27/2021,669.9455535
10/28/2021,669.3284936
10/29/2021,666.8602541
11/1/2021,671.5063521
11/2/2021,670.4174229
11/3/2021,655.8983666
11/4/2021,651.2885662
11/5/2021,659.7459165
11/8/2021,664.9364791
11/9/2021,668.9655172
11/10/2021,664.2105263
11/11/2021,667.477314
11/12/2021,666.6787659
11/15/2021,663.1215971
11/16/2021,663.4845735
11/17/2021,657.0961887
11/18/2021,659.0199637
11/19/2021,651.5063521
11/22/2021,656.5880218
11/23/2021,663.1941924
11/24/2021,664.7549909
11/25/2021,664.7549909
11/26/2021,617.6406534
11/29/2021,625.1905626
11/30/2021,607.477314
12/1/2021,609.2558984
12/2/2021,609.2196007
12/3/2021,612.522686
12/6/2021,622.6497278
12/7/2021,635.4627949
12/8/2021,640.6896552
12/9/2021,635.3901996
12/10/2021,636.2250454
12/13/2021,635.353902
12/14/2021,630.8166969
12/15/2021,627.6588022
12/16/2021,641.8511797
12/17/2021,636.3339383
12/20/2021,624.246824
12/21/2021,639.600726
12/22/2021,649.7640653
12/23/2021,655.8983666
12/24/2021,655.8983666
12/27/2021,663.5208711
12/28/2021,664.7912886
12/29/2021,665.1905626
12/30/2021,667.5499093
12/31/2021,661.923775
1/3/2022,664.3920145
1/4/2022,673.030853
1/5/2022,676.76951
1/6/2022,676.2250454
1/7/2022,677.8221416
1/10/2022,673.8294011
1/11/2022,688.9655172
1/12/2022,695.7894737
1/13/2022,693.6479129
1/14/2022,696.4791289
1/17/2022,696.4791289
1/18/2022,701.4519056
1/19/2022,711.3974592
1/20/2022,715.9709619
1/21/2022,710.9618875
1/24/2022,702.2141561
1/25/2022,710.1633394
1/26/2022,715.8983666
1/27/2022,709.1470054
1/28/2022,708.1669691
1/31/2022,709.3647913
2/1/2022,713.9745917
2/2/2022,715.753176
2/3/2022,720.1814882
2/4/2022,728.384755
2/7/2022,731.107078
2/8/2022,724.3557169
2/9/2022,733.7931034
2/10/2022,735.4627949
2/11/2022,738.6206897
2/14/2022,746.46098
2/15/2022,734.3738657
2/16/2022,742.2141561
2/17/2022,740.6896552
2/18/2022,742.5771325
2/21/2022,742.5771325
2/22/2022,752.9219601
2/23/2022,754.6642468
2/24/2022,764.6098004
2/25/2022,749.5099819
2/28/2022,763.8838475
3/1/2022,797.0598911
3/2/2022,822.9038113
3/3/2022,830.3811252
3/4/2022,865.0453721
3/7/2022,898.8021779
3/8/2022,926.8239564
3/9/2022,858.4754991
3/10/2022,848.4210526
3/11/2022,857.6406534
3/14/2022,832.3774955
3/15/2022,811.1433757
3/16/2022,802.1415608
3/17/2022,832.8493648
3/18/2022,831.107078
3/21/2022,850.3448276
3/22/2022,845.9165154
3/23/2022,875.2087114
3/24/2022,873.938294
3/25/2022,877.277677
3/28/2022,848.9655172
3/29/2022,835.4990926
3/30/2022,856.1161525
3/31/2022,838.4754991
4/1/2022,836.6243194
4/4/2022,850.8892922
4/5/2022,846.8239564
4/6/2022,831.8330309
4/7/2022,829.1107078
4/8/2022,840.7259528
4/11/2022,827.9128857
4/12/2022,852.8856624
4/13/2022,867.2595281
4/14/2022,876.1161525
4/15/2022,876.1161525
4/18/2022,883.5934664
4/19/2022,864.0290381
4/20/2022,866.4246824
4/21/2022,869.292196
4/22/2022,860.3266788
4/25/2022,837.8584392
4/26/2022,849.6914701
4/27/2022,855.7894737
4/28/2022,861.4882033
4/29/2022,861.923775
5/2/2022,856.3702359
5/3/2022,846.3520871
5/4/2022,862.0326679
5/5/2022,861.2704174
5/6/2022,860.508167
5/9/2022,832.7041742
5/10/2022,823.4119782
5/11/2022,842.323049
5/12/2022,834.3738657
5/13/2022,843.4119782
5/16/2022,851.3248639
5/17/2022,849.4373866
5/18/2022,833.2849365
5/19/2022,847.2958258
5/20/2022,848.7477314
5/23/2022,853.3575318
5/24/2022,854.5553539
5/25/2022,853.9745917
5/26/2022,865.553539
5/27/2022,873.8294011
5/30/2022,873.8294011
5/31/2022,874.5553539
6/1/2022,880.1088929
6/2/2022,891.5789474
6/3/2022,895.6805808
6/6/2022,899.3466425
6/7/2022,901.814882
6/8/2022,909.7277677
6/9/2022,909.2558984
6/10/2022,901.7422868
6/13/2022,887.6588022
6/14/2022,882.3593466
6/15/2022,883.2667877
6/16/2022,887.2232305
6/17/2022,867.2232305
6/20/2022,867.2232305
6/21/2022,872.0145191
6/22/2022,860.2903811
6/23/2022,846.1343013
6/24/2022,851.2522686
6/27/2022,849.3284936
6/28/2022,854.5553539
6/29/2022,847.5862069
6/30/2022,823.1578947
7/1/2022,827.4047187
7/4/2022,827.4047187
7/5/2022,784.2831216
7/6/2022,768.5662432
7/7/2022,791.3611615
7/8/2022,797.4591652
7/11/2022,798.9836661
7/12/2022,771.7604356
7/13/2022,774.1560799
7/14/2022,760.399274
7/15/2022,768.784029
7/18/2022,786.3157895
7/19/2022,782.2141561
7/20/2022,781.5970962
7/21/2022,771.2885662
7/22/2022,773.6842105
7/25/2022,777.277677
7/26/2022,780.6170599
7/27/2022,790.8529946
7/28/2022,801.1978221
7/29/2022,812.4500907
8/1/2022,796.4428312
8/2/2022,793.0671506
8/3/2022,782.6860254
8/4/2022,782.6860254
8/5/2022,783.1215971
8/8/2022,787.8402904
8/9/2022,795.6805808
8/10/2022,804.6823956
8/11/2022,815.4990926
8/12/2022,812.9945554
8/15/2022,798.9110708
8/16/2022,792.9219601
8/17/2022,794.1197822
8/18/2022,799.092559
8/19/2022,802.9038113
8/22/2022,802.0326679
8/23/2022,814.7731397
8/24/2022,819.1288566
8/25/2022,816.0072595
8/26/2022,818.185118
8/29/2022,823.23049
8/30/2022,801.4519056
8/31/2022,791.0344828
9/1/2022,769.9455535
9/2/2022,776.2976407
9/5/2022,776.2976407
9/6/2022,774.8820327
9/7/2022,766.4972777
9/8/2022,768.384755
9/9/2022,783.5934664
9/12/2022,795.1361162
9/13/2022,788.8203267
9/14/2022,783.0490018
9/15/2022,764.3920145
9/16/2022,766.9328494
9/19/2022,768.3484574
9/20/2022,768.4936479
9/21/2022,764.5735027
9/22/2022,770.8166969
9/23/2022,745.0816697
9/26/2022,729.8729583
9/27/2022,734.845735
9/28/2022,751.7241379
9/29/2022,753.2486388
9/30/2022,746.061706
10/3/2022,763.3756806
10/4/2022,784.7912886
10/5/2022,792.8493648
10/6/2022,797.168784
10/7/2022,803.0127042
10/10/2022,793.1397459
10/11/2022,785.4446461
10/12/2022,783.0127042
10/13/2022,789.9818512
10/14/2022,774.7005445
10/17/2022,777.168784
10/18/2022,770.707804
10/19/2022,768.4936479
10/20/2022,770.3811252
10/21/2022,775.8983666
10/24/2022,776.5880218
10/25/2022,779.3829401
10/26/2022,791.3248639
10/27/2022,791.6878403
10/28/2022,781.3793103
10/31/2022,777.3502722
11/1/2022,786.2068966
11/2/2022,792.0508167
11/3/2022,787.3684211
11/4/2022,812.1960073
11/7/2022,808.6751361
11/8/2022,812.6678766
11/9/2022,803.0490018
11/10/2022,812.1597096
11/11/2022,826.8965517
11/14/2022,825.0816697
11/15/2022,829.2196007
11/16/2022,822.0326679
11/17/2022,806.8965517
11/18/2022,803.4845735
11/21/2022,796.6243194
11/22/2022,802.6497278
11/23/2022,798.3303085
11/24/2022,798.3303085
11/25/2022,793.7931034
11/28/2022,790.9618875
11/29/2022,796.8058076
11/30/2022,808.7477314
12/1/2022,818.4029038
12/2/2022,813.6479129
12/5/2022,797.8947368
12/6/2022,789.1470054
12/7/2022,788.5299456
12/8/2022,788.1306715
12/9/2022,788.784029
12/12/2022,790.9255898
12/13/2022,806.8602541
12/14/2022,812.4500907
12/15/2022,799.3829401
12/16/2022,793.9745917
12/19/2022,793.3938294
12/20/2022,803.8838475
12/21/2022,811.2522686
12/22/2022,802.5045372
12/23/2022,813.7931034
12/26/2022,813.7931034
12/27/2022,822.5045372
12/28/2022,818.3666062
12/29/2022,819.3466425
12/30/2022,823.4482759
1/2/2023,823.4482759
1/3/2023,815.7894737
1/4/2023,802.7949183
1/5/2023,799.5644283
1/6/2023,808.1669691
1/9/2023,817.3865699
1/10/2023,819.7822142
1/11/2023,830.4174229
1/12/2023,841.3430127
1/13/2023,852.2323049
1/16/2023,852.2323049
1/17/2023,853.6842105
1/18/2023,854.9909256
1/19/2023,861.7422868
1/20/2023,866.8239564
1/23/2023,869.7277677
1/24/2023,866.2794918
1/25/2023,865.3357532
1/26/2023,868.3121597
1/27/2023,861.8874773
1/30/2023,854.9183303
1/31/2023,862.6497278
2/1/2023,848.0217786
2/2/2023,844.137931
2/3/2023,821.5970962
2/6/2023,819.6370236
2/7/2023,831.3248639
2/8/2023,834.7005445
2/9/2023,831.7604356
2/10/2023,834.5553539
2/13/2023,834.5190563
2/14/2023,833.2123412
2/15/2023,825.0816697
2/16/2023,825.8076225
2/17/2023,819.2377495
2/20/2023,819.2377495
2/21/2023,826.0980036
2/22/2023,815.4264973
2/23/2023,811.9056261
2/24/2023,807.7676951
2/27/2023,810.8529946
2/28/2023,816.0798548
3/1/2023,825.6987296
3/2/2023,824.0290381
3/3/2023,832.3411978
3/6/2023,832.8130672
3/7/2023,813.9019964
3/8/2023,811.5789474
3/9/2023,806.46098
3/10/2023,814.3012704
3/13/2023,816.8421053
3/14/2023,807.8039927
3/15/2023,792.7404719
3/16/2023,796.2250454
3/17/2023,802.1415608
3/20/2023,806.061706
3/21/2023,802.4682396
3/22/2023,808.6025408
3/23/2023,814.845735
3/24/2023,812.0871143
3/27/2023,820.0725953
3/28/2023,826.9328494
3/29/2023,823.4482759
3/30/2023,827.0780399
3/31/2023,832.6315789
4/3/2023,846.4972777
4/4/2023,848.6751361
4/5/2023,849.8729583
4/6/2023,847.6225045
4/7/2023,847.6225045
4/10/2023,843.3030853
4/11/2023,849.8729583
4/12/2023,855.8257713
4/13/2023,858.8747731
4/14/2023,855.5353902
4/17/2023,852.2686025
4/18/2023,856.8421053
4/19/2023,845.6624319
4/20/2023,837.0961887
4/21/2023,831.5063521
4/24/2023,835.3901996
4/25/2023,824.5372051
4/26/2023,815.2813067
4/27/2023,813.2486388
4/28/2023,820.8711434
5/1/2023,818.6569873
5/2/2023,808.384755
5/3/2023,801.5607985
5/4/2023,804.7912886
5/5/2023,814.9183303
5/8/2023,823.3756806
5/9/2023,822.2141561
5/10/2023,817.7495463
5/11/2023,805.0816697
5/12/2023,801.814882
5/15/2023,809.1107078
5/16/2023,800.6896552
5/17/2023,807.4047187
5/18/2023,798.9110708
5/19/2023,800
5/22/2023,801.4882033
5/23/2023,801.9600726
5/24/2023,802.5045372
5/25/2023,792.0508167
5/26/2023,799.9274047
5/29/2023,799.9274047
5/30/2023,786.569873
5/31/2023,782.0689655
6/1/2023,793.2849365
6/2/2023,798.0399274
6/5/2023,800.2540835
6/6/2023,801.6696915
6/7/2023,801.814882
6/8/2023,804.4283122
6/9/2023,802.4682396
6/12/2023,791.5789474
6/13/2023,802.1415608
6/14/2023,803.0490018
6/15/2023,818.3303085
6/16/2023,828.892922
6/19/2023,828.892922
6/20/2023,817.7858439
6/21/2023,825.0453721
6/22/2023,811.5063521
6/23/2023,804.1742287
6/26/2023,804.9001815
6/27/2023,796.9509982
6/28/2023,795.5353902
6/29/2023,794.845735
6/30/2023,803.6297641
7/3/2023,799.8185118
7/4/2023,799.8185118
7/5/2023,809.6551724
7/6/2023,805.7713249
7/7/2023,813.430127
7/10/2023,813.9019964
7/11/2023,821.4519056
7/12/2023,828.8203267
7/13/2023,836.9147005
7/14/2023,835.2087114
7/17/2023,828.1669691
7/18/2023,836.9147005
7/19/2023,842.3956443
7/20/2023,844.137931
7/21/2023,847.8402904
7/24/2023,860.8348457
7/25/2023,865.3720508
7/26/2023,863.0490018
7/27/2023,862.5408348
7/28/2023,867.477314
7/31/2023,869.9818512
8/1/2023,866.7150635
8/2/2023,855.5716878
8/3/2023,860.508167
8/4/2023,863.9927405
8/7/2023,859.3829401
8/8/2023,860
8/9/2023,866.5335753
8/10/2023,862.8675136
8/11/2023,860.0362976
8/14/2023,855.3901996
8/15/2023,845.6624319
8/16/2023,843.4119782
8/17/2023,846.4246824
8/18/2023,851.8693285
8/21/2023,850.199637
8/22/2023,851.8330309
8/23/2023,857.1324864
8/24/2023,858.1488203
8/25/2023,865.6987296
8/28/2023,863.6660617
8/29/2023,866.3520871
8/30/2023,864.246824
8/31/2023,865.2994555
9/1/2023,872.9219601
9/4/2023,872.9219601
9/5/2023,878.1488203
9/6/2023,876.0435572
9/7/2023,874.9183303
9/8/2023,878.8747731
9/11/2023,886.6061706
9/12/2023,884.6098004
9/13/2023,889.4736842
9/14/2023,897.0598911
9/15/2023,892.5952813
9/18/2023,890.5989111
9/19/2023,891.2522686
9/20/2023,890.6715064
9/21/2023,884.0290381
9/22/2023,883.0490018
9/25/2023,879.8185118
9/26/2023,877.5680581
9/27/2023,878.8747731
9/28/2023,877.8947368
9/29/2023,871.0344828
10/2/2023,864.3194192
10/3/2023,859.4192377
10/4/2023,839.2740472
10/5/2023,831.1433757
10/6/2023,835.0998185
10/9/2023,847.4410163
10/10/2023,847.9491833
10/11/2023,844.7186933
10/12/2023,846.9328494
10/13/2023,867.8039927
10/16/2023,865.4083485
10/17/2023,866.061706
10/18/2023,876.5154265
10/19/2023,880.6533575
10/20/2023,881.4882033
10/23/2023,874.1197822
10/24/2023,869.1833031
10/25/2023,873.6842105
10/26/2023,868.9655172
10/27/2023,876.2976407
10/30/2023,868.6025408
10/31/2023,864.137931
11/1/2023,863.5934664
11/2/2023,871.1796733
11/3/2023,868.4936479
11/6/2023,872.5952813
11/7/2023,856.5154265
11/8/2023,849.5825771
11/9/2023,849.9092559
11/10/2023,845.8076225
11/13/2023,856.8784029
11/14/2023,861.0526316
11/15/2023,859.092559
11/16/2023,847.3321234
11/17/2023,853.0671506
11/20/2023,862.1052632
11/21/2023,868.5662432
11/22/2023,860.7622505
11/23/2023,860.7622505
11/24/2023,856.1161525
11/27/2023,854.2649728
11/28/2023,866.6787659
11/29/2023,871.107078
11/30/2023,862.5045372
12/1/2023,861.6696915
12/4/2023,851.7241379
12/5/2023,846.3157895
12/6/2023,836.2250454
12/7/2023,837.7132486
12/8/2023,837.9310345
12/11/2023,834.6642468
12/12/2023,827.0054446
12/13/2023,828.9292196
12/14/2023,847.5136116
12/15/2023,849.8366606
12/18/2023,853.2849365
12/19/2023,859.7096189
12/20/2023,857.3502722
12/21/2023,854.2649728
12/22/2023,856.5517241
12/25/2023,856.5517241
12/26/2023,862.9764065
12/27/2023,864.9001815
12/28/2023,856.6243194
12/29/2023,852.4500907
1/1/2024,852.4500907
1/2/2024,847.6225045
1/3/2024,849.8729583
1/4/2024,845.9891107
1/5/2024,847.7313975
1/8/2024,836.1161525
1/9/2024,842.3956443
1/10/2024,838.6932849
1/11/2024,841.5607985
1/12/2024,845.8439201
1/15/2024,845.8439201
1/16/2024,842.5045372
1/17/2024,834.2286751
1/18/2024,841.6333938
1/19/2024,843.0490018
1/22/2024,846.3520871
1/23/2024,850.4900181
1/24/2024,853.1034483
1/25/2024,859.2377495
1/26/2024,860.508167
1/29/2024,859.3466425
1/30/2024,864.4283122
1/31/2024,863.9927405
2/1/2024,858.8747731
2/2/2024,847.2958258
2/5/2024,846.969147
2/6/2024,852.4137931
2/7/2024,855.6079855
2/8/2024,859.7096189
2/9/2024,860.5807623
2/12/2024,859.7459165
2/13/2024,856.7332123
2/14/2024,849.7640653
2/15/2024,851.6515426
2/16/2024,853.5753176
2/19/2024,853.5753176
2/20/2024,852.3411978
2/21/2024,852.4500907
2/22/2024,853.7205082
2/23/2024,851.2522686
2/26/2024,854.0834846
2/27/2024,859.092559
2/28/2024,854.0108893
2/29/2024,858.4754991
3/1/2024,868.6388385
3/4/2024,871.2522686
3/5/2024,869.5099819
3/6/2024,876.6969147
3/7/2024,882.0689655
3/8/2024,882.6497278
3/11/2024,888.9655172
3/12/2024,886.1705989
3/13/2024,895.5716878
3/14/2024,894.9909256
3/15/2024,896.76951
3/18/2024,901.8874773
3/19/2024,899.6733212
3/20/2024,896.3339383
3/21/2024,900.2540835
3/22/2024,893.2123412
3/25/2024,899.8911071
3/26/2024,894.6642468
3/27/2024,895.2813067
3/28/2024,905.154265
3/29/2024,905.154265
4/1/2024,909.6188748
4/2/2024,919.600726
4/3/2024,932.3049002
4/4/2024,934.8094374
4/5/2024,944.2105263
4/8/2024,941.7785844
4/9/2024,941.0526316
4/10/2024,941.3793103
4/11/2024,939.7822142
4/12/2024,947.4047187
4/15/2024,943.8112523
4/16/2024,944.9001815
4/17/2024,936.6606171
4/18/2024,934.3375681
4/19/2024,941.9963702
4/22/2024,936.4791289
4/23/2024,936.6606171
4/24/2024,936.9509982
4/25/2024,937.7495463
4/26/2024,939.9637024
4/29/2024,939.491833
4/30/2024,925.3357532
5/1/2024,912.6678766
5/2/2024,911.7604356
5/3/2024,915.9709619
5/6/2024,924.5735027
5/7/2024,926.061706
5/8/2024,923.1215971
5/9/2024,926.4246824
5/10/2024,929.5825771
5/13/2024,926.46098
5/14/2024,923.4482759
5/15/2024,930.1633394
5/16/2024,930.1270417
5/17/2024,941.3067151
5/20/2024,951.3611615
5/21/2024,949.0744102
5/22/2024,939.4555354
5/23/2024,931.7241379
5/24/2024,932.123412
5/27/2024,932.123412
5/28/2024,946.5335753
5/29/2024,939.2740472
5/30/2024,930.1633394
5/31/2024,921.9963702
6/3/2024,916.1161525
6/4/2024,908.9292196
6/5/2024,911.4700544
6/6/2024,923.8112523
6/7/2024,910.6715064
6/10/2024,914.9546279
6/11/2024,918.076225
6/12/2024,924.8275862
6/13/2024,924.9727768
6/14/2024,922.9038113
6/17/2024,918.3303085
6/18/2024,926.3883848
6/19/2024,926.3883848
6/20/2024,928.0943739
6/21/2024,920.2540835
6/24/2024,924.9727768
6/25/2024,919.2014519
6/26/2024,916.8784029
6/27/2024,922.1778584
6/28/2024,919.3829401
7/1/2024,926.2068966
7/2/2024,928.6025408
7/3/2024,933.9745917
7/4/2024,933.9745917
7/5/2024,938.3303085
7/8/2024,926.6061706
7/9/2024,921.2704174
7/10/2024,920.508167
7/11/2024,927.3321234
7/12/2024,925.9528131
7/15/2024,922.9764065
7/16/2024,920.4718693
7/17/2024,920.9437387
7/18/2024,919.7459165
7/19/2024,904.0290381
7/22/2024,906.9328494
7/23/2024,902.4682396
7/24/2024,904.9727768
7/25/2024,899.4555354
7/26/2024,894.3012704
7/29/2024,891.2522686
7/30/2024,890.8166969
7/31/2024,902.9038113
8/1/2024,897.3139746
8/2/2024,885.553539
8/5/2024,880.7622505
8/6/2024,879.5281307
8/7/2024,887.7313975
8/8/2024,891.9782214
8/9/2024,895.3901996
8/12/2024,904.7186933
8/13/2024,899.4192377
8/14/2024,893.4664247
8/15/2024,898.584392
8/16/2024,897.7495463
8/19/2024,898.076225
8/20/2024,896.9509982
8/21/2024,895.9346642
8/22/2024,890.8529946
8/23/2024,902.5771325
8/26/2024,912.0871143
8/27/2024,908.6025408
8/28/2024,899.9637024
8/29/2024,909.292196
8/30/2024,901.0163339
9/2/2024,901.0163339
9/3/2024,890.707804
9/4/2024,885.8439201
9/5/2024,888.0580762
9/6/2024,875.3176044
9/9/2024,879.8911071
9/10/2024,871.2522686
9/11/2024,877.2413793
9/12/2024,891.107078
9/13/2024,894.6279492
9/16/2024,897.3139746
9/17/2024,900.4718693
9/18/2024,905.154265
9/19/2024,911.5063521
9/20/2024,914.5916515
9/23/2024,918.8747731
9/24/2024,929.5462795
9/25/2024,930.8892922
9/26/2024,927.477314
9/27/2024,925.154265
9/30/2024,925.4446461
10/1/2024,934.7005445
10/2/2024,933.6116152
10/3/2024,944.6098004
10/4/2024,946.3520871
10/7/2024,952.3774955
10/8/2024,933.4664247
10/9/2024,929.1470054
10/10/2024,941.1252269
10/11/2024,947.0054446
10/14/2024,935.2450091
10/15/2024,921.4519056
10/16/2024,920.4718693
10/17/2024,924.1742287
10/18/2024,918.8384755
10/21/2024,923.738657
10/22/2024,935.5716878
10/23/2024,930.5989111
10/24/2024,930.3085299
10/25/2024,934.7005445
10/28/2024,916.6243194
10/29/2024,919.092559
10/30/2024,930.1270417
10/31/2024,928.4573503
11/1/2024,929.1833031
11/4/2024,936.4065336
11/5/2024,942.7949183
11/6/2024,930.3811252
11/7/2024,940.4718693
11/8/2024,930.199637
11/11/2024,912.7404719
11/12/2024,911.5063521
11/13/2024,909.6551724
11/14/2024,909.0381125
11/15/2024,907.2232305
11/18/2024,923.0852995
11/19/2024,925.0453721
11/20/2024,926.1343013
11/21/2024,930.8892922
11/22/2024,938.6932849
11/25/2024,920.4355717
11/26/2024,923.8475499
11/27/2024,921.7785844
11/28/2024,921.7785844
11/29/2024,922.4319419
12/2/2024,915.862069
12/3/2024,924.137931
12/4/2024,921.7059891
12/5/2024,919.7096189
12/6/2024,919.2014519
12/9/2024,929.4373866
12/10/2024,935.6805808
12/11/2024,943.9927405
12/12/2024,938.4029038
12/13/2024,939.491833
12/16/2024,937.8221416
12/17/2024,928.6025408
12/18/2024,930.9618875
12/19/2024,919.9274047
12/20/2024,925.6261343
12/23/2024,923.23049
12/24/2024,927.2595281
12/25/2024,927.2595281
12/26/2024,927.0054446
12/27/2024,925.9165154
12/30/2024,932.4863884
12/31/2024,939.0199637
1/1/2025,939.0199637
1/2/2025,947.477314
1/3/2025,941.1978221
1/6/2025,943.1215971
1/7/2025,946.1705989
1/8/2025,940.1814882
1/9/2025,949.2196007
1/10/2025,965.3357532
1/13/2025,969.8729583
1/14/2025,967.9854809
1/15/2025,978.185118
1/16/2025,977.9310345
1/17/2025,980.5444646
1/20/2025,980.5444646
1/21/2025,981.3067151
1/22/2025,980.5444646
1/23/2025,979.6733212
1/24/2025,981.0163339
1/27/2025,969.2558984
1/28/2025,974.3012704
1/29/2025,978.4029038
1/30/2025,985.8076225
1/31/2025,981.7422868
2/3/2025,989.6914701
2/4/2025,995.8983666
2/5/2025,993.1034483
2/6/2025,992.6315789
2/7/2025,995.9709619
2/10/2025,1007.368421
2/11/2025,1011.361162
2/12/2025,1006.751361
2/13/2025,1010.054446
2/14/2025,1004.682396
2/18/2025,1014.519056
2/19/2025,1011.833031
2/20/2025,1016.914701
2/21/2025,1007.005445
2/24/2025,1002.722323
2/25/2025,990.2359347
2/26/2025,988.8566243
2/27/2025,985.8076225
2/28/2025,971.9419238
3/3/2025,973.6842105
3/4/2025,973.0671506
3/5/2025,971.7604356
3/6/2025,973.5753176
3/7/2025,974.3738657
3/10/2025,970.4174229
3/11/2025,974.9183303
3/12/2025,982.1052632
3/13/2025,986.8965517
3/14/2025,987.6225045
3/17/2025,994.9546279
3/18/2025,998.7658802
3/19/2025,999.7459165
3/20/2025,1003.157895
3/21/2025,998.6932849
3/24/2025,998.9836661
3/25/2025,1001.597096
3/26/2025,1002.976407
3/27/2025,1008.021779
3/28/2025,1008.92922
3/31/2025,1018.693285
4/1/2025,1023.411978
4/2/2025,1029.364791
4/3/2025,1002.359347
4/4/2025,966.7513612
4/7/2025,951.615245
4/8/2025,949.5462795
4/9/2025,965.9165154
4/10/2025,976.9509982
4/11/2025,993.3575318
4/14/2025,993.3575318
4/15/2025,992.9582577
4/16/2025,1011.034483
4/17/2025,1018.185118
4/21/2025,1021.560799
4/22/2025,1029.473684
4/23/2025,1013.067151
4/24/2025,1025.299456
4/25/2025,1023.157895
4/28/2025,1022.722323
4/29/2025,1012.232305
4/30/2025,1000.653358
5/1/2025,989.9455535
5/2/2025,992.7767695
5/5/2025,995.0998185
5/6/2025,1014.700544
5/7/2025,1003.774955
5/8/2025,1003.266788
5/9/2025,1012.77677
5/12/2025,1007.658802
5/13/2025,1021.415608
5/14/2025,1015.716878
5/15/2025,1012.631579
5/16/2025,1008.711434
5/19/2025,1014.083485
5/20/2025,1021.088929
5/21/2025,1025.989111
5/22/2025,1018.76588
5/23/2025,1024.137931
5/27/2025,1012.704174
5/28/2025,1012.232305
5/29/2025,1007.6951
5/30/2025,1001.524501
6/2/2025,1017.676951
6/3/2025,1022.46824
6/4/2025,1022.068966
6/5/2025,1025.154265
6/6/2025,1027.005445
6/9/2025,1029.981851
6/10/2025,1026.787659
6/11/2025,1034.664247
6/12/2025,1039.709619
6/13/2025,1064.754991
6/16/2025,1064.428312
6/17/2025,1076.442831
6/18/2025,1079.491833
6/20/2025,1078.330309
6/23/2025,1063.702359
6/24/2025,1031.760436
6/25/2025,1032.050817
6/26/2025,1037.132486
6/27/2025,1028.384755
6/30/2025,1029.618875
7/1/2025,1034.845735
7/2/2025,1046.46098
7/3/2025,1044.863884
7/7/2025,1043.085299
7/8/2025,1047.368421
7/9/2025,1047.005445
7/10/2025,1042.504537
7/11/2025,1052.994555
7/14/2025,1049.437387
7/15/2025,1046.424682
7/16/2025,1047.368421
7/17/2025,1051.869328
7/18/2025,1058.76588
7/21/2025,1062.46824
7/22/2025,1062.540835
7/23/2025,1059.528131
7/24/2025,1057.495463
7/25/2025,1050.127042
7/28/2025,1051.651543
7/29/2025,1059.491833
7/30/2025,1056.297641
7/31/2025,1047.912886
8/1/2025,1038.983666
8/4/2025,1041.270417
8/5/2025,1037.023593
8/6/2025,1038.366606
8/7/2025,1040.653358
8/8/2025,1045.589837
8/11/2025,1041.669691
8/12/2025,1039.310345
8/13/2025,1038.112523
8/14/2025,1035.716878
8/15/2025,1036.15245
8/18/2025,1036.15245
8/19/2025,1032.813067
8/20/2025,1040.943739
8/21/2025,1047.332123
8/22/2025,1054.192377
8/25/2025,1058.475499
8/26/2025,1050.235935
8/27/2025,1053.901996
8/28/2025,1059.310345
8/29/2025,1063.266788
9/1/2025,1063.266788
9/2/2025,1080.980036
9/3/2025,1081.125227
9/4/2025,1073.212341
9/5/2025,1070.054446
9/8/2025,1077.495463
9/9/2025,1081.633394
9/10/2025,1084.827586
9/11/2025,1079.782214
9/12/2025,1086.134301
9/15/2025,1096.043557
9/16/2025,1103.303085
9/17/2025,1094.591652
9/18/2025,1085.626134
9/19/2025,1080.943739
9/22/2025,1083.811252
9/23/2025,1094.482759
9/24/2025,1096.406534
9/25/2025,1100.290381
9/26/2025,1108.31216
9/29/2025,1103.484574
9/30/2025,1098.947368
10/1/2025,1099.346642
10/2/2025,1091.324864
10/3/2025,1096.406534
10/6/2025,1106.715064
10/7/2025,1109.038113
10/8/2025,1118.729583
10/9/2025,1104.900181
10/10/2025,1090.381125
10/13/2025,1108.747731
10/14/2025,1106.533575
10/15/2025,1108.45735
10/16/2025,1118.257713
10/17/2025,1109.872958
10/20/2025,1127.186933
10/21/2025,1102.722323
10/22/2025,1108.203267
10/23/2025,1135.53539
10/24/2025,1134.446461
10/27/2025,1125.626134
10/28/2025,1116.878403
10/29/2025,1124.065336
10/30/2025,1124.319419
10/31/2025,1125.22686
