Date,QCI_SYNTH
1991-01-02,100.02484401502501
1991-01-03,99.1351660859177
1991-01-04,98.58262265495176
1991-01-07,101.84352435532927
1991-01-08,100.40993529231552
1991-01-09,100.77059374040994
1991-01-10,100.85178721407686
1991-01-11,100.31761937092227
1991-01-14,103.59814740259682
1991-01-15,102.54368286127249
1991-01-16,104.1447409375596
1991-01-17,95.04088998799114
1991-01-18,93.61158072946345
1991-01-22,96.0816245490243
1991-01-23,95.57645005202069
1991-01-24,94.82505406758071
1991-01-25,95.07049193104345
1991-01-28,94.74386158346728
1991-01-29,95.3964126666154
1991-01-30,94.41237363624346
1991-01-31,94.885137261592
1991-02-01,94.69697705767732
1991-02-04,94.87365320354539
1991-02-05,94.47609327323784
1991-02-06,95.08309600390463
1991-02-07,94.68427958129642
1991-02-08,95.69420422720717
1991-02-11,96.02394035826462
1991-02-12,96.4100982295814
1991-02-13,96.38858179456355
1991-02-14,96.36902925925202
1991-02-15,95.1919842403865
1991-02-19,94.91856982858219
1991-02-20,95.27295660941944
1991-02-21,94.42356641706935
1991-02-22,93.90971631621696
1991-02-25,94.49628361913761
1991-02-26,95.15997561131286
1991-02-27,95.65741863916048
1991-02-28,96.80721446415352
1991-03-01,97.60636007376398
1991-03-04,98.6239035255834
1991-03-05,99.18630802539218
1991-03-06,98.76093648071277
1991-03-07,98.69510035857229
1991-03-08,98.960415033136
1991-03-11,97.69377585283432
1991-03-12,98.4176975412277
1991-03-13,99.18229105143133
1991-03-14,98.39594479843107
1991-03-15,97.659989509143
1991-03-18,97.25180027588715
1991-03-19,98.04840316490258
1991-03-20,97.98050900680681
1991-03-21,98.71070385646517
1991-03-22,98.31361654896249
1991-03-25,97.3681563725647
1991-03-26,97.29083106473
1991-03-27,96.98923144100439
1991-03-28,97.4741290995068
1991-04-01,98.16114817869033
1991-04-02,98.75314320177684
1991-04-03,98.28299328948059
1991-04-04,98.52297490265165
1991-04-05,98.57311176379699
1991-04-08,98.98248899002576
1991-04-09,98.72057783217986
1991-04-10,99.51703509501587
1991-04-11,99.17876471037033
1991-04-12,99.53625711912085
1991-04-15,99.77425348547318
1991-04-16,99.74299859044018
1991-04-17,99.75526542869233
1991-04-18,99.04370633084643
1991-04-19,99.10942876889412
1991-04-22,99.25737660947081
1991-04-23,99.07059971119767
1991-04-24,98.87133363232827
1991-04-25,98.75834193352712
1991-04-26,98.64329675673781
1991-04-29,98.07476709115231
1991-04-30,97.87148310586102
1991-05-01,98.25319830653368
1991-05-02,98.01501448754284
1991-05-03,97.93581384023128
1991-05-06,98.34806981160713
1991-05-07,98.02523037227631
1991-05-08,97.95015981283858
1991-05-09,98.31478199189027
1991-05-10,97.39865103154429
1991-05-13,97.01599893451426
1991-05-14,96.97327049045526
1991-05-15,97.1142053836696
1991-05-16,96.85049813540408
1991-05-17,96.99229688563695
1991-05-20,97.16601321096748
1991-05-21,97.28989636345176
1991-05-22,96.8779637009974
1991-05-23,97.09247351125377
1991-05-24,97.06875894216785
1991-05-28,97.39285089335627
1991-05-29,96.82501227399092
1991-05-30,97.01734076626721
1991-05-31,96.79341236847222
1991-06-03,97.18089006349949
1991-06-04,97.05739835443612
1991-06-05,96.56107152901785
1991-06-06,96.53262966644343
1991-06-07,96.65890901000922
1991-06-10,96.0575786737659
1991-06-11,96.35709560871972
1991-06-12,96.36240634764225
1991-06-13,96.1247115016378
1991-06-14,95.72075678194764
1991-06-17,95.90969709338488
1991-06-18,95.8165897720815
1991-06-19,95.60212796479591
1991-06-20,95.81979252937167
1991-06-21,94.99213273557272
1991-06-24,94.3695139625372
1991-06-25,94.72683926672356
1991-06-26,94.9578446264818
1991-06-27,94.82916260287533
1991-06-28,94.396077627519
1991-07-01,94.86989468382872
1991-07-02,94.95719178199077
1991-07-03,94.79241156860249
1991-07-05,94.77682547376455
1991-07-08,94.72311320582847
1991-07-09,94.5891517082057
1991-07-10,94.73205969084219
1991-07-11,94.37754128039944
1991-07-12,95.4700649508968
1991-07-15,95.18151791356838
1991-07-16,96.12642671708966
1991-07-17,96.7378564326612
1991-07-18,96.15975758840794
1991-07-19,96.44652179352626
1991-07-22,96.50646218818738
1991-07-23,96.77385135151842
1991-07-24,96.08686437976563
1991-07-25,96.30882243996068
1991-07-26,97.200823531786
1991-07-29,97.56039498050073
1991-07-30,97.40991266441263
1991-07-31,98.40685635339102
1991-08-01,98.78852750249533
1991-08-02,98.97677868580223
1991-08-05,98.24844504883107
1991-08-06,97.37473196644288
1991-08-07,96.96172104643938
1991-08-08,97.00667159125814
1991-08-09,97.21179593121354
1991-08-12,97.095179121872
1991-08-13,96.64934244756319
1991-08-14,96.002509705047
1991-08-15,96.43009921765997
1991-08-16,96.2208668323022
1991-08-19,96.3973287494636
1991-08-20,96.28068754951677
1991-08-21,96.88162543706291
1991-08-22,97.7129863585939
1991-08-23,97.74889301248534
1991-08-26,98.61742668714136
1991-08-27,98.33201926366331
1991-08-28,98.09494265487669
1991-08-29,98.06617750370341
1991-08-30,98.56785417623719
1991-09-03,98.64943830352476
1991-09-04,98.4600779659566
1991-09-05,98.51148057923999
1991-09-06,98.90133903400776
1991-09-09,98.86752182773839
1991-09-10,98.73484020651964
1991-09-11,98.97106687069194
1991-09-12,99.00872168559425
1991-09-13,99.15011839813374
1991-09-16,99.34674970621926
1991-09-17,99.13998648669245
1991-09-18,99.96807275391113
1991-09-19,99.78739055747336
1991-09-20,100.11648456725884
1991-09-23,99.85876980309959
1991-09-24,100.1213022189487
1991-09-25,100.35061666638777
1991-09-26,99.93939012816737
1991-09-27,99.89777592142678
1991-09-30,99.8008484124328
1991-10-01,99.91329191443661
1991-10-02,99.99238616651994
1991-10-03,100.12761118704299
1991-10-04,100.35456310998381
1991-10-07,100.4512421919415
1991-10-08,100.54691200705778
1991-10-09,100.73855742401363
1991-10-10,100.4002686631674
1991-10-11,100.17023455314164
1991-10-15,100.29490982364426
1991-10-16,100.69634573389116
1991-10-17,101.40100090862114
1991-10-18,101.72782627974732
1991-10-21,101.50949057719191
1991-10-22,101.57117146642413
1991-10-23,100.9952916737121
1991-10-24,101.19452277301228
1991-10-25,100.4246185319067
1991-10-28,100.51703433322365
1991-10-29,100.71806401115259
1991-10-30,100.56435243820701
1991-10-31,100.6929994006276
1991-11-01,101.20652582387561
1991-11-04,101.08068674468194
1991-11-05,100.9161407069097
1991-11-06,100.11024139271308
1991-11-07,99.6496368283532
1991-11-08,99.49781561390108
1991-11-12,98.51832459921029
1991-11-13,98.64813488537715
1991-11-14,99.0284574529454
1991-11-15,99.40352175986474
1991-11-18,98.99869908094439
1991-11-19,98.5222412802283
1991-11-20,98.9463202385824
1991-11-21,98.89935823336144
1991-11-22,98.30996149640333
1991-11-25,98.40766696829328
1991-11-26,97.9081555092253
1991-11-27,98.34574936881286
1991-11-29,98.102017042881
1991-12-02,97.86356107039343
1991-12-03,97.13872294251898
1991-12-04,97.45538602147236
1991-12-05,96.71218636791602
1991-12-06,96.03257117372718
1991-12-09,95.21474062941424
1991-12-10,94.82879499371325
1991-12-11,94.64016563354897
1991-12-12,94.7237764475371
1991-12-13,95.24905631694814
1991-12-16,95.00882632031956
1991-12-17,94.8304686053255
1991-12-18,94.70048138328214
1991-12-19,94.03143219854415
1991-12-20,93.58420067965618
1991-12-23,94.25572978544606
1991-12-24,94.53920002842715
1991-12-26,94.08686308134398
1991-12-27,94.10100467200067
1991-12-30,93.43590706010629
1991-12-31,93.96508697715984
1992-01-02,93.96130143611356
1992-01-03,93.54129745544758
1992-01-06,93.64580290672926
1992-01-07,93.14411321023746
1992-01-08,92.81609205287057
1992-01-09,93.05743833150207
1992-01-10,93.57106527773945
1992-01-13,94.2704077616702
1992-01-14,93.81403371750669
1992-01-15,94.97153540886895
1992-01-16,95.94878905179236
1992-01-17,96.03576087620294
1992-01-21,95.3289282741864
1992-01-22,95.61200385078106
1992-01-23,95.27768508437255
1992-01-24,96.2948287170996
1992-01-27,96.68729661055735
1992-01-28,96.23597338772942
1992-01-29,96.22931260899954
1992-01-30,95.70383170439301
1992-01-31,95.81746216541573
1992-02-03,95.89519521063107
1992-02-04,96.55635869616466
1992-02-05,96.76212534078607
1992-02-06,96.74476763163288
1992-02-07,97.30552507868995
1992-02-10,97.70354782160513
1992-02-11,96.09534389405886
1992-02-12,96.39605586034897
1992-02-13,96.68007373242197
1992-02-14,96.53879907962177
1992-02-18,94.95614698819058
1992-02-19,95.55888707595548
1992-02-20,95.75117119797162
1992-02-21,95.4164207563008
1992-02-24,95.01697004209555
1992-02-25,95.1597663802993
1992-02-26,95.26863507165189
1992-02-27,95.66354518327597
1992-02-28,95.81486721890685
1992-03-02,95.36995447312371
1992-03-03,95.46655872029278
1992-03-04,95.84831957865183
1992-03-05,95.80401009410605
1992-03-06,95.67909190725904
1992-03-09,96.02492551437095
1992-03-10,96.03672615317863
1992-03-11,95.66765683453373
1992-03-12,95.8269285783187
1992-03-13,96.37587533900702
1992-03-16,96.19897910000665
1992-03-17,96.19400242348758
1992-03-18,96.04033884851802
1992-03-19,96.56625721937671
1992-03-20,95.85397446989337
1992-03-23,96.03171281140158
1992-03-24,96.05640519877707
1992-03-25,96.24884648593806
1992-03-26,96.22454216388314
1992-03-27,96.07799128396024
1992-03-30,96.06108968264631
1992-03-31,96.6822833533228
1992-04-01,97.05787040566656
1992-04-02,96.93478445723551
1992-04-03,97.66350510887544
1992-04-06,97.85729598300139
1992-04-07,97.08568582134258
1992-04-08,97.4302300578493
1992-04-09,97.1407767760366
1992-04-10,97.20463065306203
1992-04-13,96.66896581652715
1992-04-14,96.29074492620155
1992-04-15,96.21593903229599
1992-04-16,96.72918161292057
1992-04-20,97.01367766772219
1992-04-21,97.40263068194506
1992-04-22,96.86461637876049
1992-04-23,97.46463846528648
1992-04-24,97.19291544603405
1992-04-27,97.11848301522357
1992-04-28,97.21355580472346
1992-04-29,97.509132146543
1992-04-30,97.46879861711291
1992-05-01,97.8089942345699
1992-05-04,98.73181031739153
1992-05-05,98.40972037772767
1992-05-06,98.35317749768623
1992-05-07,98.65735781123449
1992-05-08,98.64996964911622
1992-05-11,98.81236102813801
1992-05-12,99.00354953563789
1992-05-13,99.29612503625303
1992-05-14,99.15508294061542
1992-05-15,99.26292393183057
1992-05-18,99.32813596406847
1992-05-19,98.46783291062941
1992-05-20,98.51146182628646
1992-05-21,98.16109831747954
1992-05-22,98.4541682840679
1992-05-26,100.42922522774312
1992-05-27,100.33785043812719
1992-05-28,100.24743987899214
1992-05-29,100.78490469731945
1992-06-01,101.20290897125432
1992-06-02,101.62848340818904
1992-06-03,101.70844669045292
1992-06-04,102.08372057794597
1992-06-05,101.93353119740227
1992-06-08,102.04770498211535
1992-06-09,102.09017703154144
1992-06-10,102.04806705424075
1992-06-11,101.67922842505422
1992-06-12,101.64553419878017
1992-06-15,101.09116474939646
1992-06-16,101.17514909226418
1992-06-17,101.50231892178567
1992-06-18,101.31405328445501
1992-06-19,101.24057555240773
1992-06-22,101.09949996013326
1992-06-23,101.26088499884949
1992-06-24,101.68058530497251
1992-06-25,101.83113705148025
1992-06-26,101.78651402379147
1992-06-29,101.97661606671264
1992-06-30,101.18291071698292
1992-07-01,101.34285439574914
1992-07-02,101.59392748033018
1992-07-06,100.67076208067485
1992-07-07,100.18422425229032
1992-07-08,100.51675701009492
1992-07-09,100.26951703661477
1992-07-10,100.40991843433835
1992-07-13,100.61797709799384
1992-07-14,100.60588812397297
1992-07-15,101.23931546554898
1992-07-16,101.19383599036686
1992-07-17,101.05267100883164
1992-07-20,101.06092643552418
1992-07-21,101.07244563545636
1992-07-22,101.68692826622063
1992-07-23,101.43179047728017
1992-07-24,101.74537044503391
1992-07-27,101.84085067986244
1992-07-28,101.76105138393613
1992-07-29,101.46284380914274
1992-07-30,101.31301242426063
1992-07-31,100.82209090910843
1992-08-03,100.31594319445941
1992-08-04,100.1023781605046
1992-08-05,99.62507216883009
1992-08-06,99.9753632523065
1992-08-07,99.6151480596382
1992-08-10,99.51751180298707
1992-08-11,99.15926461704886
1992-08-12,98.72658204251317
1992-08-13,98.93668450774061
1992-08-14,98.79448064133345
1992-08-17,99.18555235740351
1992-08-18,99.35476210904058
1992-08-19,98.83763201452875
1992-08-20,98.88617265584804
1992-08-21,98.6609147899868
1992-08-24,100.0431577124113
1992-08-25,99.53805826128436
1992-08-26,99.1158182865655
1992-08-27,98.81640667654584
1992-08-28,99.23088849686879
1992-08-31,99.73391930899965
1992-09-01,99.83681105641622
1992-09-02,100.11123344688902
1992-09-03,100.355508737213
1992-09-04,100.73928041639009
1992-09-08,100.71293438913185
1992-09-09,100.563568084832
1992-09-10,100.41740504408412
1992-09-11,100.38460914659608
1992-09-14,101.22954157417962
1992-09-15,101.78753017163076
1992-09-16,101.92327968927921
1992-09-17,101.17326698096265
1992-09-18,101.27648896754941
1992-09-21,101.62941857713446
1992-09-22,101.57511583328707
1992-09-23,101.90982590334694
1992-09-24,101.42960621753238
1992-09-25,101.35749490492194
1992-09-28,100.8518123670205
1992-09-29,101.07448828326078
1992-09-30,101.19866336000389
1992-10-01,101.16359497688406
1992-10-02,100.84417814415833
1992-10-05,100.04776941545903
1992-10-06,100.3072464467555
1992-10-07,100.24154845894651
1992-10-08,99.90087634186354
1992-10-09,100.62499403830275
1992-10-13,99.81057778046144
1992-10-14,100.39561930475918
1992-10-15,100.7101564811338
1992-10-16,100.31239102167973
1992-10-19,100.57954542146067
1992-10-20,100.67804281069945
1992-10-21,99.92614133158962
1992-10-22,99.51622293306896
1992-10-23,98.99255656989314
1992-10-26,98.71029885871613
1992-10-27,98.58730944384479
1992-10-28,98.65932287056691
1992-10-29,98.10179563096484
1992-10-30,98.21610968444926
1992-11-02,98.97230211242724
1992-11-03,98.81166715393762
1992-11-04,98.08286124753897
1992-11-05,98.05970770610969
1992-11-06,97.52923451190321
1992-11-09,97.44445188967917
1992-11-10,97.50173872670727
1992-11-12,97.89416480127136
1992-11-13,97.74321079632288
1992-11-16,98.0459239060022
1992-11-17,97.967995717472
1992-11-18,97.39614768753658
1992-11-19,97.94543805094155
1992-11-20,97.78398609666341
1992-11-23,97.38703819990245
1992-11-24,97.2494366540651
1992-11-25,97.31821503477413
1992-11-27,97.51195340610123
1992-11-30,97.35385846976627
1992-12-01,95.98240862646816
1992-12-02,96.05468426404748
1992-12-03,95.76495605057221
1992-12-04,95.57387103103251
1992-12-07,95.95774983446688
1992-12-08,95.54381466273037
1992-12-09,95.71352054422437
1992-12-10,96.64331998427251
1992-12-11,96.51746973224782
1992-12-14,96.58957923269723
1992-12-15,96.55277608429701
1992-12-16,97.15781240933026
1992-12-17,97.59213268645433
1992-12-18,97.61397573221925
1992-12-21,97.91338943781265
1992-12-22,97.8657621373189
1992-12-23,98.03685900131448
1992-12-24,98.08598070568216
1992-12-28,97.6843877730379
1992-12-29,97.15426319762582
1992-12-30,97.10184829171446
1992-12-31,97.29980661724375
1993-01-04,96.42255180187097
1993-01-05,96.78728657828557
1993-01-06,96.5560127959883
1993-01-07,96.79119829301892
1993-01-08,96.75590813511315
1993-01-11,96.69440899932485
1993-01-12,95.90125248594882
1993-01-13,96.20798313191855
1993-01-14,96.30643158804885
1993-01-15,96.4483765991978
1993-01-19,96.212060649541
1993-01-20,95.9583085643876
1993-01-21,96.18008543734436
1993-01-22,96.06141578562234
1993-01-25,96.5406343578017
1993-01-26,96.6609079397476
1993-01-27,96.65553915562734
1993-01-28,97.40551678374803
1993-01-29,97.09560094946467
1993-02-01,97.29550571247532
1993-02-02,96.65158530119376
1993-02-03,96.7063460247514
1993-02-04,97.14328367094224
1993-02-05,97.06036273664188
1993-02-08,97.06161674078513
1993-02-09,97.1361110865695
1993-02-10,97.86192051195053
1993-02-11,97.8818410704525
1993-02-12,97.19355730834414
1993-02-16,97.14457593019783
1993-02-17,97.03319358369104
1993-02-18,97.21909956991645
1993-02-19,97.36911208962276
1993-02-22,98.08680920796321
1993-02-23,98.32776988565
1993-02-24,98.25055080666338
1993-02-25,98.23563124088463
1993-02-26,98.28416476816646
1993-03-01,98.00881699887942
1993-03-02,98.09571092012706
1993-03-03,98.07525114298879
1993-03-04,98.8460710092784
1993-03-05,98.61901424600799
1993-03-08,98.38314396278233
1993-03-09,98.56327511866266
1993-03-10,98.39297158246303
1993-03-11,98.18750351113934
1993-03-12,98.48041808182138
1993-03-15,98.77566649163828
1993-03-16,98.55599989418715
1993-03-17,98.91155178133624
1993-03-18,99.63747811984437
1993-03-19,99.9186302435418
1993-03-22,99.12775017457336
1993-03-23,99.51618559179298
1993-03-24,99.9748770299101
1993-03-25,100.19240127658784
1993-03-26,99.85844401023111
1993-03-29,99.88089445588056
1993-03-30,100.06995978573676
1993-03-31,100.61112958808415
1993-04-01,100.74432566201774
1993-04-02,100.95000864760313
1993-04-05,100.74417939792674
1993-04-06,99.94019891944113
1993-04-07,99.83306966148923
1993-04-08,100.04528533480546
1993-04-12,100.84158256619504
1993-04-13,101.02411713290653
1993-04-14,100.93753315885475
1993-04-15,100.18546845156165
1993-04-16,99.62984355984031
1993-04-19,99.59136837165606
1993-04-20,99.65058301082588
1993-04-21,99.93948268797132
1993-04-22,100.03182728830105
1993-04-23,100.56605607337903
1993-04-26,100.99618299477807
1993-04-27,100.73397309472722
1993-04-28,100.57178172530239
1993-04-29,101.30554596673214
1993-04-30,101.53699787896362
1993-05-03,101.09751328880874
1993-05-04,100.44455854524679
1993-05-05,100.40751640431009
1993-05-06,100.36704817199052
1993-05-07,100.29360181152703
1993-05-10,99.89663750425493
1993-05-11,100.21936376554419
1993-05-12,100.58072115261234
1993-05-13,100.45355803209371
1993-05-14,99.98631979655237
1993-05-17,99.91327366433043
1993-05-18,100.3522600448916
1993-05-19,99.83312277549314
1993-05-20,100.46474403451195
1993-05-21,100.60430139663552
1993-05-24,99.36592152882062
1993-05-25,100.08186365577228
1993-05-26,99.87452201642265
1993-05-27,99.82585777786892
1993-05-28,99.72207322192459
1993-06-01,98.95902469104544
1993-06-02,98.55088225358678
1993-06-03,98.61547840144081
1993-06-04,98.67377637312133
1993-06-07,98.22916935306122
1993-06-08,98.4330955058668
1993-06-09,98.49800666884421
1993-06-10,97.80944015190144
1993-06-11,97.19219763272217
1993-06-14,97.11109415296862
1993-06-15,96.73089325942797
1993-06-16,97.08675458858829
1993-06-17,97.73739381208905
1993-06-18,98.00410819441494
1993-06-21,98.11741091032621
1993-06-22,97.61467381883348
1993-06-23,98.19202724857567
1993-06-24,98.37733519609368
1993-06-25,98.38365502960984
1993-06-28,98.54129431634342
1993-06-29,98.77616296711766
1993-06-30,99.38238573992734
1993-07-01,99.76645382784804
1993-07-02,99.90175992279949
1993-07-06,101.79388074673538
1993-07-07,101.83140668383312
1993-07-08,101.14130588529181
1993-07-09,101.2240217266792
1993-07-12,100.61438037164156
1993-07-13,100.3365396641466
1993-07-14,99.55628739393772
1993-07-15,99.56800407458223
1993-07-16,99.50558726834625
1993-07-19,100.64502206801458
1993-07-20,100.05609330434385
1993-07-21,99.95298380830533
1993-07-22,99.98387447963452
1993-07-23,100.32477431958708
1993-07-26,100.50626689876101
1993-07-27,100.93483425428526
1993-07-28,100.70775343436526
1993-07-29,100.96555065140278
1993-07-30,101.08940048581549
1993-08-02,101.80286346377292
1993-08-03,101.64558227014481
1993-08-04,101.16577069577674
1993-08-05,99.37011585417079
1993-08-06,98.79221384958979
1993-08-09,98.83270256280909
1993-08-10,98.86325885925773
1993-08-11,99.16878356908707
1993-08-12,98.50285313987148
1993-08-13,98.72411031515031
1993-08-16,98.87553460839898
1993-08-17,99.02362694797559
1993-08-18,98.81551843041811
1993-08-19,98.86587164524934
1993-08-20,99.32356457276802
1993-08-23,99.80134164516919
1993-08-24,99.49442739289475
1993-08-25,99.33172443248586
1993-08-26,99.04137361426109
1993-08-27,100.10687114507736
1993-08-30,100.13423912283541
1993-08-31,99.35076454120913
1993-09-01,98.45602135631478
1993-09-02,98.54641068692926
1993-09-03,98.38108003353894
1993-09-07,96.22882334733292
1993-09-08,96.37665802568112
1993-09-09,96.28896815638133
1993-09-10,95.44195972233926
1993-09-13,95.57200007225771
1993-09-14,95.2640706912001
1993-09-15,95.29511444347874
1993-09-16,95.32946371217861
1993-09-17,95.92439072668874
1993-09-20,96.6440394791616
1993-09-21,96.74519063158785
1993-09-22,96.02413251767979
1993-09-23,96.80850158296373
1993-09-24,96.69606651039906
1993-09-27,96.03926880861525
1993-09-28,96.11027361360081
1993-09-29,96.70352454253963
1993-09-30,97.02409227389244
1993-10-01,96.79131423936994
1993-10-04,96.00615147577398
1993-10-05,95.86259865407987
1993-10-06,96.14890425047058
1993-10-07,96.33055603796329
1993-10-08,96.70277094145312
1993-10-12,97.43064371342004
1993-10-13,97.57925986267367
1993-10-14,97.17389898303817
1993-10-15,97.07721038285823
1993-10-18,96.98276467894536
1993-10-19,97.0244690399427
1993-10-20,97.25790222556442
1993-10-21,97.62302304255385
1993-10-22,96.99218189096315
1993-10-25,96.30987709690874
1993-10-26,95.8261363086908
1993-10-27,96.40112800717222
1993-10-28,96.01198155010286
1993-10-29,95.82135571587838
1993-11-01,96.00805325552922
1993-11-02,95.87910670757611
1993-11-03,96.33386886749457
1993-11-04,96.74292305132714
1993-11-05,96.78691622548754
1993-11-08,95.76878158372028
1993-11-09,95.61957909769416
1993-11-10,96.61759608202102
1993-11-12,96.78239966872052
1993-11-15,97.20535369623063
1993-11-16,96.99918028328646
1993-11-17,98.02235639494458
1993-11-18,97.90904177714485
1993-11-19,98.10427859287175
1993-11-22,98.13412864900968
1993-11-23,97.23026604211765
1993-11-24,97.10005721691859
1993-11-26,96.52239723114727
1993-11-29,95.27571725978724
1993-11-30,94.76719990778298
1993-12-01,95.39521033121491
1993-12-02,94.83052119141296
1993-12-03,95.40944732399976
1993-12-06,94.64643634569676
1993-12-07,95.35074076658108
1993-12-08,95.29616684427958
1993-12-09,95.08695376914208
1993-12-10,96.23825211265245
1993-12-13,95.64604307193166
1993-12-14,95.85902284535032
1993-12-15,95.56008187927237
1993-12-16,95.4593314863898
1993-12-17,95.57260218350105
1993-12-20,95.61201233911673
1993-12-21,95.11130916601923
1993-12-22,95.64161217048299
1993-12-23,95.63283743257041
1993-12-27,95.92568216610506
1993-12-28,95.80484620883199
1993-12-29,96.41042836049121
1993-12-30,96.09193229132745
1993-12-31,96.1447058665211
1994-01-03,96.32212132236604
1994-01-04,96.40776468846049
1994-01-05,97.43368341054048
1994-01-06,97.70340690165791
1994-01-07,97.44554530862457
1994-01-10,96.57468065632426
1994-01-11,97.36497906090587
1994-01-12,96.96641796673737
1994-01-13,97.91631229313678
1994-01-14,99.0012589627715
1994-01-18,98.78023470102613
1994-01-19,98.54459373019544
1994-01-20,98.01895229284179
1994-01-21,97.93588701705177
1994-01-24,98.81234672074719
1994-01-25,98.85401275708011
1994-01-26,99.8857967303283
1994-01-27,99.56449600752548
1994-01-28,99.43430234140119
1994-01-31,99.67970143230022
1994-02-01,101.4624586420566
1994-02-02,102.05036297056438
1994-02-03,101.47804795745037
1994-02-04,100.77546034211808
1994-02-07,99.71266560263332
1994-02-08,99.79507849316113
1994-02-09,99.14722110292598
1994-02-10,98.99778631396465
1994-02-11,99.04636886907468
1994-02-14,98.473585384358
1994-02-15,98.3161600575423
1994-02-16,98.46270483993585
1994-02-17,98.63405994959416
1994-02-18,98.47550156307184
1994-02-22,98.88126650064387
1994-02-23,98.74106190565281
1994-02-24,99.48073252546095
1994-02-25,99.17041265451343
1994-02-28,98.90054328138473
1994-03-01,98.8632858820239
1994-03-02,98.54749744370751
1994-03-03,98.18543376517471
1994-03-04,98.54174437532414
1994-03-07,97.60907937067516
1994-03-08,97.45223909951235
1994-03-09,97.72172861483627
1994-03-10,97.93698526080183
1994-03-11,98.50322547324004
1994-03-14,98.89932293433111
1994-03-15,99.54177284012592
1994-03-16,100.34905812177783
1994-03-17,99.71459540077494
1994-03-18,100.04990316213278
1994-03-21,100.05230753446597
1994-03-22,100.26942418102394
1994-03-23,100.2343474119111
1994-03-24,100.28512186711376
1994-03-25,100.41624814836254
1994-03-28,98.52238702023683
1994-03-29,98.48275446310392
1994-03-30,98.31869128824214
1994-03-31,99.13129183173012
1994-04-04,99.97985161730453
1994-04-05,99.34613079635085
1994-04-06,99.63830541676461
1994-04-07,99.22783218036444
1994-04-08,99.07865745666086
1994-04-11,98.95316286486376
1994-04-12,98.9804795824079
1994-04-13,99.21378999670765
1994-04-14,99.40309303552243
1994-04-15,99.78381320979378
1994-04-18,99.68266960280629
1994-04-19,98.8546546778511
1994-04-20,99.08765334206097
1994-04-21,99.67867520970884
1994-04-22,100.20415659998037
1994-04-25,100.67661001275856
1994-04-26,100.01978469082044
1994-04-28,100.33865904962451
1994-04-29,101.20622280069189
1994-05-02,101.2953243206917
1994-05-03,100.8531211983148
1994-05-04,100.89959492619663
1994-05-05,101.05716777833169
1994-05-06,102.50299674484904
1994-05-09,102.74796319289092
1994-05-10,102.18497007286254
1994-05-11,102.778347885053
1994-05-12,103.30227345117842
1994-05-13,104.02389015767206
1994-05-16,104.9287289062522
1994-05-17,104.57327816368047
1994-05-18,105.50591796320177
1994-05-19,105.9614244068893
1994-05-20,106.34893386139962
1994-05-23,108.1186745130146
1994-05-24,106.23235933378426
1994-05-25,104.7545910675776
1994-05-26,104.010781950645
1994-05-27,104.74754026960922
1994-05-31,106.60720678632892
1994-06-01,105.60861590375295
1994-06-02,106.0329193875162
1994-06-03,105.25895240888066
1994-06-06,104.27976164855808
1994-06-07,104.49800165373742
1994-06-08,106.03581336549472
1994-06-09,106.33744671763306
1994-06-10,106.7120645444345
1994-06-13,108.13591059865418
1994-06-14,108.23290413261044
1994-06-15,110.09389913606746
1994-06-16,109.83456307147901
1994-06-17,111.65532845271528
1994-06-20,110.04182062771102
1994-06-21,109.54205486431601
1994-06-22,108.3499122816779
1994-06-23,108.49399947288283
1994-06-24,108.37123626874366
1994-06-27,108.03385252508753
1994-06-28,109.06472304725887
1994-06-29,108.67479481731468
1994-06-30,109.6374406129834
1994-07-01,110.05146004447617
1994-07-05,108.62840354998349
1994-07-06,108.00696484369277
1994-07-07,107.7597652598408
1994-07-08,108.5194944728687
1994-07-11,111.19244349093155
1994-07-12,111.84935191386198
1994-07-13,111.70048393872179
1994-07-14,111.67684828745621
1994-07-15,111.78795289289056
1994-07-18,111.40722050348157
1994-07-19,111.51369347632819
1994-07-20,110.55885052783852
1994-07-21,110.75136161520369
1994-07-22,110.67861267172272
1994-07-25,110.19841809370871
1994-07-26,109.70558983655665
1994-07-27,109.83903980337293
1994-07-28,109.91167304228362
1994-07-29,111.11761896075186
1994-08-01,111.61721873005983
1994-08-02,110.78927123430762
1994-08-03,109.91529007783029
1994-08-04,109.90164785226644
1994-08-05,108.39151933270566
1994-08-08,107.72464402185015
1994-08-09,107.74211063487698
1994-08-10,107.62842540213737
1994-08-11,107.76013289567494
1994-08-12,106.53129655615274
1994-08-15,106.81476980886879
1994-08-16,106.51256545823098
1994-08-17,106.90562359012776
1994-08-18,106.6582673696905
1994-08-19,106.02831880609868
1994-08-22,104.94330226814235
1994-08-23,105.60173579906144
1994-08-24,106.6680963052087
1994-08-25,106.59615337732373
1994-08-26,106.8631851673268
1994-08-29,107.93389285776396
1994-08-30,107.65994021920345
1994-08-31,108.16310543319763
1994-09-01,108.26727279094428
1994-09-02,108.19095567826037
1994-09-06,108.944093607337
1994-09-07,109.49032202860805
1994-09-08,109.19541145296164
1994-09-09,109.26197291657176
1994-09-12,109.80294661118802
1994-09-13,108.96464575916278
1994-09-14,107.82996127150395
1994-09-15,106.9851617205318
1994-09-16,107.93067254492365
1994-09-19,108.54562564621149
1994-09-20,108.9004376778977
1994-09-21,108.63946213744518
1994-09-22,109.19689027622294
1994-09-23,109.64842589007844
1994-09-26,108.82439650668663
1994-09-27,108.38520920650308
1994-09-28,108.12384223579026
1994-09-29,108.44533524828614
1994-09-30,108.31723455265416
1994-10-03,108.40401893043476
1994-10-04,108.39358687455514
1994-10-05,108.27004811281915
1994-10-06,108.44790503282375
1994-10-07,107.76245507149109
1994-10-11,106.66185520239604
1994-10-12,106.35534037767226
1994-10-13,106.0691906143294
1994-10-14,106.20937406344622
1994-10-17,107.09550966418095
1994-10-18,106.90413263566563
1994-10-19,107.75742100338621
1994-10-20,108.63569887118985
1994-10-21,107.64986020288299
1994-10-24,108.31206926118662
1994-10-25,108.50459752436126
1994-10-26,109.63613099581389
1994-10-27,110.13326588147372
1994-10-28,109.83258374925305
1994-10-31,109.14945959000761
1994-11-01,110.31360196918176
1994-11-02,110.61928243601355
1994-11-03,110.42543715634841
1994-11-04,110.59247674398559
1994-11-07,109.4248293231648
1994-11-08,110.17432488371534
1994-11-09,109.3470732799536
1994-11-10,109.49100985267155
1994-11-14,108.89123992418412
1994-11-15,109.12510663075652
1994-11-16,108.95383218943797
1994-11-17,109.21447256233232
1994-11-18,109.1940373575932
1994-11-21,108.90168923549312
1994-11-22,109.26934815875997
1994-11-23,109.3823727428894
1994-11-25,109.312856955458
1994-11-28,109.12040897099482
1994-11-29,108.96454952808317
1994-11-30,108.87738310233439
1994-12-01,108.6738074803906
1994-12-02,107.57420601024022
1994-12-05,107.03826516841876
1994-12-06,107.10871297097744
1994-12-07,107.41529847607623
1994-12-08,108.73423513477375
1994-12-09,108.661240754537
1994-12-12,108.25167603167782
1994-12-13,107.31642707969425
1994-12-14,107.75263179790875
1994-12-15,108.34943271900119
1994-12-16,108.77271973535592
1994-12-19,108.11000205733427
1994-12-20,108.5401253267853
1994-12-21,109.25848203248474
1994-12-22,109.54650633036256
1994-12-23,109.85011658198931
1994-12-27,111.21786328011338
1994-12-28,111.9424627749325
1994-12-29,111.77812735386563
1994-12-30,111.92939382350869
1995-01-03,110.7363781800717
1995-01-04,110.36784344758726
1995-01-05,111.23652385596559
1995-01-06,111.06464873474233
1995-01-09,110.62714611074588
1995-01-10,110.65048032143616
1995-01-11,110.91573969856275
1995-01-12,111.26523696608058
1995-01-13,110.38511182637767
1995-01-17,112.4938702631832
1995-01-18,113.04003045259508
1995-01-19,112.99580711322244
1995-01-20,113.30095342304212
1995-01-23,112.36832482549282
1995-01-24,112.76399717559427
1995-01-25,112.14170427778207
1995-01-26,112.24405184575161
1995-01-27,111.38894950892092
1995-01-30,111.16473549946878
1995-01-31,111.21207957520103
1995-02-01,110.9719437430721
1995-02-02,111.68043988273911
1995-02-03,111.70303789044323
1995-02-06,111.4213357388179
1995-02-07,110.2769584608303
1995-02-08,109.6584993682
1995-02-09,110.46946094242107
1995-02-10,111.11391560759334
1995-02-13,110.4235452397652
1995-02-14,110.87880911593243
1995-02-15,110.73870659025778
1995-02-16,111.10314358741549
1995-02-17,111.60787245724121
1995-02-21,111.71026948290252
1995-02-22,111.77951828615687
1995-02-23,111.56614383015389
1995-02-24,111.80640344497532
1995-02-27,111.44451381784661
1995-02-28,111.03425189351496
1995-03-01,110.83603939112659
1995-03-02,110.81695396988754
1995-03-03,111.45595525584537
1995-03-06,111.68240220365153
1995-03-07,112.26669430584847
1995-03-08,111.62358053335343
1995-03-09,111.52429413848522
1995-03-10,111.35068548549336
1995-03-13,112.07815677223843
1995-03-14,111.63512877965968
1995-03-15,112.04863937542467
1995-03-16,111.96822112104856
1995-03-17,112.07810141743373
1995-03-20,112.27785230664344
1995-03-21,111.95849826871228
1995-03-22,113.59684886391501
1995-03-23,113.31296260379027
1995-03-24,112.69506183625424
1995-03-27,113.09139713742435
1995-03-28,112.9966456786997
1995-03-29,112.77855142768196
1995-03-30,113.51994467912279
1995-03-31,113.79610403203979
1995-04-03,114.18966080807525
1995-04-04,114.73761014582462
1995-04-05,115.46232267250825
1995-04-06,115.69503583457563
1995-04-07,115.72273102703201
1995-04-10,115.35290450066478
1995-04-11,115.91917868232554
1995-04-12,115.41980612312182
1995-04-13,114.331160611127
1995-04-17,115.61930154713924
1995-04-18,116.15381808607171
1995-04-19,115.84512595582792
1995-04-20,115.9675652624075
1995-04-21,116.41815138663489
1995-04-24,116.23301265518822
1995-04-25,116.02775001701846
1995-04-26,115.20879422849282
1995-04-27,116.12854916858193
1995-04-28,116.03745875980466
1995-05-01,116.68179322116006
1995-05-02,115.98968538698806
1995-05-03,115.73759164974045
1995-05-04,115.92209816652894
1995-05-05,115.39553797294109
1995-05-08,115.02246725780896
1995-05-09,113.77126696480582
1995-05-10,114.05223877656938
1995-05-11,113.52761102835724
1995-05-12,113.88640016498395
1995-05-15,114.62816677752905
1995-05-16,115.25931734433212
1995-05-17,115.05069233068738
1995-05-18,115.88030375666958
1995-05-19,115.92600279037077
1995-05-22,116.48407893628716
1995-05-23,117.2322698313747
1995-05-24,116.95821324421156
1995-05-25,116.66597868002712
1995-05-26,116.15254314647312
1995-05-30,114.91807276449578
1995-05-31,115.19290835015362
1995-06-01,116.18119089538584
1995-06-02,116.14094474612952
1995-06-05,116.42525082872153
1995-06-06,115.94639633767932
1995-06-07,116.02036181799542
1995-06-08,115.96520746458923
1995-06-09,116.01418631093057
1995-06-12,115.68463171831311
1995-06-13,115.6370851834669
1995-06-14,116.3298959888909
1995-06-15,116.69120067880137
1995-06-16,116.03877848110571
1995-06-19,116.15316968995957
1995-06-20,116.24251157014336
1995-06-21,115.75720463551988
1995-06-22,116.01150376933913
1995-06-23,115.89521105155525
1995-06-26,114.98683724294281
1995-06-27,114.82826333076575
1995-06-28,115.35645806126666
1995-06-29,114.86943021552214
1995-06-30,114.05280153392638
1995-07-03,114.08879163863884
1995-07-05,113.60717856429005
1995-07-06,114.19921678047827
1995-07-07,113.84904148515314
1995-07-10,114.610804352414
1995-07-11,114.79698457757061
1995-07-12,115.54614948899366
1995-07-13,114.77135162283096
1995-07-14,115.59322875168824
1995-07-17,116.33485110496822
1995-07-18,116.40986806980247
1995-07-19,115.10131016683216
1995-07-20,114.61965127871213
1995-07-21,115.31224050019982
1995-07-24,115.2798556887497
1995-07-25,115.44869987214388
1995-07-26,116.6855757422282
1995-07-27,116.32414451764672
1995-07-28,116.27250021128846
1995-07-31,116.2088121113578
1995-08-01,115.74708755845002
1995-08-02,115.83282629304885
1995-08-03,115.96928328057776
1995-08-04,115.7110281243162
1995-08-07,115.5081546291996
1995-08-08,115.76886606570378
1995-08-09,115.92459800835529
1995-08-10,115.95237466755847
1995-08-11,115.95249670628753
1995-08-14,115.98524611595901
1995-08-15,116.05081810495071
1995-08-16,116.07754608846388
1995-08-17,116.7694771860852
1995-08-18,117.33952161027806
1995-08-21,118.52683755410274
1995-08-22,118.34123684398277
1995-08-23,118.51010687169654
1995-08-24,118.29729005137834
1995-08-25,118.16308788456895
1995-08-28,118.18129480126638
1995-08-29,117.7925682220974
1995-08-30,117.10911702002534
1995-08-31,118.2042879566061
1995-09-01,118.6550492483811
1995-09-05,118.99211598144343
1995-09-06,118.60551419874481
1995-09-07,118.70519991247374
1995-09-08,118.82316335910612
1995-09-11,118.94233909851133
1995-09-12,119.4278940241061
1995-09-13,118.94618632823892
1995-09-14,119.40022893086902
1995-09-15,119.8691144567833
1995-09-18,120.91386975456169
1995-09-19,120.53846088395181
1995-09-20,119.82014649580574
1995-09-21,120.200485290051
1995-09-22,118.93249131708016
1995-09-25,118.88121591198406
1995-09-26,118.91400414075544
1995-09-27,118.79953447429664
1995-09-28,119.42347945236125
1995-09-29,119.30288289177204
1995-10-02,119.30641934215696
1995-10-03,118.75160325175491
1995-10-04,118.6773628344639
1995-10-05,117.56166643784812
1995-10-06,117.68925334370988
1995-10-10,118.36017119553459
1995-10-11,118.57330855699534
1995-10-12,118.17707207633958
1995-10-13,118.79493664950796
1995-10-16,119.00471085351177
1995-10-17,118.37649601578757
1995-10-18,118.31266306053799
1995-10-19,118.65508135209014
1995-10-20,118.90375913077263
1995-10-23,119.00488998034805
1995-10-24,119.00079807730724
1995-10-25,119.22752406238375
1995-10-26,119.84881734106088
1995-10-27,119.56527925549139
1995-10-30,119.86211056455507
1995-10-31,120.26800146022725
1995-11-01,120.85133308582728
1995-11-02,121.6011209100856
1995-11-03,121.15286471704516
1995-11-06,121.0360037472912
1995-11-07,121.1296351826838
1995-11-08,121.19261990508747
1995-11-09,121.00614945222739
1995-11-10,121.63369562428478
1995-11-13,121.04088844649401
1995-11-14,120.67296966377484
1995-11-15,120.62829548138463
1995-11-16,121.3968315654083
1995-11-17,122.33600282144221
1995-11-20,122.17256446220726
1995-11-21,121.75775359080386
1995-11-22,122.05022882059902
1995-11-24,122.39786766495652
1995-11-27,122.55065953723225
1995-11-28,122.05831701107131
1995-11-29,122.2369071558429
1995-11-30,122.12949628900188
1995-12-01,122.8296730844875
1995-12-04,123.4307665923657
1995-12-05,124.3636488518801
1995-12-06,124.40024000780923
1995-12-07,124.66427834230109
1995-12-08,125.48638133203663
1995-12-11,125.41878043119988
1995-12-12,125.33975120050391
1995-12-13,126.33174635271402
1995-12-14,126.90720797080641
1995-12-15,126.706442493027
1995-12-18,127.4332521659107
1995-12-19,127.9012891119562
1995-12-20,127.98513612799532
1995-12-21,127.63030443585912
1995-12-22,127.67537090193606
1995-12-26,127.94203432280375
1995-12-27,128.70293775581254
1995-12-28,127.9841190235544
1995-12-29,128.553367325911
1996-01-02,129.4630484867142
1996-01-03,129.94200984793886
1996-01-04,129.46672754301204
1996-01-05,130.3552472505452
1996-01-08,129.39880003956958
1996-01-09,129.7261613302909
1996-01-10,129.35661492038483
1996-01-11,127.45278189307882
1996-01-12,126.10734822718032
1996-01-16,124.35138482404136
1996-01-17,125.30776548283748
1996-01-18,126.12845517528055
1996-01-19,125.92908405465626
1996-01-22,125.62593530305462
1996-01-23,126.36691090587951
1996-01-24,126.74604124763218
1996-01-25,125.37339053054436
1996-01-26,126.04301107413282
1996-01-29,126.97894128666923
1996-01-30,128.15021902172074
1996-01-31,129.39702750731104
1996-02-01,129.72844753062088
1996-02-02,130.0089948806994
1996-02-05,127.91782436816071
1996-02-06,128.80732809208865
1996-02-07,128.9303696816444
1996-02-08,129.26021281740415
1996-02-09,129.6001340481221
1996-02-12,129.45072052475973
1996-02-13,130.9223306475969
1996-02-14,131.30741151238652
1996-02-15,131.14076145329773
1996-02-16,130.98143595405992
1996-02-20,131.66330468863728
1996-02-21,132.34413351137547
1996-02-22,132.38860979799216
1996-02-23,131.2716948212112
1996-02-26,132.26699390670925
1996-02-27,132.30441896482074
1996-02-28,131.77440622740212
1996-02-29,132.1309146341468
1996-03-01,131.3620672495558
1996-03-04,130.59799393812492
1996-03-05,130.55439440227502
1996-03-06,131.15705733024643
1996-03-07,131.4678180997918
1996-03-08,131.83474125439457
1996-03-11,132.47931390931763
1996-03-12,133.26219092107922
1996-03-13,133.83890316242716
1996-03-14,133.93559064518513
1996-03-15,134.38092836273924
1996-03-18,136.04894437397118
1996-03-19,135.91981608538103
1996-03-20,136.38710645249884
1996-03-21,137.10071454830285
1996-03-22,138.48370233137
1996-03-25,139.22658011269803
1996-03-26,139.37940542087887
1996-03-27,139.21080652971182
1996-03-28,138.07112147335428
1996-03-29,138.4220588967671
1996-04-01,139.7423401934917
1996-04-02,140.32460545585036
1996-04-03,140.27192633581342
1996-04-04,141.40586913502048
1996-04-08,142.8050659902331
1996-04-09,142.5429843431322
1996-04-10,145.03884397621417
1996-04-11,146.58771319032132
1996-04-12,145.77756237824485
1996-04-15,145.6376614647917
1996-04-16,143.21321332363215
1996-04-17,143.3250093979934
1996-04-18,144.02321908529453
1996-04-19,144.33426517128862
1996-04-22,146.41989966969967
1996-04-23,147.63624383215318
1996-04-24,147.4346478153641
1996-04-25,147.86967976051827
1996-04-26,147.79802607708731
1996-04-29,147.0505791226837
1996-04-30,145.14608063920724
1996-05-01,146.47505844257125
1996-05-02,145.77820013031254
1996-05-03,146.5517756128881
1996-05-06,146.44853962143353
1996-05-07,147.84416199966137
1996-05-08,148.6673975284652
1996-05-09,148.42408453823387
1996-05-10,148.15308619403797
1996-05-13,149.34071228457918
1996-05-14,149.0749051205826
1996-05-15,148.80893295998493
1996-05-16,148.01831610563582
1996-05-17,147.05925779171858
1996-05-20,148.07324458368188
1996-05-21,147.10644675228912
1996-05-22,147.84345171232266
1996-05-23,147.72157104264002
1996-05-24,147.7440602511823
1996-05-28,146.87192142351316
1996-05-29,145.65626748730443
1996-05-30,144.3823636633714
1996-05-31,144.48220589652306
1996-06-03,143.66301969498198
1996-06-04,143.25229486041206
1996-06-05,140.8071197315976
1996-06-06,141.74325442079166
1996-06-07,143.41627602212068
1996-06-10,144.49590787371895
1996-06-11,143.1006032229991
1996-06-12,143.0445870905518
1996-06-13,142.8296773428909
1996-06-14,142.22025176878927
1996-06-17,143.51944693575487
1996-06-18,143.82488123899674
1996-06-19,142.81705248976908
1996-06-20,142.88191668499167
1996-06-21,142.88500986781565
1996-06-24,142.6900756667066
1996-06-25,141.87548032353544
1996-06-26,142.84352173505974
1996-06-27,143.40403022915527
1996-06-28,144.23729680654475
1996-07-01,145.53445053103985
1996-07-02,144.62915976891819
1996-07-03,145.3776946028325
1996-07-05,145.16538037255526
1996-07-08,145.61006997912688
1996-07-09,146.21812578238897
1996-07-10,146.77942871890858
1996-07-11,148.00700962287564
1996-07-12,148.88875414068048
1996-07-15,148.72744284976477
1996-07-16,147.4007288870071
1996-07-17,145.8799489147526
1996-07-18,144.18006369131257
1996-07-19,142.95180490813087
1996-07-22,141.88262778807413
1996-07-23,143.3140235539594
1996-07-24,142.30786219280438
1996-07-25,142.47177230971786
1996-07-26,140.93661150538176
1996-07-29,141.31353115796955
1996-07-30,141.51429759656168
1996-07-31,142.1398073044623
1996-08-01,143.99389718456615
1996-08-02,144.45333577229306
1996-08-05,143.51994678303822
1996-08-06,143.57216963389496
1996-08-07,143.96694744775
1996-08-08,145.17661033308568
1996-08-09,145.4294881357129
1996-08-12,147.33701758265266
1996-08-13,147.79372200679424
1996-08-14,147.4858211905239
1996-08-15,146.87684156854067
1996-08-16,147.79379114678687
1996-08-19,148.97038635575703
1996-08-20,147.92134367359466
1996-08-21,147.42992607736426
1996-08-22,148.43387659359036
1996-08-23,148.19300323741476
1996-08-26,148.12152371533415
1996-08-27,147.80822971474768
1996-08-28,147.39807602242763
1996-08-29,148.60090826893477
1996-08-30,149.04683175826094
1996-09-03,150.19487264567587
1996-09-04,149.1626312480191
1996-09-05,149.41438151482956
1996-09-06,150.5619523056387
1996-09-09,150.20565334113937
1996-09-10,151.0412714327465
1996-09-11,151.1224331933198
1996-09-12,151.62436363313006
1996-09-13,150.6004438020862
1996-09-16,148.32569918520906
1996-09-17,148.420451843431
1996-09-18,149.97907578077397
1996-09-19,148.97087744927256
1996-09-20,148.68768548985184
1996-09-23,148.45423755449602
1996-09-24,150.10148465153028
1996-09-25,151.14205511275017
1996-09-26,150.49333019111145
1996-09-27,151.13281765170973
1996-09-30,149.73497199854472
1996-10-01,149.0708174389895
1996-10-02,149.17968273368706
1996-10-03,150.62774169010152
1996-10-04,150.52056305884867
1996-10-07,151.92218652266976
1996-10-08,153.11480362243162
1996-10-09,152.09087783624474
1996-10-10,150.5187671615871
1996-10-11,150.1381465030297
1996-10-15,151.03324372302674
1996-10-16,150.01333655710968
1996-10-17,150.53549953295058
1996-10-18,150.6323970343491
1996-10-21,151.03449826684604
1996-10-22,151.98288308847256
1996-10-23,151.51724762446528
1996-10-24,150.24735692633178
1996-10-25,151.5617052316755
1996-10-28,151.73101338869094
1996-10-29,150.2423711891639
1996-10-30,150.57570764909417
1996-10-31,147.64204092455748
1996-11-01,147.24959086071286
1996-11-04,146.81454716542376
1996-11-05,146.53994589192817
1996-11-06,147.33542185131253
1996-11-07,148.50893279361807
1996-11-08,149.93619909995058
1996-11-12,150.18393482873043
1996-11-13,151.9385930572909
1996-11-14,152.7461524112121
1996-11-15,153.26449992686335
1996-11-18,152.6085932813113
1996-11-19,154.6558668082749
1996-11-20,154.40407895086838
1996-11-21,154.93740400787763
1996-11-22,155.34475649150497
1996-11-25,154.82508804243415
1996-11-26,155.88815289536967
1996-11-27,156.06267952491507
1996-11-29,155.82096762317136
1996-12-02,155.71675720324043
1996-12-03,156.08924789107647
1996-12-04,156.1059299088502
1996-12-05,158.62166603228877
1996-12-06,157.21239810794523
1996-12-09,155.33796994604535
1996-12-10,154.34767505775247
1996-12-11,153.13375963880486
1996-12-12,154.35630526141085
1996-12-13,156.04508965264924
1996-12-16,158.04215082344666
1996-12-17,157.70398444899217
1996-12-18,158.641775436949
1996-12-19,159.40668031024043
1996-12-20,159.0556423157667
1996-12-23,158.09235531023845
1996-12-24,159.2020167973465
1996-12-26,158.34309979827484
1996-12-27,157.5148820178942
1996-12-30,156.57940399644195
1996-12-31,157.88036780535927
1997-01-02,158.59699709453386
1997-01-03,158.54376705312316
1997-01-06,161.03269576745487
1997-01-07,161.01733033367955
1997-01-08,161.86305745351322
1997-01-09,161.6547361871716
1997-01-10,161.55143848113693
1997-01-13,160.61634923908122
1997-01-14,160.7513036389576
1997-01-15,162.9094148849651
1997-01-16,161.37897687586346
1997-01-17,160.69459258380493
1997-01-21,159.44707797829813
1997-01-22,159.76993338881562
1997-01-23,159.84639993186548
1997-01-24,160.03189399407472
1997-01-27,160.71214261219475
1997-01-28,159.96070685152927
1997-01-29,159.8958384940089
1997-01-30,160.0880165559591
1997-01-31,158.84742272917129
1997-02-03,158.70650853799015
1997-02-04,158.87108039262193
1997-02-05,159.13572547375284
1997-02-06,157.5065230764522
1997-02-07,155.81291578805292
1997-02-10,156.22015364696372
1997-02-11,156.38703402325797
1997-02-12,156.7972492922163
1997-02-13,157.25694433848648
1997-02-14,157.6658760807666
1997-02-18,158.33529768697397
1997-02-19,159.6143402560112
1997-02-20,159.67229076725008
1997-02-21,159.8500823521641
1997-02-24,158.8816871360007
1997-02-25,159.97435210360035
1997-02-26,160.9048992891475
1997-02-27,160.7188037532404
1997-02-28,160.47526562004094
1997-03-03,161.67132881352808
1997-03-04,162.66303215783225
1997-03-05,161.33301910816468
1997-03-06,162.79728635822084
1997-03-07,163.50006782595295
1997-03-10,164.08807144113456
1997-03-11,164.08608686593772
1997-03-12,162.78243957472463
1997-03-13,162.67613647759939
1997-03-14,164.60097982322512
1997-03-17,162.25832098900977
1997-03-18,163.0602366671968
1997-03-19,163.75933090165142
1997-03-20,164.6615793833206
1997-03-21,163.5470229296524
1997-03-24,162.24884637645886
1997-03-25,163.21447820870904
1997-03-26,162.84308765714073
1997-03-27,164.0040196647014
1997-03-31,163.7501793648427
1997-04-01,163.79204015310336
1997-04-02,161.93774191268037
1997-04-03,160.04983655061523
1997-04-04,158.91451364401178
1997-04-07,159.04838072644972
1997-04-08,159.01294463010342
1997-04-09,159.70231768816703
1997-04-10,160.86808569708583
1997-04-11,159.74231756828573
1997-04-14,160.96106610364458
1997-04-15,160.57069555604747
1997-04-16,159.5714428989621
1997-04-17,160.52441141008114
1997-04-18,161.87808042585584
1997-04-21,162.45253326879924
1997-04-22,162.42612762046312
1997-04-23,162.79239333642093
1997-04-24,162.83152818977499
1997-04-25,163.5945501814843
1997-04-28,162.67591052678722
1997-04-29,163.6111318970609
1997-04-30,165.0487887985159
1997-05-01,164.96296691370955
1997-05-02,164.0590715302704
1997-05-05,164.1685102345044
1997-05-06,163.85057612711748
1997-05-07,164.41186650104655
1997-05-08,165.78659323238855
1997-05-09,166.65094269945212
1997-05-12,167.51681332141231
1997-05-13,167.98817904826248
1997-05-14,167.4281472213056
1997-05-15,168.10725706592393
1997-05-16,169.30895478972613
1997-05-19,168.60072943088173
1997-05-20,167.03634883093906
1997-05-21,168.14321612878578
1997-05-22,168.1574381364224
1997-05-23,167.5240816171133
1997-05-27,166.47326438529825
1997-05-28,168.0348395205462
1997-05-29,169.23607050156542
1997-05-30,167.4539634999495
1997-06-02,166.09738310199458
1997-06-03,165.29201483289523
1997-06-04,163.2937264581768
1997-06-05,162.6382818426296
1997-06-06,161.576574842414
1997-06-09,161.32972639321068
1997-06-10,160.3624626230539
1997-06-11,160.54199436186235
1997-06-12,160.33006899702545
1997-06-13,160.4130448148276
1997-06-16,160.14941605193238
1997-06-17,161.16157297386343
1997-06-18,159.33710248144763
1997-06-19,159.4099468419647
1997-06-20,158.40524456004425
1997-06-23,158.92202344412968
1997-06-24,158.36877547674158
1997-06-25,158.59529629553154
1997-06-26,157.32099796264626
1997-06-27,157.8801654653875
1997-06-30,157.79042870739747
1997-07-01,157.3019439713209
1997-07-02,157.14996894182724
1997-07-03,155.43655712917638
1997-07-07,153.4303261463755
1997-07-08,153.982492484651
1997-07-09,154.45265726631698
1997-07-10,153.72471148990857
1997-07-11,154.23228013288767
1997-07-14,155.17954937857442
1997-07-15,156.00403810492108
1997-07-16,155.17515651498596
1997-07-17,156.07307742038782
1997-07-18,156.3298240564904
1997-07-21,155.2445397904187
1997-07-22,156.04474436090257
1997-07-23,157.14282408309464
1997-07-24,158.0672511330368
1997-07-25,159.5413847295448
1997-07-28,161.21974365003015
1997-07-29,161.32069619108125
1997-07-30,161.61198465534693
1997-07-31,162.9030603667077
1997-08-01,163.6702881591137
1997-08-04,164.65092869848513
1997-08-05,163.61421121700883
1997-08-06,163.65474984136026
1997-08-07,163.0824682716815
1997-08-08,162.7257781392976
1997-08-11,161.93853413406762
1997-08-12,161.82161502068064
1997-08-13,162.37802862782223
1997-08-14,162.03313537960517
1997-08-15,161.5597311891201
1997-08-18,160.3935438343729
1997-08-19,161.87968625740598
1997-08-20,160.7329895656171
1997-08-21,161.0331807331025
1997-08-22,161.87943394390535
1997-08-25,160.71230918500513
1997-08-26,160.78556688575443
1997-08-27,162.16425998003098
1997-08-28,162.05188611069636
1997-08-29,162.74009008410394
1997-09-02,162.93500714418616
1997-09-03,163.5750116514784
1997-09-04,162.8122762988353
1997-09-05,162.9188330830142
1997-09-08,162.1422833306583
1997-09-09,162.3770188879573
1997-09-10,162.25429587071338
1997-09-11,162.61624472225563
1997-09-12,161.49332176022074
1997-09-15,161.2178547020847
1997-09-16,161.39324449752576
1997-09-17,161.15904956634864
1997-09-18,161.66563837570573
1997-09-19,161.4833574010079
1997-09-22,162.1077845720426
1997-09-23,162.27098584056642
1997-09-24,162.4822104652165
1997-09-25,163.84287750291432
1997-09-26,164.34989769544205
1997-09-29,165.08660111430572
1997-09-30,164.48630265694894
1997-10-01,164.23603154841294
1997-10-02,165.06478265031708
1997-10-03,167.3854589883986
1997-10-06,165.85097069322322
1997-10-07,166.25735393868587
1997-10-08,167.0053932360595
1997-10-09,166.95563354218547
1997-10-10,168.32656466891927
1997-10-14,165.99690378294628
1997-10-15,166.18720136410965
1997-10-16,166.2270092757422
1997-10-17,165.00759089893117
1997-10-20,165.7438669386341
1997-10-21,165.84971636719487
1997-10-22,167.5614414993068
1997-10-23,166.17355919808497
1997-10-24,165.20814342605647
1997-10-27,165.57243582389683
1997-10-28,163.81504684046735
1997-10-29,164.32935554500813
1997-10-30,165.37859463765182
1997-10-31,165.13741383180843
1997-11-03,165.29267607711978
1997-11-04,164.50424786074635
1997-11-05,164.52201344943413
1997-11-06,164.29719210020076
1997-11-07,164.84660767668663
1997-11-10,164.25775227918243
1997-11-12,164.5927880649457
1997-11-13,164.98181919634095
1997-11-14,164.3610700258741
1997-11-17,163.4229815114823
1997-11-18,162.53982620178954
1997-11-19,161.9533872355026
1997-11-20,160.04392030346992
1997-11-21,160.84718081559885
1997-11-24,160.3966199520219
1997-11-25,159.49837221320925
1997-11-26,158.84015904347487
1997-11-28,158.51151080286755
1997-12-01,158.0909188808522
1997-12-02,157.86911035639474
1997-12-03,157.1708466851797
1997-12-04,156.15285945295793
1997-12-05,156.9245878906297
1997-12-08,157.36504014516333
1997-12-09,157.383915993712
1997-12-10,157.4540317680179
1997-12-11,156.14887963800226
1997-12-12,155.50182430232627
1997-12-15,154.86829829440222
1997-12-16,154.16248956006052
1997-12-17,155.0606856784465
1997-12-18,155.1806905580158
1997-12-19,154.76585191228608
1997-12-22,153.55882224389507
1997-12-23,153.95964946964062
1997-12-24,154.58118463625408
1997-12-26,154.51034590228252
1997-12-29,153.06976697220682
1997-12-30,153.09943485827523
1997-12-31,152.12363130861138
1998-01-02,150.91627673549715
1998-01-05,149.72695011767877
1998-01-06,149.13250006725627
1998-01-07,149.2285000293442
1998-01-08,148.19926383440048
1998-01-09,147.02796039995428
1998-01-12,145.81403594206594
1998-01-13,147.99234266241058
1998-01-14,148.085181081071
1998-01-15,148.49893121183752
1998-01-16,149.3744466371215
1998-01-20,149.37347097511613
1998-01-21,149.01147816630998
1998-01-22,149.06479358369847
1998-01-23,149.65247016908066
1998-01-26,151.51168898224284
1998-01-27,152.19314316680712
1998-01-28,152.83788109198667
1998-01-29,154.11125642698028
1998-01-30,152.63848343896842
1998-02-02,152.88543608651753
1998-02-03,151.196563822097
1998-02-04,151.3375612729169
1998-02-05,152.199340768893
1998-02-06,151.80586811358432
1998-02-09,151.06799889289312
1998-02-10,151.28206401646736
1998-02-11,150.14120116373334
1998-02-12,150.12712368363788
1998-02-13,150.02000524732262
1998-02-17,147.55508754694614
1998-02-18,148.62555211497
1998-02-19,148.72433938687752
1998-02-20,147.51185497875142
1998-02-23,144.99421744607338
1998-02-24,144.0820752014876
1998-02-25,144.79368154578916
1998-02-26,144.94724276781136
1998-02-27,146.04125982216433
1998-03-02,146.50174965141372
1998-03-03,145.1597422108589
1998-03-04,144.98530455162583
1998-03-05,144.92312738952705
1998-03-06,144.14831118370228
1998-03-09,143.12513601038512
1998-03-10,143.54465920166695
1998-03-11,143.6269675109883
1998-03-12,144.14124449133624
1998-03-13,143.33231601394476
1998-03-16,141.72744321282062
1998-03-17,141.24591312203333
1998-03-18,143.48003677174765
1998-03-19,143.09758228760717
1998-03-20,143.4192945772216
1998-03-23,148.61412092285548
1998-03-24,146.82872702136723
1998-03-25,147.44106570359153
1998-03-26,148.2462079568527
1998-03-27,148.18317910486226
1998-03-30,147.58832003840104
1998-03-31,146.42908852830593
1998-04-01,144.98467295662854
1998-04-02,145.93669063377362
1998-04-03,146.150255448992
1998-04-06,144.37337767332448
1998-04-07,144.68430406898622
1998-04-08,145.58302114465502
1998-04-09,146.1586948093665
1998-04-13,145.24552267136488
1998-04-14,145.02301575299217
1998-04-15,146.46949998084128
1998-04-16,146.96988569224902
1998-04-17,146.27996740068434
1998-04-20,146.31055009019377
1998-04-21,147.7086846173306
1998-04-22,146.13079931033747
1998-04-23,145.41005682266973
1998-04-24,145.11233698815286
1998-04-27,145.23528883907755
1998-04-28,145.89488553116666
1998-04-29,144.88775765139906
1998-04-30,144.48849362843788
1998-05-01,145.82729870610197
1998-05-04,146.10628415179087
1998-05-05,145.4825597054305
1998-05-06,144.61973369080127
1998-05-07,143.77856518964677
1998-05-08,143.430491204628
1998-05-11,142.4091928544511
1998-05-12,142.5293326217751
1998-05-13,141.677465537845
1998-05-14,142.0120645300835
1998-05-15,140.61920169885113
1998-05-18,138.86891448090225
1998-05-19,138.51564877637773
1998-05-20,137.44251284849645
1998-05-21,137.7921781769313
1998-05-22,138.3301162498163
1998-05-26,136.46387755013055
1998-05-27,136.31690976363876
1998-05-28,136.20435939435126
1998-05-29,137.34279764645615
1998-06-01,136.11169411761216
1998-06-02,136.1448257253884
1998-06-03,135.98951908000686
1998-06-04,136.15025366022894
1998-06-05,135.69797350752333
1998-06-08,134.7045608554983
1998-06-09,133.27658619500536
1998-06-10,133.0623156343934
1998-06-11,131.79982017425783
1998-06-12,132.01126816289178
1998-06-15,130.15661060330066
1998-06-16,130.69854474707893
1998-06-17,133.17596045361483
1998-06-18,132.1335433150649
1998-06-19,134.1727787995111
1998-06-22,134.59338375847292
1998-06-23,136.51113105358488
1998-06-24,136.53292792345943
1998-06-25,135.13876350912517
1998-06-26,134.7789255655403
1998-06-29,133.25039134485266
1998-06-30,134.36138533440788
1998-07-01,133.62308627490603
1998-07-02,133.24214239156328
1998-07-06,131.76110908046203
1998-07-07,132.2474008046161
1998-07-08,132.44964343929152
1998-07-09,131.53879925848426
1998-07-10,130.31266016210296
1998-07-13,130.22471563874691
1998-07-14,130.99435526540378
1998-07-15,130.9876545887314
1998-07-16,130.33264509152508
1998-07-17,130.90185585102518
1998-07-20,129.15138247896817
1998-07-21,128.72399837952958
1998-07-22,128.82254310914954
1998-07-23,128.13545961799565
1998-07-24,128.6025173671391
1998-07-27,128.21243047806288
1998-07-28,127.98548933245759
1998-07-29,127.30593650054433
1998-07-30,127.41682087723862
1998-07-31,126.2562977090035
1998-08-03,124.21771374260138
1998-08-04,124.82305285470025
1998-08-05,124.61624348992635
1998-08-06,124.9530535708774
1998-08-07,125.31931153324665
1998-08-10,123.87397160407612
1998-08-11,121.99026965943067
1998-08-12,121.7839150739207
1998-08-13,122.76175318708167
1998-08-14,122.86905993360575
1998-08-17,123.17673559257463
1998-08-18,122.56310546757561
1998-08-19,122.51367075531772
1998-08-20,123.49811642287558
1998-08-21,121.67865548441776
1998-08-24,122.28496434146562
1998-08-25,121.89060497476854
1998-08-26,120.88606455649801
1998-08-27,119.46706308227
1998-08-28,118.91831455997368
1998-08-31,118.22055849704086
1998-09-01,120.31913850967722
1998-09-02,120.16174751790003
1998-09-03,122.78896927762351
1998-09-04,123.00664075084526
1998-09-08,123.50663586319494
1998-09-09,122.77096433201125
1998-09-10,124.72320923497342
1998-09-11,124.15177491479842
1998-09-14,124.26738614516285
1998-09-15,125.60118074903592
1998-09-16,125.06143987696422
1998-09-17,125.04143859137797
1998-09-18,126.5116691583707
1998-09-21,126.12209720288487
1998-09-22,126.57691168330425
1998-09-23,126.55152111708074
1998-09-24,127.44321107096097
1998-09-25,126.96819403498853
1998-09-28,126.91513665090466
1998-09-29,127.45456938113992
1998-09-30,127.36719103510869
1998-10-01,125.75951006547936
1998-10-02,126.31203305302962
1998-10-05,125.55268586516304
1998-10-06,126.01210372675666
1998-10-07,126.67037623991779
1998-10-08,124.82258525697421
1998-10-09,125.39090113547122
1998-10-12,124.54521790516387
1998-10-13,124.89367327329681
1998-10-14,124.03548782448746
1998-10-15,124.13529166430715
1998-10-16,124.88598445902986
1998-10-19,123.04145327785132
1998-10-20,123.03336923382335
1998-10-21,123.70694215145166
1998-10-22,123.44180043282937
1998-10-23,123.54793487747749
1998-10-26,123.97237640886718
1998-10-27,123.07821557664518
1998-10-28,123.24088019971589
1998-10-29,123.09434667233627
1998-10-30,123.57370550619007
1998-11-02,123.47423034652876
1998-11-03,123.43021810080323
1998-11-04,123.43316719109771
1998-11-05,123.8361617809255
1998-11-06,123.75196585042403
1998-11-09,122.48650243970745
1998-11-10,122.82167665303731
1998-11-11,122.86549047009852
1998-11-12,123.79496950632212
1998-11-13,122.5972341613727
1998-11-16,120.27393597831303
1998-11-17,119.67671074058035
1998-11-18,119.75485821003349
1998-11-19,119.28773422749414
1998-11-20,119.16056680851806
1998-11-23,117.15517393917183
1998-11-24,116.73488254789774
1998-11-25,116.48009147883151
1998-11-27,116.89988372337862
1998-11-30,114.6230920422993
1998-12-01,114.26822600702495
1998-12-02,113.90326453667869
1998-12-03,113.30536367213453
1998-12-04,113.15004442257752
1998-12-07,113.75818537136657
1998-12-08,112.34520958573444
1998-12-09,111.58756194584181
1998-12-10,110.68079642654422
1998-12-11,110.08623980284848
1998-12-14,111.29515029062489
1998-12-15,111.47885736907577
1998-12-16,113.52214513263488
1998-12-17,110.38680823337859
1998-12-18,110.01476402390284
1998-12-21,108.89228764223493
1998-12-22,109.03746537335492
1998-12-23,109.1530369303928
1998-12-24,109.28851393243283
1998-12-28,109.61036927572047
1998-12-29,110.2995016409707
1998-12-30,110.07942964574265
1998-12-31,110.7242109594196
1999-01-04,111.28958262535744
1999-01-05,110.99527735823729
1999-01-06,113.10149748493083
1999-01-07,113.3440212656948
1999-01-08,114.07966073699345
1999-01-11,114.9453141312543
1999-01-12,113.52143499418918
1999-01-13,111.45855617499846
1999-01-14,111.09951602981867
1999-01-15,110.92001295215815
1999-01-19,109.99459538457839
1999-01-20,109.48102732388922
1999-01-21,110.61997731498158
1999-01-22,110.7209855984695
1999-01-25,109.66654671059626
1999-01-26,108.7889447221573
1999-01-27,109.04285879640688
1999-01-28,109.87073171997505
1999-01-29,110.20200416256746
1999-02-01,109.64399223224962
1999-02-02,110.2211887138633
1999-02-03,110.0741593939571
1999-02-04,110.31710221911948
1999-02-05,110.2501774607211
1999-02-08,110.34047518667678
1999-02-09,109.3545073794736
1999-02-10,109.11287553085441
1999-02-11,108.91699751452396
1999-02-12,108.75835682153809
1999-02-16,106.62709270066372
1999-02-17,106.75408116985616
1999-02-18,107.5521843573042
1999-02-19,107.27309711292811
1999-02-22,106.7192518818257
1999-02-23,107.81176456282762
1999-02-24,107.24799310224151
1999-02-25,107.76367112369643
1999-02-26,106.34030758560638
1999-03-01,106.51536234838343
1999-03-02,107.32794263493761
1999-03-03,107.93992245461507
1999-03-04,109.052358658142
1999-03-05,109.29357844793175
1999-03-08,110.4325245239902
1999-03-09,110.98374848603673
1999-03-10,113.09145166873178
1999-03-11,112.12123389350572
1999-03-12,111.76762632763347
1999-03-15,110.71638361053652
1999-03-16,111.09139986655181
1999-03-17,112.75559154661336
1999-03-18,112.37700007867213
1999-03-19,113.31091191645508
1999-03-22,115.43016358987256
1999-03-23,114.8579277164802
1999-03-24,113.99381721791437
1999-03-25,115.53367958945888
1999-03-26,116.67305134719975
1999-03-29,116.63256698003124
1999-03-30,117.1095882045289
1999-03-31,116.51537376758232
1999-04-01,116.18533612159129
1999-04-05,116.60030100365081
1999-04-06,116.37802460715776
1999-04-07,114.90080801625781
1999-04-08,114.10957638448707
1999-04-09,115.83858160223468
1999-04-12,115.38823289790388
1999-04-13,116.59346712498704
1999-04-14,115.78709637664917
1999-04-15,117.01591554697015
1999-04-16,117.87645743170381
1999-04-19,118.908700188054
1999-04-20,118.50897071377375
1999-04-21,118.99262318735866
1999-04-22,119.08444952123591
1999-04-23,118.89964837536174
1999-04-26,118.29386994816929
1999-04-27,118.76251838913883
1999-04-28,120.14452626619317
1999-04-29,120.9368819316855
1999-04-30,121.2145547973409
1999-05-03,121.6266879590138
1999-05-04,121.7142930101279
1999-05-05,121.80909782033349
1999-05-06,120.85985802143885
1999-05-07,119.95790189281566
1999-05-10,120.34564516106146
1999-05-11,119.74529596521172
1999-05-12,118.53052626148681
1999-05-13,119.53961826347872
1999-05-14,119.15284341388457
1999-05-17,118.82832662730571
1999-05-18,117.25272457697176
1999-05-19,116.47626632911287
1999-05-20,116.32003877631816
1999-05-21,116.35175628618288
1999-05-24,114.59792687802708
1999-05-25,114.89154027683826
1999-05-26,115.09264932414713
1999-05-27,114.11236412461801
1999-05-28,113.76162182474752
1999-06-01,112.91408878643901
1999-06-02,113.7324405139221
1999-06-03,114.38555945339503
1999-06-04,115.5775908010564
1999-06-07,116.82782683789279
1999-06-08,116.40745597045583
1999-06-09,116.96701727231145
1999-06-10,116.49018307665018
1999-06-11,117.93377627760977
1999-06-14,118.0939544780797
1999-06-15,117.55203058465011
1999-06-16,116.37847095125314
1999-06-17,116.8386279309024
1999-06-18,117.3585060463993
1999-06-21,116.73166419765464
1999-06-22,116.5390695147826
1999-06-23,117.54314004439239
1999-06-24,117.17765186376876
1999-06-25,117.36011341937338
1999-06-28,117.02096731326921
1999-06-29,117.71527153796984
1999-06-30,120.08007380499292
1999-07-01,119.30601514002797
1999-07-02,119.20196882326985
1999-07-06,117.69415994375643
1999-07-07,118.27931449966185
1999-07-08,118.38600394425127
1999-07-09,118.54084250272363
1999-07-12,118.6244093329824
1999-07-13,118.6323891453068
1999-07-14,118.69715537099898
1999-07-15,119.93425228432426
1999-07-16,119.81409501600683
1999-07-19,120.0084816149668
1999-07-20,118.5140058266486
1999-07-21,119.2005880726621
1999-07-22,120.60897046702821
1999-07-23,123.18577968330118
1999-07-26,122.27879691647976
1999-07-27,121.2825728873486
1999-07-28,121.40035228986572
1999-07-29,122.46650543914532
1999-07-30,122.17327595638811
1999-08-02,123.5686387889285
1999-08-03,123.95749936468621
1999-08-04,125.46322621749233
1999-08-05,125.66805146557631
1999-08-06,126.82264250917564
1999-08-09,127.63914018363236
1999-08-10,127.80757899167598
1999-08-11,128.09716985269338
1999-08-12,126.81661313358181
1999-08-13,127.31287743909148
1999-08-16,127.27141369808028
1999-08-17,128.28013841488766
1999-08-18,127.54993530129397
1999-08-19,128.47982762838961
1999-08-20,128.1432650476942
1999-08-23,128.19037676129963
1999-08-24,127.76511947594898
1999-08-25,126.42736308010139
1999-08-26,126.35708016398868
1999-08-27,126.7542303145077
1999-08-30,128.1651999433864
1999-08-31,129.2338728746188
1999-09-01,129.3869652642424
1999-09-02,128.21208129263198
1999-09-03,129.16808461153258
1999-09-07,132.07693695861303
1999-09-08,131.52906374387626
1999-09-09,133.02694142253063
1999-09-10,133.61262041311412
1999-09-13,133.9007151823773
1999-09-14,132.5089693315963
1999-09-15,132.12322475383917
1999-09-16,132.22881295567038
1999-09-17,132.85267462760999
1999-09-20,131.7438675374269
1999-09-21,131.8998204565124
1999-09-22,132.2190384515217
1999-09-23,134.2294834621407
1999-09-24,134.20971034983376
1999-09-27,135.19823149959808
1999-09-28,136.90892536869805
1999-09-29,136.73674740184745
1999-09-30,135.93816709906812
1999-10-01,135.81296446747982
1999-10-04,134.30181616029796
1999-10-05,133.77760085482626
1999-10-06,133.36473554253098
1999-10-07,131.88615642755272
1999-10-08,128.34427285297784
1999-10-11,129.2289390093591
1999-10-12,132.72098755133027
1999-10-13,134.6549631974168
1999-10-14,132.55435396124457
1999-10-15,133.65373279909292
1999-10-18,133.25182914555705
1999-10-19,133.1331108439055
1999-10-20,133.01286721660185
1999-10-21,132.8792491776009
1999-10-22,134.26012871822462
1999-10-25,133.94924727115313
1999-10-26,132.6648053178466
1999-10-27,132.4971028753983
1999-10-28,130.32745391578783
1999-10-29,130.5518124457044
1999-11-01,131.16768498548396
1999-11-02,131.04232825564824
1999-11-03,131.82984034005716
1999-11-04,132.5436211856087
1999-11-05,131.93518012619512
1999-11-08,131.83823927746803
1999-11-09,133.37789391810662
1999-11-10,133.97772069799663
1999-11-11,133.24221921466525
1999-11-12,134.31133797664535
1999-11-15,135.07770612303383
1999-11-16,135.73057364894453
1999-11-17,136.44560620897286
1999-11-18,134.60702963561596
1999-11-19,136.03579403704583
1999-11-22,137.28733544212693
1999-11-23,136.6331674370526
1999-11-24,137.22184140423784
1999-11-29,135.62507591125464
1999-11-30,133.5324950469721
1999-12-01,133.95914070419775
1999-12-02,135.24000882683413
1999-12-03,135.01897394438927
1999-12-06,136.12550240308602
1999-12-07,135.57357544192814
1999-12-08,135.7782135362171
1999-12-09,134.31330694802782
1999-12-10,133.2042169462057
1999-12-13,133.55922466716137
1999-12-14,134.83815304809403
1999-12-15,136.16200190144215
1999-12-16,137.59355956440976
1999-12-17,138.04964804802145
1999-12-20,138.2151061002993
1999-12-21,137.48881355600514
1999-12-22,137.0088487412997
1999-12-23,137.5426171082635
1999-12-27,137.83103701524334
1999-12-28,138.60601579679994
1999-12-29,138.56784396112758
1999-12-30,137.34884837512797
2000-01-03,137.03739492129932
2000-01-04,136.24631469125475
2000-01-05,135.53980297866627
2000-01-06,135.62388511126815
2000-01-07,135.21916738283522
2000-01-10,135.604201018652
2000-01-11,137.20892010056863
2000-01-12,138.89485014466086
2000-01-13,139.87430240999927
2000-01-14,142.01173266477093
2000-01-18,143.88437014993113
2000-01-19,145.01383980286303
2000-01-20,145.73754936821166
2000-01-21,145.492752212025
2000-01-24,144.89863637510493
2000-01-25,145.79951646679535
2000-01-26,144.65596617733982
2000-01-27,144.8490592832937
2000-01-28,144.22217620811603
2000-01-31,144.70286860102794
2000-02-01,145.83118366411213
2000-02-02,144.73324128930108
2000-02-03,145.27211253865426
2000-02-04,148.04491417420172
2000-02-07,146.1415946755461
2000-02-08,144.3125621345991
2000-02-09,146.17382522920144
2000-02-10,148.6931858363642
2000-02-11,147.94747209335983
2000-02-14,148.12846671241138
2000-02-15,147.5087018074217
2000-02-16,147.92842113318747
2000-02-17,147.45965353153886
2000-02-18,147.45689567966733
2000-02-22,147.52326931359198
2000-02-23,146.9254996120887
2000-02-24,147.39701347930904
2000-02-25,146.50175305682976
2000-02-28,146.0490297302906
2000-02-29,147.19761415616335
2000-03-01,149.89438768873688
2000-03-02,149.724015931023
2000-03-03,150.32583010088976
2000-03-06,151.64163049996378
2000-03-07,153.64622610765687
2000-03-08,149.4864553240891
2000-03-09,151.1322012933761
2000-03-10,150.39996987975593
2000-03-13,151.51599502048455
2000-03-14,151.54487292109835
2000-03-15,150.56551876771965
2000-03-16,150.97940692619574
2000-03-17,151.22788424362943
2000-03-20,147.75464977575444
2000-03-21,148.45603799819995
2000-03-22,148.39101066967692
2000-03-23,147.81362810060315
2000-03-24,148.78511328026005
2000-03-27,148.69413446266026
2000-03-28,147.83738850753846
2000-03-29,146.28211568296211
2000-03-30,147.14694448326594
2000-03-31,148.63829292124478
2000-04-03,147.39283028821293
2000-04-04,145.11282477348539
2000-04-05,145.9886412141229
2000-04-06,144.88833126295623
2000-04-07,144.59856558656742
2000-04-10,142.97617104043638
2000-04-11,142.98026766804043
2000-04-12,145.6699443400136
2000-04-13,146.16573489046317
2000-04-14,144.95019453422253
2000-04-17,145.4067109365496
2000-04-18,146.01770647627282
2000-04-19,147.5957355936395
2000-04-20,147.3962321494745
2000-04-24,147.85342891003557
2000-04-25,147.66756193973748
2000-04-26,146.4880307347812
2000-04-27,146.53322938482907
2000-04-28,146.76819085716633
2000-05-01,149.27926167790667
2000-05-02,151.2204483244426
2000-05-03,150.71579281951853
2000-05-04,151.45108982913325
2000-05-05,151.27714789483977
2000-05-08,152.0578410743653
2000-05-09,152.99101052430822
2000-05-10,153.91532198603838
2000-05-11,155.41069219391733
2000-05-12,156.11598104929104
2000-05-15,155.973988964833
2000-05-16,156.5387380389569
2000-05-17,156.68380510000924
2000-05-18,158.0223626898991
2000-05-19,158.0951291921437
2000-05-22,156.85583421488082
2000-05-23,157.04592712505743
2000-05-24,159.16911999634127
2000-05-25,159.55533871365824
2000-05-26,159.345145208898
2000-05-30,158.16957584857312
2000-05-31,156.56505547206933
2000-06-01,157.52447613384206
2000-06-02,158.55367159187955
2000-06-05,158.73942678908108
2000-06-06,158.62421765698912
2000-06-07,156.63395447110807
2000-06-08,157.33791364520752
2000-06-09,158.09401810053635
2000-06-12,158.60291400251143
2000-06-13,159.37926773990273
2000-06-14,159.3927320660728
2000-06-15,159.85174434972436
2000-06-16,158.91729280758017
2000-06-19,157.25265228877916
2000-06-20,157.83651598486082
2000-06-21,159.62279952137035
2000-06-22,161.39164208308202
2000-06-23,160.2672922395119
2000-06-26,159.81469379465608
2000-06-27,161.0969926377411
2000-06-28,160.41341443740777
2000-06-29,161.73321452939226
2000-06-30,160.26048398108986
2000-07-05,156.0963573484361
2000-07-06,154.17105611131086
2000-07-07,155.5743427032537
2000-07-10,155.30339851432885
2000-07-11,155.74468379021886
2000-07-12,155.5738472617221
2000-07-13,157.40234024885956
2000-07-14,156.43016674221204
2000-07-17,155.86675535320512
2000-07-18,158.11506433965445
2000-07-19,156.83876977336263
2000-07-20,156.3627064615627
2000-07-21,154.7859845302443
2000-07-24,152.68232473608782
2000-07-25,152.1666286752076
2000-07-26,152.30616403382786
2000-07-27,153.23374132273844
2000-07-28,153.41817442382234
2000-07-31,152.11094347873552
2000-08-01,153.11770035191512
2000-08-02,154.89035171292582
2000-08-03,154.90795261193233
2000-08-04,156.29577296356447
2000-08-07,154.64320429766815
2000-08-08,155.43326672286807
2000-08-09,156.78374060810057
2000-08-10,158.28728363162435
2000-08-11,158.55690705901074
2000-08-14,159.00676913891186
2000-08-15,158.48178352244344
2000-08-16,159.63439143093098
2000-08-17,160.05237335947066
2000-08-18,160.6462667430236
2000-08-21,162.34442230255874
2000-08-22,160.59507970497455
2000-08-23,161.88066435495043
2000-08-24,161.72269789435683
2000-08-25,162.66202260642083
2000-08-28,164.40612789557522
2000-08-29,165.22614042630042
2000-08-30,166.67199054843684
2000-08-31,167.09121855186038
2000-09-01,167.51199177761393
2000-09-05,169.28508034767745
2000-09-06,170.20230006604865
2000-09-07,171.03483343729445
2000-09-08,169.1007920022693
2000-09-11,171.62686280550562
2000-09-12,170.63553188375118
2000-09-13,169.3682742124031
2000-09-14,169.75076144079907
2000-09-15,170.8441360546674
2000-09-18,172.16403937231658
2000-09-19,171.3439731478282
2000-09-20,170.92170088662704
2000-09-21,170.10243903841004
2000-09-22,168.2505197010748
2000-09-25,167.81642686343656
2000-09-26,167.79152767166187
2000-09-27,168.2709127945627
2000-09-28,165.1730308404898
2000-09-29,166.00906351560712
2000-10-02,168.22371216379116
2000-10-03,168.32813717170276
2000-10-04,167.12807596230175
2000-10-05,165.55937845491061
2000-10-06,165.15207512104126
2000-10-09,166.9186442868193
2000-10-10,169.8968269203294
2000-10-11,171.38383488427374
2000-10-12,175.28633915389477
2000-10-13,172.05574051419754
2000-10-16,169.09927173099885
2000-10-17,169.02067572668545
2000-10-18,167.9195666302761
2000-10-19,165.83706833158334
2000-10-20,166.7560314467135
2000-10-23,167.87965984265938
2000-10-24,166.81484626991335
2000-10-25,164.53253316220236
2000-10-26,163.8903852927101
2000-10-27,161.93662838176328
2000-10-30,161.46832712644235
2000-10-31,161.9464587719537
2000-11-01,162.90392540480715
2000-11-02,163.07216486625197
2000-11-03,164.41602305580386
2000-11-06,164.40231133387738
2000-11-07,166.28453402835234
2000-11-08,167.3568499488577
2000-11-09,168.3029191757008
2000-11-10,167.9959563836515
2000-11-13,168.96912047414568
2000-11-14,171.08090874058016
2000-11-15,173.5019191232219
2000-11-16,171.2027653821806
2000-11-17,173.60446326427495
2000-11-20,174.79911317152914
2000-11-21,175.39951413384603
2000-11-22,176.38381744885675
2000-11-27,176.6791881380354
2000-11-28,173.6580785393157
2000-11-29,173.7925780930358
2000-11-30,174.89388846081843
2000-12-01,172.9342675492113
2000-12-04,175.89220750561884
2000-12-05,173.30519957293856
2000-12-06,179.02029151344553
2000-12-07,177.61288596194157
2000-12-08,177.48222453941563
2000-12-11,182.23978888712247
2000-12-12,177.81879300427872
2000-12-13,174.97897594107988
2000-12-14,172.88695435647588
2000-12-15,176.06194073598817
2000-12-18,177.53288240180666
2000-12-19,177.9086590007735
2000-12-20,175.51691730415024
2000-12-21,176.09489286010665
2000-12-22,175.4408722184266
2000-12-26,176.79866606669867
2000-12-27,177.72123210740452
2000-12-28,177.17169491807158
2000-12-29,180.42862392118406
2001-01-02,175.4893379829682
2001-01-03,175.6134458439378
2001-01-04,178.421468933147
2001-01-05,179.34914909926098
2001-01-08,180.69059862176783
2001-01-09,181.39449413114457
2001-01-10,182.16206285852195
2001-01-11,180.9086191696416
2001-01-12,181.40662912749445
2001-01-16,179.90993745595995
2001-01-17,177.8178934224817
2001-01-18,179.93629918805715
2001-01-19,181.86737135047346
2001-01-22,182.30267931351614
2001-01-23,180.58276181025593
2001-01-24,179.50204746639272
2001-01-25,179.86143965899117
2001-01-26,180.22509445625312
2001-01-29,177.2510997071704
2001-01-30,177.59756091351272
2001-01-31,176.06269683864045
2001-02-01,179.40033219610083
2001-02-02,182.32853010284867
2001-02-05,179.05610121823887
2001-02-06,179.01594268951538
2001-02-07,180.53119266593035
2001-02-08,180.1653333549545
2001-02-09,179.03298342921158
2001-02-12,177.78468727075426
2001-02-13,178.27139822892596
2001-02-14,177.14765871626574
2001-02-15,175.72414715178206
2001-02-16,176.43393181205525
2001-02-20,175.65135156654154
2001-02-21,174.95544609797727
2001-02-22,174.70785701175387
2001-02-23,175.15705455276293
2001-02-26,174.68941544043622
2001-02-27,175.25250500304838
2001-02-28,175.2750628752481
2001-03-01,175.73068403248007
2001-03-02,176.36269813771995
2001-03-05,177.97599940450357
2001-03-06,177.82869719423508
2001-03-07,178.38894973998674
2001-03-08,177.0307593122765
2001-03-09,176.3570612450685
2001-03-12,176.35000536658362
2001-03-13,175.13028800507215
2001-03-14,172.05161378166622
2001-03-15,170.8584793813829
2001-03-16,170.16752809410923
2001-03-19,169.5464949039283
2001-03-20,169.81390201568644
2001-03-21,170.2487775098735
2001-03-22,169.4362365531728
2001-03-23,171.32858649512536
2001-03-26,172.23630584994407
2001-03-27,173.74339112137812
2001-03-28,170.17887152505432
2001-03-29,169.82305835975833
2001-03-30,167.8043017561998
2001-04-02,167.1194205616882
2001-04-03,168.57301712309663
2001-04-04,171.2440496624443
2001-04-05,172.08650882547752
2001-04-06,170.9998153572398
2001-04-09,171.8844725631312
2001-04-10,173.81678626185146
2001-04-11,173.74804068968226
2001-04-12,174.1348232916131
2001-04-16,175.84160871373177
2001-04-17,174.4843466181846
2001-04-18,174.52453096961744
2001-04-19,173.59907741003292
2001-04-20,172.76691224806805
2001-04-23,172.26783163345195
2001-04-24,171.1480201755124
2001-04-25,171.5242075325894
2001-04-26,173.51162246541537
2001-04-27,172.9859239733767
2001-04-30,173.63786249202457
2001-05-01,174.73077500761318
2001-05-02,173.28343562724305
2001-05-03,174.3666234502966
2001-05-04,174.23154194289378
2001-05-07,172.93901074910934
2001-05-08,172.5219847651804
2001-05-09,173.1140053200843
2001-05-10,173.1768143783675
2001-05-11,172.7794227539142
2001-05-14,172.90771191631916
2001-05-15,173.72188232367648
2001-05-16,173.72626593672547
2001-05-17,174.48915689608722
2001-05-18,177.38105160214428
2001-05-21,176.56678872984799
2001-05-22,175.606751093082
2001-05-23,175.19402490045292
2001-05-24,173.54361281298588
2001-05-25,172.07191147126164
2001-05-29,170.95078458304073
2001-05-30,170.130452763045
2001-05-31,169.98250143883027
2001-06-01,170.15339440669453
2001-06-04,169.54896123839603
2001-06-05,169.80151815162375
2001-06-06,169.105094457027
2001-06-07,168.86055308901297
2001-06-08,170.28531265806777
2001-06-11,171.08645919126343
2001-06-12,171.94049017118826
2001-06-13,171.23859556397122
2001-06-14,171.4107913754709
2001-06-15,169.16958011730978
2001-06-18,168.32861368415698
2001-06-19,168.50509997595685
2001-06-20,164.93168699280113
2001-06-21,165.0082847352149
2001-06-22,164.59477865118237
2001-06-25,164.46540898447026
2001-06-26,164.90488902958688
2001-06-27,162.59281115220148
2001-06-28,161.76865852980683
2001-06-29,163.20348604537585
2001-07-02,163.17632497148017
2001-07-03,163.35333506736114
2001-07-05,164.0849030288801
2001-07-06,166.02057265642003
2001-07-09,165.65765923061716
2001-07-10,165.90077919123638
2001-07-11,166.5811781782219
2001-07-12,168.27689261824912
2001-07-13,166.73625471175123
2001-07-16,165.03602537859763
2001-07-17,166.58738742178727
2001-07-18,164.45148127813738
2001-07-19,163.530355572405
2001-07-20,163.60060119343092
2001-07-23,163.82394731693844
2001-07-24,164.1923418434891
2001-07-25,165.78638358936985
2001-07-26,165.6204324418584
2001-07-27,166.2307920870719
2001-07-30,165.13352191588615
2001-07-31,165.2813756444461
2001-08-01,164.85224394241638
2001-08-02,165.5690070479623
2001-08-03,164.63683411759732
2001-08-06,164.9958318415471
2001-08-07,165.65639279523907
2001-08-08,165.25100959141466
2001-08-09,166.09532732237136
2001-08-10,166.9703853231606
2001-08-13,167.45847093419366
2001-08-14,167.55781876377148
2001-08-15,167.4812267988989
2001-08-16,166.5474081873073
2001-08-17,166.03935745772696
2001-08-20,164.5628667182123
2001-08-21,165.25573631598235
2001-08-22,164.72315580157698
2001-08-23,165.25316777895839
2001-08-24,165.2471919354434
2001-08-27,165.13472091328674
2001-08-28,165.11418183872252
2001-08-29,165.63817281278114
2001-08-30,163.75245164634708
2001-08-31,165.22158850268633
2001-09-04,163.83046599813602
2001-09-05,163.8484674793717
2001-09-06,163.59775367653603
2001-09-07,164.3279774173229
2001-09-10,163.60605910501874
2001-09-17,166.51963919200986
2001-09-18,163.5867409480979
2001-09-19,160.96040270348388
2001-09-20,160.3530927817835
2001-09-21,159.29903588832448
2001-09-24,152.6482312500129
2001-09-25,151.93722971648157
2001-09-26,153.68942587082185
2001-09-27,153.87666706024157
2001-09-28,153.95692272379983
2001-10-01,153.60332051958466
2001-10-02,152.5257522791347
2001-10-03,151.67738881628372
2001-10-04,153.0683714421396
2001-10-05,152.22296888738083
2001-10-08,152.1937090439426
2001-10-09,151.39355842608433
2001-10-10,151.11169453282676
2001-10-11,152.01102025233465
2001-10-12,149.6634964129339
2001-10-15,147.7483059761149
2001-10-16,148.21618257989834
2001-10-17,148.3924891773142
2001-10-18,146.65949411401732
2001-10-19,147.34777442645662
2001-10-22,146.54177900023757
2001-10-23,146.29152517500862
2001-10-24,147.05921747176816
2001-10-25,146.867048717187
2001-10-26,147.16617411268317
2001-10-29,147.65161082319432
2001-10-30,147.63396418822182
2001-10-31,146.6335410757691
2001-11-01,145.6216046431068
2001-11-02,144.59943676433446
2001-11-05,144.12069523576562
2001-11-06,143.52260287693116
2001-11-07,144.22049394841002
2001-11-08,145.9929569638768
2001-11-09,148.76848194517297
2001-11-12,147.60567294022587
2001-11-13,149.56046895350053
2001-11-14,147.02462941709337
2001-11-15,143.30200972806125
2001-11-16,145.2460683025643
2001-11-19,145.3997826066217
2001-11-20,146.01137238392255
2001-11-21,145.91029881818034
2001-11-26,145.05429439952962
2001-11-27,146.54920025815022
2001-11-29,145.10255575808952
2001-11-30,147.73386010324813
2001-12-03,147.9551313473312
2001-12-04,146.24809448604265
2001-12-05,145.5903746532317
2001-12-06,143.84882922779687
2001-12-07,144.16849413382943
2001-12-10,142.62143480681488
2001-12-11,142.81246739480713
2001-12-12,142.2837975643854
2001-12-13,142.0606974073675
2001-12-14,144.59573690106185
2001-12-17,144.44455500806572
2001-12-18,144.79220322130178
2001-12-19,144.696057000955
2001-12-20,144.0404928289426
2001-12-21,145.12292526536626
2001-12-26,147.69998568728525
2001-12-27,146.73751306449182
2001-12-28,146.01546241008862
2001-12-31,144.78750360882697
2002-01-02,146.18119751728102
2002-01-03,145.7712978642628
2002-01-04,148.74125177287783
2002-01-07,150.24098443372446
2002-01-08,149.78223500662963
2002-01-09,148.91345539500773
2002-01-10,148.64979536890223
2002-01-11,148.1660980211461
2002-01-14,146.6666962455039
2002-01-15,146.88074195344694
2002-01-16,148.29098905768882
2002-01-17,145.4685250431979
2002-01-18,144.42778851510832
2002-01-22,143.48329107257507
2002-01-23,144.17802000010832
2002-01-24,144.74911965056637
2002-01-25,144.94428198314168
2002-01-28,143.42186970104748
2002-01-29,143.06511465102562
2002-01-30,142.26046546364745
2002-01-31,143.8057098763448
2002-02-01,145.91295491073026
2002-02-04,145.4228318391332
2002-02-05,145.74539687339572
2002-02-06,144.77782056191668
2002-02-07,145.13605185810349
2002-02-08,146.64435562984627
2002-02-11,146.65416548627792
2002-02-12,147.77359381938976
2002-02-13,147.78353687791557
2002-02-14,147.66637726701953
2002-02-15,147.47092097962022
2002-02-19,146.62679817548755
2002-02-20,146.1868803885373
2002-02-21,147.19431450394575
2002-02-22,146.91086181074255
2002-02-25,144.8293278567964
2002-02-26,146.44014122527636
2002-02-27,147.2131415449355
2002-02-28,147.52312040202548
2002-03-01,149.9172642781421
2002-03-04,150.81471168561177
2002-03-05,152.01888343122843
2002-03-06,152.87087086566441
2002-03-07,155.4699239214598
2002-03-08,156.31102766897996
2002-03-11,158.81467650610844
2002-03-12,158.75087429239164
2002-03-13,157.79291558417702
2002-03-14,158.89083224018515
2002-03-15,159.82578931078538
2002-03-18,161.45280133425084
2002-03-19,161.28960678441456
2002-03-20,159.84197028831903
2002-03-21,162.2135666653065
2002-03-22,160.7477696305906
2002-03-25,160.4406930900493
2002-03-26,160.95972270051456
2002-03-27,162.2069450955511
2002-03-28,162.6082907651068
2002-04-01,165.38082216291264
2002-04-02,167.57727492438983
2002-04-03,164.9512769564732
2002-04-04,161.4918904907333
2002-04-05,160.2941250986901
2002-04-08,160.3882181342507
2002-04-09,159.06097501268115
2002-04-10,158.9832096221625
2002-04-11,156.18678308175032
2002-04-12,153.76415402506188
2002-04-15,157.11256095143034
2002-04-16,157.49238408227055
2002-04-17,160.93312160149839
2002-04-18,160.80314526939438
2002-04-19,161.0754148824621
2002-04-22,161.61075872517222
2002-04-23,161.71638069335214
2002-04-24,160.27538863950682
2002-04-25,159.48338006336678
2002-04-26,160.29519778286695
2002-04-29,161.254408888577
2002-04-30,162.59154816296197
2002-05-01,160.87400730661398
2002-05-02,159.64202155137707
2002-05-03,160.37901079909557
2002-05-06,158.8262325098138
2002-05-07,160.3663678694403
2002-05-08,162.09005524216985
2002-05-09,162.0111082572439
2002-05-10,163.0528837304842
2002-05-13,164.53330705233165
2002-05-14,166.2119919987762
2002-05-15,163.5068104815855
2002-05-16,163.23487955429505
2002-05-17,162.92186685666493
2002-05-20,162.5187249461735
2002-05-21,160.4523957781723
2002-05-22,160.88545512486255
2002-05-23,160.97646086722602
2002-05-24,159.95419127969086
2002-05-28,159.40178895946534
2002-05-29,161.3611065139307
2002-05-30,157.92822320939266
2002-05-31,160.08906103014056
2002-06-03,159.92298519347256
2002-06-04,160.9197788949355
2002-06-05,159.74475361444402
2002-06-06,159.40328000657718
2002-06-07,158.6096269595202
2002-06-10,156.79685744183632
2002-06-11,156.286411864962
2002-06-12,156.73928423485174
2002-06-13,159.4288651990909
2002-06-14,160.3472449145414
2002-06-17,160.63323798291634
2002-06-18,159.53926571893282
2002-06-19,159.42354218270322
2002-06-20,159.78001371877352
2002-06-21,159.4135265867713
2002-06-24,162.26687274286508
2002-06-25,162.29733854704514
2002-06-26,161.94067918394458
2002-06-27,162.20049850932824
2002-06-28,163.19335213218332
2002-07-01,164.3324052459183
2002-07-02,163.66594048519164
2002-07-03,163.3438209779843
2002-07-05,163.90906415055463
2002-07-08,161.21825792373915
2002-07-09,162.49703403547167
2002-07-10,163.03773517241805
2002-07-11,163.28642964341645
2002-07-12,163.4514109425288
2002-07-15,163.48679948693066
2002-07-16,165.4569677363604
2002-07-17,165.0068110791934
2002-07-18,165.3394698032339
2002-07-19,165.75248217879732
2002-07-22,164.80311899878018
2002-07-23,161.44703356517363
2002-07-24,163.27152960009988
2002-07-25,161.81936541059466
2002-07-26,160.58858488285753
2002-07-29,159.3446947031719
2002-07-30,161.49491103640386
2002-07-31,162.29375798757343
2002-08-01,160.81958699312048
2002-08-02,161.46692839937003
2002-08-05,159.095443732028
2002-08-06,160.35886978035504
2002-08-07,159.3912806357159
2002-08-08,159.62132409425465
2002-08-09,160.60055689794922
2002-08-12,164.18614504700798
2002-08-13,164.9490298015765
2002-08-14,165.13690421734128
2002-08-15,167.95568185234043
2002-08-16,167.4994216279407
2002-08-19,167.49698771396285
2002-08-20,165.97876810408968
2002-08-21,167.20393442085452
2002-08-22,168.71210498519423
2002-08-23,168.37267765590062
2002-08-26,170.06698664000382
2002-08-27,169.31014308080802
2002-08-28,168.05659164479422
2002-08-29,167.8290024467582
2002-08-30,168.74105814809695
2002-09-03,166.50682859218193
2002-09-04,168.6603253628367
2002-09-05,171.00150020731743
2002-09-06,172.58825172514605
2002-09-09,175.32847011302312
2002-09-10,175.70988109293557
2002-09-11,175.79536241759854
2002-09-12,174.09727920631929
2002-09-13,175.0547207800413
2002-09-16,175.0891752030316
2002-09-17,174.9623580283236
2002-09-18,176.0730426116683
2002-09-19,175.5526320446889
2002-09-20,174.70950778703147
2002-09-23,175.56342561973472
2002-09-24,175.09718500931493
2002-09-25,173.98065173955942
2002-09-26,174.66675122996332
2002-09-27,175.29681921985863
2002-09-30,175.0241454849109
2002-10-01,175.50250645461637
2002-10-02,175.7486432553574
2002-10-03,171.61562295961252
2002-10-04,171.12387534500024
2002-10-07,171.60231307201192
2002-10-08,172.34594333413713
2002-10-09,172.02026371567527
2002-10-10,170.50188727744643
2002-10-11,172.50245892321368
2002-10-14,174.48679061843347
2002-10-15,176.34998372211362
2002-10-16,175.94597937993578
2002-10-17,176.9146927370989
2002-10-18,175.75760369168825
2002-10-21,173.83912943338555
2002-10-22,172.9175591255003
2002-10-23,173.94412064869283
2002-10-24,174.11347911316543
2002-10-25,172.47424939114777
2002-10-28,172.7007652280926
2002-10-29,171.88640051887748
2002-10-30,172.54434076146973
2002-10-31,173.22674517868063
2002-11-01,172.8603016355224
2002-11-04,171.48131987594576
2002-11-05,170.06747118541426
2002-11-06,169.81332998494503
2002-11-07,168.98345241894827
2002-11-08,168.78689946117657
2002-11-11,168.80641614054258
2002-11-12,168.27326907929842
2002-11-13,166.84922152421618
2002-11-14,167.1078247534752
2002-11-15,168.64841791098718
2002-11-18,171.62461946114908
2002-11-19,171.79107600524725
2002-11-20,173.34035088638188
2002-11-21,173.89803669008978
2002-11-22,174.5168401479876
2002-11-25,172.89956064368818
2002-11-26,172.47535727401495
2002-11-27,173.70656412186887
2002-12-02,175.42973625765165
2002-12-03,174.03171033654613
2002-12-04,173.538115083596
2002-12-05,174.6819762749768
2002-12-06,173.85479627598343
2002-12-09,173.71937440972226
2002-12-10,176.43850188449298
2002-12-11,176.3988478274822
2002-12-12,179.25865499300738
2002-12-13,180.48236297176769
2002-12-16,182.75157756495446
2002-12-17,182.10786904449435
2002-12-18,183.25918130093567
2002-12-19,182.93738063006688
2002-12-20,183.66928832301903
2002-12-23,186.11397182567043
2002-12-24,186.54042660870886
2002-12-26,185.9195708630871
2002-12-27,186.1079578897049
2002-12-30,182.30864110382078
2002-12-31,182.18497575689264
2003-01-02,186.91209555488516
2003-01-03,189.56611627821852
2003-01-06,186.54461180394068
2003-01-07,186.04925825351714
2003-01-08,186.82126398734567
2003-01-09,189.4525252450782
2003-01-10,186.7972622345474
2003-01-13,187.4901156846014
2003-01-14,187.41118801509322
2003-01-15,189.23133903320198
2003-01-16,190.8565971654679
2003-01-17,190.72146138196973
2003-01-21,191.0772761685121
2003-01-22,192.17365873630672
2003-01-23,191.28296460107887
2003-01-24,193.46886424720313
2003-01-27,190.96115021146454
2003-01-28,192.25950379391134
2003-01-29,194.90064994223025
2003-01-30,196.26380511321543
2003-01-31,196.19828004256024
2003-02-03,196.03851581313293
2003-02-04,197.24971681322958
2003-02-05,197.19744971970957
2003-02-06,197.84973069772687
2003-02-07,200.24208725430967
2003-02-10,199.4571953595331
2003-02-11,200.89714102418554
2003-02-12,198.49267537148617
2003-02-13,198.44706530590852
2003-02-14,199.47520110556758
2003-02-18,199.06074043900003
2003-02-19,199.96495103488945
2003-02-20,199.3502773564993
2003-02-21,202.2436393311362
2003-02-24,206.93111097285302
2003-02-25,201.36045856099494
2003-02-26,205.02067687284188
2003-02-27,202.603961330743
2003-02-28,202.79376006022588
2003-03-03,201.8199573586873
2003-03-04,202.420161839766
2003-03-05,201.57024335436864
2003-03-06,202.64876132735026
2003-03-07,205.2897521734499
2003-03-10,203.56497949782724
2003-03-11,201.34339164895323
2003-03-12,201.25749742537428
2003-03-13,196.78410052365663
2003-03-14,195.2610194769508
2003-03-17,193.1964300227753
2003-03-18,189.69432631405257
2003-03-19,188.93938053433396
2003-03-20,187.2271384504102
2003-03-21,184.4681660476912
2003-03-24,186.00863245807454
2003-03-25,184.18350094049532
2003-03-26,184.28295486443304
2003-03-27,186.59207254497838
2003-03-28,186.12647240886216
2003-03-31,187.48464884382412
2003-04-01,185.67864210071244
2003-04-02,184.48885637443365
2003-04-03,183.91355540543978
2003-04-04,184.32073102930113
2003-04-07,184.96856987179504
2003-04-08,184.42664463113206
2003-04-09,186.1846792948289
2003-04-10,184.91516360398043
2003-04-11,186.10518954506256
2003-04-14,185.87833750020312
2003-04-15,188.07799969236117
2003-04-16,188.035128279522
2003-04-17,190.58640379585182
2003-04-21,191.3277612461074
2003-04-22,189.84779360883275
2003-04-23,187.88025197243843
2003-04-24,187.12930221832522
2003-04-25,186.7280306149282
2003-04-28,183.98717813589334
2003-04-29,184.42805853844982
2003-04-30,186.3148075367331
2003-05-01,186.8003083770371
2003-05-02,185.77524449868113
2003-05-05,188.42675499993933
2003-05-06,187.39326215430546
2003-05-07,188.69828854972027
2003-05-08,190.49422907366846
2003-05-09,193.44156560937594
2003-05-12,194.72861787616728
2003-05-13,197.4572636855933
2003-05-14,198.60666983562663
2003-05-15,197.76867339255512
2003-05-16,198.23454659793654
2003-05-19,196.5651567201241
2003-05-20,197.09057788516745
2003-05-21,198.53727983397934
2003-05-22,197.00401716754624
2003-05-23,197.21300569791453
2003-05-27,196.2090217127306
2003-05-28,194.63758377999292
2003-05-29,196.02827521079388
2003-05-30,197.20174714139404
2003-06-02,199.60696841790454
2003-06-03,198.6775516470164
2003-06-04,197.59171885464198
2003-06-05,199.39403663129437
2003-06-06,200.57075911325413
2003-06-09,199.22412290527993
2003-06-10,200.0899376953349
2003-06-11,200.16021765114212
2003-06-12,196.81191905406723
2003-06-13,194.22501204584975
2003-06-16,194.2729451789542
2003-06-17,195.59962640002348
2003-06-18,194.7461668816689
2003-06-19,195.29691356128401
2003-06-20,195.18358155852923
2003-06-23,193.9676866957778
2003-06-24,192.477549220105
2003-06-25,194.71806099163896
2003-06-26,190.50637559734602
2003-06-27,191.47600704550095
2003-06-30,192.31280016298118
2003-07-01,193.33092127804127
2003-07-02,193.41878191998322
2003-07-03,192.91028522135764
2003-07-07,193.82549327213695
2003-07-08,194.73761727049728
2003-07-09,196.4670214189863
2003-07-10,194.476837506257
2003-07-11,194.4037469001161
2003-07-14,194.65961876166295
2003-07-15,192.91027140277518
2003-07-16,191.7605684870062
2003-07-17,192.26730573638247
2003-07-18,193.03333981150686
2003-07-21,192.86562556543217
2003-07-22,189.47585496388763
2003-07-23,190.69732359672972
2003-07-24,191.73447728236067
2003-07-25,192.38115630704692
2003-07-28,193.18105094024688
2003-07-29,193.0919527622686
2003-07-30,192.8664773575097
2003-07-31,193.47026469581004
2003-08-01,196.7485833036415
2003-08-04,194.9057152148933
2003-08-05,195.242062682182
2003-08-06,195.654806578865
2003-08-07,198.07585425964174
2003-08-08,197.20029202493865
2003-08-11,197.30393668903213
2003-08-12,197.8548556826131
2003-08-13,197.08726616253549
2003-08-14,196.69547382652354
2003-08-15,196.15227055496365
2003-08-18,197.77921279809146
2003-08-19,197.68342786402835
2003-08-20,199.7263070669771
2003-08-21,200.96945570389454
2003-08-22,201.7786503248627
2003-08-25,200.52067771692398
2003-08-26,200.50346487653056
2003-08-27,199.57972008548936
2003-08-28,200.2676421224016
2003-08-29,201.11196790381985
2003-09-02,197.59780024544767
2003-09-03,198.8812185618506
2003-09-04,198.48767340376352
2003-09-05,199.03898196228528
2003-09-08,198.98142132928157
2003-09-09,199.63265844633722
2003-09-10,200.75150372765614
2003-09-11,200.66737533092552
2003-09-12,199.1471749584317
2003-09-15,198.40561442296715
2003-09-16,196.0481071720568
2003-09-17,195.86223614992966
2003-09-18,195.46336151744833
2003-09-19,196.22280217091335
2003-09-22,197.4299842340165
2003-09-23,197.24911342002687
2003-09-24,199.86124091802685
2003-09-25,199.81354930346671
2003-09-26,198.10953111246084
2003-09-29,200.47396315422282
2003-09-30,201.2670662924008
2003-10-01,201.6755249304702
2003-10-02,203.00637616991276
2003-10-03,203.02367958362518
2003-10-06,203.5654052527877
2003-10-07,205.46583933898629
2003-10-08,204.9334586833742
2003-10-09,208.52238994432307
2003-10-10,211.78690709646398
2003-10-13,213.8526378727236
2003-10-14,212.16146809150268
2003-10-15,212.4987889807274
2003-10-16,211.45544601130914
2003-10-17,209.0513274577094
2003-10-20,208.007868338605
2003-10-21,208.31870810439273
2003-10-22,209.25085064582984
2003-10-23,211.25247537160013
2003-10-24,210.94869863791791
2003-10-27,210.46176606418837
2003-10-28,210.5146025097631
2003-10-29,211.65695747075327
2003-10-30,209.63545478114588
2003-10-31,210.88611920189453
2003-11-03,208.54443618042438
2003-11-04,208.55541317788365
2003-11-05,212.1290492936317
2003-11-06,210.21046660226875
2003-11-07,211.7980038256212
2003-11-10,211.77072076414265
2003-11-11,213.5050058912608
2003-11-12,214.12282122880336
2003-11-13,215.39235195519075
2003-11-14,218.10038820457777
2003-11-17,214.18468892749738
2003-11-18,216.67126031380363
2003-11-19,212.96691309370394
2003-11-20,211.71941596390252
2003-11-21,211.54866782413947
2003-11-24,208.08537935118954
2003-11-25,208.48306264814033
2003-11-26,210.2178388373956
2003-12-01,215.1471681064552
2003-12-02,218.66476240276214
2003-12-03,220.27003235704282
2003-12-04,221.40342395307755
2003-12-05,219.78206370499555
2003-12-08,225.13447007234905
2003-12-09,224.79553069881212
2003-12-10,224.72002248803005
2003-12-11,223.35185003197768
2003-12-12,227.86941088628018
2003-12-15,227.3803019161575
2003-12-16,226.45247014819577
2003-12-17,228.16831120020885
2003-12-18,229.05849732674812
2003-12-19,228.14045638777478
2003-12-22,223.35054110026283
2003-12-23,223.00966310430104
2003-12-24,224.67229282647003
2003-12-29,225.3922860793252
2003-12-30,226.72345475566567
2003-12-31,225.69212222513562
2004-01-05,234.29475414751892
2004-01-06,233.73243673515708
2004-01-07,232.30725136147106
2004-01-08,235.60904450487735
2004-01-09,237.32736049500116
2004-01-12,237.48883470452972
2004-01-13,234.74495663182276
2004-01-14,234.6611242054205
2004-01-15,229.34163075762086
2004-01-16,233.58045823643891
2004-01-20,237.2920929633154
2004-01-21,236.86123450910816
2004-01-22,235.8643446200431
2004-01-23,235.7121750139905
2004-01-26,233.48516260951487
2004-01-27,232.46175719476807
2004-01-28,231.32493874245222
2004-01-29,228.41836211614975
2004-01-30,229.76544723330687
2004-02-02,231.18446680991377
2004-02-03,231.28629801850087
2004-02-04,229.3393601818015
2004-02-05,229.95709214439034
2004-02-06,229.26732842827255
2004-02-09,230.52469159456214
2004-02-10,231.13427291199358
2004-02-11,232.75584532432623
2004-02-12,233.84131994356548
2004-02-13,234.66464638531917
2004-02-17,237.22005176695754
2004-02-18,235.4814822900148
2004-02-19,236.98158229493077
2004-02-20,235.4400229443539
2004-02-23,236.50103673108907
2004-02-24,239.119161330115
2004-02-25,240.29242065675396
2004-02-26,243.27502345176651
2004-02-27,244.6672801880333
2004-03-01,248.44057689543178
2004-03-02,245.24181737326788
2004-03-03,240.74954508200128
2004-03-04,241.9966739148847
2004-03-05,244.07095473746062
2004-03-08,240.57563314388628
2004-03-09,241.14432262172434
2004-03-10,240.46471083224787
2004-03-11,245.22168031175866
2004-03-12,243.4306868466544
2004-03-15,247.85378980347824
2004-03-16,249.49932423452168
2004-03-17,251.09965192567523
2004-03-18,252.68169811203327
2004-03-19,252.858014561412
2004-03-22,253.58104733090988
2004-03-23,253.17402563894458
2004-03-24,250.8861308801924
2004-03-25,246.87937065359188
2004-03-26,247.56215300040014
2004-03-29,247.45915511470145
2004-03-30,251.50295629190373
2004-03-31,252.2177611914514
2004-04-01,250.77041718198893
2004-04-02,250.97023533096697
2004-04-05,248.6179848201604
2004-04-06,250.37462076831454
2004-04-07,252.32036776820465
2004-04-08,253.49351754446175
2004-04-12,253.34877602557992
2004-04-13,248.571004524528
2004-04-14,250.61915685290424
2004-04-15,248.36513139959325
2004-04-16,248.9863691035462
2004-04-19,248.3748097214726
2004-04-20,246.96212360900702
2004-04-21,241.23324387374637
2004-04-22,242.84661625157577
2004-04-23,243.41121703631282
2004-04-26,245.34442187558722
2004-04-27,248.6449820936694
2004-04-28,245.42651491935445
2004-04-29,247.1877146207819
2004-04-30,247.74254243859858
2004-05-03,251.72811264099502
2004-05-04,254.2649661800357
2004-05-05,255.00436968304192
2004-05-06,252.69945901718583
2004-05-07,253.08974370027713
2004-05-10,248.14050966311018
2004-05-11,251.24058716337947
2004-05-12,250.77517679704417
2004-05-13,251.1799478736432
2004-05-14,249.56738375337716
2004-05-17,248.15064784579764
2004-05-18,245.9440621814336
2004-05-19,252.1654778826056
2004-05-20,248.41491023744604
2004-05-21,248.36280526239682
2004-05-24,253.89178835431753
2004-05-25,253.53900649312573
2004-05-26,253.04547769650833
2004-05-27,250.52206648337037
2004-05-28,251.94260941748365
2004-06-01,259.58731520323335
2004-06-02,253.09873670615409
2004-06-03,249.50732453589666
2004-06-04,248.18389488319914
2004-06-07,248.8672140929528
2004-06-08,244.95438496155617
2004-06-09,243.84226197707926
2004-06-10,244.22805413993166
2004-06-14,242.733026688602
2004-06-15,241.51572725965283
2004-06-16,243.26552361440474
2004-06-17,246.69422930623077
2004-06-18,246.7046857656035
2004-06-21,244.72578299072077
2004-06-22,243.81480120064035
2004-06-23,245.34538971875207
2004-06-24,247.5331448854221
2004-06-25,246.4560191827393
2004-06-28,241.8066796684751
2004-06-29,240.2085533696483
2004-06-30,241.46987007717127
2004-07-01,244.35153837202398
2004-07-02,243.40467003832248
2004-07-06,246.40295246627394
2004-07-07,247.01557034855819
2004-07-08,247.31115161923302
2004-07-09,246.6760026877076
2004-07-12,244.72276904234835
2004-07-13,243.41219034175677
2004-07-14,247.8946477330314
2004-07-15,245.66997746724368
2004-07-16,245.99132742932096
2004-07-19,246.13312203240403
2004-07-20,243.94674109466575
2004-07-21,241.9680657498718
2004-07-22,243.84645286033643
2004-07-23,243.6781074388146
2004-07-26,242.22663839321564
2004-07-27,242.20847060156362
2004-07-28,244.57978674947296
2004-07-29,244.97770717189402
2004-07-30,245.7281162703319
2004-08-02,245.05215679326972
2004-08-03,245.35828248998808
2004-08-04,241.92951547147996
2004-08-05,244.67954894839968
2004-08-06,243.09658049541278
2004-08-09,244.1630696876919
2004-08-10,243.6903245517199
2004-08-11,241.99629589511926
2004-08-12,243.401751198993
2004-08-13,246.63600681455242
2004-08-16,245.44074087642613
2004-08-17,246.9159213080742
2004-08-18,246.6495142400403
2004-08-19,250.44103796955466
2004-08-20,249.41226821428145
2004-08-23,248.28953249721621
2004-08-24,245.39640108702133
2004-08-25,241.80230135755787
2004-08-26,240.36846308296282
2004-08-27,239.65869019696498
2004-08-30,240.35546053302306
2004-08-31,241.23740802959452
2004-09-01,244.31237412723235
2004-09-02,242.2988697115862
2004-09-03,240.02001737654592
2004-09-07,238.02480077263985
2004-09-08,237.00106891279438
2004-09-09,240.2975252445084
2004-09-10,238.1458370875494
2004-09-13,241.17049026728924
2004-09-14,241.97783522066416
2004-09-15,240.4716207300106
2004-09-16,240.65691153918686
2004-09-17,243.70989717891067
2004-09-20,244.88799331499456
2004-09-21,249.25707870093694
2004-09-22,252.47781059794633
2004-09-23,252.91342124439836
2004-09-24,251.22610524687335
2004-09-27,252.93016956450197
2004-09-28,253.88747832409547
2004-09-29,257.030554689096
2004-09-30,257.7508656707258
2004-10-01,258.00832034486825
2004-10-04,255.81538550338198
2004-10-05,260.15596760904435
2004-10-06,262.0834857250365
2004-10-07,263.25872051424346
2004-10-08,265.52993798213845
2004-10-11,265.43782815458
2004-10-12,260.5036264623616
2004-10-13,257.87075649386327
2004-10-14,259.49771388259825
2004-10-15,260.970117858852
2004-10-18,257.85897999559637
2004-10-19,260.1860542454747
2004-10-20,263.3388069344721
2004-10-21,264.69315613029016
2004-10-22,266.3745978231865
2004-10-25,264.9197190650746
2004-10-26,268.3744937573915
2004-10-27,262.82570769610334
2004-10-28,259.54404150515813
2004-10-29,262.12283114412054
2004-11-01,258.2728436074318
2004-11-02,256.94424722957814
2004-11-03,259.94194496788816
2004-11-04,256.5128847231425
2004-11-05,256.6862696769426
2004-11-08,254.7929432266153
2004-11-09,252.21006555025016
2004-11-10,256.25004301486587
2004-11-11,253.56729411987348
2004-11-12,253.99401208384677
2004-11-15,255.6589643811518
2004-11-16,252.87661082813543
2004-11-17,257.2409607285429
2004-11-18,255.1364156776288
2004-11-19,258.2128419447836
2004-11-22,256.47620447787347
2004-11-23,258.0788172240628
2004-11-24,263.6373420611828
2004-11-29,261.15679002735726
2004-11-30,258.92755798054475
2004-12-01,253.00280600176887
2004-12-02,245.25046779487542
2004-12-03,245.17510051355598
2004-12-06,245.96435883199663
2004-12-07,241.18160827094846
2004-12-08,240.46105767382326
2004-12-09,241.3904084885174
2004-12-10,238.60918411230818
2004-12-13,242.38460250843534
2004-12-14,243.15199144486002
2004-12-15,248.165002947161
2004-12-16,246.5977830589181
2004-12-17,252.62225025549694
2004-12-20,251.19542811698724
2004-12-21,251.17459733225692
2004-12-22,248.3022081406554
2004-12-23,248.71360121335962
2004-12-27,243.58747739573104
2004-12-28,244.41503330784803
2004-12-29,247.18004778918018
2004-12-30,246.2001001073506
2005-01-03,242.31680104690093
2005-01-04,240.81314217315045
2005-01-05,240.47444999746426
2005-01-06,244.3693513262169
2005-01-07,243.95474214431152
2005-01-10,244.58554569575014
2005-01-11,245.80891589332427
2005-01-12,245.61950949250271
2005-01-13,249.7301652925109
2005-01-14,248.43451327072844
2005-01-18,247.24169665977644
2005-01-19,248.08184551752566
2005-01-20,247.2764898427163
2005-01-21,248.86824897215246
2005-01-24,250.36546645188372
2005-01-25,251.13371497054646
2005-01-26,250.93008370664842
2005-01-27,248.99064419992487
2005-01-28,246.90536397842658
2005-01-31,248.70916648223638
2005-02-01,246.5562208158586
2005-02-02,245.01106896039
2005-02-03,243.23153770174892
2005-02-04,242.72083496237224
2005-02-07,241.3560082033468
2005-02-08,242.52510911771105
2005-02-09,242.98759562977344
2005-02-10,246.89833754386422
2005-02-11,247.4395803405887
2005-02-14,248.9049108163852
2005-02-15,249.9029779656357
2005-02-16,250.1346311530591
2005-02-17,250.51049622672235
2005-02-18,251.67374487403612
2005-02-22,259.3856878062579
2005-02-23,261.31426485339784
2005-02-24,259.9210435610867
2005-02-25,263.2777235189105
2005-02-28,266.199091895785
2005-03-01,264.407621562278
2005-03-02,266.9646213774114
2005-03-03,268.177746451563
2005-03-04,269.4845066883132
2005-03-07,269.0474963765566
2005-03-08,272.7321224121148
2005-03-09,274.02108402594865
2005-03-10,272.9968009385105
2005-03-11,275.87948798197203
2005-03-14,275.93087012137545
2005-03-15,279.02564568822004
2005-03-16,280.80237079309643
2005-03-17,279.5662393171943
2005-03-18,278.3028073318926
2005-03-21,275.52809793360274
2005-03-22,274.25438918526726
2005-03-23,268.9011461763507
2005-03-24,269.76009920673454
2005-03-28,269.13804636825984
2005-03-29,270.820398608587
2005-03-30,272.9639660409142
2005-03-31,275.7437933453029
2005-04-01,276.2751231593623
2005-04-04,274.4274550345161
2005-04-05,272.81975265683286
2005-04-06,273.03922635293884
2005-04-07,269.4206276787886
2005-04-08,266.7869683997474
2005-04-11,268.18387223333366
2005-04-12,265.09487795837106
2005-04-13,261.5013101900996
2005-04-14,261.14080891269487
2005-04-15,260.38011533066003
2005-04-18,258.83661633060075
2005-04-19,265.2859405100395
2005-04-20,267.40380442514436
2005-04-21,267.05672848390003
2005-04-22,268.6986383221217
2005-04-25,268.71648712687556
2005-04-26,268.80613061525827
2005-04-27,262.7161679899858
2005-04-28,261.6625102584055
2005-04-29,259.66259916291085
2005-05-02,260.16191048300095
2005-05-03,255.8762941013062
2005-05-04,256.89351897028297
2005-05-05,257.8303147385102
2005-05-06,258.1451889036467
2005-05-09,259.4701086965907
2005-05-10,260.40140735408977
2005-05-11,258.44359122469706
2005-05-12,253.44928119426692
2005-05-13,251.46763941943976
2005-05-16,250.44313262278033
2005-05-17,251.7033294348227
2005-05-18,251.19123731650853
2005-05-19,249.66143184282785
2005-05-20,249.47384878342126
2005-05-23,252.15415016159818
2005-05-24,252.94614496174975
2005-05-25,256.0650209712058
2005-05-26,256.8933601218724
2005-05-27,257.5512035361252
2005-05-31,257.5870794324959
2005-06-01,262.8908358223052
2005-06-02,261.8472677628283
2005-06-03,265.11858199944186
2005-06-06,265.78843120395777
2005-06-07,263.92445028489584
2005-06-08,260.8065040393905
2005-06-09,262.87850386210897
2005-06-10,260.66790580787995
2005-06-13,264.3656511416849
2005-06-14,263.71703734523
2005-06-15,267.02602849376586
2005-06-16,269.47443550375704
2005-06-17,273.5888127040333
2005-06-20,276.2749222465433
2005-06-21,273.27672394093855
2005-06-22,272.0191654123435
2005-06-23,272.379836898198
2005-06-24,273.7252803288068
2005-06-27,270.69885940818443
2005-06-28,265.2329374037797
2005-06-29,264.9049385879079
2005-06-30,261.9417326128495
2005-07-01,265.0131734070461
2005-07-05,271.54588270994935
2005-07-06,274.53212874876465
2005-07-07,272.82359427979304
2005-07-08,271.10451482471285
2005-07-11,270.7189526822121
2005-07-12,273.77870700565813
2005-07-13,274.5206429085171
2005-07-14,273.26290305342076
2005-07-15,273.71196133802863
2005-07-18,271.2377140308334
2005-07-19,268.60027638728224
2005-07-20,267.9562965951728
2005-07-21,264.4909943069196
2005-07-22,267.2233433045858
2005-07-25,267.2167266640038
2005-07-26,268.01237070478743
2005-07-27,269.34362559698815
2005-07-28,272.689621413432
2005-07-29,273.66806392032197
2005-08-01,276.7066925076001
2005-08-02,279.830802444945
2005-08-03,277.6408570050751
2005-08-04,278.1139882857536
2005-08-05,278.85597471888616
2005-08-08,279.7991798560311
2005-08-09,276.83493125588734
2005-08-10,282.0613118532854
2005-08-11,285.12904361032014
2005-08-12,285.69524851459727
2005-08-15,283.0053173149106
2005-08-16,284.2648938007914
2005-08-17,279.26680367781904
2005-08-18,276.75025873608615
2005-08-19,279.81461647380127
2005-08-22,283.0948847775708
2005-08-23,283.34635041640564
2005-08-24,285.4004401180562
2005-08-25,283.818309948831
2005-08-26,283.11959172643776
2005-08-29,290.42680370717204
2005-08-30,296.57309709550594
2005-08-31,294.3006441779865
2005-09-01,299.9050296279237
2005-09-02,296.37547196784635
2005-09-06,295.65480621541536
2005-09-07,290.73120865518445
2005-09-08,291.6662687771789
2005-09-09,291.06522777767657
2005-09-12,288.70522375866165
2005-09-13,286.74287919776725
2005-09-14,290.28372103969997
2005-09-15,289.2900731416098
2005-09-16,286.24868559682085
2005-09-19,300.43571293298436
2005-09-20,298.002094566778
2005-09-21,300.00010970967907
2005-09-22,301.5381488067012
2005-09-23,296.61243127507834
2005-09-26,301.30407026572317
2005-09-27,300.37006271708793
2005-09-28,308.1513350071182
2005-09-29,309.33996190373193
2005-09-30,307.9651041763922
2005-10-03,308.9867240957451
2005-10-04,307.18706420166853
2005-10-05,306.0397228871046
2005-10-06,300.26985892383686
2005-10-07,300.4218826256492
2005-10-10,299.449997801651
2005-10-11,304.86131115551774
2005-10-12,306.16344560530007
2005-10-13,302.40314623058975
2005-10-14,301.1924300005762
2005-10-17,306.8076308209497
2005-10-18,302.4966955190798
2005-10-19,300.372174734462
2005-10-20,295.8269314434391
2005-10-21,294.9561469146899
2005-10-24,293.8253539831045
2005-10-25,303.9316136863965
2005-10-26,299.0833063751295
2005-10-27,297.362151079068
2005-10-28,294.4591705421202
2005-10-31,288.56059237416446
2005-11-01,287.174103768762
2005-11-02,286.7351156142531
2005-11-03,290.5887636994611
2005-11-04,288.302039666122
2005-11-07,289.75146837355396
2005-11-08,290.0673560527204
2005-11-09,288.5134366357864
2005-11-10,285.76182776420865
2005-11-11,288.2742053778838
2005-11-14,288.1164540823175
2005-11-15,286.63980250963186
2005-11-16,290.8239713626566
2005-11-17,288.3262739116474
2005-11-18,285.53085132375213
2005-11-21,285.3170945085477
2005-11-22,286.74936691080154
2005-11-23,285.9740738957635
2005-11-28,284.465019407634
2005-11-29,283.89980411530877
2005-11-30,289.2334036528921
2005-12-01,295.42760492531505
2005-12-02,300.27288315126333
2005-12-05,301.5549830343157
2005-12-06,299.6079942870028
2005-12-07,300.5409640784178
2005-12-08,309.0672148998144
2005-12-09,305.00704668226695
2005-12-12,309.9530635862346
2005-12-13,313.71179442708495
2005-12-14,308.20690238315046
2005-12-15,303.16915265087545
2005-12-16,301.9867787827678
2005-12-19,303.52642885063534
2005-12-20,303.3790204223589
2005-12-21,304.7263313049155
2005-12-22,300.6571807764178
2005-12-23,298.53321257405366
2005-12-27,293.471633986836
2005-12-28,298.11766562632266
2005-12-29,296.1407113818297
2005-12-30,298.4290079850931
2006-01-03,299.66157371159903
2006-01-04,299.7091533556305
2006-01-05,294.8722133829938
2006-01-06,297.2276645989945
2006-01-09,295.15151073079335
2006-01-10,294.234265526181
2006-01-11,293.2121442480984
2006-01-12,291.5770095008269
2006-01-13,293.1265744799028
2006-01-17,296.1857432548615
2006-01-18,292.30437863318036
2006-01-19,295.02383876136264
2006-01-20,297.803711138858
2006-01-23,296.92137331976136
2006-01-24,297.39567566295716
2006-01-25,297.39999042195564
2006-01-26,297.1195718200356
2006-01-27,300.07791763990974
2006-01-30,304.7374473009858
2006-01-31,303.81825249059904
2006-02-01,299.915395581752
2006-02-02,298.95296188973634
2006-02-03,302.0228828517277
2006-02-06,298.67247982366206
2006-02-07,292.47262712174575
2006-02-08,292.17052805143186
2006-02-09,293.77924898337693
2006-02-10,287.7930574861082
2006-02-13,284.5117504495212
2006-02-14,283.60582248630647
2006-02-15,279.95118411961556
2006-02-16,281.8084368142472
2006-02-17,284.937429846335
2006-02-21,290.1842848607675
2006-02-22,285.93387160940165
2006-02-23,284.6205492320182
2006-02-24,287.5685326310789
2006-02-27,281.9032057215734
2006-02-28,284.7414233188867
2006-03-01,284.977098867153
2006-03-02,289.1334140341887
2006-03-03,290.62379097039945
2006-03-06,285.28042140330336
2006-03-07,281.91336548847164
2006-03-08,278.97034561010685
2006-03-09,280.50546040997335
2006-03-10,280.94102015292515
2006-03-13,283.30162267325187
2006-03-14,285.92484677892304
2006-03-15,284.83353224898656
2006-03-16,285.5937567059383
2006-03-17,285.30256336082374
2006-03-20,281.37820469294485
2006-03-21,282.9044852280211
2006-03-22,281.3952285681981
2006-03-23,286.3122563860745
2006-03-24,286.93838753343084
2006-03-27,287.4606365298057
2006-03-28,289.8765438485779
2006-03-29,290.89431410545285
2006-03-30,294.8546045897767
2006-03-31,291.1052094870668
2006-04-03,293.5921509945355
2006-04-04,290.37750579981036
2006-04-05,293.9938060281121
2006-04-06,297.2322892207409
2006-04-07,294.8914916950865
2006-04-10,298.58303240071933
2006-04-11,299.98223126869135
2006-04-12,300.5102712126656
2006-04-13,302.2439345302429
2006-04-17,307.07105187815404
2006-04-18,313.52626447579087
2006-04-19,315.9768808075246
2006-04-20,312.2958746293054
2006-04-21,318.01028620096616
2006-04-24,312.4697613441065
2006-04-25,314.33405174765085
2006-04-26,314.1416109280623
2006-04-27,306.9925581998487
2006-04-28,310.7876329990013
2006-05-01,315.1163491351829
2006-05-02,316.25785808153097
2006-05-03,313.1610880524956
2006-05-04,314.3166729323857
2006-05-05,316.62684090801605
2006-05-08,315.3428126399039
2006-05-09,320.26255908055964
2006-05-10,325.81269151405917
2006-05-11,331.890153915272
2006-05-12,328.2290143439863
2006-05-15,318.5779633051718
2006-05-16,320.66865942414626
2006-05-17,318.2440968872312
2006-05-18,316.7404417041744
2006-05-19,309.519886594022
2006-05-22,312.278668135959
2006-05-23,320.02635229930013
2006-05-24,311.401024139561
2006-05-25,314.4226277444262
2006-05-26,318.1908503481759
2006-05-30,317.1004121138195
2006-05-31,313.655752413999
2006-06-01,310.65895773829874
2006-06-02,317.7374079103833
2006-06-05,316.33526466075466
2006-06-06,311.3762988528363
2006-06-07,310.79907604562106
2006-06-08,304.96816012293516
2006-06-09,304.3488176843164
2006-06-12,302.9740357263533
2006-06-13,294.0322917618046
2006-06-14,295.070092200435
2006-06-15,301.252320683854
2006-06-16,303.3805145647585
2006-06-19,297.7259357442639
2006-06-20,296.7935090646005
2006-06-21,299.5775950134735
2006-06-22,298.2193187377934
2006-06-23,296.98586348899295
2006-06-26,299.39641510944364
2006-06-27,298.86546437593836
2006-06-28,299.6007543164663
2006-06-29,304.0271894035826
2006-06-30,308.79747120615014
2006-07-03,310.2750872614166
2006-07-05,311.24664333401785
2006-07-06,315.9532992958894
2006-07-07,312.11876843508566
2006-07-10,312.1224177049257
2006-07-11,316.2595684718211
2006-07-12,318.0762502717118
2006-07-13,319.3579209472926
2006-07-14,321.33644416672445
2006-07-17,313.2094873908192
2006-07-18,308.01493701257596
2006-07-19,309.58748808309286
2006-07-20,306.977082080257
2006-07-21,305.43089266133234
2006-07-24,308.5033553218696
2006-07-25,307.9873602016305
2006-07-26,308.23799773151086
2006-07-27,310.6116981219348
2006-07-28,311.8784855630169
2006-07-31,318.5622972728862
2006-08-01,317.52313475793085
2006-08-02,321.3737194457028
2006-08-03,315.61682055773923
2006-08-04,317.8261548275938
2006-08-07,317.4270286607496
2006-08-08,316.3166027925926
2006-08-09,320.43004316207737
2006-08-10,315.60398849684736
2006-08-11,311.0864127627117
2006-08-14,308.0696892585116
2006-08-15,308.58074528615214
2006-08-16,308.52310306077504
2006-08-17,303.18649951563174
2006-08-18,304.7482592256331
2006-08-21,307.89869259307227
2006-08-22,309.61635124260334
2006-08-23,308.1768410025429
2006-08-24,309.5269866644001
2006-08-25,310.03727966546836
2006-08-28,306.40018919964575
2006-08-29,303.5195602111104
2006-08-30,303.44264350288296
2006-08-31,307.10921440088316
2006-09-01,304.34690403755116
2006-09-05,306.81334981548326
2006-09-06,306.54889325071235
2006-09-07,304.0432527988713
2006-09-08,300.3634059293037
2006-09-11,292.66448826498197
2006-09-12,290.95869394932976
2006-09-13,290.4096264169627
2006-09-14,285.7866242827822
2006-09-15,283.5153562150301
2006-09-18,286.88552774532883
2006-09-19,283.92195438973624
2006-09-20,282.1120028457896
2006-09-21,286.1881216683942
2006-09-22,284.0028059637928
2006-09-25,283.40457517359874
2006-09-26,284.8378948218219
2006-09-27,286.2590560205696
2006-09-28,288.05216960123164
2006-09-29,288.5563195409919
2006-10-02,286.40291961336993
2006-10-03,281.6574296789984
2006-10-04,283.1501438556711
2006-10-05,287.9254925165755
2006-10-06,289.57535666114325
2006-10-09,294.0864876098516
2006-10-10,291.00605931377277
2006-10-11,292.1632007686431
2006-10-12,292.97963533320825
2006-10-13,296.9266898125542
2006-10-16,303.4260011008293
2006-10-17,301.6671043535853
2006-10-18,299.3396899521655
2006-10-19,302.4720388434234
2006-10-20,300.9163387086256
2006-10-23,301.28910388462435
2006-10-24,302.6883715080546
2006-10-25,306.7544234532488
2006-10-26,306.2323688791486
2006-10-27,307.4519956341391
2006-10-30,302.9141451957987
2006-10-31,302.1913488268753
2006-11-01,303.528293028897
2006-11-02,306.00380323020266
2006-11-03,307.64489445129726
2006-11-06,308.5231974104838
2006-11-07,309.32754055268373
2006-11-08,309.2981017495607
2006-11-09,312.7078809102948
2006-11-10,305.1859654491883
2006-11-13,303.48785144005967
2006-11-14,304.56430869458006
2006-11-15,306.26921696196763
2006-11-16,301.6998155967876
2006-11-17,302.6892317701077
2006-11-20,304.1673925096463
2006-11-21,308.4584575934187
2006-11-22,306.7292512390148
2006-11-27,313.2775434899123
2006-11-28,313.00806279561584
2006-11-29,314.90747299056824
2006-11-30,318.61859418120343
2006-12-01,317.5440326709879
2006-12-04,312.0046392030923
2006-12-05,313.4842992251871
2006-12-06,309.00827357264154
2006-12-07,308.79139142040947
2006-12-08,307.83335343420606
2006-12-11,307.83617934563796
2006-12-12,306.3710023221325
2006-12-13,306.6613361890736
2006-12-14,309.11796741994124
2006-12-15,306.71885910305997
2006-12-18,303.5883577503726
2006-12-19,305.38057546836296
2006-12-20,303.66197793794527
2006-12-21,302.4113825431846
2006-12-22,303.6409972562172
2006-12-26,302.37913327902766
2006-12-27,302.43773474431947
2006-12-28,303.434595666446
2006-12-29,303.9264480330852
2007-01-03,294.2409173776126
2007-01-04,290.7142067230135
2007-01-05,288.47564181522824
2007-01-08,286.9120842198721
2007-01-09,284.7965377138056
2007-01-10,287.4533259704358
2007-01-11,286.58743145236116
2007-01-12,291.68975586268704
2007-01-16,289.41815126257876
2007-01-17,290.0683262142158
2007-01-18,287.8488315221494
2007-01-19,293.4588909119769
2007-01-22,295.1478205024724
2007-01-23,301.76261599196664
2007-01-24,300.15330215304175
2007-01-25,297.29845347198767
2007-01-26,299.504028615636
2007-01-29,294.153215051294
2007-01-30,301.72301009787344
2007-01-31,304.3372330623972
2007-02-01,302.0575557953189
2007-02-02,302.6439554770483
2007-02-05,303.1736787544865
2007-02-06,303.43970947371497
2007-02-07,301.7158397498511
2007-02-08,305.1865099855822
2007-02-09,307.1282880728315
2007-02-12,300.71536858537354
2007-02-13,305.96473210962057
2007-02-14,304.18087184887406
2007-02-15,306.1882441042557
2007-02-16,309.04317018718643
2007-02-20,306.983579948525
2007-02-21,312.0427402554042
2007-02-22,316.4203695174102
2007-02-23,318.6914221509091
2007-02-26,318.9650866400155
2007-02-27,316.2281667217003
2007-02-28,314.5090947426501
2007-03-01,312.26504346985126
2007-03-02,309.2379619729557
2007-03-05,305.3465538184
2007-03-06,308.23425686722015
2007-03-07,311.4707497397313
2007-03-08,312.393943527697
2007-03-09,309.09481628871765
2007-03-12,308.04708570192685
2007-03-13,306.0389418767886
2007-03-14,306.2556825784356
2007-03-15,306.98092440482037
2007-03-16,307.3339621660555
2007-03-19,307.07882621766885
2007-03-20,307.25341453258244
2007-03-21,308.3391801659676
2007-03-22,313.06326858050096
2007-03-23,311.77240073330125
2007-03-26,312.7251334448164
2007-03-27,313.07268285788996
2007-03-28,315.39929188403846
2007-03-29,318.2012615965219
2007-03-30,317.58751622912695
2007-04-02,316.72981779718623
2007-04-03,315.61497407657356
2007-04-04,319.5056276828213
2007-04-05,320.63635586941245
2007-04-09,318.3770661463499
2007-04-10,321.48616957549297
2007-04-11,321.5118843409717
2007-04-12,321.69296702462793
2007-04-13,322.5473198163605
2007-04-16,319.2460652383135
2007-04-17,318.5326038512062
2007-04-18,318.14822607414436
2007-04-19,317.72290203437746
2007-04-20,319.04531813894135
2007-04-23,321.31283772900406
2007-04-24,318.0442451304968
2007-04-25,322.1074949162126
2007-04-26,318.21103072210775
2007-04-27,321.6898071171693
2007-04-30,321.10548009807974
2007-05-01,320.9607233958454
2007-05-02,319.72732218811245
2007-05-03,322.2679583837676
2007-05-04,323.12132038278395
2007-05-07,320.7313189892892
2007-05-08,319.2166909676082
2007-05-09,318.83346651425285
2007-05-10,317.66094636503357
2007-05-11,322.0585238542102
2007-05-14,319.9795846959532
2007-05-15,321.7820194799215
2007-05-16,321.05740866153695
2007-05-17,322.34186096278313
2007-05-18,322.0268641755128
2007-05-21,324.96881764920016
2007-05-22,319.5591159094527
2007-05-23,319.0658567356783
2007-05-24,317.0677304182316
2007-05-25,320.64561676912837
2007-05-29,316.4542734487576
2007-05-30,319.03172461845986
2007-05-31,321.48399832083663
2007-06-01,323.9733045512997
2007-06-04,326.8876500236797
2007-06-05,325.552263103079
2007-06-06,323.60128666654214
2007-06-07,322.4209177078575
2007-06-08,316.4194262754404
2007-06-11,321.0360530755044
2007-06-12,319.27401576529115
2007-06-13,320.97799013915187
2007-06-14,325.93808643312747
2007-06-15,329.1290919969505
2007-06-18,328.4692074046637
2007-06-19,323.80128598848097
2007-06-20,323.8646762863389
2007-06-21,321.7310315001252
2007-06-22,318.973492036856
2007-06-25,317.84729201966127
2007-06-26,314.6708680211798
2007-06-27,315.51743299303246
2007-06-28,314.9559473135723
2007-06-29,316.98773702196286
2007-07-02,318.55382993107975
2007-07-03,317.91429821235675
2007-07-05,319.34562906067845
2007-07-06,320.8950267408882
2007-07-09,321.158379373062
2007-07-10,324.135912950792
2007-07-11,324.1682239216304
2007-07-12,324.64035022108175
2007-07-13,326.62290539135677
2007-07-16,320.25604742592964
2007-07-17,317.87082680181396
2007-07-18,323.5773830559509
2007-07-19,326.3478616261883
2007-07-20,324.94785441704744
2007-07-23,318.86398597264616
2007-07-24,317.53945887275006
2007-07-25,317.818241492692
2007-07-26,316.300535712852
2007-07-27,319.28304802191235
2007-07-30,321.526111760728
2007-07-31,323.4334881446463
2007-08-01,320.4427047219337
2007-08-02,319.69111809221687
2007-08-03,318.2650023517335
2007-08-06,314.417285129616
2007-08-07,315.08197171194536
2007-08-08,315.9480403152819
2007-08-09,314.58987187524247
2007-08-10,314.7997092231523
2007-08-13,315.869520364137
2007-08-14,315.2896094443792
2007-08-15,314.45699406243705
2007-08-16,303.87921083632096
2007-08-17,308.68738451892546
2007-08-20,303.998520672557
2007-08-21,302.8394804953509
2007-08-22,304.55148835813736
2007-08-23,306.8299066628728
2007-08-24,309.2732391126476
2007-08-27,308.5300143653795
2007-08-28,307.7325515184041
2007-08-29,309.46497046556897
2007-08-30,310.7597838030747
2007-08-31,311.6909641601973
2007-09-04,314.5087724428862
2007-09-05,314.33437939098934
2007-09-06,314.2590285056675
2007-09-07,314.82149880421645
2007-09-10,317.64795240202
2007-09-11,320.80271507373436
2007-09-12,325.0655145664532
2007-09-13,323.7262853388847
2007-09-14,324.8667385676685
2007-09-17,329.0917290710919
2007-09-18,330.2236458895787
2007-09-19,331.5834788620773
2007-09-20,334.22842028822214
2007-09-21,334.33784574080346
2007-09-24,335.559315402104
2007-09-25,333.48073576099097
2007-09-26,334.8207509731577
2007-09-27,339.24719854139255
2007-09-28,336.5302401420811
2007-10-01,336.26653671564605
2007-10-02,333.3047451538743
2007-10-03,333.5585790098081
2007-10-04,334.77963385376165
2007-10-05,332.011126864111
2007-10-08,325.2545253569815
2007-10-09,327.58898432141183
2007-10-10,331.606775389493
2007-10-11,335.02927719530703
2007-10-12,334.55868558514294
2007-10-15,338.4518169000153
2007-10-16,338.1505188959292
2007-10-17,337.689072694236
2007-10-18,340.8114852693306
2007-10-19,338.8042439515738
2007-10-22,335.6226761994705
2007-10-23,334.2970240910957
2007-10-24,334.09167482159654
2007-10-25,339.33875953647976
2007-10-26,342.00846641652504
2007-10-29,346.20008290292435
2007-10-30,341.77018847337047
2007-10-31,347.6921916122969
2007-11-01,345.8570580000271
2007-11-02,349.0443977201072
2007-11-05,345.4654603575102
2007-11-06,350.5300963204014
2007-11-07,348.2119485651837
2007-11-08,348.0498731234898
2007-11-09,349.9267236891722
2007-11-12,345.1946598574917
2007-11-13,341.8370587727954
2007-11-14,347.34860855902883
2007-11-15,342.2616223738078
2007-11-16,344.90331365541465
2007-11-19,341.5522999701504
2007-11-20,346.09275464272156
2007-11-21,345.2018519296393
2007-11-23,349.7777505765304
2007-11-26,349.401808776959
2007-11-27,344.2198641558765
2007-11-28,340.660834124722
2007-11-29,340.3725949471227
2007-11-30,336.69594952319824
2007-12-03,335.35756677642263
2007-12-04,335.4764481580001
2007-12-05,334.8542556316798
2007-12-06,338.4811042769928
2007-12-07,338.96013032437867
2007-12-10,338.7884982782798
2007-12-11,341.34933749142016
2007-12-12,348.4902710663615
2007-12-13,344.11471068228656
2007-12-14,343.55520582843775
2007-12-17,342.55229994342204
2007-12-18,341.8692542501064
2007-12-19,345.0442413987274
2007-12-20,343.99002314056867
2007-12-21,348.26664200106416
2007-12-24,348.2112168869217
2007-12-26,352.8344274441975
2007-12-27,353.23469959090266
2007-12-28,351.7580220383597
2007-12-31,352.1705558497344
2008-01-02,361.0060059512021
2008-01-03,363.6081352020415
2008-01-04,361.5838969720987
2008-01-07,357.55205317618305
2008-01-08,363.5117441878751
2008-01-09,362.0982948116071
2008-01-10,360.3398546075841
2008-01-11,362.52444562296773
2008-01-14,366.88925611774505
2008-01-15,362.26683223204515
2008-01-16,357.7475284806177
2008-01-17,357.8921831943683
2008-01-18,358.8427996766215
2008-01-22,353.4236001064629
2008-01-23,345.5204321651204
2008-01-24,353.5668025182082
2008-01-25,358.01569705051566
2008-01-28,361.25193149828806
2008-01-29,364.54391551331145
2008-01-30,364.6871270561223
2008-01-31,366.933256120917
2008-02-01,377.7568392208707
2008-02-04,366.0550445846909
2008-02-05,362.6367721146941
2008-02-06,364.024969653212
2008-02-07,368.1823703603677
2008-02-08,376.24376293182894
2008-02-11,377.8150703945139
2008-02-12,374.4627989052023
2008-02-13,374.5449350999892
2008-02-14,381.74153964445
2008-02-15,381.18899554048113
2008-02-19,392.07716400130425
2008-02-20,392.4010185769989
2008-02-21,394.8813782067217
2008-02-22,396.88065830035777
2008-02-25,399.37089435833315
2008-02-26,404.64532502203303
2008-02-27,406.4801452719537
2008-02-28,413.72108081680466
2008-02-29,411.9514809355353
2008-03-03,416.638339064323
2008-03-04,408.82667753373994
2008-03-05,418.7477773146444
2008-03-06,414.39401587928114
2008-03-07,411.101497817083
2008-03-10,411.49351328913014
2008-03-11,413.679548047074
2008-03-12,416.6441353778214
2008-03-13,432.1348733464987
2008-03-14,412.772881410054
2008-03-17,394.20853003660375
2008-03-18,402.03370533049707
2008-03-19,385.1991232867746
2008-03-20,377.44305037285307
2008-03-24,381.63188079169464
2008-03-25,388.89103109438673
2008-03-26,394.8904788368007
2008-03-27,397.76042467927937
2008-03-28,392.36347989240755
2008-03-31,385.71163024435106
2008-04-01,382.0164602383211
2008-04-02,388.6710355403359
2008-04-03,387.59730355521845
2008-04-04,391.73188253033845
2008-04-07,396.7803843614249
2008-04-08,393.96703834813445
2008-04-09,403.7825904824425
2008-04-10,403.2490914271449
2008-04-11,400.4767021652385
2008-04-14,403.01475071456554
2008-04-15,407.25716048187684
2008-04-16,411.6016437491935
2008-04-17,410.45918763096176
2008-04-18,410.31780681290195
2008-04-21,406.3979128475487
2008-04-22,412.08197575048916
2008-04-23,411.28191340661033
2008-04-24,405.15655670533846
2008-04-25,407.7892407338099
2008-04-28,409.7487739987972
2008-04-29,400.78170237462103
2008-04-30,399.4563605748199
2008-05-01,390.76439544509327
2008-05-02,398.6791961551572
2008-05-05,404.2303571054215
2008-05-06,407.5528869709035
2008-05-07,409.34171475770677
2008-05-08,410.32202561591464
2008-05-09,414.87857248642604
2008-05-12,412.1821100175999
2008-05-13,414.4054048858443
2008-05-14,411.96975064143135
2008-05-15,411.48890376708823
2008-05-16,414.64253774244435
2008-05-19,411.184934803258
2008-05-20,416.2162801779685
2008-05-21,422.5882799757749
2008-05-22,417.251749834092
2008-05-23,421.00901847851964
2008-05-27,415.75064028209033
2008-05-28,417.2250949350386
2008-05-29,404.7332239901458
2008-05-30,410.3750722853645
2008-06-02,413.72062046229104
2008-06-03,409.7674996658982
2008-06-04,408.5572232756863
2008-06-05,417.4044677231995
2008-06-06,429.2902572378782
2008-06-09,424.24973964309567
2008-06-10,421.16215358916077
2008-06-11,432.3904670910081
2008-06-12,433.2028712351882
2008-06-13,433.8576587950861
2008-06-16,437.67056404036634
2008-06-17,439.61632681098496
2008-06-18,444.886460462323
2008-06-19,437.321175076867
2008-06-20,441.9261292128078
2008-06-23,442.09846408868066
2008-06-24,439.84043148109254
2008-06-25,437.7735447591303
2008-06-26,448.9717519831572
2008-06-27,449.7093681344691
2008-06-30,447.4900253045149
2008-07-01,451.79479635839874
2008-07-02,457.177406098924
2008-07-03,456.908286112596
2008-07-07,445.2551584274527
2008-07-08,432.9420183001525
2008-07-09,433.702797930793
2008-07-10,441.8931895853378
2008-07-11,444.0924562106802
2008-07-14,441.37635380677784
2008-07-15,430.9891460867484
2008-07-16,427.1441422786231
2008-07-17,415.50374546874957
2008-07-18,410.3840245912088
2008-07-21,410.1563926239715
2008-07-22,403.5545751808148
2008-07-23,396.3777150943189
2008-07-24,393.04517084330735
2008-07-25,391.8520076003959
2008-07-28,394.0491099585871
2008-07-29,390.80530809953086
2008-07-30,396.18621311595797
2008-07-31,394.55541046607306
2008-08-01,393.1243965676008
2008-08-04,379.3554089247877
2008-08-05,376.2639365694108
2008-08-06,374.667466827147
2008-08-07,376.4907432686315
2008-08-08,364.29519934804154
2008-08-11,362.71931548246204
2008-08-12,360.7898370546716
2008-08-13,370.72858257591804
2008-08-14,367.0573537073515
2008-08-15,360.2914894967449
2008-08-18,362.5687071947992
2008-08-19,366.153932619876
2008-08-20,369.16062793146585
2008-08-21,382.123531484561
2008-08-22,371.52022780508986
2008-08-25,371.1822144224451
2008-08-26,373.17122838555514
2008-08-27,375.048273736163
2008-08-28,367.6803064903896
2008-08-29,365.80339601367734
2008-09-02,354.0444856810565
2008-09-03,351.9213892578838
2008-09-04,350.45291444374897
2008-09-05,344.1109625579176
2008-09-08,344.4187801847736
2008-09-09,339.1625268960599
2008-09-10,335.9482509338052
2008-09-11,333.5136412647282
2008-09-12,338.7852949872674
2008-09-15,332.49682988544447
2008-09-16,322.6694580560121
2008-09-17,333.8230435429892
2008-09-18,331.26020117893296
2008-09-19,338.07515007723043
2008-09-22,350.2877753396954
2008-09-23,345.76263513503795
2008-09-24,344.00850704644307
2008-09-25,345.6916097632817
2008-09-26,340.8501861276835
2008-09-29,323.03163039370827
2008-09-30,323.4885063854832
2008-10-01,322.9357128560857
2008-10-02,308.2657657299515
2008-10-03,306.6228569624862
2008-10-06,290.90857206512226
2008-10-07,293.30101550018577
2008-10-08,292.1610550082603
2008-10-09,292.2796085754146
2008-10-10,274.1566365203449
2008-10-13,281.7184655079529
2008-10-14,279.3683515845121
2008-10-15,267.356079791228
2008-10-16,261.2530548683308
2008-10-17,266.2426366351942
2008-10-20,267.2061164926817
2008-10-21,263.40839744358624
2008-10-22,252.00607596622015
2008-10-23,249.92229062160737
2008-10-24,243.42596547226395
2008-10-27,246.2223359846242
2008-10-28,247.0147660015324
2008-10-29,261.3709195383906
2008-10-30,253.2126265950092
2008-10-31,254.596344207358
2008-11-03,253.34852686384593
2008-11-04,265.51703025920585
2008-11-05,257.1152143938774
2008-11-06,248.05654761892825
2008-11-07,246.38282574470165
2008-11-10,251.91616140457805
2008-11-11,242.95824229672866
2008-11-12,237.49759218487415
2008-11-13,238.34251485307348
2008-11-14,239.4415595082248
2008-11-17,237.28922108466625
2008-11-18,236.06316235897214
2008-11-19,234.88683829317023
2008-11-20,226.61555415708943
2008-11-21,227.09799385907363
2008-11-24,238.54328408605897
2008-11-25,233.41393557504392
2008-11-26,239.37608979226565
2008-11-28,236.84103322146544
2008-12-01,227.98705493647233
2008-12-02,224.53192319960863
2008-12-03,221.32536560993276
2008-12-04,213.3511270426569
2008-12-05,204.6958414137036
2008-12-08,211.73633063302648
2008-12-09,209.8725955083662
2008-12-10,215.05698811188444
2008-12-11,220.55399259730564
2008-12-12,217.33773477970794
2008-12-15,217.33198963610164
2008-12-16,219.35810001027596
2008-12-17,219.8308524116511
2008-12-18,216.6338398320547
2008-12-19,214.70059920270964
2008-12-22,213.72628210301684
2008-12-23,215.02482788782845
2008-12-24,214.05051046582403
2008-12-26,217.19937664512923
2008-12-29,218.8761349449129
2008-12-30,218.92901101181468
2008-12-31,226.21558533036946
2009-01-02,231.15959701851972
2009-01-05,232.6074682112101
2009-01-06,238.207976866712
2009-01-07,229.46261894030778
2009-01-08,225.74716962540685
2009-01-09,228.19626749441989
2009-01-12,218.65938965301362
2009-01-13,218.92657090790317
2009-01-14,215.65894305061818
2009-01-15,214.94973743289648
2009-01-16,217.7060756892967
2009-01-20,212.99695646826257
2009-01-21,214.52608012651925
2009-01-22,212.81349409517705
2009-01-23,218.49292813056152
2009-01-26,220.44843962402422
2009-01-27,212.85285686956524
2009-01-28,214.67590348365283
2009-01-29,213.89435752236352
2009-01-30,214.0525218670242
2009-02-02,211.17558242474757
2009-02-03,211.83040143668688
2009-02-04,212.73785678675293
2009-02-05,215.6501255389002
2009-02-06,218.33474917062495
2009-02-09,217.70803169361523
2009-02-10,213.34745668461767
2009-02-11,211.94317498432218
2009-02-12,210.45382314262375
2009-02-13,208.73096892405778
2009-02-17,199.7768601863979
2009-02-18,197.9111112157761
2009-02-19,200.8198974298552
2009-02-20,198.55820666558617
2009-02-23,197.97941815535097
2009-02-24,200.57946700539645
2009-02-25,203.2258963457875
2009-02-26,205.91074330871132
2009-02-27,204.55983373449152
2009-03-02,196.86274575318646
2009-03-03,199.33722789701739
2009-03-04,206.15626403812405
2009-03-05,202.13556905210132
2009-03-06,204.27175846935256
2009-03-09,202.3413179345772
2009-03-10,202.20616213656717
2009-03-11,198.2028335229081
2009-03-12,204.82106241502737
2009-03-13,204.486751372362
2009-03-16,207.29313190451427
2009-03-17,208.98200054618852
2009-03-18,205.4899565315532
2009-03-19,217.1174538880259
2009-03-20,217.74651445219
2009-03-23,220.4466983364028
2009-03-24,218.97952813519456
2009-03-25,217.0257214902802
2009-03-26,217.94962376767236
2009-03-27,212.68860036103652
2009-03-30,206.84837925778572
2009-03-31,211.91915353735146
2009-04-01,209.8071521790983
2009-04-02,216.773594111666
2009-04-03,219.43927766564636
2009-04-06,215.83871696442637
2009-04-07,213.69562615953163
2009-04-08,214.9886234313612
2009-04-09,218.376151024613
2009-04-13,218.44518968778974
2009-04-14,218.81920353725513
2009-04-15,219.61964598769006
2009-04-16,218.6651316969108
2009-04-17,219.25892896587226
2009-04-20,211.64210009072727
2009-04-21,211.9309256644073
2009-04-22,212.36064263392683
2009-04-23,211.84019200711316
2009-04-24,214.35072583263803
2009-04-27,209.66599099450477
2009-04-28,207.5259734528744
2009-04-29,212.11576595041518
2009-04-30,213.46823659649806
2009-05-01,220.33857391931843
2009-05-04,223.44647555114534
2009-05-05,222.52325095117823
2009-05-06,228.74346404479903
2009-05-07,230.40160636227313
2009-05-08,233.2914062708482
2009-05-11,232.3506639991154
2009-05-12,234.026241221791
2009-05-13,231.12402251405598
2009-05-14,232.07729160856013
2009-05-15,227.24221617446312
2009-05-18,231.40056578646906
2009-05-19,231.43306357408613
2009-05-20,234.24197457212253
2009-05-21,230.7276288893256
2009-05-22,232.9573783831084
2009-05-26,234.29116640004827
2009-05-27,234.4973207135614
2009-05-28,237.71728623368733
2009-05-29,241.22493511131822
2009-06-01,249.36816974861213
2009-06-02,248.09701442965616
2009-06-03,239.8148342177154
2009-06-04,247.1612107757152
2009-06-05,245.34213555635665
2009-06-08,242.88187464024062
2009-06-09,247.620123319063
2009-06-10,247.731904998189
2009-06-11,253.17886288314205
2009-06-12,248.8860511763927
2009-06-15,243.36112259567156
2009-06-16,242.702316021546
2009-06-17,244.188845139033
2009-06-18,243.8100808985214
2009-06-19,240.85724985522887
2009-06-22,233.58670779268792
2009-06-23,237.15131577385313
2009-06-24,238.17454522698696
2009-06-25,241.07852346765208
2009-06-26,239.2997238789842
2009-06-29,241.04889674314887
2009-06-30,236.63220536269804
2009-07-01,238.68268939290877
2009-07-02,233.7056556160424
2009-07-06,228.08741542237874
2009-07-07,224.49899048589427
2009-07-08,218.6818801789526
2009-07-09,221.7076581066607
2009-07-10,220.13710074705907
2009-07-13,220.30467002738737
2009-07-14,223.24940829018107
2009-07-15,226.90102613605077
2009-07-16,228.58271199445
2009-07-17,232.31157519556908
2009-07-20,234.89132234429988
2009-07-21,233.44838274750416
2009-07-22,234.8792243946802
2009-07-23,237.78562427672023
2009-07-24,238.16586504351145
2009-07-27,238.930451824908
2009-07-28,236.6106927609592
2009-07-29,230.75443658823147
2009-07-30,239.80078743143358
2009-07-31,244.27560647025723
2009-08-03,253.49214226710245
2009-08-04,254.50597616322707
2009-08-05,256.72505164133975
2009-08-06,251.8594842386364
2009-08-07,251.55793943030383
2009-08-10,250.6826376851869
2009-08-11,248.84949555179236
2009-08-12,251.63835546188048
2009-08-13,252.95923816462556
2009-08-14,246.293249447778
2009-08-17,241.77313194721685
2009-08-18,243.55378685259205
2009-08-19,245.81726531031595
2009-08-20,243.3096810505686
2009-08-21,246.45008875552244
2009-08-24,248.69807815643247
2009-08-25,245.1685825900249
2009-08-26,244.38960827678224
2009-08-27,244.79081748246077
2009-08-28,246.95168006915233
2009-08-31,242.84814558067893
2009-09-01,238.53594688857638
2009-09-02,238.74000451477605
2009-09-03,238.760505041075
2009-09-04,237.46744075905514
2009-09-08,242.33849116857664
2009-09-09,242.16593255398476
2009-09-10,243.13696423851434
2009-09-11,239.13567191730473
2009-09-14,239.73961506234463
2009-09-15,244.5277379420237
2009-09-16,250.24093474462762
2009-09-17,249.09439563216017
2009-09-18,246.32306160559136
2009-09-21,241.8634125105905
2009-09-22,246.02543882215784
2009-09-23,243.66375547652748
2009-09-24,238.9200694541378
2009-09-25,238.32398709958298
2009-09-28,239.15552744628613
2009-09-29,239.77678797706173
2009-09-30,246.66494185007025
2009-10-01,242.34622899469005
2009-10-02,239.88782566667334
2009-10-05,242.5372830451597
2009-10-06,246.32251072343888
2009-10-07,245.66432415986162
2009-10-08,252.05560052151714
2009-10-09,249.5563785436314
2009-10-12,254.67071033672372
2009-10-13,253.85605301484725
2009-10-14,255.16074617141422
2009-10-15,257.5568753154339
2009-10-16,259.4971338568554
2009-10-19,263.8407131252144
2009-10-20,262.43891822183076
2009-10-21,268.35710616775043
2009-10-22,266.4855915537597
2009-10-23,265.2902487990769
2009-10-26,261.08261320749045
2009-10-27,260.56480280114266
2009-10-28,254.4063517110335
2009-10-29,260.3723576384798
2009-10-30,254.7525521461208
2009-11-02,257.2527258933411
2009-11-03,260.0457038772933
2009-11-04,260.57977887303565
2009-11-05,258.33441307710854
2009-11-06,253.89905194521668
2009-11-09,257.9918291265233
2009-11-10,256.31064903168027
2009-11-11,257.7430576558686
2009-11-12,253.9999928734189
2009-11-13,254.39660697362078
2009-11-16,262.9136274033577
2009-11-17,263.55775289031567
2009-11-18,262.9740199255165
2009-11-19,260.2706097215424
2009-11-20,260.6352835361858
2009-11-23,261.34647110230236
2009-11-24,258.8176838035237
2009-11-25,265.15782167179214
2009-11-27,261.44783173516674
2009-11-30,263.70862609894573
2009-12-01,265.79844490191584
2009-12-02,263.99357635403885
2009-12-03,262.9991906368768
2009-12-04,260.41801913906335
2009-12-07,260.3339372411208
2009-12-08,258.37124198285915
2009-12-09,254.23402870766284
2009-12-10,255.82667211238618
2009-12-11,257.2589077775479
2009-12-14,259.75840888719716
2009-12-15,260.2785427868139
2009-12-16,264.1602064756529
2009-12-17,260.9553438692352
2009-12-18,261.77553089883594
2009-12-21,260.7122043238006
2009-12-22,260.54657717972833
2009-12-23,265.2768595272982
2009-12-24,266.6811267340209
2009-12-28,270.5796798816289
2009-12-29,269.79337390239016
2009-12-30,269.4730750741664
2009-12-31,268.92296278797636
2010-01-04,274.940296964487
2010-01-05,274.57481788412184
2010-01-06,280.2110691744361
2010-01-07,275.993580479531
2010-01-08,275.1537425807737
2010-01-11,274.3774985753953
2010-01-12,268.8955495399871
2010-01-13,270.4869919436268
2010-01-14,269.44837793879503
2010-01-15,266.80078934200355
2010-01-19,267.57050080573134
2010-01-20,263.39433093350834
2010-01-21,262.0395458677
2010-01-22,260.6380503284175
2010-01-25,261.0510290343322
2010-01-26,258.1474845139613
2010-01-27,252.97485003572308
2010-01-28,251.28201187885088
2010-01-29,249.34745009177576
2010-02-01,252.45831901696783
2010-02-02,256.9834232147263
2010-02-03,253.4606086345807
2010-02-04,247.9794398161322
2010-02-05,244.5359336509919
2010-02-08,247.28517971228862
2010-02-09,249.88982154805308
2010-02-10,250.98078003852572
2010-02-11,254.44428356635518
2010-02-12,253.12006319012195
2010-02-16,259.56089375899137
2010-02-17,258.7833163243228
2010-02-18,259.30821713705257
2010-02-19,260.54236576830544
2010-02-22,259.641646306874
2010-02-23,255.55567108721414
2010-02-24,257.6683911852926
2010-02-25,254.35954058897008
2010-02-26,258.6040455782697
2010-03-01,256.92802634101304
2010-03-02,259.6759070168213
2010-03-03,262.5155116357014
2010-03-04,258.8272958031349
2010-03-05,260.2481002214966
2010-03-08,259.9481471768252
2010-03-09,258.8049516612034
2010-03-10,258.1869152824204
2010-03-11,256.40363349313884
2010-03-12,255.93702664747283
2010-03-15,253.83891993780864
2010-03-16,256.82261455669953
2010-03-17,259.33960841491387
2010-03-18,258.09485731790767
2010-03-19,255.8243372213645
2010-03-22,255.22804142099966
2010-03-23,254.69038577785423
2010-03-24,252.3692704320135
2010-03-25,250.84485465436583
2010-03-26,250.6528958371337
2010-03-29,255.23462049073467
2010-03-30,256.398175685304
2010-03-31,255.39013515400174
2010-04-01,258.68493697867774
2010-04-05,261.7419816167183
2010-04-06,261.0893193011458
2010-04-07,261.0654653525803
2010-04-08,258.86794918118113
2010-04-09,260.3871791765738
2010-04-12,260.23473541236325
2010-04-13,261.5348285590369
2010-04-14,263.93312581013737
2010-04-15,264.30151643935926
2010-04-16,261.164800233007
2010-04-19,257.51279074481334
2010-04-20,259.92937847740166
2010-04-21,260.905154777735
2010-04-22,261.650419874714
2010-04-23,262.95430727175057
2010-04-26,262.39363430005255
2010-04-27,257.75980176705986
2010-04-28,258.7932935325467
2010-04-29,258.035157428993
2010-04-30,260.3549403426033
2010-05-03,261.0342350873951
2010-05-04,255.2943934875834
2010-05-05,251.61806770234224
2010-05-06,248.00562099891405
2010-05-07,248.6819455559508
2010-05-10,251.72569782454147
2010-05-11,251.8615296759036
2010-05-12,253.77059043093624
2010-05-13,253.14859807757725
2010-05-14,247.1083678984337
2010-05-17,241.8136424689271
2010-05-18,243.10506906724245
2010-05-19,239.81215103969436
2010-05-20,237.76527238289944
2010-05-21,238.4227354704971
2010-05-24,239.8901242061005
2010-05-25,236.5877789304073
2010-05-26,240.34549063568807
2010-05-27,244.8217516550139
2010-05-28,242.32921716019408
2010-06-01,239.62397136101546
2010-06-02,239.6065985831632
2010-06-03,240.94377065405212
2010-06-04,235.88047296846148
2010-06-07,236.41788384097762
2010-06-08,237.4308848858608
2010-06-09,239.0031896816961
2010-06-10,240.05482762598302
2010-06-11,241.75759181058245
2010-06-14,245.81532570952547
2010-06-15,248.96108862883685
2010-06-16,248.9416796098214
2010-06-17,249.0224064595565
2010-06-18,248.3158174172545
2010-06-21,248.20666237762924
2010-06-22,247.08859747879276
2010-06-23,244.69593921398774
2010-06-24,245.71941322077296
2010-06-25,248.89858739007465
2010-06-28,246.68544930386832
2010-06-29,240.15858604852184
2010-06-30,243.09637408296143
2010-07-01,241.08392630715625
2010-07-02,239.69700176640595
2010-07-06,239.67976987961524
2010-07-07,243.3202288080578
2010-07-08,244.27337998355387
2010-07-09,245.42103086808277
2010-07-12,243.144001006281
2010-07-13,245.7706402596781
2010-07-14,246.05083825527166
2010-07-15,249.24534399569828
2010-07-16,246.61569057760912
2010-07-19,245.61737114221748
2010-07-20,246.54240082968215
2010-07-21,247.3628458087862
2010-07-22,251.9085038771291
2010-07-23,251.14877296852134
2010-07-26,250.89887366327397
2010-07-27,249.00677248985392
2010-07-28,251.21154461063702
2010-07-29,254.86255836241662
2010-07-30,259.5626555360789
2010-08-02,262.1709883487367
2010-08-03,261.6441284071902
2010-08-04,264.90085374284286
2010-08-05,264.60398548560903
2010-08-06,261.63287654051
2010-08-09,260.99839414527946
2010-08-10,258.39059389482617
2010-08-11,255.81273355968213
2010-08-12,256.7477751123273
2010-08-13,256.70091223075116
2010-08-16,255.30755671604751
2010-08-17,257.1661444911786
2010-08-18,257.0153063994337
2010-08-19,255.47105525688946
2010-08-20,254.0528585340918
2010-08-23,253.2842032050322
2010-08-24,250.09795130705606
2010-08-25,249.00866274645873
2010-08-26,251.67430295727448
2010-08-27,254.44240842068288
2010-08-30,255.55945884085293
2010-08-31,252.95400662091959
2010-09-01,256.1395501698974
2010-09-02,258.26017605649605
2010-09-03,261.0315226674793
2010-09-07,261.84609509216415
2010-09-08,261.8795452262744
2010-09-09,261.1621692800381
2010-09-10,262.2538261440252
2010-09-13,264.6376457660929
2010-09-14,266.78354716281194
2010-09-15,266.11197765725416
2010-09-16,265.8010562866511
2010-09-17,267.67065873870257
2010-09-20,267.2595702958011
2010-09-21,265.4288923292511
2010-09-22,266.93197213750204
2010-09-23,267.94362062560475
2010-09-24,271.181265764736
2010-09-27,270.38474011670337
2010-09-28,270.1279788877079
2010-09-29,271.1219309132713
2010-09-30,271.31815029080497
2010-10-01,269.07948980251575
2010-10-04,267.8013425462198
2010-10-05,272.6467428708467
2010-10-06,273.5267810695586
2010-10-07,270.5487385538104
2010-10-08,279.25657878963807
2010-10-11,280.634469124374
2010-10-12,282.42953635464687
2010-10-13,283.97936274898194
2010-10-14,284.1522374646507
2010-10-15,281.73931170532654
2010-10-18,282.7790145607127
2010-10-19,277.4711637876291
2010-10-20,282.95707511987007
2010-10-21,279.41249153354056
2010-10-22,280.123629595432
2010-10-25,282.8846622801715
2010-10-26,284.46047920952645
2010-10-27,282.41410858481345
2010-10-28,284.04906714744374
2010-10-29,284.836529969313
2010-11-01,284.85628388760745
2010-11-02,287.0318706846783
2010-11-03,286.5734877452644
2010-11-04,294.29791591991733
2010-11-05,296.339870367608
2010-11-08,297.4736271883415
2010-11-09,301.49029164403515
2010-11-10,298.2254994610909
2010-11-11,297.3573563511745
2010-11-12,285.8711046312633
2010-11-15,287.9383371635262
2010-11-16,276.8791126415579
2010-11-17,276.82914382958853
2010-11-18,283.48003869736453
2010-11-19,280.66519999923844
2010-11-22,280.46716688170335
2010-11-23,280.72985342229737
2010-11-24,284.52275885516724
2010-11-26,283.0722232430689
2010-11-29,283.79604754573774
2010-11-30,283.82550905255073
2010-12-01,291.55112039400626
2010-12-02,293.6800157196691
2010-12-03,297.52493535836055
2010-12-06,298.30229109264377
2010-12-07,297.0663223575321
2010-12-08,298.2995475054474
2010-12-09,297.6297093714643
2010-12-10,296.7783732517744
2010-12-13,301.75514477523467
2010-12-14,300.7380828833837
2010-12-15,299.09037850474937
2010-12-16,296.9612443719164
2010-12-17,300.20213859349536
2010-12-20,303.6492150174307
2010-12-21,305.3624154452523
2010-12-22,306.96556059385483
2010-12-23,307.37377669565075
2010-12-27,307.7044943283786
2010-12-28,310.65461659264304
2010-12-29,310.79099384334086
2010-12-30,308.9272539888659
2010-12-31,314.1579579452543
2011-01-03,314.2583092609561
2011-01-04,309.5556872706241
2011-01-05,310.9436678738238
2011-01-06,307.4248173862522
2011-01-07,305.3941598278575
2011-01-10,307.03751002213073
2011-01-11,310.2615905953982
2011-01-12,314.5874847936414
2011-01-13,313.1773243538222
2011-01-14,312.77942425892803
2011-01-18,313.56321685186026
2011-01-19,313.08824460309506
2011-01-20,311.4232355154475
2011-01-21,313.25145092936685
2011-01-24,311.24797874877294
2011-01-25,305.915393371256
2011-01-26,310.4940981925435
2011-01-27,308.5165703475124
2011-01-28,312.05787030105984
2011-01-31,317.30270807002665
2011-02-01,318.43373606701425
2011-02-02,319.8948538424213
2011-02-03,317.8016831520943
2011-02-04,317.2660177200466
2011-02-07,314.91599346319595
2011-02-08,315.14031087853846
2011-02-09,316.9374771827635
2011-02-10,315.89055309345616
2011-02-11,314.3355235845464
2011-02-14,315.33722593878343
2011-02-15,312.76210170298714
2011-02-16,312.9095507031378
2011-02-17,315.47692714571684
2011-02-18,315.35073639351896
2011-02-22,313.20384370574
2011-02-23,316.3025059453868
2011-02-24,314.1419162477341
2011-02-25,319.9229558659149
2011-02-28,321.4803713835079
2011-03-01,323.10817223594245
2011-03-02,324.84034969833
2011-03-03,325.57048091945336
2011-03-04,327.5537190073206
2011-03-07,325.95787031690094
2011-03-08,323.93830679149187
2011-03-09,322.5985627301017
2011-03-10,318.1076350537757
2011-03-11,316.0842894256601
2011-03-14,315.6759709379957
2011-03-15,304.91390201015946
2011-03-16,305.31741918634276
2011-03-17,315.1850832553477
2011-03-18,318.9122299697455
2011-03-21,320.30442340903465
2011-03-22,322.7768403283706
2011-03-23,324.28631805831765
2011-03-24,325.76013591700337
2011-03-25,326.5175945287052
2011-03-28,322.43113691826596
2011-03-29,322.29108964644405
2011-03-30,322.3437778798485
2011-03-31,328.1136939099973
2011-04-01,329.0003064923335
2011-04-04,330.6179430529685
2011-04-05,331.38704014022215
2011-04-06,331.75537194776854
2011-04-07,331.68481331609456
2011-04-08,336.4832453886259
2011-04-11,334.5114212348184
2011-04-12,327.5064237503876
2011-04-13,327.8116650807567
2011-04-14,328.7766016183831
2011-04-15,330.26493681468133
2011-04-18,328.631997138062
2011-04-19,330.5340109751138
2011-04-20,334.2262554924118
2011-04-21,337.14257252209444
2011-04-25,337.72914488774103
2011-04-26,336.1428427477674
2011-04-27,334.9702091027189
2011-04-28,334.8234067557456
2011-04-29,339.47264449475296
2011-05-02,337.09624898021883
2011-05-03,333.2227174294121
2011-05-04,326.8705178864413
2011-05-05,311.60409882725617
2011-05-06,308.67176121337343
2011-05-09,314.60222558592255
2011-05-10,318.5375657763199
2011-05-11,308.96768478093946
2011-05-12,309.38902934870174
2011-05-13,309.32154283990087
2011-05-16,308.12970361378655
2011-05-17,307.52692806304304
2011-05-18,315.2057416206897
2011-05-19,311.29014834902546
2011-05-20,314.18591651750717
2011-05-23,311.09845042244245
2011-05-24,312.525519384725
2011-05-25,317.01696065311916
2011-05-26,316.385868035408
2011-05-27,319.98370869601564
2011-05-31,322.2970150052921
2011-06-01,319.2847489623071
2011-06-02,320.6218626374961
2011-06-03,321.0278710701253
2011-06-06,318.72318327999363
2011-06-07,319.8182652032235
2011-06-08,321.69783746984956
2011-06-09,322.6917136135939
2011-06-10,320.4788092338259
2011-06-13,316.770006436392
2011-06-14,317.8741218016038
2011-06-15,312.198939604987
2011-06-16,309.4340669432867
2011-06-17,307.70733791370486
2011-06-20,307.5474740402161
2011-06-21,309.8541774546914
2011-06-22,308.8197026052203
2011-06-23,301.8384528989611
2011-06-24,300.9535710686487
2011-06-27,299.31418360111985
2011-06-28,304.2506026708273
2011-06-29,307.7602815195794
2011-06-30,306.03554828537807
2011-07-01,303.5809576788363
2011-07-05,308.5487561956186
2011-07-06,307.180959084849
2011-07-07,311.75815180210924
2011-07-08,311.25328942731994
2011-07-11,309.6473794586293
2011-07-12,313.45891454627537
2011-07-13,318.6720683339518
2011-07-14,316.1634141925157
2011-07-15,318.44208867497616
2011-07-18,317.4729578760556
2011-07-19,319.3673444543712
2011-07-20,318.4117557196142
2011-07-21,316.53341093496573
2011-07-22,319.8611488922368
2011-07-25,318.54229726479514
2011-07-26,320.9231599448988
2011-07-27,319.3837354768594
2011-07-28,317.4939468802742
2011-07-29,315.0991480637866
2011-08-01,314.4614263945855
2011-08-02,316.32926088483606
2011-08-03,313.13937330346045
2011-08-04,304.4132609601422
2011-08-05,302.20187240083015
2011-08-08,296.22185802283656
2011-08-09,295.7848237192819
2011-08-10,299.54769051727783
2011-08-11,304.41074364345286
2011-08-12,303.90916325159145
2011-08-15,306.54690243611424
2011-08-16,306.52276036273497
2011-08-17,309.08057293982097
2011-08-18,304.02247626412804
2011-08-19,307.72646282521106
2011-08-22,309.425758349039
2011-08-23,310.98841903773206
2011-08-24,306.50821198864764
2011-08-25,308.26775911142954
2011-08-26,311.8656960853957
2011-08-29,312.38946363054373
2011-08-30,316.30118746648515
2011-08-31,318.23517959594716
2011-09-01,315.2908599429586
2011-09-02,314.5238732484804
2011-09-06,312.566448643512
2011-09-07,314.0512465558885
2011-09-08,314.97356885153613
2011-09-09,310.82112823614705
2011-09-12,309.1405250961091
2011-09-13,310.0310447832183
2011-09-14,309.03846082965896
2011-09-15,306.32689056304974
2011-09-16,304.7800185352331
2011-09-19,299.42068056384517
2011-09-20,300.4720276396402
2011-09-21,298.0379842311442
2011-09-22,284.9031354496135
2011-09-23,276.9236970634466
2011-09-26,277.2653433561774
2011-09-27,284.6467324849017
2011-09-28,277.2076960348607
2011-09-29,278.6076548528049
2011-09-30,271.341244644763
2011-10-03,271.5278357537781
2011-10-04,267.763214240543
2011-10-05,271.7282539977807
2011-10-06,276.3526750390355
2011-10-07,274.45761762780603
2011-10-10,279.30770498681494
2011-10-11,282.37957754383
2011-10-12,282.6930819872138
2011-10-13,281.7226617050043
2011-10-14,286.83956618925816
2011-10-17,284.80087767302973
2011-10-18,284.2782216985069
2011-10-19,280.49768811090394
2011-10-20,277.6214958896994
2011-10-21,280.52802039277424
2011-10-24,286.06016566349297
2011-10-25,287.828306421535
2011-10-26,284.9532740860603
2011-10-27,291.9635374463354
2011-10-28,292.0000385114819
2011-10-31,289.2971391231009
2011-11-01,284.95109730248294
2011-11-02,285.5871212805873
2011-11-03,289.37259780274303
2011-11-04,289.30762626180217
2011-11-07,289.6825679194073
2011-11-08,291.6799440818424
2011-11-09,287.74981216390483
2011-11-10,286.72508179007895
2011-11-11,288.23628922041405
2011-11-14,286.21773686995834
2011-11-15,288.25465343564287
2011-11-16,288.7321710970408
2011-11-17,281.5319992111141
2011-11-18,280.4341084466437
2011-11-21,276.9214309379865
2011-11-22,279.3510924796431
2011-11-23,275.6533043579156
2011-11-25,274.3152284313968
2011-11-28,276.80502763470054
2011-11-29,279.4824239760664
2011-11-30,282.8766941548778
2011-12-01,282.3672724710772
2011-12-02,283.1263101795895
2011-12-05,281.6110609798446
2011-12-06,282.26392719413604
2011-12-07,279.87608649460816
2011-12-08,277.6897200429413
2011-12-09,276.7309775248387
2011-12-12,272.4421831491225
2011-12-13,274.13648783812914
2011-12-14,264.24160561496547
2011-12-15,263.72626036952363
2011-12-16,265.1623815993301
2011-12-19,265.65983283719754
2011-12-20,270.1244745803667
2011-12-21,271.6900764612217
2011-12-22,273.0576870960439
2011-12-23,273.274893686453
2011-12-27,275.07855195647227
2011-12-28,272.3014931475021
2011-12-29,270.91444175981655
2011-12-30,272.27334426910176
2012-01-03,279.00551687276544
2012-01-04,279.65553740348275
2012-01-05,275.4765214198379
2012-01-06,275.8922177721808
2012-01-09,276.9255877758526
2012-01-10,279.1123244625659
2012-01-11,277.0955980891796
2012-01-12,274.0688317334759
2012-01-13,271.9364157249534
2012-01-17,273.82404947807413
2012-01-18,273.1850524651241
2012-01-19,274.0272007148427
2012-01-20,273.36320441661655
2012-01-23,277.7908733437946
2012-01-24,278.67516984748033
2012-01-25,281.80089307059814
2012-01-26,283.06581641895093
2012-01-27,283.77997453356045
2012-01-30,280.7445450429063
2012-01-31,279.00654523490357
2012-02-01,279.32592288910473
2012-02-02,279.58397618847425
2012-02-03,281.6953746469302
2012-02-06,282.27770905702357
2012-02-07,282.66298992895236
2012-02-08,282.3638315326293
2012-02-09,283.6377527857586
2012-02-10,280.42747760916484
2012-02-13,281.19421791072045
2012-02-14,280.49150040510125
2012-02-15,280.0745970344418
2012-02-16,281.0575433820311
2012-02-17,282.11575911816385
2012-02-21,285.9167709602462
2012-02-22,287.02538818724815
2012-02-23,287.59947143874626
2012-02-24,289.0786807775891
2012-02-27,288.4865776629854
2012-02-28,287.85454005801245
2012-02-29,286.53610865224147
2012-03-01,287.5505676554402
2012-03-02,285.8711644888935
2012-03-05,283.3416424584037
2012-03-06,278.643966471074
2012-03-07,278.1459911997954
2012-03-08,279.15120481470996
2012-03-09,281.43495196924846
2012-03-12,280.42500943667517
2012-03-13,282.56999040410255
2012-03-14,279.9548824945877
2012-03-15,281.78760152319643
2012-03-16,283.04066279004604
2012-03-19,283.52909462607835
2012-03-20,279.37411718951364
2012-03-21,279.4288705267832
2012-03-22,276.6815795262156
2012-03-23,278.85126909455977
2012-03-26,279.6472199705373
2012-03-27,278.7412393234058
2012-03-28,275.3085416955715
2012-03-29,270.8882103873182
2012-03-30,274.67978220451414
2012-04-02,278.28916862676596
2012-04-03,277.96770091549143
2012-04-04,272.6543545356905
2012-04-05,274.2224643895908
2012-04-09,273.253868601978
2012-04-10,269.8058951153668
2012-04-11,270.2777701211573
2012-04-12,273.62481133498403
2012-04-13,269.96381795347963
2012-04-16,267.6047390734182
2012-04-17,268.0232729434809
2012-04-18,265.524306427704
2012-04-19,266.2125777677522
2012-04-20,267.52436684443575
2012-04-23,266.96528107118087
2012-04-24,267.40787547796907
2012-04-25,268.69356509841623
2012-04-26,270.160067373232
2012-04-27,272.24158617825725
2012-04-30,273.5147765092664
2012-05-01,273.97777959839937
2012-05-02,269.47862098978936
2012-05-03,267.88700505853905
2012-05-04,265.47414348229717
2012-05-07,265.8152549925709
2012-05-08,263.80640155279514
2012-05-09,263.0988186502376
2012-05-10,263.3014751677219
2012-05-11,260.86631188310264
2012-05-14,257.70570572757583
2012-05-15,259.1775125962533
2012-05-16,260.0297018909774
2012-05-17,261.43822388141837
2012-05-18,263.2841145599049
2012-05-21,262.7440411517369
2012-05-22,260.2781802395583
2012-05-23,256.2346669618607
2012-05-24,256.2971442848403
2012-05-25,256.73102676445285
2012-05-29,253.86252943134733
2012-05-30,250.55774641300084
2012-05-31,248.53546592355943
2012-06-01,245.50323560797844
2012-06-04,246.93067307374156
2012-06-05,247.16261133514604
2012-06-06,250.5838760770084
2012-06-07,250.21509248794388
2012-06-08,249.36018017914066
2012-06-11,248.45720054911303
2012-06-12,248.1849179222292
2012-06-13,246.54116616986892
2012-06-14,249.41494638572058
2012-06-15,249.33854008972958
2012-06-18,251.9262002704541
2012-06-19,254.48634194217172
2012-06-20,252.47754063464055
2012-06-21,247.4935563475245
2012-06-22,248.34499342695233
2012-06-25,252.77988284623962
2012-06-26,254.08361277254113
2012-06-27,255.5258232562065
2012-06-28,252.6569318246488
2012-06-29,262.18674200216367
2012-07-02,262.67846180471304
2012-07-03,269.72604149926985
2012-07-05,271.2327416808996
2012-07-06,265.0242148152601
2012-07-09,270.35990088703204
2012-07-10,266.2154468483646
2012-07-11,267.91302219448426
2012-07-12,268.7303044399758
2012-07-13,271.7229837099717
2012-07-16,274.3797088630984
2012-07-17,273.8670817471564
2012-07-18,277.5498032335838
2012-07-19,282.37773490789493
2012-07-20,283.0546041633252
2012-07-23,278.1888385573101
2012-07-24,275.1601446351618
2012-07-25,276.745180301805
2012-07-26,275.75281378710775
2012-07-27,277.7998980379316
2012-07-30,281.9529080690303
2012-07-31,279.14321266250136
2012-08-01,277.61439456581337
2012-08-02,272.49998973396055
2012-08-03,276.7347794275055
2012-08-06,276.91257572239203
2012-08-07,278.15365160970975
2012-08-08,278.8096540784816
2012-08-09,280.2555224645079
2012-08-10,277.2768393337518
2012-08-13,274.2752855776416
2012-08-14,274.6445172773907
2012-08-15,275.4869048463436
2012-08-16,276.35073596935723
2012-08-17,277.1149071212143
2012-08-20,278.9963940105702
2012-08-21,282.3688941482332
2012-08-22,282.93368101381384
2012-08-23,282.6611420584597
2012-08-24,281.4618086762413
2012-08-27,280.1724817393354
2012-08-28,279.62618302727515
2012-08-29,281.2133179737729
2012-08-30,280.850282852686
2012-08-31,282.7653455582098
2012-09-04,283.810457076626
2012-09-05,282.04210152000235
2012-09-06,282.7043093518079
2012-09-07,285.1588673839795
2012-09-10,286.27183508297946
2012-09-11,287.8916316373064
2012-09-12,289.4825307464966
2012-09-13,291.4454326824543
2012-09-14,294.3655371523068
2012-09-17,287.94877906473175
2012-09-18,285.4793783045671
2012-09-19,284.7303772727892
2012-09-20,283.31386473683403
2012-09-21,285.9306047188604
2012-09-24,283.36098271040413
2012-09-25,284.45377051798744
2012-09-26,281.85280692531126
2012-09-27,284.51143590148394
2012-09-28,287.58591184537966
2012-10-01,289.0963511973927
2012-10-02,288.5036403713152
2012-10-03,285.1944758518679
2012-10-04,288.1997248462849
2012-10-05,286.20195019428843
2012-10-08,284.7016076186772
2012-10-09,286.2441941540322
2012-10-10,284.86661974534496
2012-10-11,288.1091569348222
2012-10-12,284.5200418207524
2012-10-15,281.55287995940813
2012-10-16,282.0623574140591
2012-10-17,284.26062790097785
2012-10-18,285.927586155029
2012-10-19,283.46753160711415
2012-10-22,281.0589741560917
2012-10-23,279.2040043180658
2012-10-24,278.469237298158
2012-10-25,277.94890809536963
2012-10-26,276.9435762457762
2012-10-31,276.4450656575657
2012-11-01,277.10898108221494
2012-11-02,271.8454504601003
2012-11-05,271.58244833899056
2012-11-06,275.9145906883084
2012-11-07,273.05465703190913
2012-11-08,274.1383998883745
2012-11-09,272.6713366998091
2012-11-12,271.9845422383157
2012-11-13,273.0012814029533
2012-11-14,274.05745210820373
2012-11-15,272.3891703538817
2012-11-16,272.9791439353181
2012-11-19,276.3863443754043
2012-11-20,276.35047751238767
2012-11-21,277.16994805401464
2012-11-23,279.0484605492177
2012-11-26,277.5621912890095
2012-11-27,278.9556048324971
2012-11-28,277.3535250869977
2012-11-29,278.040812888009
2012-11-30,276.58360050207153
2012-12-03,277.6946350391907
2012-12-04,275.2174462342411
2012-12-05,277.38420511881804
2012-12-06,275.9222935635652
2012-12-07,274.0897424283528
2012-12-10,273.4351242612479
2012-12-11,272.3594274630615
2012-12-12,272.90472384407167
2012-12-13,270.44797364219744
2012-12-14,272.20130912642844
2012-12-17,272.0576366625946
2012-12-18,271.8077913378201
2012-12-19,270.2853029796918
2012-12-20,269.04739163252935
2012-12-21,269.7353289639623
2012-12-24,268.57895500694707
2012-12-26,269.4858174550474
2012-12-27,269.46506609453473
2012-12-28,269.39234527518397
2012-12-31,269.36753952573696
2013-01-02,270.56688397419435
2013-01-03,268.6161347275328
2013-01-04,266.7804287642912
2013-01-07,267.22576161004946
2013-01-08,267.1332311428958
2013-01-09,265.94530867170346
2013-01-10,268.1621385866971
2013-01-11,268.3547602658118
2013-01-14,270.43723499951244
2013-01-15,271.0191806255491
2013-01-16,271.2136510540662
2013-01-17,272.8220884611622
2013-01-18,274.0431399162662
2013-01-22,274.83795360454735
2013-01-23,274.27699130075723
2013-01-24,273.23183260777006
2013-01-25,272.43842314791857
2013-01-28,272.2066315986237
2013-01-29,273.0789641493951
2013-01-30,276.9148931615109
2013-01-31,275.83087901905753
2013-02-01,276.7806749761723
2013-02-04,275.8902481146079
2013-02-05,276.72393660009214
2013-02-06,275.87235526463184
2013-02-07,273.471138491665
2013-02-08,273.52995495929497
2013-02-11,272.1747261084767
2013-02-12,271.6913583936554
2013-02-13,272.1377986168445
2013-02-14,270.43420332657485
2013-02-15,269.64102105526854
2013-02-19,269.7195738861584
2013-02-20,268.1130170055796
2013-02-21,265.053671753005
2013-02-22,264.78373758378797
2013-02-25,265.6179068698912
2013-02-26,265.5415805367506
2013-02-27,264.5934369984263
2013-02-28,264.555743571674
2013-03-01,263.00707160025587
2013-03-04,263.35664681410157
2013-03-05,264.4229753042755
2013-03-06,262.428653341077
2013-03-07,264.9479223966046
2013-03-08,265.87868565695516
2013-03-11,266.1895538953291
2013-03-12,266.8685449306423
2013-03-13,265.9589580654089
2013-03-14,267.7808872664479
2013-03-15,268.0529795251157
2013-03-18,266.4071043462241
2013-03-19,266.13663193405415
2013-03-20,267.6095954056833
2013-03-21,267.3390188836391
2013-03-22,267.3590806680457
2013-03-25,266.9335011222286
2013-03-26,268.3097140356071
2013-03-27,269.91849160571905
2013-03-28,266.33524661649363
2013-04-01,264.166190531973
2013-04-02,262.5395916019298
2013-04-03,259.4598894962769
2013-04-04,258.8987459180998
2013-04-05,259.75176951775387
2013-04-08,260.54662668884896
2013-04-09,262.1164896517212
2013-04-10,261.59409357810716
2013-04-11,261.5753742746862
2013-04-12,259.32866242020214
2013-04-15,251.7349463629625
2013-04-16,254.00213102593167
2013-04-17,252.4721483994008
2013-04-18,254.97180296752214
2013-04-19,254.7785249771473
2013-04-22,253.713445361104
2013-04-23,252.02841350307912
2013-04-24,253.03631157293398
2013-04-25,256.9308797712208
2013-04-26,255.57519357137753
2013-04-29,260.3415390183656
2013-04-30,258.8889862264336
2013-05-01,254.43357033919284
2013-05-02,254.95716344729743
2013-05-03,257.9024178684518
2013-05-06,257.0890293532018
2013-05-07,255.79134650330596
2013-05-08,257.5547135116969
2013-05-09,258.40751761611614
2013-05-10,255.61804782723178
2013-05-13,256.1221225473322
2013-05-14,255.58006071801373
2013-05-15,254.37925435392236
2013-05-16,253.6045500745572
2013-05-17,255.15476700114164
2013-05-20,256.7050385348027
2013-05-21,256.49233196685503
2013-05-22,256.3376959615483
2013-05-23,256.8224541049526
2013-05-24,255.69913435953598
2013-05-28,256.5519502275132
2013-05-29,255.44803141112752
2013-05-30,254.40208022086406
2013-05-31,253.08493866341482
2013-06-03,255.39077030495076
2013-06-04,255.99177691451573
2013-06-05,256.08910529196845
2013-06-06,255.2564673797546
2013-06-07,254.3850273628467
2013-06-10,253.00985105250297
2013-06-11,251.77034109013573
2013-06-12,252.08073155406763
2013-06-13,252.02303820533209
2013-06-14,252.5852985332797
2013-06-17,253.34130590819774
2013-06-18,253.6130020545149
2013-06-19,255.6864858398661
2013-06-20,248.11141425818613
2013-06-21,246.60058506309701
2013-06-24,244.93475360102147
2013-06-25,244.9159424484923
2013-06-26,243.6183672017537
2013-06-27,242.82443511884316
2013-06-28,241.1584889112327
2013-07-01,242.94106952302096
2013-07-02,244.08452379808216
2013-07-03,245.6736037156909
2013-07-05,243.23270535430387
2013-07-08,245.92616029192706
2013-07-09,246.58525079683895
2013-07-10,248.5811686538007
2013-07-11,249.1820900579253
2013-07-12,248.87238602241237
2013-07-15,248.71758307922994
2013-07-16,250.05480912256127
2013-07-17,248.8150506798019
2013-07-18,250.88840552248612
2013-07-19,251.21798189115322
2013-07-22,251.60553448306695
2013-07-23,251.25698139986125
2013-07-24,248.9709109465884
2013-07-25,247.57604619415642
2013-07-26,245.32867136704266
2013-07-29,244.45698175564473
2013-07-30,242.71350206218338
2013-07-31,244.4381884567374
2013-08-01,244.63228069142608
2013-08-02,243.5088043202843
2013-08-05,242.23037071413086
2013-08-06,240.796978464097
2013-08-07,239.73171409483015
2013-08-08,242.23157200559538
2013-08-09,243.29768373121004
2013-08-12,246.5338554587762
2013-08-13,246.1856043375223
2013-08-14,248.00739700116674
2013-08-15,250.9723084820939
2013-08-16,251.12771191734038
2013-08-19,252.27127521817513
2013-08-20,250.8960502931059
2013-08-21,250.0825979679769
2013-08-22,249.9471661812438
2013-08-23,252.23372478030538
2013-08-26,254.694578472987
2013-08-27,256.28372767746663
2013-08-28,256.4777909781264
2013-08-29,255.02480650920657
2013-08-30,252.73865795145508
2013-09-03,255.0832882797668
2013-09-04,252.44832063131582
2013-09-05,251.4409246066387
2013-09-06,253.3786644165042
2013-09-09,252.54560086183244
2013-09-10,250.51127949564736
2013-09-11,250.78269165044554
2013-09-12,251.71283628147347
2013-09-13,250.56975525009696
2013-09-16,249.73661923045034
2013-09-17,248.05096079783144
2013-09-18,249.79484620281497
2013-09-19,251.88749960693767
2013-09-20,248.57425950808167
2013-09-23,247.2179909833585
2013-09-24,245.78431555195684
2013-09-25,246.9470213769229
2013-09-26,247.64458657940312
2013-09-27,248.0321556822652
2013-09-30,246.2883646906246
2013-10-01,244.6802827190028
2013-10-02,246.5211017038699
2013-10-03,245.90126420590997
2013-10-04,246.57960155436584
2013-10-07,248.2267430213832
2013-10-08,249.0216061851911
2013-10-09,246.85184562937818
2013-10-10,248.34420145173675
2013-10-11,247.5891501145266
2013-10-14,248.63603728659882
2013-10-15,247.55187064211634
2013-10-16,248.5215935491587
2013-10-17,248.38632343723924
2013-10-18,249.3553917648652
2013-10-21,248.25118099954574
2013-10-22,248.232129553505
2013-10-23,246.2947743718265
2013-10-24,246.45007977275486
2013-10-25,247.07042280659067
2013-10-28,245.9080247932519
2013-10-29,245.09459789718164
2013-10-30,245.38558763224998
2013-10-31,242.6538011194405
2013-11-01,240.01889083481518
2013-11-04,238.72096607357864
2013-11-05,237.92694607373676
2013-11-06,238.3342830386662
2013-11-07,237.7340558560271
2013-11-08,238.8390266189202
2013-11-11,239.36269530506104
2013-11-12,238.54941489889754
2013-11-13,238.00752169122057
2013-11-14,238.78324525579336
2013-11-15,238.74515412688356
2013-11-18,237.2149755002772
2013-11-19,236.40188570645418
2013-11-20,237.23583007476032
2013-11-21,238.90293807309604
2013-11-22,239.91117716017877
2013-11-25,240.06676750925067
2013-11-26,239.951150298638
2013-11-27,239.40917960967175
2013-11-29,240.70799822565436
2013-12-02,240.06901509195052
2013-12-03,240.68943233992673
2013-12-04,242.31765240685564
2013-12-05,242.64753472048866
2013-12-06,242.9580791002119
2013-12-09,244.12124699129993
2013-12-10,245.16832778616023
2013-12-11,246.21539486682877
2013-12-12,244.801421140544
2013-12-13,244.37568829746118
2013-12-16,244.82194512064646
2013-12-17,244.24121483464322
2013-12-18,244.22241806988052
2013-12-19,245.5794513707799
2013-12-20,247.2465128086555
2013-12-23,246.762625473449
2013-12-24,247.03458733628864
2013-12-26,247.03517533818146
2013-12-27,247.2876628456002
2013-12-30,246.37741599234548
2013-12-31,243.68442261796085
2014-01-02,243.0067348544632
2014-01-03,242.05774396181724
2014-01-06,242.34885521125076
2014-01-07,241.98107449934997
2014-01-08,239.67539673042154
2014-01-09,237.05958659682724
2014-01-10,239.5985094639888
2014-01-13,241.3041241570391
2014-01-14,241.84704564974996
2014-01-15,242.0605482524217
2014-01-16,242.5259280485366
2014-01-17,242.5455955694722
2014-01-21,242.13890887763992
2014-01-22,243.72826585562893
2014-01-23,244.1161341727624
2014-01-24,246.11248417962906
2014-01-27,243.22548592611457
2014-01-28,244.91189379194486
2014-01-29,247.2571460636554
2014-01-30,244.81553298602324
2014-01-31,244.40866992813554
2014-02-03,244.9514779173093
2014-02-04,248.71156067863126
2014-02-05,248.18886610876913
2014-02-06,248.20883606143903
2014-02-07,248.98471532192715
2014-02-10,247.8806384380627
2014-02-11,249.70273852433453
2014-02-12,250.6333742063818
2014-02-13,252.1064562948177
2014-02-14,253.21118187677243
2014-02-18,257.4360433245397
2014-02-19,259.12251435266404
2014-02-20,258.4252645696082
2014-02-21,259.0845264079175
2014-02-24,259.47245612339856
2014-02-25,259.60852479054813
2014-02-26,258.67871664771565
2014-02-27,258.388381664376
2014-02-28,259.6484994722806
2014-03-03,262.2845788048008
2014-03-04,263.5253801082232
2014-03-05,262.886370944591
2014-03-06,265.0379968787955
2014-03-07,263.8369209803777
2014-03-10,262.34509088627215
2014-03-11,261.9773413610975
2014-03-12,261.6870583169258
2014-03-13,260.8153758312809
2014-03-14,261.43594914642705
2014-03-17,259.9247540235822
2014-03-18,261.1462129522147
2014-03-19,261.4180522494208
2014-03-20,258.2790102679978
2014-03-21,257.6399259014448
2014-03-24,257.91168821694674
2014-03-25,259.03620221882613
2014-03-26,258.61021671473077
2014-03-27,260.8586686558917
2014-03-28,261.14971489230163
2014-03-31,260.70425732875
2014-04-01,259.09599798101203
2014-04-02,258.5341522671877
2014-04-03,260.2397798287815
2014-04-04,261.1508650607287
2014-04-07,260.87974651326874
2014-04-08,263.6514071740297
2014-04-09,264.4850596134157
2014-04-10,265.47375771129737
2014-04-11,264.35000476903474
2014-04-14,266.23023005374347
2014-04-15,265.1646169710138
2014-04-16,265.63001354028404
2014-04-17,266.8318732044153
2014-04-21,265.3398314782186
2014-04-22,266.2897451533964
2014-04-23,266.71627758332494
2014-04-24,267.74352552693665
2014-04-25,267.5497934553492
2014-04-28,267.08468978939004
2014-04-29,268.7515853498509
2014-04-30,267.0656800340385
2014-05-01,264.12000631091314
2014-05-02,264.89539146623986
2014-05-05,265.1668790752551
2014-05-06,265.90355708211996
2014-05-07,264.7021621465471
2014-05-08,264.1209704694392
2014-05-09,263.1134007285498
2014-05-12,263.6756524474948
2014-05-13,264.16038183580577
2014-05-14,264.76139691982985
2014-05-15,263.1723575536577
2014-05-16,262.0871867899449
2014-05-19,263.037036133503
2014-05-20,262.8047264960424
2014-05-21,262.8825107776049
2014-05-22,262.80527914740514
2014-05-23,263.0187614726159
2014-05-27,261.2360050463959
2014-05-28,261.2362952681647
2014-05-29,261.1397011775205
2014-05-30,259.376338188527
2014-06-02,259.6673112280207
2014-06-03,258.9117584502019
2014-06-04,258.3306337408306
2014-06-05,258.33094123135425
2014-06-06,259.14523614720986
2014-06-09,259.3199750838671
2014-06-10,258.3318944482315
2014-06-11,257.46007794881285
2014-06-12,260.2513138515761
2014-06-13,261.2013056030949
2014-06-16,261.08527699501803
2014-06-17,260.9887122892597
2014-06-18,261.39590648100267
2014-06-19,264.10939653406535
2014-06-20,264.65217881543657
2014-06-23,263.8769776259836
2014-06-24,264.2454537977712
2014-06-25,264.8077233635723
2014-06-26,264.2846883993141
2014-06-27,263.373950989197
2014-06-30,260.93210067091036
2014-07-03,260.1374932875996
2014-07-07,257.11406232503145
2014-07-08,256.5328738629882
2014-07-09,254.96312815514827
2014-07-10,254.16863950649537
2014-07-11,252.32754973643137
2014-07-14,252.28893692764217
2014-07-15,250.9518128332204
2014-07-16,251.51405630770455
2014-07-17,251.92113831867061
2014-07-18,250.5839121213337
2014-07-21,250.73909377095748
2014-07-22,249.65392516952164
2014-07-23,250.33247856420232
2014-07-24,250.11947967921748
2014-07-25,250.60421841913106
2014-07-28,250.68199352073012
2014-07-29,249.30617480752363
2014-07-30,248.95758167300056
2014-07-31,247.91114842806846
2014-08-01,246.32202608650599
2014-08-04,247.91147304682005
2014-08-05,246.5937612641488
2014-08-06,248.51274982818796
2014-08-07,247.56324072322494
2014-08-08,246.78816610378922
2014-08-11,247.46677376953835
2014-08-12,245.89709219297177
2014-08-13,244.73447457465488
2014-08-14,243.53307114274773
2014-08-15,243.6495749893214
2014-08-18,242.52563783226063
2014-08-19,242.23514970690493
2014-08-20,242.797466026584
2014-08-21,243.22401330266246
2014-08-22,243.08848438038112
2014-08-25,243.04986513126354
2014-08-26,243.99982354311334
2014-08-27,244.23264964071575
2014-08-28,244.8530875495154
2014-08-29,245.3184312960116
2014-09-02,242.85710543189748
2014-09-03,242.60533128683667
2014-09-04,241.63641969791897
2014-09-05,241.98548921152602
2014-09-08,240.80337234922416
2014-09-09,239.3304742064363
2014-09-10,237.70251722138457
2014-09-11,235.74501501944658
2014-09-12,235.10549756524802
2014-09-15,235.22188381151386
2014-09-16,236.96641917855342
2014-09-17,236.54013343950507
2014-09-18,233.51660590871268
2014-09-19,231.5978335870474
2014-09-22,229.93099229350213
2014-09-23,229.87290955655678
2014-09-24,231.67551864627774
2014-09-25,230.8033651305625
2014-09-26,230.99723306929207
2014-09-29,233.40067398263545
2014-09-30,230.0476688669375
2014-10-01,229.79581843548038
2014-10-02,229.13691325276093
2014-10-03,228.74935909999704
2014-10-06,231.77308265835106
2014-10-07,232.3158781637223
2014-10-08,230.2614033182952
2014-10-09,230.3195958344995
2014-10-10,229.09855784773313
2014-10-13,230.72671520430666
2014-10-14,229.48629452538194
2014-10-15,226.7728641356392
2014-10-16,227.83907122654136
2014-10-17,227.64544682807198
2014-10-20,226.0175106050824
2014-10-21,227.68455478571252
2014-10-22,226.09533603252567
2014-10-23,227.23903106299974
2014-10-24,225.9598387704599
2014-10-27,226.4444433118621
2014-10-28,228.24714128131544
2014-10-29,230.80575544280734
2014-10-30,228.61557016567193
2014-10-31,228.2085666442273
2014-11-03,228.16982897478118
2014-11-04,225.76660617377695
2014-11-05,225.4179012238203
2014-11-06,226.75545227318526
2014-11-07,228.09300523305106
2014-11-10,225.88353714541208
2014-11-11,227.86068673505272
2014-11-12,227.39562400050212
2014-11-13,224.72088201065094
2014-11-14,226.5428654147727
2014-11-17,227.70590682421258
2014-11-18,226.34926477715533
2014-11-19,226.96964104563065
2014-11-20,228.55914604626494
2014-11-21,228.92744193674713
2014-11-24,227.20243898122692
2014-11-25,228.11358250809235
2014-11-26,227.7260212735924
2014-11-28,218.92636995682926
2014-12-01,222.51221117414377
2014-12-02,218.07372630474964
2014-12-03,217.39537814616972
2014-12-04,217.4730207760115
2014-12-05,217.47310707052984
2014-12-08,214.50760726135027
2014-12-09,217.06635606193814
2014-12-10,214.91509451267882
2014-12-11,214.5276282886416
2014-12-12,214.70220030044254
2014-12-15,212.78339714448134
2014-12-16,209.8374748997212
2014-12-17,210.98122361588048
2014-12-18,210.34186829866806
2014-12-19,210.6134360566128
2014-12-22,207.43478135793842
2014-12-23,208.55914956663634
2014-12-24,205.7681866931199
2014-12-26,206.4079021840251
2014-12-29,205.67137860909077
2014-12-30,205.6521589627301
2014-12-31,202.22168936079422
2015-01-02,201.3108133586861
2015-01-05,201.33022022755273
2015-01-06,201.7374212972217
2015-01-07,200.67151999751758
2015-01-08,200.8848757523087
2015-01-09,200.84622939811476
2015-01-12,197.51246219803923
2015-01-13,196.3302802102721
2015-01-14,198.3850736693144
2015-01-15,197.16412417724098
2015-01-16,200.2461680765838
2015-01-20,196.73790060877974
2015-01-21,198.77327801098005
2015-01-22,196.9126214734746
2015-01-23,196.02110130845563
2015-01-26,195.2845829645666
2015-01-27,196.38955908413652
2015-01-28,194.31568314635228
2015-01-29,191.42767563569583
2015-01-30,195.4594030081095
2015-02-02,196.3898318329852
2015-02-03,201.6233958365804
2015-02-04,196.95209878605374
2015-02-05,198.63849513677891
2015-02-06,198.96812706803314
2015-02-09,200.7514015940496
2015-02-10,197.94088247840838
2015-02-11,196.9717633017892
2015-02-12,199.66608717526378
2015-02-13,202.49607092331016
2015-02-17,201.54635913313572
2015-02-18,200.05395707271072
2015-02-19,200.07344347361192
2015-02-20,199.1237454350552
2015-02-23,197.18554151524575
2015-02-24,197.65088006656288
2015-02-25,199.2404241866569
2015-02-26,197.90308204006396
2015-02-27,200.50050249486665
2015-03-02,197.49613546474484
2015-03-03,197.90328621576313
2015-03-04,197.80644830770925
2015-03-05,197.12805671464182
2015-03-06,195.32544952235966
2015-03-09,194.49200648663617
2015-03-10,192.16608704670531
2015-03-11,192.63138573664764
2015-03-12,191.89495681724122
2015-03-13,189.14269671360816
2015-03-16,188.65833760653265
2015-03-17,187.94151082403357
2015-03-18,190.32595678601092
2015-03-19,189.9383634372362
2015-03-20,192.96220360382668
2015-03-23,194.08646656928406
2015-03-24,193.83459711206515
2015-03-25,194.4356232331471
2015-03-26,195.87021787923703
2015-03-27,192.61401997207838
2015-03-30,192.45912746364826
2015-03-31,190.19144242740666
2015-04-01,193.6419687680982
2015-04-02,193.23499025519658
2015-04-06,195.67734565651446
2015-04-07,196.51095700813445
2015-04-08,192.32423633961778
2015-04-09,191.51027645146505
2015-04-10,192.80909450186533
2015-04-13,192.01440324597547
2015-04-14,193.19688235031745
2015-04-15,196.62790619199706
2015-04-16,198.31436381153827
2015-04-17,197.36466561738587
2015-04-20,196.10482734706855
2015-04-21,195.27148348749355
2015-04-22,195.07780120657145
2015-04-23,196.95817876255876
2015-04-24,196.91952848840094
2015-04-27,197.26853776896246
2015-04-28,197.83076889276475
2015-04-29,199.76916979470133
2015-04-30,201.1066900680143
2015-05-01,200.42828172070654
2015-05-04,201.00981903999204
2015-05-05,203.00641302690767
2015-05-06,202.6769690521226
2015-05-07,199.84697451416758
2015-05-08,201.78537850206467
2015-05-11,200.42855213077345
2015-05-12,202.85163249655008
2015-05-13,203.49137916491392
2015-05-14,204.48003530251108
2015-05-15,204.208742696892
2015-05-18,203.70482755138028
2015-05-19,199.26600610649433
2015-05-20,199.5374829740601
2015-05-21,201.10767959469518
2015-05-22,198.684774342398
2015-05-26,195.33144053769072
2015-05-27,193.83898114259094
2015-05-28,194.14914662506487
2015-05-29,195.68049805333635
2015-06-01,195.8937831693681
2015-06-02,197.85163647514025
2015-06-03,195.75825116304728
2015-06-04,193.93620076047492
2015-06-05,194.3239564315235
2015-06-08,195.00247156269822
2015-06-09,198.04585285130693
2015-06-10,199.0926890398456
2015-06-11,196.7279079444602
2015-06-12,194.96400538897228
2015-06-15,194.36312534881947
2015-06-16,194.84778659778422
2015-06-17,194.85362498888128
2015-06-18,195.00968927727376
2015-06-19,193.52063446688373
2015-06-22,193.92869051913266
2015-06-23,195.24221174092568
2015-06-24,194.74718308827312
2015-06-25,195.5861614652891
2015-06-26,196.03377703602752
2015-06-29,195.26465830587557
2015-06-30,199.0529548972614
2015-07-01,196.94729220557383
2015-07-02,197.4549832668122
2015-07-06,192.11084568287745
2015-07-07,189.187033837988
2015-07-08,189.66182415232853
2015-07-09,191.97614613856987
2015-07-10,192.5499751552513
2015-07-13,193.0218443663405
2015-07-14,192.6848319740774
2015-07-15,190.90004524455097
2015-07-16,190.11739151728338
2015-07-17,189.1261868105793
2015-07-20,186.48081528310772
2015-07-21,186.78536823104238
2015-07-22,184.7696377201445
2015-07-23,182.96809765467518
2015-07-24,180.82965576376262
2015-07-27,178.62431901193028
2015-07-28,180.0757296467383
2015-07-29,180.36119415167343
2015-07-30,179.5465118135331
2015-07-31,177.91514715155714
2015-08-03,175.2994682527645
2015-08-04,176.62298150828943
2015-08-05,176.06465034674832
2015-08-06,175.4930010329029
2015-08-07,175.39180856245503
2015-08-10,179.54600696775208
2015-08-11,176.62949519116665
2015-08-12,176.07513861270806
2015-08-13,175.3435516120176
2015-08-14,175.1531664216907
2015-08-17,174.10563121998655
2015-08-18,173.09645113347509
2015-08-19,171.60911496611732
2015-08-20,172.97257043855572
2015-08-21,170.21052413568057
2015-08-24,166.4272323073178
2015-08-25,167.2458297174402
2015-08-26,165.04229133008585
2015-08-27,170.05040718140856
2015-08-28,173.22275724416383
2015-08-31,176.27576537830666
2015-09-01,172.0213437985048
2015-09-02,172.39002949898747
2015-09-03,173.34272763853463
2015-09-04,171.5398674613389
2015-09-08,173.20892472129913
2015-09-09,171.01822690059072
2015-09-10,172.8136120115962
2015-09-11,172.38845331778606
2015-09-14,171.70102232228297
2015-09-15,171.6992849883955
2015-09-16,173.4208878995093
2015-09-17,172.59217670900028
2015-09-18,170.06398206285732
2015-09-21,171.68140686791568
2015-09-22,169.95184764154618
2015-09-23,169.01496364666184
2015-09-24,170.34174532898652
2015-09-25,171.5511530845004
2015-09-28,169.3029006693758
2015-09-29,169.74374922851553
2015-09-30,170.2470330233967
2015-10-01,168.90780271552745
2015-10-02,170.38290798600778
2015-10-05,172.14569685105857
2015-10-06,174.98921487773285
2015-10-07,174.68179348056162
2015-10-08,175.13989680376986
2015-10-09,176.425573043968
2015-10-12,174.57237549778247
2015-10-13,174.4357413179787
2015-10-14,174.7376451895908
2015-10-15,174.1588240738961
2015-10-16,174.05126819821132
2015-10-19,171.60037286066327
2015-10-20,172.20100915263075
2015-10-21,170.9512486274132
2015-10-22,170.93286614726196
2015-10-23,169.5208332277854
2015-10-26,168.58068103884412
2015-10-27,167.92551132416662
2015-10-28,169.90037450207979
2015-10-29,168.39872257623514
2015-10-30,169.48807825393882
2015-11-02,168.40185721421713
2015-11-03,170.00080632243163
2015-11-04,167.7171250832343
2015-11-05,166.3820851604536
2015-11-06,165.23607697257665
2015-11-09,163.30241829477927
2015-11-10,162.93043145075288
2015-11-11,162.1042074569886
2015-11-12,160.65315250275518
2015-11-13,159.8088165730909
2015-11-16,159.86158753633882
2015-11-17,158.4706763370896
2015-11-18,158.13218146251234
2015-11-19,158.47006382107287
2015-11-20,157.854533470703
2015-11-23,158.00350107093212
2015-11-24,159.25434431176043
2015-11-25,159.49546292401223
2015-11-27,157.22389178183482
2015-11-30,157.18986021560883
2015-12-01,158.50017717358892
2015-12-02,155.821074384699
2015-12-03,157.6195580568633
2015-12-04,158.40372971185488
2015-12-07,154.14909382194077
2015-12-08,153.4965640833433
2015-12-09,153.64851056758363
2015-12-10,153.4711462687052
2015-12-11,152.05316751379272
2015-12-14,151.15955180739692
2015-12-15,150.41882555854326
2015-12-16,149.45579181702797
2015-12-17,148.53371690881272
2015-12-18,150.17861644431372
2015-12-21,150.65690781635956
2015-12-22,149.6313554899296
2015-12-23,151.4483778389538
2015-12-24,152.18553519481063
2015-12-28,151.0114221901468
2015-12-29,153.2674579583493
2015-12-30,151.4193389613696
2015-12-31,152.3329595107329
2016-01-04,151.06688343626772
2016-01-05,150.59767999099668
2016-01-06,148.61826806302884
2016-01-07,148.6996684657025
2016-01-08,148.78553017134962
2016-01-11,145.67534068590467
2016-01-12,144.34180406188577
2016-01-13,144.72350793314908
2016-01-14,144.5879748278246
2016-01-15,142.51095958629824
2016-01-19,142.74904327356253
2016-01-20,141.32723243084408
2016-01-21,143.10439111839642
2016-01-22,145.9064158866399
2016-01-25,144.47366229917435
2016-01-26,146.42076528902433
2016-01-27,147.6264832191763
2016-01-28,147.59944580690427
2016-01-29,149.77046856430903
2016-02-01,147.3075448695837
2016-02-02,145.1709866998413
2016-02-03,147.9305081605145
2016-02-04,147.6802209284651
2016-02-05,146.62401136328128
2016-02-08,146.44766263312027
2016-02-09,143.53611842206672
2016-02-10,143.36945367439324
2016-02-11,143.45208201253172
2016-02-12,146.32645999053182
2016-02-16,144.92700530883937
2016-02-17,147.47397804564986
2016-02-18,146.92613436016006
2016-02-19,145.6869201807436
2016-02-22,147.3711754329026
2016-02-23,145.82526345966156
2016-02-24,146.98981577948825
2016-02-25,146.9326497338521
2016-02-26,146.386205313112
2016-02-29,147.32806625099295
2016-03-01,147.59841937867552
2016-03-02,148.32941701371425
2016-03-03,149.1236331314705
2016-03-04,152.06156257975522
2016-03-07,153.83477367915108
2016-03-08,152.14512043646994
2016-03-09,154.12648613072176
2016-03-10,154.00242562057193
2016-03-11,155.10531133388707
2016-03-14,154.10299652032106
2016-03-15,152.92381868436743
2016-03-16,154.43741773626274
2016-03-17,157.7158912758541
2016-03-18,156.68331332640676
2016-03-21,156.74874116409313
2016-03-22,157.60739158039704
2016-03-23,154.3992204882721
2016-03-24,153.77224519519928
2016-03-28,154.22356583867278
2016-03-29,153.88285951422444
2016-03-30,153.15072865375967
2016-03-31,152.95378887898568
2016-04-01,151.23689976444706
2016-04-04,149.76329378981873
2016-04-05,149.35865297719403
2016-04-06,150.67091180290632
2016-04-07,150.29150953035534
2016-04-08,153.3527297012757
2016-04-11,153.84630672559467
2016-04-12,156.96919793817588
2016-04-13,157.65655834455475
2016-04-14,156.4966864953114
2016-04-15,156.00605982888817
2016-04-18,156.5613157782177
2016-04-19,160.3974338725105
2016-04-20,163.35435162082075
2016-04-21,162.21220354804947
2016-04-22,161.1767699171364
2016-04-25,160.84236356021214
2016-04-26,162.70328169052942
2016-04-27,163.61756774290558
2016-04-28,164.64498073249146
2016-04-29,165.9713642652714
2016-05-02,164.41902364756746
2016-05-03,162.20303983023527
2016-05-04,161.76996975037153
2016-05-05,160.51526509277235
2016-05-06,161.84857108729148
2016-05-09,158.67587473578814
2016-05-10,161.78854954783625
2016-05-11,164.4164934523596
2016-05-12,164.4892103179181
2016-05-13,163.93948640961148
2016-05-16,165.249333442157
2016-05-17,166.36983871159038
2016-05-18,165.75575619548002
2016-05-19,164.36753834307976
2016-05-20,164.72545725009357
2016-05-23,163.77581950373389
2016-05-24,163.38401310213186
2016-05-25,165.35740030029496
2016-05-26,165.67967605621482
2016-05-27,165.9019485393953
2016-05-31,165.6530146032586
2016-06-01,166.76179808884544
2016-06-02,168.3120591139878
2016-06-03,169.15808683662837
2016-06-06,171.0477903170981
2016-06-07,171.3891090393323
2016-06-08,174.59028229355306
2016-06-09,174.476243162304
2016-06-10,172.6637653433105
2016-06-13,172.93916682510434
2016-06-14,172.33799186468298
2016-06-15,171.7497570253908
2016-06-16,169.35325078303296
2016-06-17,172.24234292313398
2016-06-20,173.66631132193305
2016-06-21,171.97812186956526
2016-06-22,170.88419465971293
2016-06-23,171.51994688479053
2016-06-24,168.8234785183964
2016-06-27,168.2427932451206
2016-06-28,171.43989105384347
2016-06-29,173.37695677649694
2016-06-30,172.49311305948157
2016-07-01,174.11890926207198
2016-07-05,169.75078195146853
2016-07-06,169.9447718578575
2016-07-07,166.07534209430338
2016-07-08,167.7642508064562
2016-07-11,167.1431864080662
2016-07-12,169.87790006334654
2016-07-13,168.88535136279614
2016-07-14,169.16485563578956
2016-07-15,168.3489765570125
2016-07-18,168.01729666059995
2016-07-19,166.50823353191456
2016-07-20,165.36054375313887
2016-07-21,164.9658048262858
2016-07-22,164.35259331406064
2016-07-25,162.97266583042577
2016-07-26,162.58218845366002
2016-07-27,161.42951501500926
2016-07-28,161.95797599152425
2016-07-29,163.67332974331913
2016-08-01,160.9880942957042
2016-08-02,160.66458923872597
2016-08-03,162.25353993189745
2016-08-04,162.9554478792704
2016-08-05,162.85316031726873
2016-08-08,163.7537793913801
2016-08-09,162.65817811320437
2016-08-10,161.64457685801796
2016-08-11,163.0932630313381
2016-08-12,163.25266964493895
2016-08-15,165.55209746707106
2016-08-16,166.49442144988058
2016-08-17,166.78610766890665
2016-08-18,168.47545138970793
2016-08-19,167.49790000970705
2016-08-22,166.4003983377039
2016-08-23,167.1851786967122
2016-08-24,165.23782713438595
2016-08-25,165.2081628382625
2016-08-26,165.07632617515077
2016-08-29,164.05795220296477
2016-08-30,162.49792635224503
2016-08-31,160.78592501338693
2016-09-01,159.4825557628633
2016-09-02,161.20984072977984
2016-09-06,161.98414213661817
2016-09-07,163.0428377034481
2016-09-08,165.4099358888583
2016-09-09,163.22935987935904
2016-09-12,163.34662930808915
2016-09-13,161.28221699421545
2016-09-14,160.6093272952191
2016-09-15,161.4089824837938
2016-09-16,161.7075835283269
2016-09-19,162.4291052563361
2016-09-20,163.7545937809944
2016-09-21,164.961564072887
2016-09-22,166.12889575249073
2016-09-23,163.82517982448684
2016-09-26,164.8742839298731
2016-09-27,163.480960322733
2016-09-28,165.42343013649017
2016-09-29,165.58312475583256
2016-09-30,165.81448659284777
2016-10-03,166.3266010804872
2016-10-04,165.44694913215525
2016-10-05,166.54699680485638
2016-10-06,166.15460622047692
2016-10-07,166.4063301740193
2016-10-10,168.57625878150475
2016-10-11,167.45003333999142
2016-10-12,166.42747992294636
2016-10-13,167.65795060093586
2016-10-14,167.77491332229238
2016-10-17,167.86859352226
2016-10-18,168.1937722444776
2016-10-19,168.85818443122622
2016-10-20,167.16345724977083
2016-10-21,167.3283920253921
2016-10-24,167.41752801744178
2016-10-25,167.1487808779144
2016-10-26,166.23707985809435
2016-10-27,167.55204277553636
2016-10-28,166.96247427785713
2016-10-31,164.99999909879156
2016-11-01,164.24857871195013
2016-11-02,163.0373078247551
2016-11-03,162.4886324065007
2016-11-04,161.8862995255836
2016-11-07,162.91520252580557
2016-11-08,162.8382241753351
2016-11-09,163.088345046696
2016-11-10,162.95777185089025
2016-11-11,160.11396773824546
2016-11-14,160.0539838209121
2016-11-15,161.87665497707863
2016-11-16,160.88296078115366
2016-11-17,160.8094374782666
2016-11-18,161.38535148753033
2016-11-21,165.00975095158714
2016-11-22,165.505646629921
2016-11-23,165.9347531075284
2016-11-25,165.30454135288468
2016-11-28,167.31784358319948
2016-11-29,163.8435313369126
2016-11-30,167.1986470655273
2016-12-01,168.9846787528938
2016-12-02,169.22686039433407
2016-12-05,171.7690750752948
2016-12-06,171.14825946796256
2016-12-07,170.0744144298562
2016-12-08,170.25951050226328
2016-12-09,171.3849301653743
2016-12-12,171.45248849829807
2016-12-13,170.9627248051022
2016-12-14,170.39127120945741
2016-12-15,168.85622877962834
2016-12-16,169.43837463264103
2016-12-19,168.3436457624128
2016-12-20,167.54625125646274
2016-12-21,168.02856754742072
2016-12-22,167.8904640568194
2016-12-23,167.8169681590609
2016-12-27,170.363494454068
2016-12-28,170.66575698140076
2016-12-29,170.50302575488902
2016-12-30,170.20908091439017
2017-01-03,167.39772550428765
2017-01-04,169.5494134365208
2017-01-05,170.24836978189109
2017-01-06,169.9364619039992
2017-01-09,167.94811811531653
2017-01-10,168.94504819859299
2017-01-11,169.64086813602705
2017-01-12,172.12539172869114
2017-01-13,172.24074001424196
2017-01-17,173.03306183481033
2017-01-18,171.93785381265553
2017-01-19,171.50161872669534
2017-01-20,171.92917556241102
2017-01-23,172.36000822557514
2017-01-24,172.66375756093495
2017-01-25,171.9225008786851
2017-01-26,171.7345718356412
2017-01-27,171.16944828843714
2017-01-30,169.32890598480952
2017-01-31,170.4274876622173
2017-02-01,172.27930523797374
2017-02-02,172.00575048552508
2017-02-03,171.11964530850267
2017-02-06,170.9035610742395
2017-02-07,170.9701589742014
2017-02-08,172.05447876480028
2017-02-09,172.2711575982416
2017-02-10,173.89010383403146
2017-02-13,172.49293872026635
2017-02-14,172.4738218179721
2017-02-15,173.2322747820344
2017-02-16,172.19806164761792
2017-02-17,171.4810385207927
2017-02-21,171.00607919766588
2017-02-22,170.40092803237508
2017-02-23,170.0547275228377
2017-02-24,170.27470985454528
2017-02-27,169.53040074975607
2017-02-28,170.7782688389253
2017-03-01,171.92150805676044
2017-03-02,169.32240171672754
2017-03-03,169.72291158129892
2017-03-06,169.57385836006404
2017-03-07,168.1004622925904
2017-03-08,166.0396620489711
2017-03-09,164.65821505351633
2017-03-10,164.05746015645423
2017-03-13,164.25998968802926
2017-03-14,163.35661383949974
2017-03-15,164.55106493759652
2017-03-16,165.25545549988837
2017-03-17,165.78931562736915
2017-03-20,165.72075559566443
2017-03-21,165.36895173810086
2017-03-22,164.86033555740622
2017-03-23,164.72675281158655
2017-03-24,164.60796247838593
2017-03-27,164.23605645313827
2017-03-28,165.35818770191582
2017-03-29,166.3299142857058
2017-03-30,166.23069862251526
2017-03-31,166.2394444417879
2017-04-03,165.05557999248634
2017-04-04,166.13762811017398
2017-04-05,166.7834138874209
2017-04-06,167.03560984009684
2017-04-07,167.20899243275232
2017-04-10,167.34628042326787
2017-04-11,167.5428794255933
2017-04-12,167.31610009308787
2017-04-13,168.13277641520426
2017-04-17,167.65230943261471
2017-04-18,166.30156695980853
2017-04-19,164.90676843745584
2017-04-20,164.54176678058315
2017-04-21,163.49314104193306
2017-04-24,163.1335300780794
2017-04-25,163.74439141683527
2017-04-26,163.48202529466334
2017-04-27,162.95351433630253
2017-04-28,163.72990080205884
2017-05-01,164.11268372068736
2017-05-02,163.42313953171313
2017-05-03,163.2042790391827
2017-05-04,160.23835171236465
2017-05-05,161.15665388680273
2017-05-08,160.36631124287226
2017-05-09,159.90937461099827
2017-05-10,161.34010554185204
2017-05-11,162.04953854738588
2017-05-12,162.75411374576322
2017-05-15,162.94331531166594
2017-05-16,162.79151200997202
2017-05-17,163.7289156806868
2017-05-18,162.65294398148674
2017-05-19,165.1839225756438
2017-05-22,166.24944202518083
2017-05-23,165.17455052417685
2017-05-24,164.715948122003
2017-05-25,163.23857675727876
2017-05-26,163.83009429049798
2017-05-30,162.27322081499423
2017-05-31,161.54656014463163
2017-06-01,160.84089672298072
2017-06-02,160.5781711732162
2017-06-05,159.94888067644877
2017-06-06,160.8857830445013
2017-06-07,159.88207435251977
2017-06-08,160.30900558574146
2017-06-09,160.79375954807298
2017-06-12,159.1796730716172
2017-06-13,159.23189637870743
2017-06-14,157.82567422041845
2017-06-15,157.8820080558037
2017-06-16,158.57674709223218
2017-06-19,157.50909776519
2017-06-20,156.3653094256762
2017-06-21,155.39866837665565
2017-06-22,154.87045007245882
2017-06-23,155.42397889671696
2017-06-26,155.87957307490228
2017-06-27,156.9577764803303
2017-06-28,157.7875623806533
2017-06-29,158.74967026399875
2017-06-30,161.23884403895812
2017-07-03,162.22827875277622
2017-07-05,160.69631499705994
2017-07-06,160.89891064846375
2017-07-07,159.70874062919103
2017-07-10,160.79851143620857
2017-07-11,162.09174875684465
2017-07-12,161.37838983716088
2017-07-13,159.96040112001145
2017-07-14,161.49495645135949
2017-07-17,161.47587867332496
2017-07-18,162.37340605191258
2017-07-19,163.3283214856707
2017-07-20,163.44701379738868
2017-07-21,162.08579981457274
2017-07-24,161.42417944774522
2017-07-25,162.34345562033025
2017-07-26,163.46937026553806
2017-07-27,164.53920756175785
2017-07-28,165.03560647217438
2017-07-31,164.86976579840135
2017-08-01,163.19841324023116
2017-08-02,163.97399523863396
2017-08-03,162.82473617743722
2017-08-04,162.7193474543331
2017-08-07,163.58400037689606
2017-08-08,164.03306401517577
2017-08-09,164.96325406988572
2017-08-10,163.25755123587768
2017-08-11,163.57091404493517
2017-08-14,162.43717898676692
2017-08-15,161.28618590842618
2017-08-16,161.41598897951044
2017-08-17,161.6108475455754
2017-08-18,162.69440625848978
2017-08-21,162.31844174894135
2017-08-22,162.22160129512747
2017-08-23,162.79403580906876
2017-08-24,163.26731404055627
2017-08-25,162.84653634399507
2017-08-28,163.106195851988
2017-08-29,163.2699040621525
2017-08-30,162.4357345953027
2017-08-31,165.53920140120027
2017-09-01,166.17335529648142
2017-09-05,166.94521758759026
2017-09-06,167.6463161231934
2017-09-07,167.5320274344622
2017-09-08,165.77893457008727
2017-09-11,166.02794568900578
2017-09-12,165.86034203777075
2017-09-13,166.19484218578398
2017-09-14,166.45979623142546
2017-09-15,166.65872949804373
2017-09-18,166.44601092893134
2017-09-19,165.9816091481334
2017-09-20,167.45425414350603
2017-09-21,165.87848715609235
2017-09-22,166.03121430563363
2017-09-25,166.95817598928573
2017-09-26,165.90253359249814
2017-09-27,166.01284859695525
2017-09-28,165.62371599007827
2017-09-29,165.28737727373607
2017-10-02,163.81972697566508
2017-10-03,163.8898325206489
2017-10-04,164.3218870798418
2017-10-05,165.55862780465682
2017-10-06,164.27532744622852
2017-10-09,164.5586953980866
2017-10-10,166.04095763519953
2017-10-11,165.9490967684231
2017-10-12,166.66077362659516
2017-10-13,168.16461539289213
2017-10-16,168.3672112178591
2017-10-17,167.37793420331977
2017-10-18,167.0388077240025
2017-10-19,167.2107043844466
2017-10-20,166.9743937035099
2017-10-23,167.65255359787153
2017-10-24,168.4999636711852
2017-10-25,168.21437610776073
2017-10-26,168.26913948511182
2017-10-27,168.17813890987344
2017-10-30,168.73880730589792
2017-10-31,168.82542066127235
2017-11-01,169.51841651272989
2017-11-02,169.82810273116485
2017-11-03,170.19920188705387
2017-11-06,172.70822993314272
2017-11-07,171.50942875391476
2017-11-08,171.72363618212657
2017-11-09,171.3661553869539
2017-11-10,171.02939111330173
2017-11-13,170.88532032094346
2017-11-14,168.84969865800124
2017-11-15,168.54510497269368
2017-11-16,167.89161889293567
2017-11-17,170.0605305590221
2017-11-20,168.94649807087393
2017-11-21,169.5042577547526
2017-11-22,170.62360957590138
2017-11-24,170.55275434332106
2017-11-27,170.37199128038304
2017-11-28,170.0307231627663
2017-11-29,169.47840538053504
2017-11-30,168.04453346008296
2017-12-01,169.5743510387243
2017-12-04,168.14293852312264
2017-12-05,166.74869735270843
2017-12-06,164.9480289600064
2017-12-07,164.35647265529022
2017-12-08,164.77510561963072
2017-12-11,165.19011753635894
2017-12-12,163.64863017118768
2017-12-13,163.73570343891356
2017-12-14,164.4680689941533
2017-12-15,164.89937720260542
2017-12-18,165.72704104159567
2017-12-19,165.95994641747237
2017-12-20,166.8858918181779
2017-12-21,167.3358894102328
2017-12-22,168.26303554749163
2017-12-26,170.20666943702668
2017-12-27,170.89202346475747
2017-12-28,172.1230188558475
2017-12-29,173.05354269337474
2018-01-02,173.53933484406454
2018-01-03,173.93816401503886
2018-01-04,173.8696210775782
2018-01-05,172.59585661147605
2018-01-08,172.16526499712893
2018-01-09,172.97535294134534
2018-01-10,173.26073877499522
2018-01-11,173.40109671959632
2018-01-12,174.2955972805452
2018-01-16,173.70463153688138
2018-01-17,174.39286793403946
2018-01-18,174.20238423557828
2018-01-19,173.91385245755237
2018-01-22,174.44725636908524
2018-01-23,175.13901005688112
2018-01-24,177.7177325506936
2018-01-25,177.71746930880514
2018-01-26,178.39696607978524
2018-01-29,178.06828975802748
2018-01-30,177.39959690445352
2018-01-31,176.46204358327407
2018-02-01,176.6014531929282
2018-02-02,175.1481955612352
2018-02-05,173.96369123334028
2018-02-06,173.2934295377875
2018-02-07,171.3002093042077
2018-02-08,171.03660300730576
2018-02-09,168.36446038906286
2018-02-12,169.71445252338552
2018-02-13,170.63642806629943
2018-02-14,173.01633489573496
2018-02-15,173.50537374631904
2018-02-16,173.4504199236268
2018-02-20,173.06627280835292
2018-02-21,173.60961656641095
2018-02-22,174.3941417112382
2018-02-23,174.45374495045775
2018-02-26,175.14913622353367
2018-02-27,174.27673863832393
2018-02-28,173.40253906227508
2018-03-01,173.535179770603
2018-03-02,173.43773118876234
2018-03-05,174.53991902831373
2018-03-06,175.15080567140623
2018-03-07,173.25306090460342
2018-03-08,172.38053945882749
2018-03-09,173.1135748943487
2018-03-12,172.5571003153314
2018-03-13,172.98293991629234
2018-03-14,172.5952029617682
2018-03-15,171.90432750714635
2018-03-16,172.0074378117334
2018-03-19,170.36614912208222
2018-03-20,170.76979124370803
2018-03-21,172.13456929784908
2018-03-22,171.54116488127846
2018-03-23,172.2194458028274
2018-03-26,171.8589292392011
2018-03-27,171.88128405851808
2018-03-28,170.9170389011391
2018-03-29,172.32741347202693
2018-04-02,171.07770411654676
2018-04-03,171.43542214400298
2018-04-04,170.68469983718333
2018-04-05,171.78746050611028
2018-04-06,171.33057538022572
2018-04-09,173.46151759785505
2018-04-10,175.0240520982302
2018-04-11,175.91995336938842
2018-04-12,175.62739587714594
2018-04-13,175.99707289639065
2018-04-16,175.53123868171082
2018-04-17,175.5074736035333
2018-04-18,178.3604420828052
2018-04-19,177.41420264508713
2018-04-20,177.1886904347456
2018-04-23,175.90972258206224
2018-04-24,175.69709291250058
2018-04-25,176.0400245397369
2018-04-26,176.35261691031272
2018-04-27,176.33056972575582
2018-04-30,176.7573033976308
2018-05-01,176.32417797617197
2018-05-02,176.58734789559648
2018-05-03,176.95002939042848
2018-05-04,177.58986779841825
2018-05-07,177.27280276641295
2018-05-08,176.81328109583552
2018-05-09,177.84679887513033
2018-05-10,178.7543260142773
2018-05-11,177.7489293255941
2018-05-14,178.41558665108295
2018-05-15,177.9430243175204
2018-05-16,178.0715865301136
2018-05-17,178.333645188228
2018-05-18,178.5561879376348
2018-05-21,179.67409848182638
2018-05-22,180.5662254772492
2018-05-23,180.88490715101594
2018-05-24,180.77743506283332
2018-05-25,179.6206507346131
2018-05-29,178.36383097553363
2018-05-30,179.25429946002706
2018-05-31,179.25858671201132
2018-06-01,178.75102674038342
2018-06-04,176.74313543582934
2018-06-05,177.28170625407458
2018-06-06,177.4323235644381
2018-06-07,177.99936529512422
2018-06-08,177.87433497827593
2018-06-11,177.23733946038578
2018-06-12,177.74776415855624
2018-06-13,177.89882800145685
2018-06-14,176.42570325498102
2018-06-15,173.44542094261516
2018-06-18,173.30755272404613
2018-06-19,171.24640743473415
2018-06-20,171.65493500589963
2018-06-21,170.95829185723898
2018-06-22,172.7533884740463
2018-06-25,170.49422551504523
2018-06-26,171.2105318446898
2018-06-27,172.43818520605575
2018-06-28,171.7541348574968
2018-06-29,172.99368480829256
2018-07-02,169.6825946128578
2018-07-03,170.08127471176766
2018-07-05,169.31271075973854
2018-07-06,170.6668431621946
2018-07-09,170.52328130506785
2018-07-10,169.81176410933097
2018-07-11,165.23416989466168
2018-07-12,166.36517167160554
2018-07-13,166.02327664911388
2018-07-16,164.07887988661457
2018-07-17,164.05397984341576
2018-07-18,164.65296857241466
2018-07-19,164.55919113091363
2018-07-20,165.79450339267095
2018-07-23,165.71527864226317
2018-07-24,166.59456341615652
2018-07-25,168.30267355579034
2018-07-26,168.36211228646096
2018-07-27,168.14923533487348
2018-07-30,169.2383857721461
2018-07-31,169.27656336481743
2018-08-01,167.01863976541398
2018-08-02,167.54780422628846
2018-08-03,168.3347734410933
2018-08-06,168.67140126196793
2018-08-07,169.51481513795989
2018-08-08,168.82295962220053
2018-08-09,168.3662015343152
2018-08-10,167.0734814248986
2018-08-13,165.7180389963286
2018-08-14,166.18795380261076
2018-08-15,163.0235785410277
2018-08-16,164.70713989172873
2018-08-17,165.38340497601183
2018-08-20,165.36123160377
2018-08-21,165.60188915332336
2018-08-22,165.9092727031505
2018-08-23,164.9667761938649
2018-08-24,166.13358816082376
2018-08-27,166.28758773837356
2018-08-28,165.5099700329527
2018-08-29,166.43626371727817
2018-08-30,166.03886841777614
2018-08-31,166.29157309715706
2018-09-04,165.09675939944378
2018-09-05,164.2558363802316
2018-09-06,163.7382935377089
2018-09-07,164.06003422684657
2018-09-10,164.7640386061969
2018-09-11,164.86688944369726
2018-09-12,165.86013125006892
2018-09-13,164.3829624781866
2018-09-14,163.8758476754715
2018-09-17,163.25479393500467
2018-09-18,164.45368325410493
2018-09-19,165.71336928027307
2018-09-20,166.7601338578529
2018-09-21,167.8088933961795
2018-09-24,168.71585745906026
2018-09-25,169.19294954566857
2018-09-26,168.43667606672702
2018-09-27,168.56300171510892
2018-09-28,169.46792193069797
2018-10-01,171.79530843891882
2018-10-02,173.3722338113264
2018-10-03,174.43569289414634
2018-10-04,172.6866723515801
2018-10-05,172.91944181400274
2018-10-08,172.9862792490101
2018-10-09,173.6182854875063
2018-10-10,171.94794621809507
2018-10-11,171.03728085563108
2018-10-12,171.6718891568586
2018-10-15,173.46082142685896
2018-10-16,173.27749420861355
2018-10-17,172.6478894973772
2018-10-18,170.76233237604518
2018-10-19,171.17440739232123
2018-10-22,170.85475376672744
2018-10-23,169.60599601087256
2018-10-24,168.92235393835438
2018-10-25,168.60076180248333
2018-10-26,169.35721375661092
2018-10-29,168.17662000170387
2018-10-30,166.56889291629932
2018-10-31,165.80210922987504
2018-11-01,166.6030056729331
2018-11-02,167.2158858679716
2018-11-05,167.8551567469537
2018-11-06,166.8144740624694
2018-11-07,166.94404430379797
2018-11-08,166.05399752231895
2018-11-09,165.31673215370623
2018-11-12,165.6376036417642
2018-11-13,164.45173338818162
2018-11-14,169.01716680297707
2018-11-15,165.2934130277311
2018-11-16,167.42224637889586
2018-11-19,169.26652194123182
2018-11-20,165.6127800563079
2018-11-21,166.37645218260232
2018-11-23,162.63483055233783
2018-11-26,162.59947583931717
2018-11-27,161.9784615849249
2018-11-28,164.64203350192918
2018-11-29,164.9951896955432
2018-11-30,164.8609657260392
2018-12-03,165.6651899567546
2018-12-04,166.5685168044812
2018-12-05,166.5020746477886
2018-12-06,164.3434761163315
2018-12-07,166.79103772739592
2018-12-10,165.28924293945744
2018-12-11,165.0886093643274
2018-12-12,164.23232105664144
2018-12-13,164.90524989858733
2018-12-14,162.42460389457517
2018-12-17,160.4390422456271
2018-12-18,159.2840478579542
2018-12-19,159.85204542187083
2018-12-20,157.57275203985083
2018-12-21,157.3591999812215
2018-12-24,154.4089179725382
2018-12-26,156.42670403384432
2018-12-27,155.61804644382477
2018-12-28,155.21078679796824
2018-12-31,153.47073659380055
2019-01-02,154.02456313177916
2019-01-03,154.97780900601876
2019-01-04,156.75469059486468
2019-01-07,157.2476598114111
2019-01-08,158.01220241028076
2019-01-09,159.95518950188804
2019-01-10,159.12291756310043
2019-01-11,159.4828551825703
2019-01-14,159.97954626407773
2019-01-15,160.39937931409304
2019-01-16,160.72444333555515
2019-01-17,161.1218156420055
2019-01-18,162.9971831194612
2019-01-22,160.4281505242272
2019-01-23,160.41451040608447
2019-01-24,160.6988870400948
2019-01-25,162.43611809382875
2019-01-28,160.04195183065602
2019-01-29,161.3259554834164
2019-01-30,162.10613336346935
2019-01-31,161.8063211213302
2019-02-01,162.3018749887022
2019-02-04,162.58818822331432
2019-02-05,162.16257927284911
2019-02-06,162.3881622279597
2019-02-07,160.50511408601253
2019-02-08,160.57294841406974
2019-02-11,159.7655658354505
2019-02-12,160.66667019641562
2019-02-13,160.81562978654478
2019-02-14,160.4233248468714
2019-02-15,162.4362634553584
2019-02-19,163.12822136036306
2019-02-20,163.92191564963682
2019-02-21,164.14945345629442
2019-02-22,164.84088482897735
2019-02-25,163.20306559119214
2019-02-26,163.03051620032824
2019-02-27,163.8533412797895
2019-02-28,163.4285103941858
2019-03-01,162.591495655989
2019-03-04,162.31021096583947
2019-03-05,163.07928530624335
2019-03-06,162.18492040205572
2019-03-07,161.75658842167803
2019-03-08,161.66468429041336
2019-03-11,161.25822845140647
2019-03-12,162.48829655276737
2019-03-13,163.84777053645706
2019-03-14,163.4953144485559
2019-03-15,163.9857970339192
2019-03-18,164.5895261438475
2019-03-19,165.04030182315483
2019-03-20,165.63232416736383
2019-03-21,165.58281496811554
2019-03-22,164.39863853084714
2019-03-25,164.74609076572915
2019-03-26,164.9181115005374
2019-03-27,164.06973684381785
2019-03-28,163.12559480817964
2019-03-29,163.14029125991155
2019-04-01,164.33324029484794
2019-04-02,164.72803226602352
2019-04-03,165.39137883695224
2019-04-04,165.50537292320755
2019-04-05,165.79832856757358
2019-04-08,166.62636850641385
2019-04-09,166.33662122269666
2019-04-10,167.23652607490672
2019-04-11,165.58982022885996
2019-04-12,166.55675477053805
2019-04-15,165.79679616522225
2019-04-16,165.0907898732901
2019-04-17,164.49343756236723
2019-04-18,164.59955129721234
2019-04-22,165.11977101967773
2019-04-23,164.50417991682568
2019-04-24,164.09714013203873
2019-04-25,163.67746491256955
2019-04-26,162.77175023923604
2019-04-29,162.3316834905114
2019-04-30,162.42376543893835
2019-05-01,162.13702043678268
2019-05-02,160.69176767447416
2019-05-03,160.98656862972274
2019-05-06,160.26785503044306
2019-05-07,159.26305914167972
2019-05-08,159.34079261257787
2019-05-09,158.46725153370144
2019-05-10,158.6873467107773
2019-05-13,158.05556010421634
2019-05-14,160.08220736441262
2019-05-15,160.73260056052857
2019-05-16,162.05788318663105
2019-05-17,160.86436091955983
2019-05-20,161.33274929790554
2019-05-21,161.03925050524475
2019-05-22,159.39020101626087
2019-05-23,157.41063969356586
2019-05-24,158.91997403594303
2019-05-28,160.3088824876544
2019-05-29,160.3281832508145
2019-05-30,159.756184685411
2019-05-31,156.95561257928975
2019-06-03,156.47453050352968
2019-06-04,156.98661737877217
2019-06-05,154.53675042815854
2019-06-06,155.80240929309727
2019-06-07,155.90123301798363
2019-06-10,155.66522610221114
2019-06-11,156.57594015134134
2019-06-12,155.80598341462107
2019-06-13,156.8856191705857
2019-06-14,157.34347777006502
2019-06-17,157.27217397882194
2019-06-18,158.21103478343835
2019-06-19,157.26592581234246
2019-06-20,160.0942699807026
2019-06-21,159.4490693750381
2019-06-24,160.75768274718695
2019-06-25,161.50006753771106
2019-06-26,162.13056141038098
2019-06-27,162.22982307628163
2019-06-28,161.16435753390434
2019-07-01,159.94350295972038
2019-07-02,157.99079910448543
2019-07-03,160.28135675988847
2019-07-05,160.1277850730518
2019-07-08,159.96031249584317
2019-07-09,160.1915112198479
2019-07-10,163.05544070033488
2019-07-11,163.10005607854094
2019-07-12,164.05844536188977
2019-07-15,163.12356159684583
2019-07-16,161.29816060042657
2019-07-17,161.17336743293066
2019-07-18,159.8454256450145
2019-07-19,160.79676632801667
2019-07-22,160.38757697769134
2019-07-23,160.86960834935235
2019-07-24,160.72405475186562
2019-07-25,160.07202028122785
2019-07-26,159.5676289347632
2019-07-29,160.1274725272705
2019-07-30,160.28745209015153
2019-07-31,160.0563899974266
2019-08-01,156.10609868181388
2019-08-02,156.55991177253722
2019-08-05,155.63706981121638
2019-08-06,155.05132732856396
2019-08-07,154.0591675740304
2019-08-08,156.23205275288248
2019-08-09,157.02199839402158
2019-08-12,155.81918772629925
2019-08-13,157.3808508303093
2019-08-14,155.9073555105946
2019-08-15,155.60522172292366
2019-08-16,155.75941035612223
2019-08-19,155.5400637638633
2019-08-20,155.61965743790958
2019-08-21,155.84533776468302
2019-08-22,155.08865851966456
2019-08-23,154.3818258725073
2019-08-26,154.97101930696368
2019-08-27,155.45866368839484
2019-08-28,156.65668141189877
2019-08-29,157.31626495728725
2019-08-30,156.34734615893632
2019-09-03,156.3670040210443
2019-09-04,159.24521258749422
2019-09-05,158.47069180055678
2019-09-06,158.18423920426662
2019-09-09,159.3443023029219
2019-09-10,159.97927965872123
2019-09-11,158.86853461017637
2019-09-12,159.61905546598655
2019-09-13,159.892462733724
2019-09-16,165.39202247248895
2019-09-17,162.35654537257628
2019-09-18,161.57558107850463
2019-09-19,161.36357748003303
2019-09-20,160.96800305882306
2019-09-23,162.33992805152715
2019-09-24,161.32190919590153
2019-09-25,160.4153323036508
2019-09-26,159.87146908463555
2019-09-27,159.28275320156948
2019-09-30,158.15454882706035
2019-10-01,158.3413539022435
2019-10-02,157.64852148927136
2019-10-03,158.1032325494701
2019-10-04,158.50851661764594
2019-10-07,158.07064979535784
2019-10-08,158.4239085583063
2019-10-09,158.52051919846937
2019-10-10,158.5724149080808
2019-10-11,160.38517301654466
2019-10-14,159.89607395937645
2019-10-15,159.54324534541817
2019-10-16,159.4078893074155
2019-10-17,159.91892105042706
2019-10-18,160.10478991053446
2019-10-21,159.25835401350406
2019-10-22,159.73134651495576
2019-10-23,160.8315685958629
2019-10-24,161.52992272923655
2019-10-25,161.84706043549585
2019-10-28,161.82308231945171
2019-10-29,162.07594997195022
2019-10-30,162.08266609397407
2019-10-31,161.355267403769
2019-11-01,163.4478312984516
2019-11-04,164.21899604231837
2019-11-05,164.40519521913785
2019-11-06,163.25888731709784
2019-11-07,162.9961008463383
2019-11-08,162.77560308080666
2019-11-11,160.99988561291354
2019-11-12,161.01164309292525
2019-11-13,160.88181025704188
2019-11-14,160.80407936843372
2019-11-15,161.15914794271652
2019-11-18,159.60600190218491
2019-11-19,158.67181163687465
2019-11-20,159.54137852528893
2019-11-21,160.2189095418175
2019-11-22,160.46998251375913
2019-11-25,160.13667540208473
2019-11-26,160.35529345394013
2019-11-27,159.70667588955158
2019-11-29,157.21513576766588
2019-12-02,157.27461227722233
2019-12-03,157.7090800590489
2019-12-04,158.74328189170478
2019-12-05,159.29038319816897
2019-12-06,159.56336802189054
2019-12-09,159.37209162126746
2019-12-10,160.14627340170455
2019-12-11,159.77625543130443
2019-12-12,161.3033752823927
2019-12-13,162.00666319302206
2019-12-16,163.6028213164476
2019-12-17,163.8203801501346
2019-12-18,163.5153401519964
2019-12-19,163.9494378022345
2019-12-20,164.05582672907076
2019-12-23,163.7146351582402
2019-12-24,164.62785174003886
2019-12-26,165.86853843787685
2019-12-27,166.04929879333696
2019-12-30,166.14232810334158
2019-12-31,165.1214830059097
2020-01-02,165.36332550705913
2020-01-03,166.11913358437178
2020-01-06,166.69382014477873
2020-01-07,166.5621680289693
2020-01-08,164.54305098292832
2020-01-09,164.29648898453385
2020-01-10,164.8179642797085
2020-01-13,163.9824406380731
2020-01-14,164.10894647568992
2020-01-15,163.46915089418502
2020-01-16,162.62323291077837
2020-01-17,163.0527896426684
2020-01-21,161.81807935168604
2020-01-22,160.7363114315628
2020-01-23,159.83586242248796
2020-01-24,157.98745944933913
2020-01-27,155.77805928217842
2020-01-28,155.96298783767386
2020-01-29,155.03325185115446
2020-01-30,153.5720623701627
2020-01-31,152.9622944439715
2020-02-03,151.417961109182
2020-02-04,151.47394394025412
2020-02-05,152.7925885737251
2020-02-06,153.25565654616625
2020-02-07,152.8397589382563
2020-02-10,151.71146179042952
2020-02-11,152.10016355384374
2020-02-12,153.68864392233877
2020-02-13,154.0315401988037
2020-02-14,154.17255999080058
2020-02-18,155.658779437897
2020-02-19,156.61444374005552
2020-02-20,155.89776586486036
2020-02-21,155.98298033761208
2020-02-24,153.23123619443808
2020-02-25,151.82631137121476
2020-02-26,150.65112256024665
2020-02-27,148.50299145934892
2020-02-28,145.2409399786425
2020-03-02,148.30239298254244
2020-03-03,149.77769437763916
2020-03-04,149.85904854334433
2020-03-05,148.74559947713914
2020-03-06,144.88051423117398
2020-03-09,138.85530279648802
2020-03-10,141.82172417037162
2020-03-11,139.7839284521091
2020-03-12,135.4142292397878
2020-03-13,133.65724898049208
2020-03-16,128.06999147767073
2020-03-17,126.91219979309535
2020-03-18,121.73593801878586
2020-03-19,125.72192651842833
2020-03-20,125.05188271983035
2020-03-23,126.91109215517973
2020-03-24,130.5089830947468
2020-03-25,130.95540866601593
2020-03-26,129.60529367281848
2020-03-27,128.35510155570321
2020-03-30,127.02361171234813
2020-03-31,126.60174141256573
2020-04-01,123.39309003430972
2020-04-02,125.96975814114543
2020-04-03,127.29445208560377
2020-04-06,128.56840463943885
2020-04-07,129.39039450844118
2020-04-08,129.2435713248175
2020-04-09,129.91760988373426
2020-04-13,129.7319772961859
2020-04-14,129.05125727947683
2020-04-15,126.82947130371412
2020-04-16,127.01157323412578
2020-04-17,127.09191650874003
2020-04-20,126.85566103495663
2020-04-21,121.80016535311245
2020-04-22,124.20314946415283
2020-04-23,124.39559824716306
2020-04-24,123.29899798975832
2020-04-27,121.89410341691284
2020-04-28,122.07586361617497
2020-04-29,122.5560782942898
2020-04-30,124.64941539074303
2020-05-01,124.25749345093966
2020-05-04,124.7989222390528
2020-05-05,127.53735914600041
2020-05-06,125.80256216941217
2020-05-07,126.89771074508567
2020-05-08,127.56240585917311
2020-05-11,126.46293191825369
2020-05-12,125.99173557107875
2020-05-13,124.08969677059449
2020-05-14,125.45039847014878
2020-05-15,126.21216730665171
2020-05-18,129.0149630889422
2020-05-19,129.44460890958476
2020-05-20,130.19645119103708
2020-05-21,128.9878711292319
2020-05-22,128.42776499444938
2020-05-26,129.67723668368555
2020-05-27,128.2849444494644
2020-05-28,128.49178094698883
2020-05-29,130.05840804216794
2020-06-01,130.01055347422235
2020-06-02,130.56584634525777
2020-06-03,130.80939392706694
2020-06-04,131.73437291850746
2020-06-05,132.43420930123688
2020-06-08,132.32733552115067
2020-06-09,132.50281964303534
2020-06-10,133.069715871102
2020-06-11,131.20599272459026
2020-06-12,130.41493664590286
2020-06-15,130.29372746787854
2020-06-16,130.9001077357669
2020-06-17,131.16873604844338
2020-06-18,131.26506837418944
2020-06-19,132.1956550489934
2020-06-22,132.72539070002608
2020-06-23,132.47718417125833
2020-06-24,130.42635149370565
2020-06-25,129.893304971896
2020-06-26,129.4268044117119
2020-06-29,131.52344532749362
2020-06-30,133.0248094601627
2020-07-01,133.45030911433753
2020-07-02,134.36984412834428
2020-07-06,135.49163693966915
2020-07-07,136.2320888479059
2020-07-08,136.74731451920337
2020-07-09,135.83404488055834
2020-07-10,136.42781121185013
2020-07-13,136.12854794265868
2020-07-14,135.4874123244901
2020-07-15,136.4898719186436
2020-07-16,136.0971242725602
2020-07-17,136.14171029679363
2020-07-20,135.76432436226187
2020-07-21,137.76463607069257
2020-07-22,138.6914409557152
2020-07-23,139.48088651153907
2020-07-24,139.53425285277046
2020-07-27,140.255881704618
2020-07-28,140.31480742448855
2020-07-29,141.26185466159785
2020-07-30,139.7467870036395
2020-07-31,140.6145620384428
2020-08-03,143.12972683787567
2020-08-04,144.43838512556533
2020-08-05,145.7657139604744
2020-08-06,146.0682311079191
2020-08-07,144.24808496566007
2020-08-10,145.17632363757718
2020-08-11,143.10520188140413
2020-08-12,143.8811746752216
2020-08-13,145.04305983721105
2020-08-14,144.9802965353092
2020-08-17,147.4614116973146
2020-08-18,148.39569042204158
2020-08-19,148.11102141989934
2020-08-20,146.98065494733163
2020-08-21,146.31836108356313
2020-08-24,146.71772750241666
2020-08-25,147.461767848465
2020-08-26,148.0370782906621
2020-08-27,148.689805026613
2020-08-28,149.75452060993317
2020-08-31,150.12284131879645
2020-09-01,150.507166299087
2020-09-02,149.13808494487154
2020-09-03,148.039898930429
2020-09-04,148.23278032023066
2020-09-08,146.19597061191547
2020-09-09,146.8276779924587
2020-09-10,146.3880223227854
2020-09-11,146.52663588908678
2020-09-14,146.91382591951268
2020-09-15,147.01925211859026
2020-09-16,148.04615886174034
2020-09-17,148.22952115819388
2020-09-18,149.41831637092739
2020-09-21,145.7139961001872
2020-09-22,145.38379148292572
2020-09-23,144.91392684053338
2020-09-24,145.11760064289408
2020-09-25,144.7515657112234
2020-09-28,145.3696841762408
2020-09-29,143.89555637121867
2020-09-30,145.09011542748758
2020-10-01,143.85514951961167
2020-10-02,142.94292268345438
2020-10-05,145.48803010909262
2020-10-06,146.20630258206063
2020-10-07,147.03700636255635
2020-10-08,147.76655240024238
2020-10-09,150.00662896849514
2020-10-12,149.0395507070306
2020-10-13,148.613324921028
2020-10-14,149.4858997444145
2020-10-15,150.38855556628803
2020-10-16,150.28239733202602
2020-10-19,150.66077096274373
2020-10-20,151.40206609491693
2020-10-21,151.8048166581058
2020-10-22,151.2132748804808
2020-10-23,150.65755588185917
2020-10-26,149.9684949296963
2020-10-27,150.69563951230492
2020-10-28,147.73218288346501
2020-10-29,146.66179392595387
2020-10-30,147.1328982403886
2020-11-02,147.70988559282662
2020-11-03,147.98422717014344
2020-11-04,148.8708761444317
2020-11-05,149.89557727621892
2020-11-06,149.13974602093282
2020-11-09,148.98871439890954
2020-11-10,151.47983123048328
2020-11-11,151.55758224038686
2020-11-12,150.97973119013741
2020-11-13,150.99538368832722
2020-11-16,151.08799457916774
2020-11-17,151.3231798241304
2020-11-18,151.94357465146336
2020-11-19,150.60409904411628
2020-11-20,151.83328111444126
2020-11-23,151.8808082198394
2020-11-24,153.0591360644019
2020-11-25,153.20626415214346
2020-11-27,153.22800787473315
2020-11-30,152.29842609574078
2020-12-01,152.69009581132954
2020-12-02,152.58056697018284
2020-12-03,151.69808127831234
2020-12-04,152.17471926575803
2020-12-07,151.44130028227417
2020-12-08,150.894859169875
2020-12-09,151.45544217548806
2020-12-10,153.38131662517384
2020-12-11,153.34074927170082
2020-12-14,153.99099145124302
2020-12-15,155.06198870920437
2020-12-16,155.70209016431207
2020-12-17,157.41997123967545
2020-12-18,158.36693118227146
2020-12-21,157.63826959912717
2020-12-22,156.7942906943491
2020-12-23,157.77235874151862
2020-12-24,157.76627389608092
2020-12-28,156.69699779715677
2020-12-29,157.93611032217743
2020-12-30,158.92563268066567
2020-12-31,159.87252581026092
2021-01-04,161.06809776257086
2021-01-05,164.54014749875356
2021-01-06,164.42185866680617
2021-01-07,164.50123792676303
2021-01-08,163.1609734732399
2021-01-11,162.81328710830988
2021-01-12,165.14268231222212
2021-01-13,165.11965123117093
2021-01-14,166.353206241651
2021-01-15,164.80028198192485
2021-01-19,163.9658759139657
2021-01-20,164.48212485989842
2021-01-21,164.45781669969014
2021-01-22,162.0474143576206
2021-01-25,163.81699322722346
2021-01-26,164.8485592266905
2021-01-27,164.7913936873295
2021-01-28,163.8497267557348
2021-01-29,164.0675717275598
2021-02-01,167.13649749124653
2021-02-02,166.45882820996775
2021-02-03,167.5725722265999
2021-02-04,167.9189422516984
2021-02-05,168.9295457593869
2021-02-08,171.12346269478815
2021-02-09,171.59788040006555
2021-02-10,171.10200697417724
2021-02-11,170.9856929816723
2021-02-12,172.1895474856899
2021-02-16,174.2125461306479
2021-02-17,174.52147694670518
2021-02-18,174.60193227087206
2021-02-19,174.72642771111592
2021-02-22,177.59370829817428
2021-02-23,177.42713267912046
2021-02-24,179.4023747473417
2021-02-25,178.45052283605287
2021-02-26,174.6815422381963
2021-03-01,173.6663520319259
2021-03-02,174.6326127344302
2021-03-03,173.84791206048317
2021-03-04,173.66661761245982
2021-03-05,175.87354636123206
2021-03-08,174.86925633950074
2021-03-09,174.97581116108677
2021-03-10,174.81399075600697
2021-03-11,176.7259616246187
2021-03-12,176.07781600853298
2021-03-15,176.08652412480183
2021-03-16,176.07961543180792
2021-03-17,175.53315558191252
2021-03-18,171.36957813701147
2021-03-19,173.13206452599263
2021-03-22,173.43628789525758
2021-03-23,170.3875007236831
2021-03-24,172.77379836073743
2021-03-25,170.00444526331884
2021-03-26,172.33707703019692
2021-03-29,171.92929210865623
2021-03-30,169.511634121232
2021-03-31,170.9292269101785
2021-04-01,171.72693544552118
2021-04-05,170.03688631214914
2021-04-06,171.25866593370688
2021-04-07,171.58586688904046
2021-04-08,172.88029907351162
2021-04-09,172.12465652572732
2021-04-12,171.21112794576743
2021-04-13,172.71641233155248
2021-04-14,175.91963876762966
2021-04-15,177.31407266156629
2021-04-16,177.2438678897138
2021-04-19,177.7726728105589
2021-04-20,178.1687401073425
2021-04-21,178.7598043268559
2021-04-22,180.20241661791312
2021-04-23,181.0866276996628
2021-04-26,183.38338936697173
2021-04-27,184.51645142012512
2021-04-28,184.74572992086803
2021-04-29,184.7005181302418
2021-04-30,185.0987561426177
2021-05-03,186.33625350632147
2021-05-04,187.74606217405776
2021-05-05,188.91700905432825
2021-05-06,190.24015568531135
2021-05-07,192.01027265749062
2021-05-10,190.82303497806146
2021-05-11,192.27688908350956
2021-05-12,192.3019563668787
2021-05-13,187.84399266871304
2021-05-14,188.4206665300723
2021-05-17,191.01812964523768
2021-05-18,190.81581919304952
2021-05-19,187.3124028946844
2021-05-20,186.18024993561036
2021-05-21,186.19256276787007
2021-05-24,187.60150537432722
2021-05-25,187.20643462677623
2021-05-26,187.64668285313252
2021-05-27,190.1017833123148
2021-05-28,190.14752403296743
2021-06-01,192.83885052634838
2021-06-02,193.46804407190402
2021-06-03,191.04443261060754
2021-06-04,193.95662525982655
2021-06-07,192.88112103042886
2021-06-08,194.13943502837864
2021-06-09,194.20063309317683
2021-06-10,194.66148541911366
2021-06-11,194.58378298934446
2021-06-14,193.1985248160646
2021-06-15,191.6176748907729
2021-06-16,191.356093990378
2021-06-17,184.57055511875956
2021-06-18,186.27344774919547
2021-06-21,187.5570369376802
2021-06-22,187.48623763601788
2021-06-23,188.97475440855683
2021-06-24,189.18975765242573
2021-06-25,189.35580283914896
2021-06-28,190.64562666323064
2021-06-29,190.91673978430407
2021-06-30,193.66714689781918
2021-07-01,193.97042709133757
2021-07-02,194.55700052783175
2021-07-06,190.09525724722917
2021-07-07,189.43493778682122
2021-07-08,189.6435945566835
2021-07-09,191.52916623027062
2021-07-12,192.49086259852638
2021-07-13,193.5447610807089
2021-07-14,193.39884189243645
2021-07-15,192.82534059004652
2021-07-16,193.44387818800476
2021-07-19,188.64999869873105
2021-07-20,191.1530351870328
2021-07-21,193.99716290904365
2021-07-22,195.64800723104491
2021-07-23,196.02324107829537
2021-07-26,197.9756180576927
2021-07-27,196.32155737058326
2021-07-28,197.03173392061908
2021-07-29,199.74659782595444
2021-07-30,197.22656340242358
2021-08-02,196.14501112860714
2021-08-03,195.32675142266604
2021-08-04,194.31407884215503
2021-08-05,195.23360838298214
2021-08-06,193.9707845932022
2021-08-09,190.77246622310855
2021-08-10,193.34935837321729
2021-08-11,194.5376839856368
2021-08-12,194.57448092261714
2021-08-13,194.965496789685
2021-08-16,194.66869248829425
2021-08-17,192.55480625190998
2021-08-18,191.53009856333648
2021-08-19,188.29893170380626
2021-08-20,186.7535663115284
2021-08-23,190.8017447988466
2021-08-24,193.3510147255604
2021-08-25,194.1333237333411
2021-08-26,194.52064265218524
2021-08-27,197.38804836464004
2021-08-30,197.03679853523718
2021-08-31,196.64131245550504
2021-09-01,196.80592634472052
2021-09-02,198.13397159096337
2021-09-03,198.95866586643635
2021-09-07,196.2463107839563
2021-09-08,198.08283954267029
2021-09-09,197.83217649481733
2021-09-10,198.9367078472975
2021-09-13,200.1014735164803
2021-09-14,200.48014181818067
2021-09-15,204.01439098093505
2021-09-16,201.97967883875455
2021-09-17,199.84189721240412
2021-09-20,196.78013016701786
2021-09-21,196.1951812967536
2021-09-22,199.0233863579847
2021-09-23,201.25378895456848
2021-09-24,202.77432379090934
2021-09-27,206.55989906390656
2021-09-28,206.74657641751023
2021-09-29,204.04561144737613
2021-09-30,206.42335722146697
2021-10-01,206.76961276174333
2021-10-04,209.07730106834364
2021-10-05,212.7654738357309
2021-10-06,208.13408112324842
2021-10-07,209.6688999071048
2021-10-08,210.24062052005408
2021-10-11,210.43066589659182
2021-10-12,210.46295997279674
2021-10-13,211.58583470186426
2021-10-14,213.9096384922687
2021-10-15,214.5620736655923
2021-10-18,212.28567549223024
2021-10-19,212.87777373207484
2021-10-20,215.41516019831585
2021-10-21,211.41068768432248
2021-10-22,212.56681017071503
2021-10-25,216.840330193613
2021-10-26,216.50865569876413
2021-10-27,215.27941464673913
2021-10-28,213.68362645246677
2021-10-29,211.75695489498324
2021-11-01,212.34078321165697
2021-11-02,213.51941721772693
2021-11-03,211.29522622703672
2021-11-04,210.1529099222456
2021-11-05,210.4845331661421
2021-11-08,210.5755870850631
2021-11-09,209.9428425239149
2021-11-10,209.0122416299808
2021-11-11,211.70470365843522
2021-11-12,210.61120574050105
2021-11-15,211.34807118617783
2021-11-16,211.7208812069431
2021-11-17,209.81544783698433
2021-11-18,210.10491128905753
2021-11-19,209.61725598332706
2021-11-22,209.17114869789475
2021-11-23,211.52542653286815
2021-11-24,212.23515356304156
2021-11-26,205.0951008985694
2021-11-29,202.2608347242062
2021-11-30,196.27469181487186
2021-12-01,195.05683389666947
2021-12-02,194.88321884951142
2021-12-03,196.26817005933233
2021-12-06,196.0683310484698
2021-12-07,198.1104781101905
2021-12-08,199.25893254994406
2021-12-09,197.82165512628748
2021-12-10,198.5295258673568
2021-12-13,197.71584306058983
2021-12-14,196.65960823477891
2021-12-15,195.70579067327978
2021-12-16,198.8148494683247
2021-12-17,197.55808808635797
2021-12-20,195.42548141501499
2021-12-21,199.04086827262844
2021-12-22,202.2784547325921
2021-12-23,202.63543135500578
2021-12-27,205.66202954099992
2021-12-28,205.00944590610052
2021-12-29,205.2743282762117
2021-12-30,203.72185413199753
2021-12-31,203.1912428839427
2022-01-03,203.79528641497268
2022-01-04,206.08152754661572
2022-01-05,207.26610485066536
2022-01-06,206.50319889829692
2022-01-07,207.53208935472944
2022-01-10,206.6560757970698
2022-01-11,210.5636280506618
2022-01-12,213.951157890583
2022-01-13,211.14516863079666
2022-01-14,212.16062051232117
2022-01-18,213.35198905649534
2022-01-19,216.05421364409324
2022-01-20,216.64782693009874
2022-01-21,215.8861149124442
2022-01-24,214.36457229810716
2022-01-25,216.41666480478708
2022-01-26,218.49085711007686
2022-01-27,217.59371763029353
2022-01-28,219.5595056161372
2022-01-31,221.02614920563929
2022-02-01,222.48447080836536
2022-02-02,225.95965917833553
2022-02-03,224.05871452921485
2022-02-04,224.5395951688082
2022-02-07,224.17827941229538
2022-02-08,223.18970630774805
2022-02-09,224.8929881422899
2022-02-10,224.38150001792985
2022-02-11,225.21571156518667
2022-02-14,227.6906517471788
2022-02-15,225.20671068610008
2022-02-16,228.86681622891803
2022-02-17,228.58753035699797
2022-02-18,228.78326574759424
2022-02-22,232.70141591949894
2022-02-23,234.34109772253407
2022-02-24,236.24550334220825
2022-02-25,230.3670391470655
2022-02-28,234.78593651271166
2022-03-01,244.5108259507805
2022-03-02,250.26242154904367
2022-03-03,251.96082563036057
2022-03-04,260.3725662766664
2022-03-07,268.2390780144555
2022-03-08,271.8670759800812
2022-03-09,257.9437919777581
2022-03-10,256.4836975171402
2022-03-11,259.0839437281098
2022-03-14,253.7724963696654
2022-03-15,249.882165932813
2022-03-16,247.36850080414126
2022-03-17,254.91183972489094
2022-03-18,252.89091468593625
2022-03-21,257.6269718696578
2022-03-22,257.3874939776918
2022-03-23,264.14775209603766
2022-03-24,264.79388916205806
2022-03-25,266.215211660003
2022-03-28,258.75376755332087
2022-03-29,253.46600480700124
2022-03-30,259.2726954442339
2022-03-31,255.08904349402604
2022-04-01,254.00019532039343
2022-04-04,257.4661642054712
2022-04-05,258.7867306697533
2022-04-06,255.32067565737003
2022-04-07,256.1756826808204
2022-04-08,259.2357012541124
2022-04-11,258.27042163948244
2022-04-12,264.153061471764
2022-04-13,268.6872214538253
2022-04-14,271.6074606654332
2022-04-18,276.8681072138789
2022-04-19,269.352367342604
2022-04-20,268.7545249402918
2022-04-21,269.3174539776507
2022-04-22,264.6719222411841
2022-04-25,260.17480195163535
2022-04-26,263.18102547892704
2022-04-27,265.97896458862726
2022-04-28,264.9949103877068
2022-04-29,265.6414079141497
2022-05-02,264.59962693582446
2022-05-03,263.8886331399009
2022-05-04,269.69005752847784
2022-05-05,271.671653226103
2022-05-06,267.451043330511
2022-05-09,256.000755098538
2022-05-10,255.72194132399457
2022-05-11,261.46196761362916
2022-05-12,260.9313885225637
2022-05-13,263.32869465977325
2022-05-16,268.52655829556574
2022-05-17,270.15691640859177
2022-05-18,266.07186261310056
2022-05-19,269.11381785959185
2022-05-20,267.9654877560993
2022-05-23,271.67851397587174
2022-05-24,270.8279266069413
2022-05-25,271.1989735145007
2022-05-26,273.583850486622
2022-05-27,274.8477059581013
2022-05-31,269.6674812386973
2022-06-01,272.6763403714401
2022-06-02,274.7999661384667
2022-06-03,274.78496303814745
2022-06-06,279.92086660393363
2022-06-07,280.13174433994374
2022-06-08,279.38466972567795
2022-06-09,280.57145278701006
2022-06-10,278.17172531791584
2022-06-13,273.6906021305895
2022-06-14,265.12122998567605
2022-06-15,265.92119981626007
2022-06-16,267.74176807984674
2022-06-17,260.4683006977113
2022-06-21,259.5663562955359
2022-06-22,256.29958929277905
2022-06-23,248.46403691563137
2022-06-24,249.30601063980458
2022-06-27,250.41355177670562
2022-06-28,252.18696140418052
2022-06-29,251.34058067384905
2022-06-30,240.60497714967272
2022-07-01,240.78503140554074
2022-07-05,229.99114032647702
2022-07-06,227.7089494392453
2022-07-07,236.74388533789065
2022-07-08,238.35386430804041
2022-07-11,239.34116943864208
2022-07-12,230.26634592878275
2022-07-13,233.79011392475886
2022-07-14,229.80822171830698
2022-07-15,233.4266649656085
2022-07-18,241.00061824289534
2022-07-19,238.77422034144482
2022-07-20,241.89960271578605
2022-07-21,238.42593594111005
2022-07-22,239.82280291198137
2022-07-25,243.03244468507356
2022-07-26,245.66316636017027
2022-07-27,246.91786576667226
2022-07-28,247.66352274001963
2022-07-29,250.85460971255372
2022-08-01,246.7095246271213
2022-08-02,242.57380051125682
2022-08-03,242.7721732150347
2022-08-04,243.15755936629313
2022-08-05,242.78170948197192
2022-08-08,241.6684737404491
2022-08-09,244.4899061636955
2022-08-10,248.74868819166244
2022-08-11,254.79816135412338
2022-08-12,253.93335948446466
2022-08-15,250.20167531532925
2022-08-16,250.56254733680507
2022-08-17,250.2117049563911
2022-08-18,250.47191093788658
2022-08-19,252.23064838832974
2022-08-22,254.44164535589363
2022-08-23,255.5912233330486
2022-08-24,257.32841190620275
2022-08-25,256.12018499132176
2022-08-26,257.0706837668115
2022-08-29,259.1783710456244
2022-08-30,252.93084659266273
2022-08-31,251.0556134371203
2022-09-01,246.58991090838006
2022-09-02,245.86611024987647
2022-09-06,242.52179717856475
2022-09-07,238.94360314009197
2022-09-08,239.9056143473721
2022-09-09,244.775777708705
2022-09-12,249.4769204048779
2022-09-13,248.11736938293194
2022-09-14,250.7976198888981
2022-09-15,243.32024382426067
2022-09-16,241.25581728665836
2022-09-19,241.5568468103019
2022-09-20,242.51617149116836
2022-09-21,241.86955354672378
2022-09-22,239.8669214435705
2022-09-23,232.4270845100252
2022-09-26,228.73204547402364
2022-09-27,228.4547561335432
2022-09-28,233.2384628684235
2022-09-29,232.893522783688
2022-09-30,230.6832566060324
2022-10-03,233.33023287198645
2022-10-04,239.4741485720877
2022-10-05,241.1080820629798
2022-10-06,241.64022547777213
2022-10-07,242.52203806845816
2022-10-10,240.21739235081125
2022-10-11,239.08958848309933
2022-10-12,237.4013157430402
2022-10-13,240.29529039232003
2022-10-14,235.49836185213113
2022-10-17,234.4041362762264
2022-10-18,231.7092967584299
2022-10-19,230.49308873870194
2022-10-20,231.04232720685306
2022-10-21,230.70821091762625
2022-10-24,231.48325266882676
2022-10-25,234.0109161579787
2022-10-26,236.25443827772713
2022-10-27,234.9534610740172
2022-10-28,231.89181546758334
2022-10-31,235.2421533888728
2022-11-01,235.6185829427288
2022-11-02,238.9178438955728
2022-11-03,235.86824712136928
2022-11-04,243.98971015328877
2022-11-07,245.37129960272338
2022-11-08,241.67750517518138
2022-11-09,238.00852634612926
2022-11-10,241.03141126596634
2022-11-11,242.90417977982432
2022-11-14,242.41382930276197
2022-11-15,244.32668823653762
2022-11-16,242.9397324766722
2022-11-17,239.40276983900324
2022-11-18,238.7607202148909
2022-11-21,239.92085588172293
2022-11-22,242.12277039712097
2022-11-23,242.4469723876899
2022-11-25,239.17255375457165
2022-11-28,238.11944615014139
2022-11-29,239.81394555774767
2022-11-30,241.65455008572764
2022-12-01,241.7485064569544
2022-12-02,238.43302602562096
2022-12-05,231.52044273185268
2022-12-06,229.1566091171286
2022-12-07,230.74769067231168
2022-12-08,231.7535075526602
2022-12-09,232.9239091834412
2022-12-12,235.05561219361954
2022-12-13,239.73262282969975
2022-12-14,238.91223166047286
2022-12-15,237.36807013946276
2022-12-16,235.15155786189453
2022-12-19,232.96082282648266
2022-12-20,233.55427755574075
2022-12-21,236.14615426002908
2022-12-22,232.32688559302218
2022-12-23,235.02306613202802
2022-12-27,236.733577150437
2022-12-28,235.3222080577299
2022-12-29,234.80181121030458
2022-12-30,235.70049239303282
2023-01-03,230.53693140542518
2023-01-04,226.91605669755955
2023-01-05,224.4414164152248
2023-01-06,226.04788650003744
2023-01-09,228.4534694655594
2023-01-10,227.25884291353714
2023-01-11,229.4234254579414
2023-01-12,232.12579588245998
2023-01-13,233.4988776922409
2023-01-17,234.45741846793337
2023-01-18,233.61604570470985
2023-01-19,234.18576437557394
2023-01-20,234.8156853923026
2023-01-23,235.67556630166635
2023-01-24,234.45121822903002
2023-01-25,234.12631724526548
2023-01-26,235.5281005595008
2023-01-27,233.9400098069864
2023-01-30,232.27744319404385
2023-01-31,234.419180964891
2023-02-01,229.70966049082566
2023-02-02,229.49146195492554
2023-02-03,224.62167711582217
2023-02-06,223.8305022939355
2023-02-07,226.88947480788494
2023-02-08,226.8868120067708
2023-02-09,226.52791003625592
2023-02-10,228.19069239245385
2023-02-13,227.99302614287177
2023-02-14,228.44782601790504
2023-02-15,225.63619016236393
2023-02-16,225.76590163563225
2023-02-17,223.89333892911316
2023-02-21,225.00944137417696
2023-02-22,223.13407050743868
2023-02-23,222.85608530955088
2023-02-24,221.98732071082853
2023-02-27,222.91287330484053
2023-02-28,223.35186401330697
2023-03-01,225.77740312518958
2023-03-02,225.07242460220863
2023-03-03,228.0034721738523
2023-03-06,225.97201005692799
2023-03-07,222.74612621117217
2023-03-08,221.25869709908557
2023-03-09,219.51107542533865
2023-03-10,220.29994918461279
2023-03-13,221.5580641498985
2023-03-14,219.65297154404206
2023-03-15,215.35632269417428
2023-03-16,216.67809321416937
2023-03-17,216.36331469494326
2023-03-20,216.34872326655125
2023-03-21,216.67682390910738
2023-03-22,216.42843896819048
2023-03-23,216.4236403988117
2023-03-24,217.45965474484962
2023-03-27,219.02869706634814
2023-03-28,220.36302091345505
2023-03-29,219.97409701007462
2023-03-30,220.50606356636453
2023-03-31,222.90196956850846
2023-04-03,225.10968733962565
2023-04-04,225.11545241618526
2023-04-05,225.40490055766617
2023-04-06,224.61180959067266
2023-04-10,224.67655093289468
2023-04-11,226.59736049594122
2023-04-12,227.65690518472869
2023-04-13,227.910258865016
2023-04-14,228.16855820148874
2023-04-17,228.66523713952017
2023-04-18,230.2306306753562
2023-04-19,227.2635655812428
2023-04-20,225.31359235509575
2023-04-21,223.63255640166685
2023-04-24,224.5667266427068
2023-04-25,221.68172876219808
2023-04-26,219.26364149805352
2023-04-27,219.0574387608256
2023-04-28,221.16710499525797
2023-05-01,219.83864324095177
2023-05-02,217.0452458507607
2023-05-03,215.41886307913543
2023-05-04,215.6978271141714
2023-05-05,218.50648006815697
2023-05-08,220.127519916774
2023-05-09,219.8516304499049
2023-05-10,218.16360015214534
2023-05-11,214.7776350518889
2023-05-12,214.95541165648513
2023-05-15,217.42059717735316
2023-05-16,215.0015182153674
2023-05-17,215.59164378256858
2023-05-18,214.66087908857335
2023-05-19,214.93300692413584
2023-05-22,214.5504396059818
2023-05-23,213.7850492627844
2023-05-24,214.0043295490238
2023-05-25,211.31577245132482
2023-05-26,213.02962786661283
2023-05-30,209.3440964123379
2023-05-31,208.61210666656623
2023-06-01,211.26854035436384
2023-06-02,212.65134817176988
2023-06-05,213.20931279093602
2023-06-06,214.02846726738662
2023-06-07,214.60745583917196
2023-06-08,216.16078056126256
2023-06-09,215.2898762264796
2023-06-12,213.1465843682583
2023-06-13,215.69206252399033
2023-06-14,216.10126161470308
2023-06-15,220.89772168765856
2023-06-16,224.42843695689447
2023-06-20,221.23273884833043
2023-06-21,223.71829423596537
2023-06-22,220.44948561066428
2023-06-23,218.6333087803007
2023-06-26,218.95896095295763
2023-06-27,216.32423033822974
2023-06-28,214.45529191397048
2023-06-29,214.32933753489584
2023-06-30,216.99777163386293
2023-07-03,216.5580392915795
2023-07-05,218.257518258733
2023-07-06,216.9370809537401
2023-07-07,218.1003075711572
2023-07-10,218.66218152076047
2023-07-11,220.7320774708684
2023-07-12,221.3910969017001
2023-07-13,223.85350765907486
2023-07-14,224.07262024193813
2023-07-17,221.96351542702385
2023-07-18,224.83448234665596
2023-07-19,226.18873327916256
2023-07-20,227.35419358796872
2023-07-21,227.73530326781432
2023-07-24,230.90231169598005
2023-07-25,232.21076237315782
2023-07-26,230.73761221257107
2023-07-27,229.48769710934243
2023-07-28,230.17961060444873
2023-07-31,230.46208032389234
2023-08-01,229.05727480552142
2023-08-02,225.5643338431524
2023-08-03,226.74861638951023
2023-08-04,227.62497784437312
2023-08-07,227.29495873181068
2023-08-08,227.24094053778927
2023-08-09,229.0691298944764
2023-08-10,227.6813943944942
2023-08-11,227.11300977750443
2023-08-14,226.10833553337613
2023-08-15,223.3710860934913
2023-08-16,222.62211446180632
2023-08-17,223.3753753145196
2023-08-18,224.45557042476284
2023-08-21,224.53435461483969
2023-08-22,223.88177271711993
2023-08-23,225.44416341149156
2023-08-24,226.02546489980898
2023-08-25,227.33906390859067
2023-08-28,227.76829775775093
2023-08-29,228.0935253067165
2023-08-30,228.87648732229704
2023-08-31,228.7201758533532
2023-09-01,230.26522264497248
2023-09-05,230.12900887469777
2023-09-06,229.62964983249222
2023-09-07,228.86956476479017
2023-09-08,229.0699423232857
2023-09-11,230.41227674586438
2023-09-12,230.75160858565405
2023-09-13,231.094310976034
2023-09-14,232.77889967261456
2023-09-15,232.3041402236111
2023-09-18,232.2006274288766
2023-09-19,232.38627012582648
2023-09-20,231.9625180561772
2023-09-21,229.46493044291068
2023-09-22,229.84717412852262
2023-09-25,228.87244490303078
2023-09-26,228.16777666355915
2023-09-27,229.0024704182764
2023-09-28,229.31800491803588
2023-09-29,227.0826785292908
2023-10-02,224.76531119977693
2023-10-03,224.1917655023509
2023-10-04,220.26460618403942
2023-10-05,220.34702726181675
2023-10-06,222.40601946112642
2023-10-09,225.01496689270394
2023-10-10,224.73460729789173
2023-10-11,223.5440823502652
2023-10-12,224.28764277722973
2023-10-13,228.52352945591363
2023-10-16,227.30842937343877
2023-10-17,227.6322105064338
2023-10-18,229.9916811141527
2023-10-19,230.4351277983273
2023-10-20,229.9070213329954
2023-10-23,227.8815378270418
2023-10-24,227.32144088728018
2023-10-25,228.40931413547696
2023-10-26,227.45129165382986
2023-10-27,229.7394500877363
2023-10-30,227.2718957204182
2023-10-31,227.6280517918074
2023-11-01,226.68036039501786
2023-11-02,228.66036917757492
2023-11-03,229.09763119543544
2023-11-06,228.6440423283386
2023-11-07,224.3750666020199
2023-11-08,222.96554324484345
2023-11-09,222.61043983826642
2023-11-10,221.4445593119998
2023-11-13,224.79903137736918
2023-11-14,225.42683983030233
2023-11-15,225.4146525391131
2023-11-16,222.00017614484372
2023-11-17,222.3492304545401
2023-11-20,224.0742372279546
2023-11-21,224.66278479479593
2023-11-22,223.0602026676718
2023-11-24,221.43546128112845
2023-11-27,220.49602935193437
2023-11-28,222.7397860877013
2023-11-29,223.5681507310753
2023-11-30,222.46275023643955
2023-12-01,221.77283682130212
2023-12-04,218.58538099949695
2023-12-05,217.70964294205868
2023-12-06,213.33184815047935
2023-12-07,213.96846339906887
2023-12-08,214.1060709709452
2023-12-11,212.92508844878583
2023-12-12,210.91488181158397
2023-12-13,211.0387141984295
2023-12-14,215.87054649332867
2023-12-15,216.59111379551152
2023-12-18,217.09269859266138
2023-12-19,218.16202789096022
2023-12-20,217.2270717940675
2023-12-21,217.02493760300445
2023-12-22,217.80766554702353
2023-12-26,219.0730464860214
2023-12-27,219.5882713741311
2023-12-28,218.40179276761543
2023-12-29,216.4290637873425
2024-01-02,215.26884217090284
2024-01-03,215.81177106176534
2024-01-04,215.83104861780723
2024-01-05,216.57464501366724
2024-01-08,213.9150587941608
2024-01-09,215.87909581191073
2024-01-10,214.19361050165168
2024-01-11,214.62339660809167
2024-01-12,215.31276773026082
2024-01-16,214.20061408083413
2024-01-17,212.50275998895424
2024-01-18,213.77273088811694
2024-01-19,212.93427873469213
2024-01-22,213.19889791764356
2024-01-23,214.79354543617913
2024-01-24,216.77908018697346
2024-01-25,217.3367091973037
2024-01-26,217.51387336705798
2024-01-29,215.63976865085596
2024-01-30,217.77038655225098
2024-01-31,217.15795618970955
2024-02-01,215.06974089798092
2024-02-02,213.07862296857346
2024-02-05,212.68299336255913
2024-02-06,213.08230733859773
2024-02-07,213.17410298833553
2024-02-08,213.96517998817282
2024-02-09,213.9113052879264
2024-02-12,213.44985687600393
2024-02-13,212.51500583798045
2024-02-14,210.6261180085712
2024-02-15,211.15576483005265
2024-02-16,212.5892147064658
2024-02-20,211.70647824937024
2024-02-21,213.33889320782896
2024-02-22,213.07710067449764
2024-02-23,210.88730732688768
2024-02-26,211.79392478962558
2024-02-27,213.74416876393596
2024-02-28,213.78085770296846
2024-02-29,213.92006306746896
2024-03-01,215.10673163425116
2024-03-04,216.12197599977026
2024-03-05,215.37187405145312
2024-03-06,216.67699395349877
2024-03-07,217.6646195426484
2024-03-08,217.07030212624198
2024-03-11,217.7671676620998
2024-03-12,217.55715389385745
2024-03-13,219.3910859011418
2024-03-14,219.62772686584748
2024-03-15,219.9187750851078
2024-03-18,221.04774417327388
2024-03-19,220.89778681335736
2024-03-20,220.1848416644281
2024-03-21,220.66029256406034
2024-03-22,219.06382660968498
2024-03-25,220.39267440515354
2024-03-26,219.0947713402934
2024-03-27,218.3230715557197
2024-03-28,220.98513919818606
2024-04-01,221.9521732150263
2024-04-02,223.76127400251443
2024-04-03,226.49742340518145
2024-04-04,227.32128343374026
2024-04-05,228.78258277772184
2024-04-08,228.87817872496265
2024-04-09,228.6706016957637
2024-04-10,228.86537031380283
2024-04-11,227.75106064732333
2024-04-12,229.07868662502997
2024-04-15,228.87510692977395
2024-04-16,228.96930928987018
2024-04-17,227.65834096310064
2024-04-18,227.414715117785
2024-04-19,229.60168062554033
2024-04-22,229.04102561258065
2024-04-23,229.46617423336914
2024-04-24,228.91803860976648
2024-04-25,229.70988687483117
2024-04-26,229.53028757109087
2024-04-29,230.59914599114117
2024-04-30,226.84635673431072
2024-05-01,224.34420506063648
2024-05-02,225.081361224141
2024-05-03,226.23736819322704
2024-05-06,228.96584960601513
2024-05-07,229.02188859871805
2024-05-08,227.98673632676844
2024-05-09,228.9418502850753
2024-05-10,229.7004885802732
2024-05-13,230.8306625741735
2024-05-14,230.5525691431325
2024-05-15,232.336739367372
2024-05-16,232.8425728087602
2024-05-17,236.5490414369119
2024-05-20,239.94532674907498
2024-05-21,239.42195456601988
2024-05-22,238.17832691008113
2024-05-23,235.35224295180672
2024-05-24,235.18367866228417
2024-05-28,238.86155269060902
2024-05-29,236.36298290467494
2024-05-30,233.13225445312747
2024-05-31,230.81229860414348
2024-06-03,230.2960348520204
2024-06-04,227.07366860957433
2024-06-05,228.44587625378864
2024-06-06,232.0475624693559
2024-06-07,228.4125644065096
2024-06-10,229.73283507365093
2024-06-11,230.4980561661681
2024-06-12,231.9428122864458
2024-06-13,230.75767479784966
2024-06-14,230.03823956416718
2024-06-17,228.89334569107288
2024-06-18,230.78657593930578
2024-06-20,230.87546746161104
2024-06-21,228.6224607536213
2024-06-24,230.54868388519267
2024-06-25,228.02202747481397
2024-06-26,227.3377472549179
2024-06-27,227.91540647653954
2024-06-28,227.20209223578212
2024-07-01,228.00311256530844
2024-07-02,227.84711778248493
2024-07-03,230.0126060783486
2024-07-05,230.79264767243214
2024-07-08,228.2104892301471
2024-07-09,226.80559204209035
2024-07-10,226.29113935205615
2024-07-11,227.05659444459556
2024-07-12,227.08062079040508
2024-07-15,224.5372296794233
2024-07-16,224.54829739225636
2024-07-17,223.7423312649063
2024-07-18,223.26014753139637
2024-07-19,219.9333066934326
2024-07-22,221.33454419080206
2024-07-23,220.038881050156
2024-07-24,219.6397671671236
2024-07-25,218.51494587181585
2024-07-26,216.71415959187357
2024-07-29,215.50528466839674
2024-07-30,215.5867448769944
2024-07-31,217.94417468425107
2024-08-01,215.94552671380947
2024-08-02,214.14703430979736
2024-08-05,212.32184612700036
2024-08-06,212.9257966754116
2024-08-07,214.39424694047108
2024-08-08,215.47688315801196
2024-08-09,216.12677458354432
2024-08-12,218.69769975573573
2024-08-13,216.2441063034271
2024-08-14,215.98083688640654
2024-08-15,217.6393012962374
2024-08-16,216.7873821843679
2024-08-19,218.0579755618354
2024-08-20,218.00598251417824
2024-08-21,217.47394805579177
2024-08-22,215.8934810957595
2024-08-23,218.6906260293033
2024-08-26,220.40648015185656
2024-08-27,220.38243600303545
2024-08-28,218.43773595879773
2024-08-29,220.10000575381338
2024-08-30,218.05996143491822
2024-09-03,216.10244300429036
2024-09-04,215.38536624821197
2024-09-05,216.07116930692004
2024-09-06,212.83932774456193
2024-09-09,214.03296696193044
2024-09-10,212.04623377039997
2024-09-11,213.9751230650651
2024-09-12,217.41634304275132
2024-09-13,218.65359192183095
2024-09-16,219.9675360895901
2024-09-17,220.64376035804773
2024-09-18,220.90480368350634
2024-09-19,222.61896223581482
2024-09-20,223.33513644957108
2024-09-23,225.42140436967566
2024-09-24,228.12674411718663
2024-09-25,228.06608806779093
2024-09-26,227.49840173020436
2024-09-27,228.32251499765053
2024-09-30,228.5450532286863
2024-10-01,230.75333341331432
2024-10-02,231.35778664621128
2024-10-03,233.14693400492413
2024-10-04,232.66210411126428
2024-10-07,232.89810815909044
2024-10-08,228.2970266157372
2024-10-09,226.70278986693998
2024-10-10,229.3357838987863
2024-10-11,229.96751236665384
2024-10-14,226.9494760388845
2024-10-15,224.58256736709183
2024-10-16,224.2972556013981
2024-10-17,224.47627709548706
2024-10-18,224.3016573294065
2024-10-21,225.51548969621663
2024-10-22,228.56918338559836
2024-10-23,227.5452727666986
2024-10-24,228.0937512833189
2024-10-25,229.0720171578294
2024-10-28,224.5903552142336
2024-10-29,225.0678858373352
2024-10-30,226.10881583676323
2024-10-31,224.3310468603358
2024-11-01,224.3124292232458
2024-11-04,226.26315665275976
2024-11-05,226.7262217538636
2024-11-06,224.55574421583933
2024-11-07,227.31913325024578
2024-11-08,224.65117830041427
2024-11-11,222.55394818589602
2024-11-12,221.69151588591228
2024-11-13,221.5380676418821
2024-11-14,219.8425754991258
2024-11-15,220.1882478412239
2024-11-18,223.8380952883511
2024-11-19,224.401272494434
2024-11-20,225.80617501402554
2024-11-21,226.76816147192628
2024-11-22,226.9622875420482
2024-11-25,225.16399854049095
2024-11-26,225.64653602968895
2024-11-27,224.26318244836128
2024-11-29,225.20561719359264
2024-12-02,222.71129711460702
2024-12-03,223.77162733849988
2024-12-04,223.44802917790963
2024-12-05,223.60984570482412
2024-12-06,223.88256962044485
2024-12-09,226.25047299505005
2024-12-10,227.06237080082002
2024-12-11,229.1316189379343
2024-12-12,227.61728411809577
2024-12-13,226.8055251241793
2024-12-16,225.69472106165432
2024-12-17,224.1548302724042
2024-12-18,223.53284659385358
2024-12-19,222.06390264182554
2024-12-20,224.44534028369668
2024-12-23,224.29713034723497
2024-12-24,225.99520270598265
2024-12-26,225.65661746529733
2024-12-27,226.06434331666964
2024-12-30,227.61716535825025
2024-12-31,227.4151505201171
2025-01-02,229.3995849349665
2025-01-03,226.86842253312903
2025-01-06,228.6783877003988
2025-01-07,229.23787919219362
2025-01-08,229.21681584619392
2025-01-09,231.5336365725936
2025-01-10,236.27370377525537
2025-01-13,237.58403245428076
2025-01-14,236.89883578173104
2025-01-15,240.1587437638149
2025-01-16,240.41636605403184
2025-01-17,239.24658381679237
2025-01-21,238.677573416855
2025-01-22,239.09472259567121
2025-01-23,238.83887444206792
2025-01-24,238.78718409997637
2025-01-27,235.10566609338994
2025-01-28,235.52040549187177
2025-01-29,237.190651985481
2025-01-30,237.33571743887535
2025-01-31,236.35539051049267
2025-02-03,239.8402330226604
2025-02-04,240.86830428337595
2025-02-05,240.78774545777262
2025-02-06,241.2204675072558
2025-02-07,241.01498713302658
2025-02-10,244.16678028720048
2025-02-11,244.41599597619648
2025-02-12,244.1181437542041
2025-02-13,245.02934360064899
2025-02-14,245.05604869666362
2025-02-18,248.35697958960674
2025-02-19,249.00056186099485
2025-02-20,249.40873705802184
2025-02-21,247.4107504586431
2025-02-24,245.2519855568025
2025-02-25,243.6567718094773
2025-02-26,242.42884599288465
2025-02-27,241.65335210669875
2025-02-28,238.1534939149209
2025-03-03,239.6599404965416
2025-03-04,240.25338720584054
2025-03-05,242.14408178540276
2025-03-06,242.2543286293359
2025-03-07,243.09390969679862
2025-03-10,242.64903576010326
2025-03-11,243.3125709465609
2025-03-12,242.41628902487085
2025-03-13,243.58710366235047
2025-03-14,243.56315321951482
2025-03-17,244.74334639393592
2025-03-18,244.95441511202768
2025-03-19,246.37144353069078
2025-03-20,245.72340632360397
2025-03-21,244.69785124414196
2025-03-24,244.16062953265526
2025-03-25,244.41415456562524
2025-03-26,244.52045135948092
2025-03-27,245.36167905754937
2025-03-28,246.00668268953947
2025-03-31,247.4589625129104
2025-04-01,247.76058765094362
2025-04-02,248.91847849827536
2025-04-03,242.66831032928656
2025-04-04,231.9740675667956
2025-04-07,228.3313135127394
2025-04-08,226.55210489134734
2025-04-09,232.14320471730252
2025-04-10,232.40417589494652
2025-04-11,236.35960757840152
2025-04-14,235.38225310378175
2025-04-15,235.69537969143371
2025-04-16,238.72600845139567
2025-04-17,239.85344846543128
2025-04-21,238.13906210243917
2025-04-22,239.52538956982298
2025-04-23,238.1382083940626
2025-04-24,240.0316138953536
2025-04-25,239.3770372303673
2025-04-28,240.55033401790067
2025-04-29,238.88105997295645
2025-04-30,235.53283726812708
2025-05-01,235.356190393961
2025-05-02,236.8411234570972
2025-05-05,236.23895081591084
2025-05-06,238.8741521105991
2025-05-07,237.07633344145717
2025-05-08,237.39316066134023
2025-05-09,240.0927210656344
2025-05-12,239.0180170589931
2025-05-13,241.2718014594021
2025-05-14,239.34984289423716
2025-05-15,237.65424033411304
2025-05-16,236.0689513353046
2025-05-19,235.80125158308402
2025-05-20,239.0470694899443
2025-05-21,239.93541244401638
2025-05-22,238.41419666868848
2025-05-23,240.34360817769905
2025-05-27,238.57825771779045
2025-05-28,236.59434049048076
2025-05-29,236.1162614141279
2025-05-30,234.14726140682794
2025-06-02,238.96566187502955
2025-06-03,239.57002004143263
2025-06-04,239.8906528290215
2025-06-05,240.8972011726597
2025-06-06,242.13750715487188
2025-06-09,241.9619890422004
2025-06-10,240.94647203095994
2025-06-11,241.96478365926814
2025-06-12,242.16805449379163
2025-06-13,247.015117824389
2025-06-16,247.970851336333
2025-06-17,250.56065060577933
2025-06-18,251.9955431251467
2025-06-20,250.55110965085925
2025-06-23,246.66180335126407
2025-06-24,240.6155755107517
2025-06-25,240.03033290023518
2025-06-26,240.83302417085258
2025-06-27,241.69191588981784
2025-06-30,239.69523376215312
2025-07-01,240.09201157794067
2025-07-02,243.75244298049438
2025-07-03,243.03429948186653
2025-07-07,241.33276281729005
2025-07-08,243.09526663642905
2025-07-09,241.72359213208173
2025-07-10,242.52529965915102
2025-07-11,244.26285408950164
2025-07-14,244.16040742151756
2025-07-15,243.95346919768645
2025-07-16,244.87406335549844
2025-07-17,245.8802659385673
2025-07-18,247.49868185881843
2025-07-21,246.61148196665619
2025-07-22,246.57454056448535
2025-07-23,245.39965181578097
2025-07-24,245.57867600483067
2025-07-25,243.8268826394489
2025-07-28,243.1305086098587
2025-07-29,244.7540632969401
2025-07-30,243.41135163271463
2025-07-31,238.59277057982803
2025-08-01,237.3061546277539
2025-08-04,236.88097970304463
2025-08-05,236.62690779273387
2025-08-06,237.02334991569342
2025-08-07,237.73807292905627
2025-08-08,237.8985451110409
2025-08-11,237.33608386355104
2025-08-12,236.6807652582675
2025-08-13,236.97788094601074
2025-08-14,236.20544791626727
2025-08-15,237.11415438992321
2025-08-18,236.9681309751346
2025-08-19,235.12015769123354
2025-08-20,236.75372498017646
2025-08-21,238.79258991020146
2025-08-22,240.26105211991703
2025-08-25,240.48703727733033
2025-08-26,239.35966044203712
2025-08-27,240.05687839959347
2025-08-28,241.20080200665979
2025-08-29,243.18850543252566
2025-09-02,245.26711810759517
2025-09-03,244.7829008773302
2025-09-04,243.4005209525787
2025-09-05,242.481612980237
2025-09-08,244.20169528220708
2025-09-09,244.02793694696933
2025-09-10,244.57449300915383
2025-09-11,244.2378470700565
2025-09-12,245.89928745541334
2025-09-15,248.06307814430824
2025-09-16,249.66622464453795
2025-09-17,247.0528950134619
2025-09-18,245.030835272029
2025-09-19,244.15309891271392
2025-09-22,244.20106656035463
2025-09-23,245.98226499321032
2025-09-24,246.74886757606257
2025-09-25,247.82411008358474
2025-09-26,249.38943393630666
2025-09-29,249.2330607663487
2025-09-30,248.3364064526123
2025-10-01,250.0794420769469
2025-10-02,248.93978160355664
2025-10-03,250.17158645917908
2025-10-06,251.73483943982498
2025-10-07,252.75635334904146
2025-10-08,254.05397859982997
2025-10-09,251.12923444725098
2025-10-10,247.35144855143795
2025-10-13,251.44820919646853
2025-10-14,250.64469356407136
2025-10-15,251.03967315809507
2025-10-16,252.71514952593884
2025-10-17,251.16807740460203
2025-10-22,251.92058455064003
2025-10-23,256.4977558691405
2025-10-24,255.47281525617743
2025-10-27,253.94409905277197
2025-10-28,252.6115311176008
2025-10-29,253.9135665556866
2025-10-30,254.28781866329535
2025-10-31,255.47678013730922
2025-11-03,257.849252548951
2025-11-04,256.0037311142425
2025-11-05,256.0627042567415
2025-11-06,254.97626685187012
2025-11-07,255.67477504385016
2025-11-10,260.07598477445003
2025-11-11,262.23621790750326
2025-11-12,262.5365427066777
2025-11-13,262.7207585349166
2025-11-14,260.13618664871984
2025-11-17,259.6528620573672
2025-11-18,260.2381615278572
2025-11-19,259.27808188511403
2025-11-20,257.09763575086714
2025-11-21,256.5683839901063
2025-11-24,256.5727378708956
2025-11-25,256.13768603080905
2025-11-26,259.2250366940728
2025-11-28,263.616088662611
2025-12-01,265.22192127891293
2025-12-02,263.4261874931313
2025-12-03,264.4540573540638
2025-12-04,265.4769626639265
2025-12-05,267.6096266791993
2025-12-08,263.429989514296
2025-12-09,261.7455840425876
2025-12-10,262.15823924949996
2025-12-11,263.91283221773654
2025-12-12,260.5673961075251
2025-12-15,259.86493074249546
2025-12-16,257.15125488387514
2025-12-17,259.97097180148575
2025-12-18,258.6285131041571
2025-12-19,260.32041585796566
2025-12-22,262.7527230989778
2025-12-23,266.1283417382951
2025-12-24,266.56974737170606
2025-12-26,269.2542244956249
2025-12-29,264.14475538892344
2025-12-30,268.1310375621441
2025-12-31,262.69485815947655
2026-01-02,262.29847869333315
2026-01-05,267.77854955548526
2026-01-06,269.98525366442357
2026-01-07,267.7113728289453
2026-01-08,266.8962674458071
2026-01-09,268.74773743096864
2026-01-12,272.80101381602736
2026-01-13,274.4507370365323
2026-01-14,275.96543439840883
2026-01-15,273.28281649913896
2026-01-16,272.455337716238
2026-01-20,278.3867859086744
2026-01-21,281.64400144925025
2026-01-22,282.48580289699146
2026-01-23,286.98275366499456
2026-01-26,291.6467302316158
2026-01-27,291.35653663438967
2026-01-28,295.039337484541
2026-01-29,299.17456361975746
2026-01-30,289.86706956923587
2026-02-02,276.46353951576293
2026-02-03,283.03454799655555
2026-02-04,285.5099142402461
2026-02-05,282.79028476389936
2026-02-06,283.4736879819879
2026-02-09,284.68753233903226
2026-02-10,283.031680637579
2026-02-11,285.74249628576706
2026-02-12,281.5027050837639
2026-02-13,282.20300551809635
2026-02-17,277.6451764141642
2026-02-18,283.3846584929206
2026-02-19,285.1833381637567
2026-02-20,287.9974707073754
2026-02-23,288.8677904464037
2026-02-24,288.46268126253614
2026-02-25,290.7186737015689
2026-02-26,289.58853208734325
2026-02-27,293.00412585971185
2026-03-02,298.1641462601694
2026-03-03,300.4204072648623
2026-03-04,300.0893706099727
2026-03-05,305.4729600393465
2026-03-06,316.8329514696631
2026-03-09,319.732162562885
2026-03-10,312.67072606880686
2026-03-11,318.10669958792766
2026-03-12,325.6700025915258
2026-03-13,325.3902236657081
2026-03-16,319.1784676645921
2026-03-17,322.54583169302333
2026-03-18,324.37899737652606
2026-03-19,322.55848197291215
2026-03-20,323.5988575374775
2026-03-23,310.79797165877727
2026-03-24,315.7746723144751
2026-03-25,314.79206869979316
2026-03-26,318.63983797074627
2026-03-27,323.97912198249526
2026-03-30,326.0517546752137
2026-03-31,326.67044595271386
2026-04-01,325.0514448980113
2026-04-02,331.55141463149135
2026-04-06,333.25275102370574
2026-04-07,333.1046854444516
2026-04-08,317.7991139523995
2026-04-09,320.25518897823247
2026-04-10,319.4814003105775
2026-04-13,323.41240061448286
2026-04-14,321.5456840582329
2026-04-15,322.7079540072992
2026-04-16,325.1045120791257
2026-04-17,318.11605409212746
2026-04-20,321.7596427557638
2026-04-21,323.8575383791082
2026-04-22,328.03395690375504
2026-04-23,330.23494468193036
2026-04-24,329.5587341811308
2026-04-27,332.24550110082606
2026-04-28,334.21397190846267
2026-04-29,339.5112918799328
2026-04-30,340.3845824763196
2026-05-01,339.7429736988448
2026-05-04,344.7069304415495
2026-05-05,341.96801464397504
2026-05-06,334.006830529563
2026-05-07,332.9193985735475
2026-05-08,335.55256765820303
